Delivery_ID,Shipment_ID,Current_Status,Delivered_Date
1,1,Delivered,2025-08-22
2,2,In Transit,NULL
3,3,Delivered,2023-06-05
4,4,In Transit,NULL
5,5,Delayed,NULL
6,6,In Transit,NULL
7,7,Delivered,2023-05-22
8,8,In Transit,NULL
9,9,In Transit,NULL
10,10,Delivered,2023-12-02
11,11,Delivered,2023-03-11
12,12,Delivered,2026-03-18
13,13,Delayed,NULL
14,14,Delivered,2026-01-04
15,15,Delivered,2025-06-29
16,16,Delivered,2024-08-12
17,17,In Transit,NULL
18,18,Delivered,2023-08-11
19,19,In Transit,NULL
20,20,Returned,NULL
21,21,Delivered,2023-02-18
22,22,In Transit,NULL
23,23,In Transit,NULL
24,24,Delivered,2024-05-29
25,25,In Transit,NULL
26,26,Delivered,2024-07-19
27,27,Delayed,NULL
28,28,Delivered,2025-03-03
29,29,Delivered,2025-03-20
30,30,Delivered,2025-07-09
31,31,Delivered,2026-07-31
32,32,Delivered,2023-09-10
33,33,Delivered,2023-07-12
34,34,Delivered,2023-05-15
35,35,Delivered,2026-01-31
36,36,Delivered,2024-03-12
37,37,In Transit,NULL
38,38,In Transit,NULL
39,39,Delivered,2026-04-30
40,40,Delivered,2024-01-05
41,41,Delivered,2024-04-09
42,42,In Transit,NULL
43,43,Delivered,2026-04-13
44,44,In Transit,NULL
45,45,Delivered,2023-06-20
46,46,Returned,NULL
47,47,Returned,NULL
48,48,Delivered,2026-06-22
49,49,Delivered,2025-12-15
50,50,Delivered,2023-07-15
51,51,Delivered,2023-02-01
52,52,Delayed,NULL
53,53,In Transit,NULL
54,54,In Transit,NULL
55,55,Returned,NULL
56,56,Delayed,NULL
57,57,In Transit,NULL
58,58,Delivered,2026-04-10
59,59,In Transit,NULL
60,60,In Transit,NULL
61,61,Delivered,2026-07-15
62,62,Delivered,2023-11-29
63,63,Delivered,2026-02-21
64,64,Delivered,2026-05-12
65,65,Delivered,2026-03-10
66,66,Delivered,2025-08-21
67,67,In Transit,NULL
68,68,Delivered,2024-06-23
69,69,In Transit,NULL
70,70,Delivered,2026-02-07
71,71,In Transit,NULL
72,72,In Transit,NULL
73,73,In Transit,NULL
74,74,Delivered,2025-07-04
75,75,Delivered,2024-09-29
76,76,Delivered,2024-11-14
77,77,Delivered,2024-08-06
78,78,Delivered,2026-04-05
79,79,Delivered,2025-12-31
80,80,Delivered,2025-09-30
81,81,Delivered,2026-05-09
82,82,Delivered,2023-07-16
83,83,Returned,NULL
84,84,Delivered,2025-05-04
85,85,Delivered,2024-01-18
86,86,Delivered,2025-09-30
87,87,Returned,NULL
88,88,Delivered,2025-12-29
89,89,Lost,NULL
90,90,Delivered,2024-05-03
91,91,Delivered,2025-04-14
92,92,Delivered,2026-04-04
93,93,Delivered,2024-09-11
94,94,Delayed,NULL
95,95,Delivered,2024-12-22
96,96,Delivered,2024-03-06
97,97,Delivered,2026-07-16
98,98,Delivered,2023-03-09
99,99,In Transit,NULL
100,100,Delivered,2025-08-09
101,101,Delivered,2025-02-05
102,102,Delivered,2025-07-05
103,103,Delayed,NULL
104,104,Delayed,NULL
105,105,Delivered,2025-07-09
106,106,Delayed,NULL
107,107,Delivered,2025-05-21
108,108,Returned,NULL
109,109,Delivered,2025-12-26
110,110,Delivered,2024-06-09
111,111,Delivered,2023-06-07
112,112,In Transit,NULL
113,113,Delivered,2023-04-14
114,114,Returned,NULL
115,115,Delivered,2024-03-31
116,116,Delivered,2023-03-07
117,117,Delivered,2025-12-26
118,118,Delivered,2024-12-14
119,119,Returned,NULL
120,120,In Transit,NULL
121,121,In Transit,NULL
122,122,In Transit,NULL
123,123,Delivered,2024-07-13
124,124,Delivered,2026-07-30
125,125,In Transit,NULL
126,126,Delivered,2026-02-12
127,127,Lost,NULL
128,128,In Transit,NULL
129,129,In Transit,NULL
130,130,Delivered,2025-11-26
131,131,In Transit,NULL
132,132,Delivered,2026-04-29
133,133,Delivered,2024-01-27
134,134,Delivered,2025-01-09
135,135,Delivered,2024-04-23
136,136,In Transit,NULL
137,137,Returned,NULL
138,138,In Transit,NULL
139,139,Delivered,2023-08-26
140,140,Delayed,NULL
141,141,In Transit,NULL
142,142,Delivered,2023-03-02
143,143,Delivered,2023-05-12
144,144,Delivered,2025-03-15
145,145,Delivered,2026-07-13
146,146,In Transit,NULL
147,147,Delivered,2023-12-06
148,148,In Transit,NULL
149,149,Delivered,2026-01-04
150,150,In Transit,NULL
151,151,Delivered,2024-11-09
152,152,Delivered,2025-05-17
153,153,Delayed,NULL
154,154,Delivered,2025-08-01
155,155,Delivered,2025-07-14
156,156,Delivered,2026-05-16
157,157,Delivered,2025-06-26
158,158,In Transit,NULL
159,159,Delayed,NULL
160,160,Delivered,2025-04-05
161,161,Delivered,2026-05-18
162,162,In Transit,NULL
163,163,Delivered,2023-03-16
164,164,Returned,NULL
165,165,In Transit,NULL
166,166,Lost,NULL
167,167,Delivered,2026-01-10
168,168,Delivered,2023-05-06
169,169,In Transit,NULL
170,170,Delivered,2025-03-06
171,171,Delivered,2023-02-22
172,172,Delivered,2026-05-29
173,173,Delivered,2023-12-30
174,174,Delayed,NULL
175,175,In Transit,NULL
176,176,In Transit,NULL
177,177,Returned,NULL
178,178,Delivered,2024-06-11
179,179,Delivered,2025-10-25
180,180,Delivered,2024-12-03
181,181,Delivered,2024-05-05
182,182,Delivered,2023-06-19
183,183,Delivered,2025-05-02
184,184,Delivered,2025-06-14
185,185,Returned,NULL
186,186,Delivered,2025-11-02
187,187,In Transit,NULL
188,188,Delivered,2023-10-15
189,189,Delivered,2023-07-01
190,190,In Transit,NULL
191,191,Delivered,2026-06-10
192,192,In Transit,NULL
193,193,Delayed,NULL
194,194,Delivered,2026-05-06
195,195,Delivered,2026-05-29
196,196,Delivered,2025-07-10
197,197,Delivered,2026-06-22
198,198,Delivered,2025-09-13
199,199,Delivered,2025-12-11
200,200,In Transit,NULL
201,201,Returned,NULL
202,202,Lost,NULL
203,203,In Transit,NULL
204,204,Delivered,2024-12-30
205,205,Delivered,2023-09-24
206,206,In Transit,NULL
207,207,Delayed,NULL
208,208,Delivered,2024-04-18
209,209,Delivered,2024-03-31
210,210,Delayed,NULL
211,211,In Transit,NULL
212,212,In Transit,NULL
213,213,Delivered,2024-09-09
214,214,Delivered,2023-06-01
215,215,Delivered,2023-10-19
216,216,Delivered,2023-03-11
217,217,Delayed,NULL
218,218,Delayed,NULL
219,219,Delayed,NULL
220,220,Delayed,NULL
221,221,Delivered,2024-11-11
222,222,In Transit,NULL
223,223,Delayed,NULL
224,224,Delayed,NULL
225,225,Delayed,NULL
226,226,Delivered,2023-09-25
227,227,Delivered,2024-12-12
228,228,Delivered,2024-11-07
229,229,Delivered,2024-10-22
230,230,Delivered,2023-02-18
231,231,Delayed,NULL
232,232,Delivered,2023-10-12
233,233,In Transit,NULL
234,234,In Transit,NULL
235,235,Delivered,2023-05-23
236,236,Returned,NULL
237,237,In Transit,NULL
238,238,Delivered,2023-06-04
239,239,In Transit,NULL
240,240,Delivered,2026-04-13
241,241,Delivered,2025-03-06
242,242,Delivered,2025-08-28
243,243,Delivered,2023-06-03
244,244,In Transit,NULL
245,245,In Transit,NULL
246,246,Delivered,2025-09-21
247,247,Delivered,2024-03-27
248,248,Delivered,2023-07-13
249,249,Delivered,2025-05-07
250,250,Delivered,2024-02-14
251,251,Delivered,2024-06-03
252,252,Delivered,2026-05-16
253,253,Delivered,2023-03-22
254,254,Delivered,2024-10-30
255,255,Delivered,2026-02-25
256,256,Delayed,NULL
257,257,Delivered,2023-02-28
258,258,Delivered,2023-07-22
259,259,In Transit,NULL
260,260,Delivered,2023-04-03
261,261,Delivered,2024-09-10
262,262,Delivered,2025-07-26
263,263,In Transit,NULL
264,264,Delivered,2025-08-26
265,265,Delayed,NULL
266,266,Delivered,2023-10-05
267,267,Delivered,2025-05-04
268,268,Delivered,2024-10-12
269,269,Delivered,2023-02-22
270,270,Delivered,2026-07-15
271,271,In Transit,NULL
272,272,Delivered,2023-08-25
273,273,In Transit,NULL
274,274,Delivered,2025-06-16
275,275,Delivered,2026-05-07
276,276,Delivered,2023-05-28
277,277,In Transit,NULL
278,278,Delivered,2024-06-10
279,279,Delivered,2025-04-19
280,280,Delivered,2024-07-02
281,281,Delayed,NULL
282,282,Delivered,2023-03-06
283,283,Delivered,2025-11-22
284,284,In Transit,NULL
285,285,Delivered,2026-01-17
286,286,Delivered,2025-01-10
287,287,Delivered,2026-04-10
288,288,Delivered,2025-05-20
289,289,Delivered,2025-03-30
290,290,Delivered,2023-11-23
291,291,Lost,NULL
292,292,In Transit,NULL
293,293,Delivered,2025-06-14
294,294,Delivered,2024-03-08
295,295,Delivered,2023-10-10
296,296,Delivered,2023-11-21
297,297,Delayed,NULL
298,298,Delivered,2025-10-14
299,299,Delivered,2025-03-12
300,300,Delayed,NULL
301,301,Delivered,2026-03-02
302,302,Delivered,2025-11-20
303,303,Delivered,2025-03-20
304,304,In Transit,NULL
305,305,Delivered,2025-12-07
306,306,Delivered,2026-03-02
307,307,Delivered,2026-05-17
308,308,Delivered,2024-03-21
309,309,In Transit,NULL
310,310,Delivered,2023-08-20
311,311,Delivered,2023-12-03
312,312,Delayed,NULL
313,313,Delivered,2026-07-07
314,314,Delivered,2026-01-11
315,315,Delivered,2025-11-03
316,316,Delivered,2026-02-22
317,317,Delivered,2026-04-18
318,318,Delayed,NULL
319,319,Delivered,2023-09-21
320,320,In Transit,NULL
321,321,In Transit,NULL
322,322,Delayed,NULL
323,323,Delivered,2025-09-14
324,324,Returned,NULL
325,325,Delayed,NULL
326,326,Delivered,2026-04-06
327,327,Delivered,2024-11-18
328,328,Lost,NULL
329,329,Delivered,2025-11-24
330,330,Delivered,2024-08-27
331,331,In Transit,NULL
332,332,Delivered,2023-02-23
333,333,Delivered,2025-01-11
334,334,Delivered,2025-04-25
335,335,Delivered,2026-08-22
336,336,Delayed,NULL
337,337,Delivered,2024-11-27
338,338,Delivered,2023-05-24
339,339,Delivered,2026-05-27
340,340,Delivered,2023-09-14
341,341,Delivered,2025-05-06
342,342,Delivered,2023-03-03
343,343,Delivered,2026-07-23
344,344,Delivered,2026-01-24
345,345,In Transit,NULL
346,346,Delivered,2023-10-14
347,347,In Transit,NULL
348,348,Delivered,2026-06-08
349,349,Delivered,2026-04-02
350,350,Delivered,2026-06-24
351,351,In Transit,NULL
352,352,In Transit,NULL
353,353,In Transit,NULL
354,354,Delivered,2026-05-07
355,355,Delivered,2023-06-15
356,356,Delivered,2025-02-01
357,357,Delayed,NULL
358,358,In Transit,NULL
359,359,Delivered,2025-05-20
360,360,In Transit,NULL
361,361,Delivered,2026-03-04
362,362,Delivered,2023-02-23
363,363,In Transit,NULL
364,364,Delivered,2024-09-25
365,365,In Transit,NULL
366,366,In Transit,NULL
367,367,Delayed,NULL
368,368,Delivered,2026-03-11
369,369,Lost,NULL
370,370,In Transit,NULL
371,371,Returned,NULL
372,372,Delayed,NULL
373,373,In Transit,NULL
374,374,Delivered,2025-04-01
375,375,Delivered,2023-11-30
376,376,Delivered,2025-12-05
377,377,In Transit,NULL
378,378,Delivered,2024-04-04
379,379,In Transit,NULL
380,380,In Transit,NULL
381,381,Delivered,2023-07-13
382,382,Delivered,2023-07-04
383,383,Delivered,2026-08-19
384,384,Delivered,2025-04-24
385,385,In Transit,NULL
386,386,Delivered,2026-03-07
387,387,In Transit,NULL
388,388,Delivered,2025-01-17
389,389,In Transit,NULL
390,390,Delivered,2025-08-09
391,391,Delivered,2024-07-26
392,392,Delivered,2026-06-03
393,393,Delivered,2026-05-07
394,394,Delivered,2025-04-23
395,395,Delivered,2026-05-21
396,396,Returned,NULL
397,397,Delivered,2025-07-02
398,398,Delivered,2025-07-22
399,399,Delivered,2024-11-13
400,400,Delivered,2023-11-10
401,401,Delivered,2025-05-07
402,402,Delivered,2024-02-17
403,403,Delivered,2025-09-05
404,404,In Transit,NULL
405,405,Delivered,2025-11-19
406,406,Delivered,2026-06-07
407,407,Delivered,2023-03-11
408,408,Delivered,2024-12-29
409,409,Delivered,2025-01-19
410,410,Delivered,2025-12-26
411,411,Delivered,2024-07-05
412,412,Delivered,2024-10-18
413,413,Delivered,2025-06-22
414,414,In Transit,NULL
415,415,Delivered,2025-09-21
416,416,Delivered,2025-10-14
417,417,Delayed,NULL
418,418,Delivered,2024-06-07
419,419,Delivered,2023-02-08
420,420,In Transit,NULL
421,421,Delivered,2026-05-05
422,422,Delivered,2026-04-20
423,423,Delivered,2025-07-06
424,424,Delivered,2026-05-08
425,425,Delivered,2025-02-16
426,426,Delivered,2026-06-01
427,427,In Transit,NULL
428,428,Delivered,2023-10-12
429,429,In Transit,NULL
430,430,Delivered,2025-02-23
431,431,Delivered,2024-11-19
432,432,Delivered,2023-03-03
433,433,Delayed,NULL
434,434,Delayed,NULL
435,435,Delayed,NULL
436,436,In Transit,NULL
437,437,Delayed,NULL
438,438,Delayed,NULL
439,439,Delivered,2025-06-06
440,440,In Transit,NULL
441,441,Delivered,2024-09-01
442,442,Delivered,2024-09-05
443,443,Delayed,NULL
444,444,Delivered,2024-10-12
445,445,Delivered,2023-05-16
446,446,Delivered,2025-05-23
447,447,Delivered,2023-11-11
448,448,Delivered,2023-06-07
449,449,Delivered,2023-01-20
450,450,Delivered,2025-10-19
451,451,Delivered,2023-11-26
452,452,Delivered,2025-02-24
453,453,In Transit,NULL
454,454,Delivered,2023-11-15
455,455,Delivered,2024-02-05
456,456,Delivered,2024-06-25
457,457,Delayed,NULL
458,458,Delayed,NULL
459,459,Delivered,2023-12-18
460,460,Delivered,2023-06-29
461,461,Delivered,2024-05-20
462,462,Delivered,2023-10-03
463,463,Delayed,NULL
464,464,Delivered,2023-07-31
465,465,Delayed,NULL
466,466,Delivered,2026-01-15
467,467,Delivered,2023-06-13
468,468,Delivered,2024-12-29
469,469,Delivered,2025-10-12
470,470,In Transit,NULL
471,471,In Transit,NULL
472,472,Delivered,2024-09-23
473,473,Delivered,2023-05-04
474,474,Delivered,2023-03-14
475,475,Delivered,2024-07-02
476,476,Delivered,2023-03-16
477,477,Delivered,2024-03-23
478,478,Delivered,2026-03-01
479,479,Delivered,2024-12-31
480,480,Delivered,2024-03-19
481,481,Delayed,NULL
482,482,Delivered,2025-03-03
483,483,Delivered,2025-08-11
484,484,Delivered,2026-01-25
485,485,Delivered,2025-11-25
486,486,Delivered,2024-01-30
487,487,In Transit,NULL
488,488,Delivered,2024-10-25
489,489,Delivered,2025-10-26
490,490,Delivered,2025-02-05
491,491,Delivered,2026-03-20
492,492,In Transit,NULL
493,493,Delayed,NULL
494,494,Delivered,2026-05-03
495,495,In Transit,NULL
496,496,Delivered,2024-08-15
497,497,Delivered,2023-03-23
498,498,In Transit,NULL
499,499,In Transit,NULL
500,500,Delayed,NULL
501,501,Delivered,2025-08-14
502,502,Delivered,2023-07-21
503,503,Delayed,NULL
504,504,Delayed,NULL
505,505,Delivered,2025-04-17
506,506,Delivered,2023-08-22
507,507,Delayed,NULL
508,508,Delivered,2023-04-22
509,509,Delayed,NULL
510,510,Delivered,2025-11-03
511,511,Delivered,2025-03-21
512,512,Delivered,2024-08-22
513,513,Delivered,2025-08-15
514,514,Returned,NULL
515,515,Delivered,2024-08-24
516,516,Delayed,NULL
517,517,Delayed,NULL
518,518,Delivered,2026-01-28
519,519,Delivered,2024-11-08
520,520,Delivered,2023-08-27
521,521,Delivered,2023-08-13
522,522,Delivered,2023-05-06
523,523,Delivered,2025-02-07
524,524,Delayed,NULL
525,525,Delivered,2023-03-05
526,526,In Transit,NULL
527,527,Delivered,2024-05-31
528,528,In Transit,NULL
529,529,In Transit,NULL
530,530,Delivered,2023-09-13
531,531,Delivered,2023-03-15
532,532,Delivered,2024-04-19
533,533,Delivered,2024-09-20
534,534,Delivered,2024-05-06
535,535,In Transit,NULL
536,536,Delivered,2024-01-01
537,537,In Transit,NULL
538,538,Delivered,2026-06-18
539,539,Delivered,2023-07-14
540,540,Delivered,2024-07-21
541,541,Delivered,2025-08-09
542,542,In Transit,NULL
543,543,Delivered,2025-04-22
544,544,In Transit,NULL
545,545,Delivered,2023-05-10
546,546,Delivered,2024-09-13
547,547,Delivered,2023-09-17
548,548,Delivered,2024-04-09
549,549,Delivered,2024-07-24
550,550,Delivered,2026-05-25
551,551,In Transit,NULL
552,552,In Transit,NULL
553,553,Delivered,2025-05-14
554,554,Delivered,2025-06-15
555,555,Delivered,2023-11-19
556,556,In Transit,NULL
557,557,Delivered,2023-10-24
558,558,Returned,NULL
559,559,Delivered,2024-01-26
560,560,Delivered,2026-03-16
561,561,Delivered,2024-09-21
562,562,In Transit,NULL
563,563,Delivered,2024-04-29
564,564,Delivered,2024-11-02
565,565,In Transit,NULL
566,566,Delivered,2024-06-08
567,567,In Transit,NULL
568,568,Delivered,2024-11-06
569,569,In Transit,NULL
570,570,Returned,NULL
571,571,In Transit,NULL
572,572,Delayed,NULL
573,573,Delivered,2025-11-11
574,574,Delivered,2023-07-01
575,575,In Transit,NULL
576,576,In Transit,NULL
577,577,In Transit,NULL
578,578,Returned,NULL
579,579,Delivered,2025-02-25
580,580,In Transit,NULL
581,581,In Transit,NULL
582,582,Delivered,2026-02-04
583,583,Delivered,2024-02-20
584,584,Delivered,2023-03-08
585,585,Delivered,2026-05-06
586,586,Delivered,2024-05-06
587,587,In Transit,NULL
588,588,Delivered,2025-11-15
589,589,Delivered,2024-11-24
590,590,Delivered,2023-07-28
591,591,In Transit,NULL
592,592,In Transit,NULL
593,593,Delivered,2025-02-24
594,594,Delivered,2023-07-28
595,595,Delivered,2025-08-14
596,596,Delivered,2024-12-02
597,597,Delayed,NULL
598,598,Delivered,2025-05-14
599,599,Delivered,2024-09-27
600,600,Delivered,2025-06-02
601,601,Delivered,2025-05-12
602,602,Delivered,2025-06-02
603,603,In Transit,NULL
604,604,In Transit,NULL
605,605,Delivered,2024-11-11
606,606,Delayed,NULL
607,607,In Transit,NULL
608,608,In Transit,NULL
609,609,In Transit,NULL
610,610,Delivered,2025-06-19
611,611,Lost,NULL
612,612,Delayed,NULL
613,613,Delivered,2024-06-14
614,614,Delivered,2026-06-24
615,615,Delivered,2025-06-30
616,616,Delivered,2024-03-13
617,617,Delivered,2023-05-22
618,618,Lost,NULL
619,619,Delivered,2024-05-27
620,620,Delivered,2023-02-23
621,621,Delivered,2025-05-12
622,622,Delivered,2025-04-30
623,623,Delivered,2025-08-01
624,624,In Transit,NULL
625,625,Lost,NULL
626,626,In Transit,NULL
627,627,Delivered,2023-04-15
628,628,Delayed,NULL
629,629,Delivered,2024-08-18
630,630,Delivered,2025-10-19
631,631,In Transit,NULL
632,632,In Transit,NULL
633,633,Delayed,NULL
634,634,Delayed,NULL
635,635,Delivered,2025-06-16
636,636,In Transit,NULL
637,637,Delivered,2024-03-11
638,638,Delivered,2026-04-16
639,639,Delayed,NULL
640,640,Delivered,2024-01-30
641,641,Delivered,2024-01-15
642,642,In Transit,NULL
643,643,Delivered,2024-09-17
644,644,Delivered,2024-03-08
645,645,Delivered,2025-11-04
646,646,Delivered,2023-02-17
647,647,Returned,NULL
648,648,Delayed,NULL
649,649,Delayed,NULL
650,650,In Transit,NULL
651,651,Delivered,2025-12-11
652,652,Delivered,2023-03-14
653,653,Delivered,2026-03-04
654,654,Delivered,2024-05-23
655,655,In Transit,NULL
656,656,Delayed,NULL
657,657,Delivered,2024-01-28
658,658,In Transit,NULL
659,659,In Transit,NULL
660,660,In Transit,NULL
661,661,Delivered,2025-03-31
662,662,Delivered,2024-11-11
663,663,Delayed,NULL
664,664,Delivered,2025-12-09
665,665,Delivered,2025-04-20
666,666,In Transit,NULL
667,667,Returned,NULL
668,668,Delivered,2026-04-12
669,669,Delivered,2025-01-13
670,670,In Transit,NULL
671,671,In Transit,NULL
672,672,Delivered,2025-08-08
673,673,Delivered,2024-05-03
674,674,Delivered,2024-05-15
675,675,Delayed,NULL
676,676,Delivered,2025-05-10
677,677,Delivered,2026-04-20
678,678,Delivered,2024-03-03
679,679,Delayed,NULL
680,680,Delayed,NULL
681,681,In Transit,NULL
682,682,Delivered,2025-06-26
683,683,Delivered,2024-02-10
684,684,Delivered,2026-01-15
685,685,Delivered,2024-05-14
686,686,Delivered,2024-07-10
687,687,Lost,NULL
688,688,Delayed,NULL
689,689,Delivered,2025-07-09
690,690,Delivered,2023-05-21
691,691,Delivered,2024-11-12
692,692,Delivered,2023-10-28
693,693,In Transit,NULL
694,694,Delivered,2023-04-29
695,695,In Transit,NULL
696,696,In Transit,NULL
697,697,In Transit,NULL
698,698,Delivered,2024-04-27
699,699,Delivered,2023-12-28
700,700,In Transit,NULL
701,701,Delivered,2025-05-24
702,702,Delivered,2025-03-12
703,703,Delivered,2023-02-15
704,704,Returned,NULL
705,705,In Transit,NULL
706,706,Delayed,NULL
707,707,Delivered,2024-12-12
708,708,Delivered,2025-09-13
709,709,Delivered,2023-09-13
710,710,Delivered,2023-05-04
711,711,In Transit,NULL
712,712,In Transit,NULL
713,713,Delivered,2025-08-07
714,714,In Transit,NULL
715,715,Delivered,2024-04-17
716,716,In Transit,NULL
717,717,Delayed,NULL
718,718,Delayed,NULL
719,719,Delivered,2023-05-06
720,720,Delivered,2023-08-15
721,721,Delivered,2024-02-11
722,722,Delivered,2024-10-23
723,723,Delivered,2025-10-17
724,724,Delivered,2025-07-10
725,725,Returned,NULL
726,726,In Transit,NULL
727,727,Returned,NULL
728,728,Delivered,2026-04-06
729,729,Delivered,2026-02-15
730,730,Delivered,2023-06-08
731,731,Delayed,NULL
732,732,Delivered,2025-12-14
733,733,Delivered,2023-06-20
734,734,In Transit,NULL
735,735,In Transit,NULL
736,736,In Transit,NULL
737,737,Delivered,2026-03-29
738,738,Delivered,2025-07-08
739,739,In Transit,NULL
740,740,Delivered,2023-11-16
741,741,Delayed,NULL
742,742,Delivered,2025-01-27
743,743,Delivered,2024-05-22
744,744,In Transit,NULL
745,745,In Transit,NULL
746,746,Delivered,2025-05-18
747,747,Delivered,2024-01-01
748,748,In Transit,NULL
749,749,Delivered,2023-10-10
750,750,Delivered,2026-01-20
751,751,Delivered,2025-03-09
752,752,Delayed,NULL
753,753,Delayed,NULL
754,754,In Transit,NULL
755,755,In Transit,NULL
756,756,In Transit,NULL
757,757,Delivered,2024-07-07
758,758,Delivered,2026-02-09
759,759,In Transit,NULL
760,760,Delivered,2024-09-02
761,761,Delivered,2026-08-04
762,762,In Transit,NULL
763,763,Delivered,2024-03-12
764,764,In Transit,NULL
765,765,In Transit,NULL
766,766,In Transit,NULL
767,767,In Transit,NULL
768,768,Delivered,2025-12-09
769,769,Delivered,2025-02-05
770,770,Delayed,NULL
771,771,Delayed,NULL
772,772,In Transit,NULL
773,773,In Transit,NULL
774,774,Delivered,2023-10-09
775,775,Delivered,2026-02-02
776,776,Delivered,2026-04-06
777,777,Delayed,NULL
778,778,Delivered,2025-08-27
779,779,Delivered,2023-11-19
780,780,Delivered,2026-02-17
781,781,In Transit,NULL
782,782,In Transit,NULL
783,783,Delivered,2023-10-30
784,784,In Transit,NULL
785,785,Delivered,2023-11-29
786,786,Delivered,2024-10-15
787,787,Delivered,2024-11-24
788,788,Delivered,2026-06-07
789,789,Delivered,2024-07-29
790,790,In Transit,NULL
791,791,Delayed,NULL
792,792,In Transit,NULL
793,793,Delivered,2025-02-01
794,794,Delivered,2025-05-26
795,795,In Transit,NULL
796,796,Delivered,2026-06-11
797,797,Delivered,2024-07-04
798,798,Delivered,2026-06-20
799,799,Delivered,2024-08-27
800,800,Delivered,2023-07-29
801,801,Delayed,NULL
802,802,Delivered,2024-09-04
803,803,Delivered,2024-04-27
804,804,Delivered,2025-12-26
805,805,Delivered,2024-12-16
806,806,In Transit,NULL
807,807,Delivered,2023-12-23
808,808,Delivered,2023-07-07
809,809,Delivered,2025-05-12
810,810,Delayed,NULL
811,811,Delivered,2023-07-15
812,812,In Transit,NULL
813,813,Delayed,NULL
814,814,Delayed,NULL
815,815,Delivered,2024-06-22
816,816,Delivered,2026-02-08
817,817,Delivered,2024-12-07
818,818,Delivered,2024-06-21
819,819,In Transit,NULL
820,820,In Transit,NULL
821,821,Delivered,2025-08-13
822,822,In Transit,NULL
823,823,Delayed,NULL
824,824,Delivered,2026-01-21
825,825,In Transit,NULL
826,826,In Transit,NULL
827,827,Delivered,2024-07-05
828,828,Delivered,2026-05-31
829,829,Delayed,NULL
830,830,Delivered,2023-05-02
831,831,Delayed,NULL
832,832,In Transit,NULL
833,833,Delivered,2025-04-10
834,834,Delivered,2026-03-03
835,835,Delivered,2023-10-24
836,836,Delivered,2025-10-11
837,837,Delivered,2023-03-22
838,838,Delivered,2024-02-22
839,839,Delivered,2024-12-04
840,840,Delivered,2024-03-20
841,841,Delivered,2024-05-22
842,842,In Transit,NULL
843,843,Delivered,2024-09-11
844,844,Delivered,2026-06-27
845,845,Delivered,2024-04-24
846,846,In Transit,NULL
847,847,Returned,NULL
848,848,Delivered,2026-06-05
849,849,In Transit,NULL
850,850,Delivered,2023-01-27
851,851,Lost,NULL
852,852,Delivered,2024-02-08
853,853,Delivered,2024-11-14
854,854,Delayed,NULL
855,855,Delivered,2026-07-16
856,856,Delivered,2024-12-24
857,857,Delivered,2026-05-09
858,858,In Transit,NULL
859,859,Delayed,NULL
860,860,Delivered,2026-04-26
861,861,Delivered,2026-07-10
862,862,In Transit,NULL
863,863,Delayed,NULL
864,864,Delivered,2024-12-02
865,865,Delivered,2025-01-20
866,866,In Transit,NULL
867,867,Delayed,NULL
868,868,Delivered,2024-05-04
869,869,Delayed,NULL
870,870,Delivered,2025-10-19
871,871,Delivered,2026-06-11
872,872,Delivered,2024-10-22
873,873,Delivered,2023-09-22
874,874,Delivered,2026-03-08
875,875,In Transit,NULL
876,876,Delivered,2023-08-30
877,877,Delivered,2023-11-02
878,878,Delivered,2025-08-24
879,879,In Transit,NULL
880,880,Lost,NULL
881,881,Delivered,2025-01-11
882,882,Delayed,NULL
883,883,Delivered,2024-02-15
884,884,Delivered,2023-11-22
885,885,Delivered,2025-10-21
886,886,Delivered,2025-08-26
887,887,Delivered,2025-02-26
888,888,In Transit,NULL
889,889,In Transit,NULL
890,890,Delivered,2026-03-08
891,891,Delayed,NULL
892,892,Delayed,NULL
893,893,In Transit,NULL
894,894,Delivered,2025-04-20
895,895,In Transit,NULL
896,896,Delivered,2026-06-02
897,897,Delivered,2025-01-20
898,898,Delivered,2023-05-14
899,899,Delivered,2024-03-03
900,900,Delivered,2024-02-05
901,901,Delivered,2025-10-29
902,902,Delivered,2023-11-23
903,903,In Transit,NULL
904,904,Delivered,2023-04-30
905,905,In Transit,NULL
906,906,Delayed,NULL
907,907,In Transit,NULL
908,908,Delivered,2025-10-05
909,909,Delivered,2024-04-01
910,910,Delivered,2025-03-14
911,911,In Transit,NULL
912,912,Delivered,2024-04-24
913,913,Returned,NULL
914,914,In Transit,NULL
915,915,Delivered,2024-09-30
916,916,In Transit,NULL
917,917,Delivered,2025-12-05
918,918,Delivered,2026-03-27
919,919,Delivered,2024-08-04
920,920,Delayed,NULL
921,921,Lost,NULL
922,922,Delivered,2026-06-15
923,923,In Transit,NULL
924,924,Delivered,2025-12-26
925,925,Delivered,2026-05-09
926,926,Delivered,2024-01-13
927,927,Delivered,2026-05-17
928,928,Delivered,2024-02-06
929,929,Delivered,2024-04-04
930,930,Delivered,2026-03-14
931,931,Delivered,2024-12-31
932,932,Delayed,NULL
933,933,Delivered,2023-11-15
934,934,In Transit,NULL
935,935,In Transit,NULL
936,936,Delivered,2025-04-20
937,937,Delivered,2023-06-27
938,938,Delayed,NULL
939,939,In Transit,NULL
940,940,Delivered,2023-06-20
941,941,Delivered,2025-09-06
942,942,Delivered,2024-11-13
943,943,In Transit,NULL
944,944,Delivered,2023-06-20
945,945,Delivered,2024-09-08
946,946,Delivered,2023-02-22
947,947,Delivered,2024-09-25
948,948,Delivered,2023-12-14
949,949,Delayed,NULL
950,950,Delivered,2024-07-09
951,951,In Transit,NULL
952,952,Delivered,2024-05-27
953,953,Delivered,2026-01-25
954,954,In Transit,NULL
955,955,In Transit,NULL
956,956,Delivered,2023-02-06
957,957,In Transit,NULL
958,958,In Transit,NULL
959,959,Delivered,2026-02-02
960,960,In Transit,NULL
961,961,Delivered,2023-09-08
962,962,In Transit,NULL
963,963,Delivered,2024-05-21
964,964,Delivered,2026-02-20
965,965,Delivered,2023-08-13
966,966,Delayed,NULL
967,967,In Transit,NULL
968,968,Delayed,NULL
969,969,In Transit,NULL
970,970,Delivered,2023-05-10
971,971,In Transit,NULL
972,972,In Transit,NULL
973,973,Delivered,2023-06-28
974,974,Delivered,2025-10-06
975,975,Delivered,2024-04-12
976,976,In Transit,NULL
977,977,Delivered,2026-05-31
978,978,Delivered,2024-12-30
979,979,Delivered,2025-02-19
980,980,Delivered,2023-03-24
981,981,In Transit,NULL
982,982,Delayed,NULL
983,983,In Transit,NULL
984,984,Delayed,NULL
985,985,Delivered,2024-12-06
986,986,In Transit,NULL
987,987,Delayed,NULL
988,988,Delivered,2025-05-13
989,989,In Transit,NULL
990,990,Delivered,2023-09-18
991,991,Delivered,2025-06-07
992,992,Delivered,2023-11-08
993,993,Returned,NULL
994,994,Delivered,2026-04-11
995,995,Delivered,2024-09-13
996,996,Delivered,2025-08-12
997,997,In Transit,NULL
998,998,Delivered,2025-09-24
999,999,Delivered,2024-07-08
1000,1000,Delayed,NULL
1001,1001,Delivered,2024-09-18
1002,1002,Delivered,2024-06-30
1003,1003,Delivered,2024-02-17
1004,1004,Delivered,2024-08-04
1005,1005,Delivered,2026-07-02
1006,1006,Delivered,2023-11-17
1007,1007,Delivered,2024-08-27
1008,1008,Delivered,2024-10-18
1009,1009,Delivered,2026-06-26
1010,1010,Delivered,2024-10-17
1011,1011,Delayed,NULL
1012,1012,Delayed,NULL
1013,1013,Delivered,2025-01-18
1014,1014,Delivered,2025-03-05
1015,1015,Returned,NULL
1016,1016,Delivered,2026-08-22
1017,1017,In Transit,NULL
1018,1018,Delivered,2024-02-15
1019,1019,Delivered,2023-08-03
1020,1020,Delayed,NULL
1021,1021,Delayed,NULL
1022,1022,In Transit,NULL
1023,1023,Delivered,2026-07-31
1024,1024,Delivered,2023-06-25
1025,1025,Delivered,2023-10-05
1026,1026,In Transit,NULL
1027,1027,Delivered,2023-05-24
1028,1028,Delivered,2023-06-23
1029,1029,Delivered,2023-04-14
1030,1030,Delivered,2024-08-18
1031,1031,In Transit,NULL
1032,1032,Delivered,2026-05-18
1033,1033,Delivered,2024-03-15
1034,1034,In Transit,NULL
1035,1035,Delivered,2025-02-02
1036,1036,In Transit,NULL
1037,1037,In Transit,NULL
1038,1038,Delayed,NULL
1039,1039,In Transit,NULL
1040,1040,Delivered,2023-08-29
1041,1041,Delivered,2024-09-27
1042,1042,Delayed,NULL
1043,1043,Delivered,2025-11-02
1044,1044,Delivered,2025-11-13
1045,1045,Delayed,NULL
1046,1046,Delivered,2025-05-04
1047,1047,Delivered,2025-03-24
1048,1048,Delayed,NULL
1049,1049,Delayed,NULL
1050,1050,Delivered,2025-06-08
1051,1051,Delivered,2024-08-01
1052,1052,Delivered,2023-09-22
1053,1053,Delivered,2023-09-18
1054,1054,Delivered,2023-02-20
1055,1055,In Transit,NULL
1056,1056,Delivered,2025-04-20
1057,1057,Delivered,2024-03-04
1058,1058,Delivered,2026-07-21
1059,1059,Delivered,2026-02-15
1060,1060,Delivered,2023-02-23
1061,1061,Delivered,2024-04-27
1062,1062,Delayed,NULL
1063,1063,In Transit,NULL
1064,1064,Delivered,2026-06-06
1065,1065,Delivered,2023-05-01
1066,1066,In Transit,NULL
1067,1067,In Transit,NULL
1068,1068,In Transit,NULL
1069,1069,Delivered,2025-04-22
1070,1070,Delayed,NULL
1071,1071,In Transit,NULL
1072,1072,Delivered,2024-02-06
1073,1073,Delivered,2026-05-03
1074,1074,Delivered,2023-06-19
1075,1075,Delivered,2026-02-15
1076,1076,In Transit,NULL
1077,1077,In Transit,NULL
1078,1078,Delivered,2023-11-30
1079,1079,Delivered,2023-06-23
1080,1080,Delivered,2025-08-05
1081,1081,Delivered,2023-08-29
1082,1082,Returned,NULL
1083,1083,Delivered,2023-11-08
1084,1084,Delayed,NULL
1085,1085,Delivered,2025-09-04
1086,1086,Delivered,2023-12-23
1087,1087,In Transit,NULL
1088,1088,Delayed,NULL
1089,1089,Delivered,2024-09-05
1090,1090,Delivered,2026-04-04
1091,1091,Delivered,2025-10-07
1092,1092,Delivered,2023-08-11
1093,1093,Lost,NULL
1094,1094,Delivered,2025-06-24
1095,1095,Delivered,2023-03-23
1096,1096,In Transit,NULL
1097,1097,Delivered,2025-03-15
1098,1098,Delayed,NULL
1099,1099,Delivered,2024-11-22
1100,1100,Delivered,2025-02-21
1101,1101,Delivered,2026-05-03
1102,1102,In Transit,NULL
1103,1103,Delivered,2026-05-06
1104,1104,Delayed,NULL
1105,1105,Delayed,NULL
1106,1106,Delivered,2025-02-05
1107,1107,Lost,NULL
1108,1108,In Transit,NULL
1109,1109,Delivered,2026-06-15
1110,1110,Delivered,2025-04-05
1111,1111,Delayed,NULL
1112,1112,Delivered,2026-01-07
1113,1113,In Transit,NULL
1114,1114,Delivered,2025-12-28
1115,1115,Delivered,2024-06-06
1116,1116,Delivered,2025-09-17
1117,1117,In Transit,NULL
1118,1118,In Transit,NULL
1119,1119,Delivered,2025-06-04
1120,1120,In Transit,NULL
1121,1121,Delivered,2024-04-22
1122,1122,In Transit,NULL
1123,1123,Delivered,2025-06-08
1124,1124,Delivered,2025-07-28
1125,1125,Delivered,2025-04-13
1126,1126,Delivered,2024-08-16
1127,1127,Delivered,2026-04-19
1128,1128,Delivered,2023-11-25
1129,1129,Delivered,2025-08-28
1130,1130,Delivered,2024-06-13
1131,1131,In Transit,NULL
1132,1132,In Transit,NULL
1133,1133,Delayed,NULL
1134,1134,Delivered,2025-02-07
1135,1135,In Transit,NULL
1136,1136,Delivered,2026-05-24
1137,1137,Delayed,NULL
1138,1138,Delivered,2025-09-17
1139,1139,Delivered,2023-09-15
1140,1140,Delayed,NULL
1141,1141,Delivered,2025-01-09
1142,1142,Lost,NULL
1143,1143,Delivered,2025-10-29
1144,1144,Delivered,2026-05-21
1145,1145,In Transit,NULL
1146,1146,Returned,NULL
1147,1147,Delivered,2024-07-15
1148,1148,Delivered,2024-04-24
1149,1149,Lost,NULL
1150,1150,In Transit,NULL
1151,1151,In Transit,NULL
1152,1152,Delayed,NULL
1153,1153,Delivered,2023-08-15
1154,1154,Delivered,2026-02-26
1155,1155,In Transit,NULL
1156,1156,Delayed,NULL
1157,1157,Delivered,2023-06-06
1158,1158,Delayed,NULL
1159,1159,In Transit,NULL
1160,1160,Delivered,2024-05-08
1161,1161,Returned,NULL
1162,1162,In Transit,NULL
1163,1163,In Transit,NULL
1164,1164,Delayed,NULL
1165,1165,Delivered,2025-12-10
1166,1166,Delivered,2023-09-06
1167,1167,Delivered,2023-06-03
1168,1168,Delayed,NULL
1169,1169,In Transit,NULL
1170,1170,In Transit,NULL
1171,1171,Delayed,NULL
1172,1172,Delivered,2026-01-18
1173,1173,Delivered,2024-09-19
1174,1174,Returned,NULL
1175,1175,Delivered,2026-07-31
1176,1176,Delivered,2025-01-17
1177,1177,In Transit,NULL
1178,1178,Delivered,2024-09-16
1179,1179,Delivered,2024-02-04
1180,1180,Delivered,2023-01-28
1181,1181,In Transit,NULL
1182,1182,Delivered,2025-04-17
1183,1183,Delayed,NULL
1184,1184,In Transit,NULL
1185,1185,In Transit,NULL
1186,1186,Delivered,2023-10-25
1187,1187,Delivered,2024-12-16
1188,1188,Delivered,2023-09-20
1189,1189,Delayed,NULL
1190,1190,Delivered,2025-01-04
1191,1191,In Transit,NULL
1192,1192,Delivered,2024-06-15
1193,1193,Delayed,NULL
1194,1194,Delivered,2024-02-13
1195,1195,Delivered,2025-08-27
1196,1196,Delivered,2024-09-30
1197,1197,In Transit,NULL
1198,1198,Delivered,2026-04-12
1199,1199,Delivered,2023-08-17
1200,1200,Delayed,NULL
1201,1201,In Transit,NULL
1202,1202,Delivered,2025-05-09
1203,1203,Delivered,2024-12-24
1204,1204,Delivered,2025-02-22
1205,1205,Delivered,2025-05-12
1206,1206,Delivered,2023-03-19
1207,1207,Delivered,2024-05-08
1208,1208,Delivered,2025-07-01
1209,1209,Delivered,2025-10-01
1210,1210,Delivered,2026-02-17
1211,1211,Delayed,NULL
1212,1212,In Transit,NULL
1213,1213,Delivered,2024-12-31
1214,1214,Delivered,2023-03-22
1215,1215,Delayed,NULL
1216,1216,Delayed,NULL
1217,1217,Delivered,2023-10-13
1218,1218,Delayed,NULL
1219,1219,In Transit,NULL
1220,1220,In Transit,NULL
1221,1221,Delivered,2023-03-26
1222,1222,Delivered,2023-09-12
1223,1223,Delivered,2026-03-07
1224,1224,Delayed,NULL
1225,1225,In Transit,NULL
1226,1226,Delivered,2026-04-22
1227,1227,Delivered,2025-10-05
1228,1228,Delayed,NULL
1229,1229,Delivered,2025-04-08
1230,1230,In Transit,NULL
1231,1231,Delivered,2026-05-05
1232,1232,Delayed,NULL
1233,1233,Delivered,2023-08-03
1234,1234,Delivered,2024-10-16
1235,1235,Delivered,2025-08-27
1236,1236,Delayed,NULL
1237,1237,Delivered,2025-01-15
1238,1238,Returned,NULL
1239,1239,Delivered,2025-08-14
1240,1240,In Transit,NULL
1241,1241,Delivered,2023-06-01
1242,1242,Delivered,2026-04-19
1243,1243,Delivered,2025-11-25
1244,1244,In Transit,NULL
1245,1245,Lost,NULL
1246,1246,Delivered,2026-03-08
1247,1247,Delayed,NULL
1248,1248,Delayed,NULL
1249,1249,Delivered,2026-06-15
1250,1250,In Transit,NULL
1251,1251,Delivered,2024-01-25
1252,1252,Delayed,NULL
1253,1253,Delivered,2025-04-03
1254,1254,Delayed,NULL
1255,1255,In Transit,NULL
1256,1256,In Transit,NULL
1257,1257,Delivered,2023-06-22
1258,1258,Delivered,2024-11-14
1259,1259,In Transit,NULL
1260,1260,Delayed,NULL
1261,1261,Delivered,2023-06-18
1262,1262,In Transit,NULL
1263,1263,Delivered,2023-09-17
1264,1264,In Transit,NULL
1265,1265,In Transit,NULL
1266,1266,Delivered,2025-02-28
1267,1267,Delivered,2025-11-24
1268,1268,Delivered,2024-04-25
1269,1269,Delivered,2025-07-13
1270,1270,In Transit,NULL
1271,1271,Delivered,2025-04-11
1272,1272,In Transit,NULL
1273,1273,Delivered,2024-04-03
1274,1274,Delivered,2024-05-29
1275,1275,Delivered,2024-01-28
1276,1276,Delivered,2024-02-14
1277,1277,Delivered,2023-09-19
1278,1278,Delivered,2025-03-09
1279,1279,Delivered,2023-05-10
1280,1280,Delivered,2023-12-13
1281,1281,Delayed,NULL
1282,1282,Delivered,2025-09-30
1283,1283,Delivered,2024-10-17
1284,1284,Delivered,2023-05-24
1285,1285,In Transit,NULL
1286,1286,In Transit,NULL
1287,1287,In Transit,NULL
1288,1288,Delivered,2023-09-29
1289,1289,Delivered,2024-07-23
1290,1290,Returned,NULL
1291,1291,Delivered,2026-05-11
1292,1292,Delayed,NULL
1293,1293,Delayed,NULL
1294,1294,Delivered,2024-09-22
1295,1295,In Transit,NULL
1296,1296,In Transit,NULL
1297,1297,In Transit,NULL
1298,1298,In Transit,NULL
1299,1299,Delivered,2024-05-29
1300,1300,Delivered,2026-03-14
1301,1301,Delivered,2023-11-13
1302,1302,Delayed,NULL
1303,1303,Delivered,2024-12-25
1304,1304,Delivered,2026-05-29
1305,1305,In Transit,NULL
1306,1306,In Transit,NULL
1307,1307,Delivered,2026-02-11
1308,1308,Delivered,2023-06-09
1309,1309,Delivered,2025-07-22
1310,1310,Delivered,2024-12-02
1311,1311,Returned,NULL
1312,1312,Delivered,2023-08-14
1313,1313,In Transit,NULL
1314,1314,Delivered,2023-02-05
1315,1315,Delivered,2024-11-14
1316,1316,Delivered,2024-08-23
1317,1317,Delivered,2024-11-04
1318,1318,Delivered,2025-05-31
1319,1319,Delivered,2025-04-08
1320,1320,Delivered,2024-07-24
1321,1321,In Transit,NULL
1322,1322,Delivered,2025-01-02
1323,1323,Returned,NULL
1324,1324,Delivered,2025-11-13
1325,1325,Delivered,2026-02-01
1326,1326,In Transit,NULL
1327,1327,Lost,NULL
1328,1328,Delivered,2024-04-13
1329,1329,In Transit,NULL
1330,1330,Delivered,2024-07-06
1331,1331,Delivered,2024-07-14
1332,1332,In Transit,NULL
1333,1333,Delivered,2025-05-16
1334,1334,Delayed,NULL
1335,1335,In Transit,NULL
1336,1336,Delayed,NULL
1337,1337,Delayed,NULL
1338,1338,In Transit,NULL
1339,1339,Delivered,2025-05-16
1340,1340,Delayed,NULL
1341,1341,Delivered,2024-09-07
1342,1342,Delayed,NULL
1343,1343,Delayed,NULL
1344,1344,Lost,NULL
1345,1345,Delivered,2025-12-04
1346,1346,Delivered,2025-09-14
1347,1347,Delivered,2025-12-31
1348,1348,Delivered,2025-09-08
1349,1349,Delivered,2024-06-18
1350,1350,In Transit,NULL
1351,1351,In Transit,NULL
1352,1352,In Transit,NULL
1353,1353,Delayed,NULL
1354,1354,Delivered,2026-06-13
1355,1355,Delivered,2026-04-08
1356,1356,Delivered,2023-05-18
1357,1357,Delivered,2025-10-20
1358,1358,Delivered,2025-04-12
1359,1359,In Transit,NULL
1360,1360,In Transit,NULL
1361,1361,In Transit,NULL
1362,1362,Delivered,2024-06-09
1363,1363,In Transit,NULL
1364,1364,Delivered,2023-08-31
1365,1365,Delivered,2023-08-10
1366,1366,Delivered,2023-06-15
1367,1367,Delivered,2026-02-19
1368,1368,Delivered,2023-07-20
1369,1369,Delayed,NULL
1370,1370,Delivered,2023-03-25
1371,1371,In Transit,NULL
1372,1372,Delivered,2023-04-29
1373,1373,Delivered,2024-01-17
1374,1374,Delivered,2023-04-04
1375,1375,Delivered,2025-09-23
1376,1376,In Transit,NULL
1377,1377,In Transit,NULL
1378,1378,Returned,NULL
1379,1379,Delivered,2023-09-13
1380,1380,Delivered,2025-05-05
1381,1381,In Transit,NULL
1382,1382,Delivered,2026-04-28
1383,1383,Delivered,2024-07-16
1384,1384,Delivered,2025-11-26
1385,1385,Delivered,2026-03-26
1386,1386,In Transit,NULL
1387,1387,Delayed,NULL
1388,1388,In Transit,NULL
1389,1389,Delivered,2025-05-24
1390,1390,Delivered,2025-08-22
1391,1391,Delivered,2025-04-04
1392,1392,Delivered,2024-01-29
1393,1393,Delivered,2024-01-27
1394,1394,In Transit,NULL
1395,1395,Delivered,2023-05-24
1396,1396,Delivered,2024-09-16
1397,1397,In Transit,NULL
1398,1398,Returned,NULL
1399,1399,In Transit,NULL
1400,1400,Delivered,2023-09-21
1401,1401,Delivered,2023-09-20
1402,1402,Delivered,2024-08-09
1403,1403,Delivered,2023-04-05
1404,1404,Delivered,2024-09-29
1405,1405,Delivered,2026-06-05
1406,1406,Delivered,2024-10-27
1407,1407,Delivered,2025-08-18
1408,1408,Delivered,2023-09-17
1409,1409,Delivered,2026-02-17
1410,1410,Delivered,2026-01-21
1411,1411,Delivered,2023-04-05
1412,1412,Delivered,2025-01-06
1413,1413,Delayed,NULL
1414,1414,Delivered,2023-06-21
1415,1415,In Transit,NULL
1416,1416,Delivered,2025-08-08
1417,1417,In Transit,NULL
1418,1418,Delayed,NULL
1419,1419,Delivered,2024-09-08
1420,1420,Delivered,2023-01-24
1421,1421,Delivered,2024-08-19
1422,1422,Delivered,2023-02-11
1423,1423,Delivered,2026-04-06
1424,1424,Delivered,2023-05-23
1425,1425,In Transit,NULL
1426,1426,Delivered,2024-05-18
1427,1427,In Transit,NULL
1428,1428,Delivered,2024-07-17
1429,1429,Delivered,2024-02-29
1430,1430,In Transit,NULL
1431,1431,Delivered,2024-04-04
1432,1432,Delayed,NULL
1433,1433,Delivered,2026-06-04
1434,1434,Delivered,2025-10-04
1435,1435,Delivered,2024-10-13
1436,1436,Delivered,2024-10-16
1437,1437,Delivered,2026-07-17
1438,1438,In Transit,NULL
1439,1439,Lost,NULL
1440,1440,Delivered,2024-11-22
1441,1441,Delayed,NULL
1442,1442,Delayed,NULL
1443,1443,Delivered,2024-11-07
1444,1444,Delivered,2023-05-25
1445,1445,Delivered,2023-03-15
1446,1446,In Transit,NULL
1447,1447,Delivered,2023-02-12
1448,1448,Delivered,2026-05-01
1449,1449,In Transit,NULL
1450,1450,Delivered,2024-04-27
1451,1451,Lost,NULL
1452,1452,Delayed,NULL
1453,1453,Delivered,2024-05-01
1454,1454,Delivered,2023-10-11
1455,1455,Delayed,NULL
1456,1456,Delivered,2024-04-21
1457,1457,Delayed,NULL
1458,1458,Delivered,2024-10-07
1459,1459,In Transit,NULL
1460,1460,Delayed,NULL
1461,1461,In Transit,NULL
1462,1462,Delivered,2023-05-28
1463,1463,Delayed,NULL
1464,1464,In Transit,NULL
1465,1465,Delivered,2024-09-25
1466,1466,Delivered,2023-09-24
1467,1467,Returned,NULL
1468,1468,Delivered,2023-12-07
1469,1469,In Transit,NULL
1470,1470,Delayed,NULL
1471,1471,Returned,NULL
1472,1472,In Transit,NULL
1473,1473,Delivered,2024-07-14
1474,1474,In Transit,NULL
1475,1475,Delivered,2024-06-27
1476,1476,In Transit,NULL
1477,1477,Delivered,2024-03-24
1478,1478,Delivered,2024-10-29
1479,1479,Delivered,2025-02-02
1480,1480,In Transit,NULL
1481,1481,Delivered,2023-08-22
1482,1482,Delivered,2023-04-23
1483,1483,Delivered,2024-04-23
1484,1484,Delivered,2023-01-25
1485,1485,In Transit,NULL
1486,1486,Delivered,2023-10-22
1487,1487,Delivered,2024-09-16
1488,1488,Delayed,NULL
1489,1489,Delivered,2024-01-22
1490,1490,Delivered,2023-12-10
1491,1491,Delivered,2025-08-20
1492,1492,Delivered,2026-06-05
1493,1493,Delivered,2023-05-09
1494,1494,In Transit,NULL
1495,1495,Delivered,2025-12-31
1496,1496,Delivered,2025-05-05
1497,1497,Lost,NULL
1498,1498,In Transit,NULL
1499,1499,Delivered,2025-03-06
1500,1500,Delivered,2024-04-26
1501,1501,Delivered,2024-09-13
1502,1502,In Transit,NULL
1503,1503,Delivered,2025-05-23
1504,1504,Delivered,2024-02-03
1505,1505,Delayed,NULL
1506,1506,Delivered,2023-09-13
1507,1507,Delivered,2026-01-19
1508,1508,Returned,NULL
1509,1509,Delivered,2024-11-28
1510,1510,Delivered,2024-07-06
1511,1511,Delivered,2023-06-06
1512,1512,Delivered,2024-02-26
1513,1513,Delivered,2024-11-05
1514,1514,Delivered,2023-04-19
1515,1515,Delivered,2024-12-01
1516,1516,Delivered,2023-07-25
1517,1517,In Transit,NULL
1518,1518,Delivered,2023-08-24
1519,1519,In Transit,NULL
1520,1520,In Transit,NULL
1521,1521,In Transit,NULL
1522,1522,Delivered,2024-07-31
1523,1523,Delivered,2025-01-19
1524,1524,Delivered,2025-01-20
1525,1525,Delivered,2024-07-12
1526,1526,Delayed,NULL
1527,1527,In Transit,NULL
1528,1528,Delivered,2025-07-13
1529,1529,Delivered,2025-02-01
1530,1530,Delivered,2025-03-18
1531,1531,Delivered,2024-12-02
1532,1532,In Transit,NULL
1533,1533,Delivered,2024-09-04
1534,1534,Delivered,2024-08-01
1535,1535,Delivered,2024-02-26
1536,1536,Returned,NULL
1537,1537,Delivered,2025-01-08
1538,1538,Delivered,2026-04-13
1539,1539,In Transit,NULL
1540,1540,In Transit,NULL
1541,1541,Delivered,2024-02-13
1542,1542,Delivered,2023-10-13
1543,1543,In Transit,NULL
1544,1544,In Transit,NULL
1545,1545,Delivered,2023-05-08
1546,1546,Delivered,2025-01-22
1547,1547,Delivered,2023-03-22
1548,1548,Delivered,2026-07-04
1549,1549,Delayed,NULL
1550,1550,Delivered,2026-07-06
1551,1551,Delivered,2026-06-09
1552,1552,In Transit,NULL
1553,1553,Delivered,2025-09-29
1554,1554,Delayed,NULL
1555,1555,Delayed,NULL
1556,1556,Delivered,2025-08-10
1557,1557,In Transit,NULL
1558,1558,Delivered,2023-11-18
1559,1559,Delivered,2024-03-10
1560,1560,Delivered,2023-04-04
1561,1561,Delayed,NULL
1562,1562,Delivered,2023-03-01
1563,1563,In Transit,NULL
1564,1564,Delivered,2026-08-01
1565,1565,Delivered,2025-10-26
1566,1566,Delivered,2025-02-02
1567,1567,Delivered,2025-12-02
1568,1568,Delivered,2024-06-26
1569,1569,Delivered,2025-07-19
1570,1570,Delivered,2026-06-10
1571,1571,Delayed,NULL
1572,1572,Delivered,2024-12-24
1573,1573,Delivered,2025-12-05
1574,1574,In Transit,NULL
1575,1575,Delivered,2025-09-01
1576,1576,Delivered,2023-03-18
1577,1577,Delivered,2026-04-02
1578,1578,Delivered,2024-01-08
1579,1579,Delivered,2024-09-23
1580,1580,Delivered,2025-01-02
1581,1581,Delivered,2026-01-14
1582,1582,In Transit,NULL
1583,1583,Delivered,2024-07-27
1584,1584,Returned,NULL
1585,1585,Delivered,2025-10-30
1586,1586,Delivered,2024-12-02
1587,1587,Returned,NULL
1588,1588,In Transit,NULL
1589,1589,Delayed,NULL
1590,1590,Delivered,2024-08-08
1591,1591,Delivered,2026-01-12
1592,1592,Delivered,2024-07-15
1593,1593,Delivered,2025-08-01
1594,1594,Delivered,2024-01-05
1595,1595,Delivered,2023-07-30
1596,1596,Delivered,2024-11-09
1597,1597,Delivered,2023-10-15
1598,1598,Delivered,2023-12-12
1599,1599,In Transit,NULL
1600,1600,Delivered,2023-09-27
1601,1601,Delivered,2023-11-07
1602,1602,Delivered,2025-10-11
1603,1603,Delivered,2024-02-29
1604,1604,In Transit,NULL
1605,1605,Delayed,NULL
1606,1606,Delayed,NULL
1607,1607,Delivered,2024-08-17
1608,1608,Delivered,2024-07-22
1609,1609,Delivered,2025-10-10
1610,1610,Delivered,2026-06-01
1611,1611,In Transit,NULL
1612,1612,Delivered,2023-08-25
1613,1613,Delivered,2025-01-04
1614,1614,Delivered,2023-07-22
1615,1615,Delayed,NULL
1616,1616,In Transit,NULL
1617,1617,In Transit,NULL
1618,1618,Delivered,2025-11-20
1619,1619,Delivered,2025-02-15
1620,1620,Delivered,2023-11-29
1621,1621,In Transit,NULL
1622,1622,Delivered,2025-06-11
1623,1623,Delivered,2023-09-02
1624,1624,Delivered,2025-06-16
1625,1625,Delivered,2025-10-14
1626,1626,Delivered,2025-08-16
1627,1627,Delivered,2023-11-12
1628,1628,Delivered,2025-01-14
1629,1629,In Transit,NULL
1630,1630,Delivered,2024-01-30
1631,1631,Delayed,NULL
1632,1632,Delivered,2024-06-26
1633,1633,Delivered,2024-09-14
1634,1634,Delivered,2025-09-30
1635,1635,Delayed,NULL
1636,1636,Delivered,2023-11-23
1637,1637,Delivered,2025-12-23
1638,1638,In Transit,NULL
1639,1639,Delivered,2024-04-04
1640,1640,In Transit,NULL
1641,1641,Returned,NULL
1642,1642,Delivered,2026-02-11
1643,1643,In Transit,NULL
1644,1644,Delivered,2025-12-06
1645,1645,Delayed,NULL
1646,1646,Delivered,2024-11-15
1647,1647,Delayed,NULL
1648,1648,Delivered,2023-09-07
1649,1649,Delivered,2025-01-29
1650,1650,Delayed,NULL
1651,1651,Delivered,2024-07-16
1652,1652,In Transit,NULL
1653,1653,In Transit,NULL
1654,1654,In Transit,NULL
1655,1655,Delivered,2024-03-15
1656,1656,In Transit,NULL
1657,1657,Delivered,2025-02-15
1658,1658,In Transit,NULL
1659,1659,Delivered,2026-02-02
1660,1660,Delivered,2025-06-06
1661,1661,Delivered,2025-01-11
1662,1662,Delayed,NULL
1663,1663,Lost,NULL
1664,1664,In Transit,NULL
1665,1665,Delivered,2025-10-18
1666,1666,In Transit,NULL
1667,1667,Delayed,NULL
1668,1668,Delivered,2024-03-08
1669,1669,Delayed,NULL
1670,1670,In Transit,NULL
1671,1671,Delivered,2025-07-20
1672,1672,Delivered,2026-02-16
1673,1673,In Transit,NULL
1674,1674,Delivered,2023-06-27
1675,1675,Delivered,2024-05-07
1676,1676,In Transit,NULL
1677,1677,Delivered,2024-11-21
1678,1678,Delivered,2025-08-06
1679,1679,In Transit,NULL
1680,1680,Delivered,2025-02-25
1681,1681,Delivered,2023-06-09
1682,1682,In Transit,NULL
1683,1683,In Transit,NULL
1684,1684,In Transit,NULL
1685,1685,Delivered,2025-12-06
1686,1686,Delivered,2026-03-21
1687,1687,Delivered,2024-03-07
1688,1688,In Transit,NULL
1689,1689,Delayed,NULL
1690,1690,Delivered,2026-05-27
1691,1691,Lost,NULL
1692,1692,Delivered,2024-06-01
1693,1693,Delivered,2025-11-09
1694,1694,Delivered,2024-10-06
1695,1695,Delivered,2024-08-10
1696,1696,Delayed,NULL
1697,1697,In Transit,NULL
1698,1698,Delivered,2025-03-27
1699,1699,Delivered,2025-09-27
1700,1700,Delivered,2023-07-28
1701,1701,Delivered,2025-11-20
1702,1702,In Transit,NULL
1703,1703,Delivered,2024-08-25
1704,1704,Delivered,2025-04-24
1705,1705,Delivered,2025-07-01
1706,1706,Delivered,2024-11-28
1707,1707,In Transit,NULL
1708,1708,Delivered,2023-12-10
1709,1709,Delivered,2024-01-24
1710,1710,Delivered,2026-06-06
1711,1711,Delivered,2026-03-26
1712,1712,Delivered,2024-07-30
1713,1713,Delivered,2026-04-04
1714,1714,Delivered,2024-06-28
1715,1715,Delayed,NULL
1716,1716,Delivered,2024-10-05
1717,1717,Delivered,2024-11-05
1718,1718,Delivered,2025-01-01
1719,1719,Delivered,2023-11-27
1720,1720,Delivered,2024-01-21
1721,1721,Delivered,2023-03-27
1722,1722,In Transit,NULL
1723,1723,Delivered,2024-01-20
1724,1724,Delivered,2025-07-23
1725,1725,Delayed,NULL
1726,1726,Delivered,2023-07-27
1727,1727,Delivered,2023-07-26
1728,1728,In Transit,NULL
1729,1729,Delivered,2026-01-20
1730,1730,In Transit,NULL
1731,1731,In Transit,NULL
1732,1732,Returned,NULL
1733,1733,Delivered,2023-10-01
1734,1734,In Transit,NULL
1735,1735,Delivered,2026-08-20
1736,1736,Delayed,NULL
1737,1737,Delivered,2023-11-28
1738,1738,Delivered,2025-02-18
1739,1739,In Transit,NULL
1740,1740,In Transit,NULL
1741,1741,In Transit,NULL
1742,1742,Delivered,2025-05-01
1743,1743,Delivered,2023-11-22
1744,1744,Delivered,2025-08-22
1745,1745,In Transit,NULL
1746,1746,In Transit,NULL
1747,1747,Delivered,2024-04-05
1748,1748,Returned,NULL
1749,1749,In Transit,NULL
1750,1750,Delivered,2023-09-05
1751,1751,Delayed,NULL
1752,1752,In Transit,NULL
1753,1753,Delivered,2023-08-09
1754,1754,Delivered,2025-12-04
1755,1755,In Transit,NULL
1756,1756,Delivered,2023-12-15
1757,1757,Delivered,2026-03-17
1758,1758,Delivered,2026-02-19
1759,1759,Delayed,NULL
1760,1760,Delivered,2026-07-03
1761,1761,Delivered,2023-12-01
1762,1762,Delayed,NULL
1763,1763,In Transit,NULL
1764,1764,Delayed,NULL
1765,1765,Delayed,NULL
1766,1766,In Transit,NULL
1767,1767,Delivered,2023-03-04
1768,1768,Delivered,2024-02-11
1769,1769,Delayed,NULL
1770,1770,Delivered,2024-01-30
1771,1771,In Transit,NULL
1772,1772,Delivered,2023-07-13
1773,1773,Delivered,2023-10-20
1774,1774,Delivered,2025-09-13
1775,1775,In Transit,NULL
1776,1776,In Transit,NULL
1777,1777,Delivered,2025-02-21
1778,1778,Delivered,2025-05-26
1779,1779,In Transit,NULL
1780,1780,Delivered,2026-05-05
1781,1781,Delivered,2025-06-27
1782,1782,Delivered,2025-07-23
1783,1783,Delivered,2024-10-22
1784,1784,Delivered,2024-08-27
1785,1785,Delayed,NULL
1786,1786,Delivered,2023-05-02
1787,1787,Delivered,2026-07-09
1788,1788,Delivered,2025-07-18
1789,1789,Delivered,2025-10-15
1790,1790,Delayed,NULL
1791,1791,Delivered,2025-11-27
1792,1792,Delivered,2025-02-13
1793,1793,Delivered,2023-08-27
1794,1794,Delivered,2023-07-28
1795,1795,Delivered,2026-05-09
1796,1796,Delivered,2023-09-08
1797,1797,Delivered,2025-07-03
1798,1798,Delivered,2023-12-24
1799,1799,In Transit,NULL
1800,1800,In Transit,NULL
1801,1801,Delivered,2026-06-20
1802,1802,In Transit,NULL
1803,1803,In Transit,NULL
1804,1804,Delivered,2026-06-02
1805,1805,Returned,NULL
1806,1806,In Transit,NULL
1807,1807,Delayed,NULL
1808,1808,In Transit,NULL
1809,1809,Delivered,2026-06-19
1810,1810,In Transit,NULL
1811,1811,Delivered,2025-04-29
1812,1812,Delivered,2024-11-06
1813,1813,In Transit,NULL
1814,1814,In Transit,NULL
1815,1815,Delivered,2025-02-25
1816,1816,Delivered,2026-03-18
1817,1817,Delivered,2023-02-11
1818,1818,In Transit,NULL
1819,1819,Delivered,2024-08-27
1820,1820,In Transit,NULL
1821,1821,Delivered,2024-04-26
1822,1822,Delivered,2024-02-15
1823,1823,Delivered,2024-04-28
1824,1824,Delivered,2023-05-02
1825,1825,Delivered,2025-01-15
1826,1826,Delivered,2024-04-04
1827,1827,In Transit,NULL
1828,1828,Delivered,2026-02-02
1829,1829,Delivered,2025-04-06
1830,1830,Delivered,2026-01-20
1831,1831,Delivered,2025-06-14
1832,1832,Delivered,2025-08-02
1833,1833,In Transit,NULL
1834,1834,Delivered,2024-08-24
1835,1835,In Transit,NULL
1836,1836,Delivered,2023-08-05
1837,1837,Delivered,2026-03-03
1838,1838,In Transit,NULL
1839,1839,Delivered,2024-01-30
1840,1840,In Transit,NULL
1841,1841,Delivered,2024-09-18
1842,1842,Delivered,2023-12-05
1843,1843,Delivered,2023-04-17
1844,1844,Delivered,2023-02-25
1845,1845,Delivered,2025-10-01
1846,1846,Returned,NULL
1847,1847,Delivered,2023-12-14
1848,1848,Delayed,NULL
1849,1849,Delayed,NULL
1850,1850,Delayed,NULL
1851,1851,Delivered,2024-05-11
1852,1852,Delivered,2025-10-29
1853,1853,Delivered,2024-07-03
1854,1854,Delivered,2024-06-15
1855,1855,Delivered,2024-12-18
1856,1856,Delayed,NULL
1857,1857,Returned,NULL
1858,1858,Delivered,2023-09-03
1859,1859,Delivered,2026-07-07
1860,1860,In Transit,NULL
1861,1861,Returned,NULL
1862,1862,Delivered,2025-04-16
1863,1863,In Transit,NULL
1864,1864,Delivered,2024-07-11
1865,1865,Delivered,2025-03-17
1866,1866,Delivered,2025-12-04
1867,1867,Delivered,2026-01-31
1868,1868,Delivered,2023-02-05
1869,1869,Delivered,2026-08-10
1870,1870,In Transit,NULL
1871,1871,In Transit,NULL
1872,1872,In Transit,NULL
1873,1873,Delivered,2024-02-06
1874,1874,Returned,NULL
1875,1875,Delivered,2026-03-26
1876,1876,Delivered,2025-04-11
1877,1877,Delivered,2026-04-16
1878,1878,Delivered,2024-06-23
1879,1879,Delayed,NULL
1880,1880,In Transit,NULL
1881,1881,Delivered,2023-09-05
1882,1882,Delivered,2026-06-12
1883,1883,Delivered,2025-10-06
1884,1884,In Transit,NULL
1885,1885,In Transit,NULL
1886,1886,In Transit,NULL
1887,1887,Delivered,2026-02-09
1888,1888,Delivered,2026-04-23
1889,1889,Delivered,2024-07-09
1890,1890,Delivered,2024-06-19
1891,1891,Delivered,2023-07-10
1892,1892,Delivered,2026-05-13
1893,1893,Delivered,2024-11-18
1894,1894,Delivered,2023-06-12
1895,1895,Delivered,2026-01-05
1896,1896,Delivered,2023-07-06
1897,1897,In Transit,NULL
1898,1898,Delayed,NULL
1899,1899,Delayed,NULL
1900,1900,In Transit,NULL
1901,1901,Delivered,2024-10-04
1902,1902,Delivered,2025-12-16
1903,1903,Delivered,2023-06-26
1904,1904,Delayed,NULL
1905,1905,In Transit,NULL
1906,1906,Delayed,NULL
1907,1907,Delivered,2025-01-25
1908,1908,In Transit,NULL
1909,1909,In Transit,NULL
1910,1910,Returned,NULL
1911,1911,Delayed,NULL
1912,1912,Delivered,2026-05-31
1913,1913,Delayed,NULL
1914,1914,Delivered,2024-09-10
1915,1915,Delivered,2023-03-20
1916,1916,In Transit,NULL
1917,1917,Delivered,2025-07-10
1918,1918,Delivered,2024-09-13
1919,1919,In Transit,NULL
1920,1920,In Transit,NULL
1921,1921,Delivered,2023-02-21
1922,1922,Delivered,2024-11-02
1923,1923,In Transit,NULL
1924,1924,Delayed,NULL
1925,1925,Delivered,2024-06-02
1926,1926,Delayed,NULL
1927,1927,Delivered,2023-11-27
1928,1928,Delivered,2025-10-03
1929,1929,In Transit,NULL
1930,1930,Delivered,2025-08-05
1931,1931,Delayed,NULL
1932,1932,In Transit,NULL
1933,1933,Delivered,2026-02-17
1934,1934,Returned,NULL
1935,1935,Delivered,2025-04-20
1936,1936,Delivered,2024-02-04
1937,1937,Delivered,2025-11-17
1938,1938,Delivered,2024-05-28
1939,1939,Delivered,2025-10-05
1940,1940,Delivered,2025-05-19
1941,1941,Delivered,2025-04-19
1942,1942,Delivered,2026-07-09
1943,1943,Delayed,NULL
1944,1944,Delayed,NULL
1945,1945,Delayed,NULL
1946,1946,Delivered,2023-08-31
1947,1947,Delivered,2023-07-25
1948,1948,Delivered,2024-11-03
1949,1949,In Transit,NULL
1950,1950,Delivered,2025-10-02
1951,1951,In Transit,NULL
1952,1952,Delivered,2024-01-15
1953,1953,Delivered,2025-06-18
1954,1954,In Transit,NULL
1955,1955,Delivered,2025-08-27
1956,1956,Delivered,2025-06-21
1957,1957,Delivered,2023-02-21
1958,1958,Delivered,2026-08-04
1959,1959,Delivered,2023-12-02
1960,1960,Delayed,NULL
1961,1961,Delivered,2023-02-17
1962,1962,Delivered,2026-05-21
1963,1963,Delivered,2024-02-19
1964,1964,In Transit,NULL
1965,1965,Delivered,2026-07-04
1966,1966,Delivered,2023-07-07
1967,1967,Lost,NULL
1968,1968,Delivered,2024-05-09
1969,1969,Delivered,2024-05-22
1970,1970,Delivered,2023-02-13
1971,1971,In Transit,NULL
1972,1972,Delivered,2024-09-05
1973,1973,Delivered,2024-10-08
1974,1974,Delivered,2023-12-13
1975,1975,In Transit,NULL
1976,1976,Delivered,2023-03-06
1977,1977,Delivered,2024-05-09
1978,1978,Delivered,2024-11-13
1979,1979,Delivered,2024-01-23
1980,1980,Delivered,2023-02-12
1981,1981,Delivered,2023-12-25
1982,1982,Delivered,2026-03-28
1983,1983,In Transit,NULL
1984,1984,Delivered,2024-07-12
1985,1985,Delivered,2024-04-03
1986,1986,Returned,NULL
1987,1987,Returned,NULL
1988,1988,Delivered,2024-11-15
1989,1989,Delivered,2023-04-17
1990,1990,Delivered,2026-06-17
1991,1991,Delivered,2026-05-12
1992,1992,Delayed,NULL
1993,1993,Delayed,NULL
1994,1994,Delivered,2025-12-12
1995,1995,Delivered,2026-02-20
1996,1996,In Transit,NULL
1997,1997,In Transit,NULL
1998,1998,In Transit,NULL
1999,1999,Delivered,2025-12-21
2000,2000,In Transit,NULL
2001,2001,Delivered,2026-02-22
2002,2002,Delivered,2024-11-28
2003,2003,In Transit,NULL
2004,2004,Delivered,2026-05-25
2005,2005,In Transit,NULL
2006,2006,Delivered,2025-07-07
2007,2007,In Transit,NULL
2008,2008,Lost,NULL
2009,2009,Delivered,2025-07-23
2010,2010,Delivered,2025-03-31
2011,2011,In Transit,NULL
2012,2012,Delivered,2023-06-30
2013,2013,Delivered,2025-12-17
2014,2014,Delivered,2024-01-06
2015,2015,In Transit,NULL
2016,2016,Delivered,2025-08-03
2017,2017,Delivered,2023-06-11
2018,2018,In Transit,NULL
2019,2019,In Transit,NULL
2020,2020,Delivered,2026-04-02
2021,2021,Delivered,2024-04-30
2022,2022,In Transit,NULL
2023,2023,Delivered,2026-03-26
2024,2024,Delivered,2025-06-11
2025,2025,Delivered,2023-02-01
2026,2026,Delivered,2026-07-12
2027,2027,Delivered,2024-12-29
2028,2028,Delivered,2026-03-23
2029,2029,Delivered,2025-08-26
2030,2030,In Transit,NULL
2031,2031,In Transit,NULL
2032,2032,In Transit,NULL
2033,2033,In Transit,NULL
2034,2034,Delivered,2025-02-07
2035,2035,Delivered,2026-04-25
2036,2036,Delivered,2024-12-30
2037,2037,In Transit,NULL
2038,2038,Delivered,2025-01-18
2039,2039,Delivered,2024-11-24
2040,2040,In Transit,NULL
2041,2041,Lost,NULL
2042,2042,Delivered,2023-12-13
2043,2043,Delivered,2025-04-21
2044,2044,In Transit,NULL
2045,2045,Delayed,NULL
2046,2046,Delivered,2023-07-23
2047,2047,In Transit,NULL
2048,2048,Delivered,2025-09-26
2049,2049,Delivered,2024-08-29
2050,2050,Delivered,2025-05-13
2051,2051,In Transit,NULL
2052,2052,Delivered,2024-02-27
2053,2053,Delivered,2024-05-17
2054,2054,Delayed,NULL
2055,2055,Delivered,2026-03-08
2056,2056,Delivered,2023-12-23
2057,2057,Delivered,2025-11-02
2058,2058,Delivered,2023-02-04
2059,2059,Delivered,2025-03-08
2060,2060,Delivered,2026-06-01
2061,2061,Delivered,2024-05-10
2062,2062,Delivered,2026-04-09
2063,2063,Delivered,2023-03-09
2064,2064,In Transit,NULL
2065,2065,Delivered,2023-10-24
2066,2066,Delivered,2024-12-23
2067,2067,Delivered,2023-05-02
2068,2068,Delivered,2024-04-29
2069,2069,Delivered,2025-08-19
2070,2070,Delivered,2023-11-18
2071,2071,Delivered,2023-08-27
2072,2072,Delivered,2024-03-05
2073,2073,In Transit,NULL
2074,2074,Delivered,2024-05-19
2075,2075,In Transit,NULL
2076,2076,In Transit,NULL
2077,2077,In Transit,NULL
2078,2078,Delivered,2024-11-21
2079,2079,In Transit,NULL
2080,2080,Delivered,2024-05-28
2081,2081,Delivered,2023-10-10
2082,2082,Delivered,2024-12-23
2083,2083,Delayed,NULL
2084,2084,In Transit,NULL
2085,2085,Delivered,2023-01-20
2086,2086,Delivered,2024-08-14
2087,2087,Delivered,2024-02-17
2088,2088,Delivered,2024-08-10
2089,2089,In Transit,NULL
2090,2090,In Transit,NULL
2091,2091,Delivered,2025-12-24
2092,2092,Delivered,2025-10-30
2093,2093,Delayed,NULL
2094,2094,Delivered,2023-09-29
2095,2095,Delivered,2024-02-02
2096,2096,Delivered,2024-12-02
2097,2097,Delivered,2026-02-01
2098,2098,Delivered,2024-06-06
2099,2099,Delivered,2024-01-19
2100,2100,Delivered,2025-12-04
2101,2101,Delivered,2026-02-23
2102,2102,Delivered,2025-01-29
2103,2103,In Transit,NULL
2104,2104,Delivered,2025-12-21
2105,2105,Delivered,2023-04-10
2106,2106,In Transit,NULL
2107,2107,Delivered,2026-08-10
2108,2108,Delayed,NULL
2109,2109,Delivered,2024-08-03
2110,2110,Delayed,NULL
2111,2111,Delivered,2024-08-11
2112,2112,Delivered,2025-10-26
2113,2113,In Transit,NULL
2114,2114,Delivered,2023-10-22
2115,2115,Delivered,2024-11-19
2116,2116,Delivered,2023-08-18
2117,2117,Delivered,2025-07-06
2118,2118,Delivered,2026-08-16
2119,2119,In Transit,NULL
2120,2120,Delivered,2025-07-10
2121,2121,Delivered,2026-01-26
2122,2122,Delivered,2024-08-30
2123,2123,In Transit,NULL
2124,2124,Delivered,2026-08-02
2125,2125,Delivered,2024-08-31
2126,2126,Delivered,2026-07-01
2127,2127,Delivered,2023-12-09
2128,2128,Lost,NULL
2129,2129,Delivered,2025-01-02
2130,2130,In Transit,NULL
2131,2131,Delivered,2025-10-18
2132,2132,Delivered,2026-03-21
2133,2133,Delivered,2025-10-03
2134,2134,Delayed,NULL
2135,2135,Delayed,NULL
2136,2136,Delivered,2024-11-07
2137,2137,Delivered,2025-12-22
2138,2138,Delivered,2023-04-06
2139,2139,Delivered,2025-11-24
2140,2140,Delivered,2024-09-04
2141,2141,Delivered,2025-07-01
2142,2142,In Transit,NULL
2143,2143,Delivered,2026-08-14
2144,2144,Delivered,2023-10-01
2145,2145,Delivered,2024-02-28
2146,2146,In Transit,NULL
2147,2147,Delivered,2023-04-20
2148,2148,Delivered,2024-11-11
2149,2149,Delayed,NULL
2150,2150,Delivered,2026-02-02
2151,2151,Delivered,2024-09-23
2152,2152,Delivered,2026-08-12
2153,2153,In Transit,NULL
2154,2154,In Transit,NULL
2155,2155,In Transit,NULL
2156,2156,Delivered,2024-07-18
2157,2157,Delayed,NULL
2158,2158,Delivered,2026-05-26
2159,2159,In Transit,NULL
2160,2160,Delivered,2025-09-30
2161,2161,Delivered,2024-12-03
2162,2162,Delivered,2025-04-09
2163,2163,Delivered,2025-07-07
2164,2164,Delivered,2023-11-14
2165,2165,Delivered,2026-01-09
2166,2166,Delayed,NULL
2167,2167,Delivered,2024-06-26
2168,2168,Delayed,NULL
2169,2169,In Transit,NULL
2170,2170,Delayed,NULL
2171,2171,In Transit,NULL
2172,2172,Delayed,NULL
2173,2173,Delivered,2023-07-29
2174,2174,Delivered,2023-02-18
2175,2175,Delivered,2026-04-23
2176,2176,Delivered,2026-03-10
2177,2177,In Transit,NULL
2178,2178,Delivered,2024-10-23
2179,2179,Delivered,2025-02-01
2180,2180,Delivered,2025-06-01
2181,2181,Delivered,2026-03-28
2182,2182,Delayed,NULL
2183,2183,Delayed,NULL
2184,2184,Delivered,2025-11-29
2185,2185,In Transit,NULL
2186,2186,Delivered,2023-09-01
2187,2187,In Transit,NULL
2188,2188,Delivered,2026-09-07
2189,2189,Delivered,2023-03-04
2190,2190,Delivered,2023-07-05
2191,2191,In Transit,NULL
2192,2192,Delivered,2026-03-29
2193,2193,Delayed,NULL
2194,2194,Delayed,NULL
2195,2195,Delivered,2025-04-21
2196,2196,In Transit,NULL
2197,2197,Delivered,2023-05-04
2198,2198,Delivered,2024-12-11
2199,2199,Delayed,NULL
2200,2200,Delivered,2025-12-29
2201,2201,Delivered,2023-04-30
2202,2202,Delivered,2024-09-24
2203,2203,Delivered,2024-04-29
2204,2204,Delayed,NULL
2205,2205,Delivered,2023-05-06
2206,2206,Delivered,2026-02-26
2207,2207,Delivered,2023-11-20
2208,2208,Returned,NULL
2209,2209,Delivered,2026-02-17
2210,2210,Delivered,2026-06-10
2211,2211,Delivered,2025-06-08
2212,2212,Delivered,2024-01-16
2213,2213,Delivered,2026-01-12
2214,2214,In Transit,NULL
2215,2215,Delivered,2024-02-28
2216,2216,Delivered,2023-02-01
2217,2217,Delivered,2025-02-07
2218,2218,Delivered,2024-01-03
2219,2219,Delivered,2025-05-16
2220,2220,Delivered,2025-11-12
2221,2221,Delivered,2023-11-25
2222,2222,Delivered,2025-12-01
2223,2223,Delivered,2026-03-24
2224,2224,Delivered,2023-04-29
2225,2225,Delivered,2025-07-22
2226,2226,Delivered,2025-06-15
2227,2227,In Transit,NULL
2228,2228,Delivered,2026-06-21
2229,2229,Delivered,2026-07-02
2230,2230,Delivered,2023-12-03
2231,2231,Returned,NULL
2232,2232,In Transit,NULL
2233,2233,Delivered,2025-06-12
2234,2234,In Transit,NULL
2235,2235,Delivered,2023-04-21
2236,2236,Delivered,2023-03-04
2237,2237,Delivered,2023-05-08
2238,2238,Delivered,2025-10-03
2239,2239,Delivered,2024-11-09
2240,2240,Delivered,2025-05-23
2241,2241,Delayed,NULL
2242,2242,Delivered,2026-04-07
2243,2243,In Transit,NULL
2244,2244,Delayed,NULL
2245,2245,In Transit,NULL
2246,2246,In Transit,NULL
2247,2247,In Transit,NULL
2248,2248,Delivered,2024-11-09
2249,2249,Delivered,2025-12-29
2250,2250,Delayed,NULL
2251,2251,Delivered,2024-03-23
2252,2252,Delivered,2024-04-30
2253,2253,Delayed,NULL
2254,2254,In Transit,NULL
2255,2255,Delivered,2025-10-01
2256,2256,Delivered,2025-02-05
2257,2257,Delayed,NULL
2258,2258,Delivered,2025-05-01
2259,2259,Delivered,2026-02-26
2260,2260,Delivered,2026-01-04
2261,2261,Delivered,2024-11-28
2262,2262,Delivered,2023-10-31
2263,2263,Delivered,2024-01-27
2264,2264,In Transit,NULL
2265,2265,Delivered,2024-06-16
2266,2266,Delivered,2023-05-15
2267,2267,In Transit,NULL
2268,2268,Delayed,NULL
2269,2269,In Transit,NULL
2270,2270,Delivered,2024-08-18
2271,2271,In Transit,NULL
2272,2272,In Transit,NULL
2273,2273,Delivered,2024-01-30
2274,2274,Delivered,2025-09-03
2275,2275,Delayed,NULL
2276,2276,Delayed,NULL
2277,2277,Delivered,2025-05-04
2278,2278,Delayed,NULL
2279,2279,In Transit,NULL
2280,2280,Delivered,2023-10-04
2281,2281,Delivered,2024-05-04
2282,2282,In Transit,NULL
2283,2283,In Transit,NULL
2284,2284,Delivered,2023-07-07
2285,2285,Delayed,NULL
2286,2286,In Transit,NULL
2287,2287,Returned,NULL
2288,2288,Delivered,2023-07-04
2289,2289,In Transit,NULL
2290,2290,Delivered,2026-01-11
2291,2291,Delayed,NULL
2292,2292,In Transit,NULL
2293,2293,Delayed,NULL
2294,2294,Delivered,2023-07-30
2295,2295,Delivered,2025-06-08
2296,2296,Delayed,NULL
2297,2297,Delivered,2026-02-28
2298,2298,Delivered,2026-04-03
2299,2299,Delivered,2026-03-26
2300,2300,Delivered,2025-11-14
2301,2301,Delivered,2026-04-15
2302,2302,Lost,NULL
2303,2303,Delivered,2026-04-07
2304,2304,Delayed,NULL
2305,2305,In Transit,NULL
2306,2306,Delivered,2026-04-02
2307,2307,Delivered,2025-03-26
2308,2308,Lost,NULL
2309,2309,Delivered,2025-01-03
2310,2310,Delivered,2026-01-03
2311,2311,Delivered,2026-05-07
2312,2312,Delivered,2025-12-08
2313,2313,In Transit,NULL
2314,2314,Delivered,2025-03-18
2315,2315,Delivered,2024-08-15
2316,2316,Delivered,2023-12-04
2317,2317,Delivered,2023-05-11
2318,2318,In Transit,NULL
2319,2319,In Transit,NULL
2320,2320,Delivered,2026-01-15
2321,2321,Delayed,NULL
2322,2322,In Transit,NULL
2323,2323,Returned,NULL
2324,2324,Delivered,2025-08-10
2325,2325,Delayed,NULL
2326,2326,Delivered,2024-09-16
2327,2327,Delivered,2024-06-03
2328,2328,Delayed,NULL
2329,2329,Delivered,2023-07-08
2330,2330,Delivered,2023-09-09
2331,2331,Delayed,NULL
2332,2332,In Transit,NULL
2333,2333,Delivered,2023-05-28
2334,2334,Delivered,2026-04-16
2335,2335,Delivered,2023-03-04
2336,2336,Delivered,2024-04-06
2337,2337,Delivered,2025-12-30
2338,2338,Delivered,2025-09-14
2339,2339,Delivered,2026-03-19
2340,2340,In Transit,NULL
2341,2341,Delivered,2026-07-08
2342,2342,Delivered,2026-06-05
2343,2343,Delivered,2025-07-15
2344,2344,Delivered,2024-06-22
2345,2345,Delivered,2025-05-24
2346,2346,Delivered,2024-05-28
2347,2347,Delivered,2025-02-23
2348,2348,Delivered,2024-09-04
2349,2349,Delivered,2023-06-26
2350,2350,In Transit,NULL
2351,2351,Delivered,2024-04-27
2352,2352,Delivered,2023-10-10
2353,2353,Delivered,2026-06-18
2354,2354,Delivered,2024-12-29
2355,2355,Delivered,2026-01-28
2356,2356,Delivered,2023-08-24
2357,2357,Delivered,2024-11-25
2358,2358,Delayed,NULL
2359,2359,Delivered,2023-10-10
2360,2360,In Transit,NULL
2361,2361,Delivered,2026-06-28
2362,2362,In Transit,NULL
2363,2363,Delivered,2023-05-03
2364,2364,In Transit,NULL
2365,2365,Delivered,2023-05-19
2366,2366,Delivered,2026-03-28
2367,2367,In Transit,NULL
2368,2368,Delivered,2024-04-13
2369,2369,Delivered,2025-12-05
2370,2370,Delivered,2024-02-12
2371,2371,Delivered,2023-12-14
2372,2372,Delivered,2023-10-02
2373,2373,Delayed,NULL
2374,2374,Delivered,2023-04-11
2375,2375,Delivered,2023-12-14
2376,2376,Delayed,NULL
2377,2377,In Transit,NULL
2378,2378,Delayed,NULL
2379,2379,Delivered,2025-12-07
2380,2380,Delivered,2025-05-08
2381,2381,Delivered,2025-01-06
2382,2382,Delayed,NULL
2383,2383,In Transit,NULL
2384,2384,Returned,NULL
2385,2385,Delivered,2025-09-24
2386,2386,In Transit,NULL
2387,2387,Delivered,2023-03-10
2388,2388,Delivered,2025-08-06
2389,2389,In Transit,NULL
2390,2390,Delivered,2026-06-10
2391,2391,Delivered,2023-10-01
2392,2392,Delivered,2026-05-11
2393,2393,In Transit,NULL
2394,2394,Delivered,2025-11-13
2395,2395,Delayed,NULL
2396,2396,Delivered,2023-08-01
2397,2397,Delivered,2023-08-14
2398,2398,Delivered,2025-03-14
2399,2399,Delivered,2026-07-15
2400,2400,Delivered,2024-08-22
2401,2401,Delivered,2026-06-25
2402,2402,Delivered,2025-02-13
2403,2403,Delivered,2023-08-22
2404,2404,Delayed,NULL
2405,2405,In Transit,NULL
2406,2406,Delivered,2025-05-10
2407,2407,In Transit,NULL
2408,2408,Delivered,2024-03-14
2409,2409,Delivered,2024-12-25
2410,2410,In Transit,NULL
2411,2411,Delivered,2023-10-03
2412,2412,Delivered,2024-07-30
2413,2413,Delayed,NULL
2414,2414,Delayed,NULL
2415,2415,Delivered,2026-08-02
2416,2416,Delivered,2024-08-24
2417,2417,Delivered,2025-11-06
2418,2418,Delayed,NULL
2419,2419,Delivered,2023-04-27
2420,2420,Delivered,2024-08-09
2421,2421,In Transit,NULL
2422,2422,In Transit,NULL
2423,2423,In Transit,NULL
2424,2424,Delivered,2023-03-21
2425,2425,Delivered,2024-01-20
2426,2426,Delivered,2024-03-08
2427,2427,Delivered,2024-03-30
2428,2428,Returned,NULL
2429,2429,Delayed,NULL
2430,2430,Delivered,2024-04-14
2431,2431,Delivered,2026-04-21
2432,2432,In Transit,NULL
2433,2433,Delivered,2023-06-06
2434,2434,Lost,NULL
2435,2435,Delivered,2024-02-01
2436,2436,Returned,NULL
2437,2437,Delivered,2023-09-09
2438,2438,Delivered,2026-07-07
2439,2439,In Transit,NULL
2440,2440,Delivered,2024-05-31
2441,2441,Delivered,2025-05-12
2442,2442,Delivered,2024-03-11
2443,2443,Delivered,2023-04-15
2444,2444,Delivered,2025-12-15
2445,2445,Delivered,2026-02-04
2446,2446,Delivered,2026-06-25
2447,2447,Delivered,2024-05-26
2448,2448,Delivered,2024-08-12
2449,2449,In Transit,NULL
2450,2450,Delivered,2024-07-05
2451,2451,Delivered,2024-04-24
2452,2452,In Transit,NULL
2453,2453,Delivered,2026-03-02
2454,2454,Delivered,2026-01-04
2455,2455,In Transit,NULL
2456,2456,Returned,NULL
2457,2457,Delivered,2026-02-26
2458,2458,Delivered,2023-03-15
2459,2459,Delayed,NULL
2460,2460,Delivered,2026-03-22
2461,2461,Delivered,2026-04-28
2462,2462,Delivered,2023-07-11
2463,2463,Delivered,2024-04-18
2464,2464,Delivered,2023-08-01
2465,2465,Delivered,2025-04-01
2466,2466,Delivered,2023-10-05
2467,2467,Delivered,2025-09-08
2468,2468,Delivered,2024-01-03
2469,2469,Delivered,2024-03-12
2470,2470,In Transit,NULL
2471,2471,Lost,NULL
2472,2472,Delivered,2024-09-08
2473,2473,Delivered,2024-03-18
2474,2474,Delivered,2025-09-12
2475,2475,Delayed,NULL
2476,2476,In Transit,NULL
2477,2477,Delivered,2024-10-29
2478,2478,Delivered,2025-02-14
2479,2479,Delivered,2024-02-22
2480,2480,Delayed,NULL
2481,2481,Delivered,2025-12-31
2482,2482,Delayed,NULL
2483,2483,In Transit,NULL
2484,2484,Delivered,2024-06-09
2485,2485,Delivered,2026-06-27
2486,2486,In Transit,NULL
2487,2487,Delivered,2025-12-19
2488,2488,Delivered,2023-04-21
2489,2489,Delivered,2023-12-18
2490,2490,Delivered,2026-05-27
2491,2491,Delivered,2026-01-13
2492,2492,In Transit,NULL
2493,2493,Lost,NULL
2494,2494,Delivered,2026-04-12
2495,2495,Returned,NULL
2496,2496,Delivered,2024-09-01
2497,2497,Delivered,2025-10-17
2498,2498,Delivered,2026-05-03
2499,2499,Delivered,2025-02-25
2500,2500,In Transit,NULL
2501,2501,Delivered,2023-09-07
2502,2502,Delivered,2023-07-14
2503,2503,Delivered,2025-10-12
2504,2504,Delivered,2024-02-26
2505,2505,Delivered,2023-11-24
2506,2506,Delivered,2023-05-04
2507,2507,In Transit,NULL
2508,2508,Delivered,2024-05-29
2509,2509,Delayed,NULL
2510,2510,Delivered,2023-11-15
2511,2511,Delayed,NULL
2512,2512,Delivered,2025-08-19
2513,2513,Delivered,2023-06-01
2514,2514,Delivered,2024-08-24
2515,2515,Delivered,2025-02-10
2516,2516,Delivered,2023-04-08
2517,2517,Delayed,NULL
2518,2518,In Transit,NULL
2519,2519,Delivered,2024-12-31
2520,2520,Delayed,NULL
2521,2521,Delivered,2025-10-08
2522,2522,Delayed,NULL
2523,2523,Delivered,2025-03-06
2524,2524,Delivered,2023-03-06
2525,2525,Delivered,2025-12-20
2526,2526,Delivered,2025-07-06
2527,2527,Delivered,2024-10-10
2528,2528,Delivered,2026-03-10
2529,2529,Delivered,2024-07-02
2530,2530,In Transit,NULL
2531,2531,Delayed,NULL
2532,2532,Delayed,NULL
2533,2533,Delivered,2023-08-17
2534,2534,In Transit,NULL
2535,2535,Delivered,2025-07-24
2536,2536,In Transit,NULL
2537,2537,Delayed,NULL
2538,2538,Delivered,2026-03-04
2539,2539,Delivered,2025-04-18
2540,2540,Delivered,2026-04-10
2541,2541,Delivered,2026-07-13
2542,2542,Delayed,NULL
2543,2543,Delivered,2023-02-26
2544,2544,In Transit,NULL
2545,2545,In Transit,NULL
2546,2546,Delayed,NULL
2547,2547,Delivered,2024-12-14
2548,2548,Delivered,2025-07-02
2549,2549,Delivered,2024-10-29
2550,2550,Delayed,NULL
2551,2551,Delivered,2023-04-06
2552,2552,In Transit,NULL
2553,2553,In Transit,NULL
2554,2554,Delivered,2024-04-01
2555,2555,Delivered,2025-10-18
2556,2556,Delivered,2023-12-19
2557,2557,Delivered,2026-03-02
2558,2558,Delivered,2025-12-09
2559,2559,Delivered,2025-03-06
2560,2560,Delivered,2024-12-10
2561,2561,Delayed,NULL
2562,2562,Delivered,2024-02-10
2563,2563,Delivered,2024-05-03
2564,2564,Delivered,2025-09-14
2565,2565,Delivered,2025-04-03
2566,2566,Delivered,2024-06-06
2567,2567,Delivered,2023-09-17
2568,2568,Delivered,2025-09-09
2569,2569,Delivered,2024-04-30
2570,2570,In Transit,NULL
2571,2571,In Transit,NULL
2572,2572,Returned,NULL
2573,2573,Lost,NULL
2574,2574,Delivered,2023-06-02
2575,2575,Delivered,2023-10-13
2576,2576,Delivered,2025-01-13
2577,2577,In Transit,NULL
2578,2578,Delivered,2026-07-22
2579,2579,In Transit,NULL
2580,2580,Delivered,2025-08-15
2581,2581,Returned,NULL
2582,2582,In Transit,NULL
2583,2583,Delivered,2023-12-26
2584,2584,Delayed,NULL
2585,2585,Delivered,2023-09-13
2586,2586,Delivered,2024-05-01
2587,2587,Delivered,2024-09-08
2588,2588,In Transit,NULL
2589,2589,Delivered,2024-09-08
2590,2590,Delivered,2025-07-06
2591,2591,Delivered,2026-04-26
2592,2592,In Transit,NULL
2593,2593,Delivered,2024-06-13
2594,2594,Delivered,2023-06-10
2595,2595,In Transit,NULL
2596,2596,Delivered,2024-08-31
2597,2597,Delivered,2025-06-28
2598,2598,Delayed,NULL
2599,2599,In Transit,NULL
2600,2600,Delivered,2025-06-02
2601,2601,Delivered,2025-01-05
2602,2602,Delivered,2026-03-02
2603,2603,Delivered,2024-05-21
2604,2604,Delayed,NULL
2605,2605,In Transit,NULL
2606,2606,Delayed,NULL
2607,2607,Delivered,2025-05-26
2608,2608,Delivered,2026-01-22
2609,2609,Delayed,NULL
2610,2610,Delivered,2025-10-02
2611,2611,Delayed,NULL
2612,2612,Delivered,2024-04-02
2613,2613,Delivered,2023-11-20
2614,2614,Delivered,2023-06-05
2615,2615,In Transit,NULL
2616,2616,Delivered,2024-06-22
2617,2617,In Transit,NULL
2618,2618,Delivered,2025-05-31
2619,2619,Lost,NULL
2620,2620,Delivered,2026-05-06
2621,2621,Delivered,2025-05-30
2622,2622,Delivered,2023-10-10
2623,2623,Delivered,2025-11-19
2624,2624,Returned,NULL
2625,2625,Delivered,2024-11-06
2626,2626,Delayed,NULL
2627,2627,In Transit,NULL
2628,2628,Delivered,2025-08-26
2629,2629,Delivered,2026-07-29
2630,2630,Delivered,2024-02-16
2631,2631,In Transit,NULL
2632,2632,Delivered,2024-04-03
2633,2633,Delivered,2023-11-08
2634,2634,Delivered,2023-08-22
2635,2635,In Transit,NULL
2636,2636,Delivered,2026-07-23
2637,2637,Delivered,2024-11-16
2638,2638,Delivered,2024-04-17
2639,2639,Delivered,2025-05-01
2640,2640,Delivered,2023-12-26
2641,2641,Delivered,2023-04-16
2642,2642,Delivered,2025-03-19
2643,2643,Delivered,2026-05-03
2644,2644,Delayed,NULL
2645,2645,Returned,NULL
2646,2646,Delayed,NULL
2647,2647,Delivered,2026-05-13
2648,2648,Delivered,2023-05-10
2649,2649,Delivered,2023-12-15
2650,2650,In Transit,NULL
2651,2651,Delivered,2026-03-29
2652,2652,Delivered,2023-12-09
2653,2653,In Transit,NULL
2654,2654,Delivered,2024-04-20
2655,2655,Returned,NULL
2656,2656,Returned,NULL
2657,2657,Delivered,2023-04-04
2658,2658,Delayed,NULL
2659,2659,Delivered,2026-03-27
2660,2660,In Transit,NULL
2661,2661,Delivered,2024-11-09
2662,2662,Delivered,2023-12-21
2663,2663,Delayed,NULL
2664,2664,In Transit,NULL
2665,2665,Delivered,2023-09-06
2666,2666,Delivered,2024-01-01
2667,2667,Delayed,NULL
2668,2668,Delayed,NULL
2669,2669,In Transit,NULL
2670,2670,Delivered,2025-08-15
2671,2671,In Transit,NULL
2672,2672,Delivered,2023-09-15
2673,2673,Delivered,2025-04-06
2674,2674,In Transit,NULL
2675,2675,Delivered,2024-02-17
2676,2676,In Transit,NULL
2677,2677,In Transit,NULL
2678,2678,Delivered,2023-07-20
2679,2679,Delivered,2023-02-19
2680,2680,Delayed,NULL
2681,2681,Lost,NULL
2682,2682,In Transit,NULL
2683,2683,Delayed,NULL
2684,2684,In Transit,NULL
2685,2685,Delivered,2026-04-02
2686,2686,Delivered,2026-04-19
2687,2687,Delivered,2024-09-01
2688,2688,Delivered,2025-11-12
2689,2689,Delivered,2025-11-01
2690,2690,Delivered,2024-09-05
2691,2691,Delivered,2025-07-12
2692,2692,Delivered,2024-02-04
2693,2693,Delivered,2023-08-19
2694,2694,Delivered,2023-07-05
2695,2695,Delayed,NULL
2696,2696,Delivered,2025-09-08
2697,2697,Delivered,2024-05-01
2698,2698,In Transit,NULL
2699,2699,Delivered,2025-11-26
2700,2700,Delivered,2025-12-06
2701,2701,Delivered,2025-03-29
2702,2702,Delivered,2024-09-07
2703,2703,Delayed,NULL
2704,2704,In Transit,NULL
2705,2705,Delivered,2023-07-08
2706,2706,In Transit,NULL
2707,2707,Delivered,2023-03-29
2708,2708,Delivered,2024-02-22
2709,2709,Delivered,2023-12-07
2710,2710,Delivered,2023-04-30
2711,2711,Delivered,2024-03-29
2712,2712,Delivered,2023-11-05
2713,2713,Delivered,2025-10-29
2714,2714,Delivered,2023-02-10
2715,2715,Delivered,2025-09-03
2716,2716,Delayed,NULL
2717,2717,Delayed,NULL
2718,2718,In Transit,NULL
2719,2719,Delivered,2024-09-13
2720,2720,Delayed,NULL
2721,2721,Delivered,2024-11-08
2722,2722,Delivered,2024-01-10
2723,2723,In Transit,NULL
2724,2724,Delivered,2025-07-11
2725,2725,Delivered,2026-03-11
2726,2726,Delivered,2025-06-19
2727,2727,Delivered,2023-12-12
2728,2728,In Transit,NULL
2729,2729,Returned,NULL
2730,2730,Delivered,2023-10-12
2731,2731,Delivered,2024-09-12
2732,2732,Delivered,2024-12-17
2733,2733,Delivered,2023-03-30
2734,2734,Delivered,2024-07-18
2735,2735,In Transit,NULL
2736,2736,Returned,NULL
2737,2737,Delivered,2023-05-23
2738,2738,Delivered,2023-04-19
2739,2739,Delayed,NULL
2740,2740,Delivered,2024-10-27
2741,2741,Delivered,2023-07-18
2742,2742,Delayed,NULL
2743,2743,In Transit,NULL
2744,2744,Delivered,2023-03-17
2745,2745,In Transit,NULL
2746,2746,Returned,NULL
2747,2747,Delivered,2023-10-13
2748,2748,In Transit,NULL
2749,2749,In Transit,NULL
2750,2750,Delivered,2023-08-04
2751,2751,Delivered,2026-07-13
2752,2752,In Transit,NULL
2753,2753,Delivered,2025-03-25
2754,2754,In Transit,NULL
2755,2755,Delivered,2025-04-11
2756,2756,In Transit,NULL
2757,2757,Delivered,2023-03-15
2758,2758,In Transit,NULL
2759,2759,Delivered,2026-06-12
2760,2760,In Transit,NULL
2761,2761,Delayed,NULL
2762,2762,Delivered,2025-03-09
2763,2763,Delivered,2024-05-17
2764,2764,In Transit,NULL
2765,2765,Delayed,NULL
2766,2766,Delivered,2024-02-10
2767,2767,Delivered,2023-06-03
2768,2768,Delivered,2023-12-07
2769,2769,Delayed,NULL
2770,2770,Delivered,2023-11-24
2771,2771,Delayed,NULL
2772,2772,Delivered,2023-05-05
2773,2773,Delivered,2025-03-25
2774,2774,Returned,NULL
2775,2775,Delivered,2024-05-30
2776,2776,Delivered,2023-07-27
2777,2777,Delivered,2026-03-19
2778,2778,Delivered,2026-01-10
2779,2779,Delivered,2026-04-14
2780,2780,In Transit,NULL
2781,2781,Delivered,2026-01-24
2782,2782,Delivered,2023-07-28
2783,2783,Delivered,2024-07-12
2784,2784,Delivered,2023-12-27
2785,2785,Returned,NULL
2786,2786,In Transit,NULL
2787,2787,Delivered,2025-03-01
2788,2788,Delivered,2024-07-16
2789,2789,Delivered,2023-05-16
2790,2790,Delivered,2023-02-01
2791,2791,Delivered,2024-06-08
2792,2792,In Transit,NULL
2793,2793,Delayed,NULL
2794,2794,Delivered,2023-03-30
2795,2795,In Transit,NULL
2796,2796,Delivered,2024-07-17
2797,2797,Delivered,2025-08-21
2798,2798,Delivered,2023-09-07
2799,2799,Delivered,2025-03-29
2800,2800,In Transit,NULL
2801,2801,Delayed,NULL
2802,2802,In Transit,NULL
2803,2803,In Transit,NULL
2804,2804,Delivered,2024-05-29
2805,2805,Delivered,2024-10-26
2806,2806,Delivered,2023-12-24
2807,2807,Delivered,2025-01-10
2808,2808,Delivered,2023-12-20
2809,2809,Delivered,2026-05-19
2810,2810,Delivered,2025-11-29
2811,2811,Delivered,2025-02-24
2812,2812,Delayed,NULL
2813,2813,Delivered,2024-05-04
2814,2814,Delivered,2025-12-07
2815,2815,Delivered,2025-05-09
2816,2816,Delivered,2026-07-10
2817,2817,In Transit,NULL
2818,2818,Lost,NULL
2819,2819,Delivered,2025-06-13
2820,2820,Delivered,2026-03-18
2821,2821,Delivered,2025-02-28
2822,2822,Delayed,NULL
2823,2823,In Transit,NULL
2824,2824,Delivered,2023-07-08
2825,2825,Delivered,2026-05-27
2826,2826,Delivered,2023-09-12
2827,2827,Delivered,2023-08-23
2828,2828,Delivered,2025-02-09
2829,2829,In Transit,NULL
2830,2830,Delivered,2026-01-28
2831,2831,Delayed,NULL
2832,2832,Delivered,2023-10-25
2833,2833,In Transit,NULL
2834,2834,Delivered,2023-06-22
2835,2835,Delayed,NULL
2836,2836,Delivered,2026-07-11
2837,2837,Delivered,2025-05-30
2838,2838,Delayed,NULL
2839,2839,Delivered,2024-05-06
2840,2840,Delivered,2024-08-22
2841,2841,Delivered,2024-08-17
2842,2842,Delayed,NULL
2843,2843,Delivered,2025-07-22
2844,2844,Delivered,2024-08-09
2845,2845,In Transit,NULL
2846,2846,Delivered,2023-07-03
2847,2847,Delivered,2023-03-13
2848,2848,Delivered,2026-06-29
2849,2849,Delivered,2023-08-13
2850,2850,Delivered,2024-08-16
2851,2851,Delivered,2026-05-24
2852,2852,In Transit,NULL
2853,2853,Delivered,2024-11-18
2854,2854,Delivered,2025-04-10
2855,2855,In Transit,NULL
2856,2856,Delivered,2025-11-10
2857,2857,Delivered,2026-09-03
2858,2858,Delayed,NULL
2859,2859,In Transit,NULL
2860,2860,Delivered,2024-06-29
2861,2861,Delivered,2023-07-03
2862,2862,Delivered,2025-09-09
2863,2863,Delivered,2024-03-23
2864,2864,Delivered,2024-12-08
2865,2865,Returned,NULL
2866,2866,Delivered,2025-12-31
2867,2867,Delayed,NULL
2868,2868,Delayed,NULL
2869,2869,Delivered,2025-05-20
2870,2870,Delayed,NULL
2871,2871,Delivered,2026-05-12
2872,2872,In Transit,NULL
2873,2873,Delivered,2023-02-16
2874,2874,Delivered,2024-01-15
2875,2875,In Transit,NULL
2876,2876,Returned,NULL
2877,2877,Delivered,2024-03-09
2878,2878,Delivered,2024-04-11
2879,2879,In Transit,NULL
2880,2880,Delivered,2026-01-29
2881,2881,In Transit,NULL
2882,2882,Delivered,2024-03-27
2883,2883,Delivered,2024-06-25
2884,2884,In Transit,NULL
2885,2885,Delivered,2024-10-17
2886,2886,Delivered,2026-07-31
2887,2887,Delivered,2024-11-17
2888,2888,Delivered,2023-07-18
2889,2889,Delayed,NULL
2890,2890,Delivered,2025-06-26
2891,2891,Delivered,2026-07-29
2892,2892,In Transit,NULL
2893,2893,In Transit,NULL
2894,2894,Delivered,2025-12-14
2895,2895,Delayed,NULL
2896,2896,In Transit,NULL
2897,2897,Delivered,2024-10-27
2898,2898,In Transit,NULL
2899,2899,Delayed,NULL
2900,2900,Delivered,2023-10-06
2901,2901,Delivered,2023-11-01
2902,2902,Delivered,2025-01-04
2903,2903,Delivered,2023-03-17
2904,2904,Delivered,2023-05-08
2905,2905,Delivered,2026-08-22
2906,2906,Delivered,2023-11-26
2907,2907,Delivered,2023-06-22
2908,2908,Delivered,2024-03-03
2909,2909,In Transit,NULL
2910,2910,Delayed,NULL
2911,2911,Delivered,2025-07-01
2912,2912,Delivered,2024-07-02
2913,2913,Delivered,2024-06-05
2914,2914,Delivered,2025-06-29
2915,2915,Delayed,NULL
2916,2916,Delivered,2023-06-30
2917,2917,Delivered,2023-10-03
2918,2918,Delivered,2024-07-01
2919,2919,Delayed,NULL
2920,2920,Delivered,2023-07-04
2921,2921,Delayed,NULL
2922,2922,Delivered,2024-06-14
2923,2923,In Transit,NULL
2924,2924,Delivered,2025-02-15
2925,2925,In Transit,NULL
2926,2926,In Transit,NULL
2927,2927,In Transit,NULL
2928,2928,Delayed,NULL
2929,2929,Delayed,NULL
2930,2930,Returned,NULL
2931,2931,Delivered,2024-06-14
2932,2932,Delivered,2024-03-08
2933,2933,Delivered,2024-12-17
2934,2934,Delivered,2023-02-27
2935,2935,Delivered,2023-09-18
2936,2936,Delivered,2025-11-07
2937,2937,Delivered,2025-09-22
2938,2938,In Transit,NULL
2939,2939,In Transit,NULL
2940,2940,Delivered,2024-02-20
2941,2941,Lost,NULL
2942,2942,Delivered,2024-06-26
2943,2943,Delivered,2025-03-11
2944,2944,Delivered,2025-01-13
2945,2945,In Transit,NULL
2946,2946,Delivered,2024-05-12
2947,2947,Delivered,2025-11-08
2948,2948,Delivered,2023-12-31
2949,2949,Delivered,2025-11-09
2950,2950,Delivered,2024-05-22
2951,2951,Delivered,2025-04-18
2952,2952,Delivered,2023-05-27
2953,2953,In Transit,NULL
2954,2954,Delivered,2024-04-13
2955,2955,Delivered,2024-01-28
2956,2956,Delivered,2025-05-17
2957,2957,Delivered,2026-05-04
2958,2958,Delivered,2026-06-10
2959,2959,In Transit,NULL
2960,2960,Delivered,2024-05-18
2961,2961,In Transit,NULL
2962,2962,Delivered,2026-02-18
2963,2963,Delivered,2024-02-12
2964,2964,In Transit,NULL
2965,2965,In Transit,NULL
2966,2966,In Transit,NULL
2967,2967,Delivered,2024-08-19
2968,2968,In Transit,NULL
2969,2969,Returned,NULL
2970,2970,Delivered,2025-03-21
2971,2971,In Transit,NULL
2972,2972,Delivered,2025-04-06
2973,2973,In Transit,NULL
2974,2974,Delivered,2023-12-15
2975,2975,Delivered,2024-07-07
2976,2976,Delivered,2024-03-01
2977,2977,Delivered,2026-02-25
2978,2978,In Transit,NULL
2979,2979,Delivered,2024-08-03
2980,2980,Lost,NULL
2981,2981,Delivered,2024-02-23
2982,2982,Delivered,2025-12-25
2983,2983,Delivered,2026-04-22
2984,2984,Delivered,2023-10-04
2985,2985,Delivered,2023-05-11
2986,2986,Delivered,2025-10-17
2987,2987,Delivered,2024-06-13
2988,2988,Delivered,2026-08-22
2989,2989,In Transit,NULL
2990,2990,Delivered,2026-05-02
2991,2991,Delivered,2023-04-29
2992,2992,Returned,NULL
2993,2993,Delivered,2023-06-12
2994,2994,Delayed,NULL
2995,2995,In Transit,NULL
2996,2996,Delivered,2023-09-14
2997,2997,Delivered,2026-02-04
2998,2998,In Transit,NULL
2999,2999,Delayed,NULL
3000,3000,In Transit,NULL
3001,3001,Delivered,2025-04-02
3002,3002,Delivered,2025-09-20
3003,3003,Delivered,2024-07-19
3004,3004,In Transit,NULL
3005,3005,Delayed,NULL
3006,3006,In Transit,NULL
3007,3007,Delivered,2026-08-26
3008,3008,In Transit,NULL
3009,3009,Delayed,NULL
3010,3010,Delivered,2023-10-29
3011,3011,Delayed,NULL
3012,3012,Delivered,2026-03-23
3013,3013,In Transit,NULL
3014,3014,Delayed,NULL
3015,3015,Delivered,2023-12-29
3016,3016,In Transit,NULL
3017,3017,In Transit,NULL
3018,3018,Delivered,2026-05-06
3019,3019,Delayed,NULL
3020,3020,Delivered,2025-09-08
3021,3021,Delivered,2024-03-05
3022,3022,In Transit,NULL
3023,3023,Delivered,2024-12-31
3024,3024,Delivered,2024-06-30
3025,3025,In Transit,NULL
3026,3026,In Transit,NULL
3027,3027,In Transit,NULL
3028,3028,Delivered,2023-04-21
3029,3029,Delivered,2024-05-24
3030,3030,Delivered,2024-03-27
3031,3031,Delayed,NULL
3032,3032,In Transit,NULL
3033,3033,Delivered,2023-05-26
3034,3034,Delivered,2025-03-11
3035,3035,Delivered,2025-09-05
3036,3036,Delivered,2024-03-26
3037,3037,Delivered,2026-02-22
3038,3038,In Transit,NULL
3039,3039,Delivered,2026-08-04
3040,3040,In Transit,NULL
3041,3041,Lost,NULL
3042,3042,Delivered,2026-03-22
3043,3043,Delivered,2024-12-24
3044,3044,Delivered,2024-10-23
3045,3045,Delivered,2024-10-11
3046,3046,Delayed,NULL
3047,3047,Delivered,2026-02-04
3048,3048,Delivered,2024-05-05
3049,3049,Delivered,2026-06-19
3050,3050,In Transit,NULL
3051,3051,Delivered,2023-09-13
3052,3052,In Transit,NULL
3053,3053,Delivered,2024-11-19
3054,3054,Delivered,2026-02-03
3055,3055,Delivered,2026-04-30
3056,3056,Delivered,2025-11-20
3057,3057,Delivered,2026-01-18
3058,3058,Delayed,NULL
3059,3059,Delivered,2023-08-23
3060,3060,Delivered,2023-07-01
3061,3061,In Transit,NULL
3062,3062,Delivered,2024-06-23
3063,3063,Delivered,2023-11-15
3064,3064,Delivered,2025-10-08
3065,3065,In Transit,NULL
3066,3066,Delivered,2025-12-02
3067,3067,Delayed,NULL
3068,3068,In Transit,NULL
3069,3069,In Transit,NULL
3070,3070,Delivered,2026-04-15
3071,3071,Delivered,2025-04-25
3072,3072,Delivered,2023-10-15
3073,3073,Delayed,NULL
3074,3074,Delivered,2024-03-29
3075,3075,Lost,NULL
3076,3076,Delivered,2023-07-02
3077,3077,Delivered,2023-03-31
3078,3078,Delivered,2023-05-18
3079,3079,Delayed,NULL
3080,3080,Delivered,2024-02-03
3081,3081,Delivered,2024-03-18
3082,3082,Delivered,2024-04-02
3083,3083,In Transit,NULL
3084,3084,In Transit,NULL
3085,3085,Delivered,2026-01-21
3086,3086,Delivered,2026-07-15
3087,3087,Delivered,2025-12-31
3088,3088,Delivered,2026-03-31
3089,3089,Delivered,2024-11-22
3090,3090,In Transit,NULL
3091,3091,Returned,NULL
3092,3092,Delivered,2024-06-19
3093,3093,Delivered,2026-02-20
3094,3094,In Transit,NULL
3095,3095,Delivered,2024-10-21
3096,3096,Delivered,2024-03-17
3097,3097,In Transit,NULL
3098,3098,In Transit,NULL
3099,3099,Delivered,2025-05-28
3100,3100,Delivered,2023-12-10
3101,3101,In Transit,NULL
3102,3102,Delivered,2025-04-29
3103,3103,Delayed,NULL
3104,3104,Delivered,2023-03-02
3105,3105,Delayed,NULL
3106,3106,In Transit,NULL
3107,3107,Delivered,2024-03-23
3108,3108,Delivered,2024-09-13
3109,3109,Delivered,2026-05-03
3110,3110,Delayed,NULL
3111,3111,Delivered,2023-10-05
3112,3112,Delivered,2026-06-07
3113,3113,Delayed,NULL
3114,3114,Delayed,NULL
3115,3115,Delivered,2024-01-11
3116,3116,Delivered,2024-06-13
3117,3117,Delivered,2025-08-16
3118,3118,Delivered,2025-05-16
3119,3119,Delivered,2023-12-18
3120,3120,Delayed,NULL
3121,3121,Delivered,2025-12-13
3122,3122,In Transit,NULL
3123,3123,Delivered,2024-05-29
3124,3124,Delivered,2024-06-16
3125,3125,Delivered,2023-11-27
3126,3126,In Transit,NULL
3127,3127,Delayed,NULL
3128,3128,Delivered,2023-12-04
3129,3129,Delivered,2023-05-04
3130,3130,In Transit,NULL
3131,3131,In Transit,NULL
3132,3132,In Transit,NULL
3133,3133,Delivered,2023-12-18
3134,3134,Delivered,2024-08-25
3135,3135,Delivered,2025-09-28
3136,3136,In Transit,NULL
3137,3137,Delivered,2024-10-31
3138,3138,Delivered,2026-02-25
3139,3139,Delivered,2026-06-22
3140,3140,Delivered,2023-07-16
3141,3141,Delivered,2025-05-30
3142,3142,Delivered,2024-04-05
3143,3143,Delivered,2023-02-19
3144,3144,Delivered,2025-11-04
3145,3145,Delivered,2025-08-02
3146,3146,Delivered,2025-02-04
3147,3147,Delivered,2025-02-02
3148,3148,In Transit,NULL
3149,3149,Delivered,2024-07-16
3150,3150,Delivered,2024-09-04
3151,3151,Delivered,2024-04-05
3152,3152,Delivered,2024-08-12
3153,3153,Delivered,2025-05-01
3154,3154,In Transit,NULL
3155,3155,In Transit,NULL
3156,3156,In Transit,NULL
3157,3157,Delivered,2025-02-04
3158,3158,Delivered,2025-03-31
3159,3159,In Transit,NULL
3160,3160,Delivered,2026-05-14
3161,3161,Delivered,2023-09-29
3162,3162,Delivered,2026-01-27
3163,3163,Delayed,NULL
3164,3164,Returned,NULL
3165,3165,Delivered,2025-08-09
3166,3166,Delivered,2024-07-16
3167,3167,Delivered,2026-02-20
3168,3168,Delivered,2023-09-13
3169,3169,Delivered,2026-04-03
3170,3170,In Transit,NULL
3171,3171,In Transit,NULL
3172,3172,Delivered,2023-07-18
3173,3173,Delivered,2023-11-13
3174,3174,Delivered,2025-05-16
3175,3175,Delayed,NULL
3176,3176,Delivered,2026-01-22
3177,3177,In Transit,NULL
3178,3178,Delivered,2024-10-16
3179,3179,In Transit,NULL
3180,3180,In Transit,NULL
3181,3181,Delivered,2025-10-19
3182,3182,Delayed,NULL
3183,3183,Delivered,2025-06-07
3184,3184,In Transit,NULL
3185,3185,Delivered,2026-06-27
3186,3186,Delivered,2023-11-15
3187,3187,Delivered,2026-07-07
3188,3188,Delivered,2023-08-05
3189,3189,Delivered,2025-08-17
3190,3190,Lost,NULL
3191,3191,Delivered,2026-03-13
3192,3192,Delayed,NULL
3193,3193,In Transit,NULL
3194,3194,Delivered,2025-09-15
3195,3195,In Transit,NULL
3196,3196,In Transit,NULL
3197,3197,Delivered,2024-04-21
3198,3198,Delayed,NULL
3199,3199,Delivered,2026-03-25
3200,3200,In Transit,NULL
3201,3201,In Transit,NULL
3202,3202,Delayed,NULL
3203,3203,Delayed,NULL
3204,3204,In Transit,NULL
3205,3205,Delivered,2023-05-13
3206,3206,Delivered,2024-01-10
3207,3207,Delivered,2025-04-06
3208,3208,Delayed,NULL
3209,3209,Delivered,2024-04-21
3210,3210,Delivered,2025-09-09
3211,3211,Delivered,2023-08-15
3212,3212,In Transit,NULL
3213,3213,In Transit,NULL
3214,3214,Delivered,2024-06-26
3215,3215,Delivered,2025-05-25
3216,3216,Delivered,2024-06-12
3217,3217,Delivered,2024-05-28
3218,3218,Delayed,NULL
3219,3219,Delivered,2025-11-10
3220,3220,Delivered,2026-06-07
3221,3221,In Transit,NULL
3222,3222,Delivered,2023-10-13
3223,3223,Delivered,2025-07-08
3224,3224,Delivered,2023-03-04
3225,3225,Delivered,2023-10-09
3226,3226,Delayed,NULL
3227,3227,Delayed,NULL
3228,3228,Delivered,2024-04-06
3229,3229,Delayed,NULL
3230,3230,Delivered,2025-01-10
3231,3231,Lost,NULL
3232,3232,Delivered,2023-02-28
3233,3233,Delivered,2024-08-18
3234,3234,In Transit,NULL
3235,3235,Delivered,2024-09-28
3236,3236,Delivered,2026-01-31
3237,3237,In Transit,NULL
3238,3238,Delivered,2025-09-18
3239,3239,Delivered,2025-03-16
3240,3240,Lost,NULL
3241,3241,Delivered,2026-03-15
3242,3242,Delivered,2025-11-20
3243,3243,In Transit,NULL
3244,3244,Delivered,2025-02-07
3245,3245,Delivered,2024-11-03
3246,3246,Delivered,2023-10-20
3247,3247,Delivered,2025-01-29
3248,3248,Delivered,2024-03-23
3249,3249,In Transit,NULL
3250,3250,Delivered,2023-09-04
3251,3251,Delayed,NULL
3252,3252,Delivered,2024-08-05
3253,3253,Delivered,2023-07-26
3254,3254,Delivered,2024-11-20
3255,3255,Delivered,2026-01-30
3256,3256,Delayed,NULL
3257,3257,In Transit,NULL
3258,3258,Returned,NULL
3259,3259,Delivered,2026-01-05
3260,3260,Delivered,2024-05-10
3261,3261,Delivered,2024-09-27
3262,3262,Returned,NULL
3263,3263,In Transit,NULL
3264,3264,Delivered,2023-11-03
3265,3265,Delivered,2023-08-25
3266,3266,Delivered,2026-01-13
3267,3267,In Transit,NULL
3268,3268,In Transit,NULL
3269,3269,Delivered,2025-07-30
3270,3270,In Transit,NULL
3271,3271,Delivered,2026-05-06
3272,3272,Returned,NULL
3273,3273,In Transit,NULL
3274,3274,Delivered,2026-07-04
3275,3275,In Transit,NULL
3276,3276,Delivered,2025-04-27
3277,3277,Delayed,NULL
3278,3278,In Transit,NULL
3279,3279,Delivered,2025-12-30
3280,3280,Delivered,2024-07-19
3281,3281,In Transit,NULL
3282,3282,Delivered,2025-10-23
3283,3283,Delivered,2026-02-05
3284,3284,Delivered,2026-01-17
3285,3285,Delivered,2024-12-27
3286,3286,Delivered,2023-12-09
3287,3287,Delivered,2025-06-26
3288,3288,In Transit,NULL
3289,3289,Delayed,NULL
3290,3290,In Transit,NULL
3291,3291,Delayed,NULL
3292,3292,Delivered,2026-07-06
3293,3293,Delivered,2023-08-31
3294,3294,Delivered,2025-07-24
3295,3295,Delivered,2024-07-30
3296,3296,Delivered,2026-08-03
3297,3297,In Transit,NULL
3298,3298,In Transit,NULL
3299,3299,Delivered,2025-02-02
3300,3300,Delivered,2023-09-06
3301,3301,Delivered,2024-02-28
3302,3302,Delivered,2025-03-15
3303,3303,Delivered,2023-10-14
3304,3304,Delivered,2026-02-16
3305,3305,In Transit,NULL
3306,3306,Delivered,2026-07-23
3307,3307,Delivered,2025-10-20
3308,3308,Delivered,2023-03-06
3309,3309,Delivered,2024-04-27
3310,3310,Delivered,2023-03-02
3311,3311,In Transit,NULL
3312,3312,In Transit,NULL
3313,3313,Delivered,2024-05-05
3314,3314,In Transit,NULL
3315,3315,In Transit,NULL
3316,3316,Delivered,2026-04-04
3317,3317,Delivered,2023-07-06
3318,3318,Delivered,2024-06-13
3319,3319,Delivered,2023-02-25
3320,3320,Delivered,2024-01-06
3321,3321,Delivered,2024-04-06
3322,3322,Delivered,2024-03-18
3323,3323,Delivered,2023-07-11
3324,3324,Delivered,2025-12-06
3325,3325,Delivered,2023-08-28
3326,3326,Delivered,2025-05-07
3327,3327,Delivered,2024-12-31
3328,3328,Delivered,2024-06-08
3329,3329,Delivered,2023-05-14
3330,3330,In Transit,NULL
3331,3331,In Transit,NULL
3332,3332,Delivered,2023-07-25
3333,3333,Delivered,2024-10-30
3334,3334,Delivered,2026-06-22
3335,3335,Delivered,2023-01-18
3336,3336,Delivered,2026-04-06
3337,3337,In Transit,NULL
3338,3338,Delivered,2025-03-11
3339,3339,Delayed,NULL
3340,3340,Delivered,2023-10-05
3341,3341,In Transit,NULL
3342,3342,Delivered,2026-06-18
3343,3343,Delivered,2024-01-15
3344,3344,Delivered,2025-08-21
3345,3345,In Transit,NULL
3346,3346,Delivered,2025-03-12
3347,3347,Delayed,NULL
3348,3348,Delivered,2025-05-07
3349,3349,Delivered,2025-07-21
3350,3350,Delivered,2026-06-27
3351,3351,Delivered,2024-01-27
3352,3352,Delivered,2025-04-17
3353,3353,In Transit,NULL
3354,3354,Delivered,2026-07-18
3355,3355,In Transit,NULL
3356,3356,Delivered,2025-09-12
3357,3357,Delivered,2023-12-17
3358,3358,Delivered,2026-07-22
3359,3359,Delayed,NULL
3360,3360,Delivered,2026-08-06
3361,3361,In Transit,NULL
3362,3362,Delayed,NULL
3363,3363,Delivered,2023-04-25
3364,3364,Delayed,NULL
3365,3365,Delivered,2026-03-07
3366,3366,Returned,NULL
3367,3367,Delivered,2025-03-30
3368,3368,Delayed,NULL
3369,3369,Returned,NULL
3370,3370,In Transit,NULL
3371,3371,Delayed,NULL
3372,3372,Delayed,NULL
3373,3373,Delivered,2023-12-22
3374,3374,Delayed,NULL
3375,3375,Delivered,2023-11-01
3376,3376,In Transit,NULL
3377,3377,In Transit,NULL
3378,3378,Delivered,2025-02-22
3379,3379,Delivered,2025-10-08
3380,3380,Delayed,NULL
3381,3381,Delivered,2024-08-09
3382,3382,Delivered,2025-03-05
3383,3383,Returned,NULL
3384,3384,Delivered,2023-04-05
3385,3385,In Transit,NULL
3386,3386,Delivered,2023-05-15
3387,3387,Delivered,2025-08-22
3388,3388,Delivered,2023-07-21
3389,3389,Delivered,2023-07-06
3390,3390,Delivered,2023-09-10
3391,3391,Delivered,2024-03-06
3392,3392,Delivered,2025-09-27
3393,3393,Returned,NULL
3394,3394,Delivered,2025-07-31
3395,3395,In Transit,NULL
3396,3396,Delivered,2026-05-12
3397,3397,Delivered,2023-09-03
3398,3398,Returned,NULL
3399,3399,In Transit,NULL
3400,3400,Lost,NULL
3401,3401,Delayed,NULL
3402,3402,Delivered,2024-07-01
3403,3403,In Transit,NULL
3404,3404,Delivered,2025-02-16
3405,3405,In Transit,NULL
3406,3406,Delivered,2025-09-06
3407,3407,Delivered,2025-04-05
3408,3408,Delivered,2024-10-05
3409,3409,Delivered,2024-08-14
3410,3410,Delivered,2025-01-18
3411,3411,Delivered,2024-12-31
3412,3412,Delivered,2024-11-17
3413,3413,Delivered,2023-07-23
3414,3414,Delivered,2026-06-24
3415,3415,In Transit,NULL
3416,3416,Delayed,NULL
3417,3417,In Transit,NULL
3418,3418,Delivered,2024-12-02
3419,3419,Delivered,2024-08-06
3420,3420,Delivered,2023-08-01
3421,3421,In Transit,NULL
3422,3422,Delivered,2025-08-28
3423,3423,Delivered,2026-04-09
3424,3424,In Transit,NULL
3425,3425,In Transit,NULL
3426,3426,Delayed,NULL
3427,3427,Delivered,2024-08-15
3428,3428,Delayed,NULL
3429,3429,Delayed,NULL
3430,3430,Delivered,2025-04-19
3431,3431,In Transit,NULL
3432,3432,Returned,NULL
3433,3433,In Transit,NULL
3434,3434,Delayed,NULL
3435,3435,In Transit,NULL
3436,3436,Delivered,2023-10-08
3437,3437,Delivered,2025-02-06
3438,3438,Delivered,2026-02-03
3439,3439,Delivered,2025-02-07
3440,3440,Delivered,2026-06-24
3441,3441,Delivered,2025-01-30
3442,3442,In Transit,NULL
3443,3443,Lost,NULL
3444,3444,In Transit,NULL
3445,3445,Delayed,NULL
3446,3446,Delivered,2023-07-13
3447,3447,Delivered,2024-03-18
3448,3448,Delivered,2024-05-09
3449,3449,Returned,NULL
3450,3450,Delivered,2023-05-17
3451,3451,In Transit,NULL
3452,3452,In Transit,NULL
3453,3453,Delivered,2024-04-17
3454,3454,Delivered,2026-02-23
3455,3455,Delivered,2023-12-12
3456,3456,Delivered,2023-07-31
3457,3457,Delivered,2026-01-18
3458,3458,In Transit,NULL
3459,3459,Delivered,2026-08-04
3460,3460,Delivered,2025-06-04
3461,3461,Delivered,2024-06-17
3462,3462,Delivered,2024-04-28
3463,3463,Delivered,2024-08-30
3464,3464,Delivered,2026-06-06
3465,3465,Delivered,2025-05-14
3466,3466,In Transit,NULL
3467,3467,Delivered,2024-11-22
3468,3468,Delayed,NULL
3469,3469,In Transit,NULL
3470,3470,Delivered,2025-03-30
3471,3471,Delivered,2025-10-26
3472,3472,Lost,NULL
3473,3473,Delivered,2026-03-21
3474,3474,Delivered,2025-07-04
3475,3475,Delivered,2024-06-03
3476,3476,Delivered,2023-03-18
3477,3477,Delivered,2025-04-21
3478,3478,Delayed,NULL
3479,3479,Delivered,2025-02-20
3480,3480,Delivered,2023-08-07
3481,3481,Returned,NULL
3482,3482,In Transit,NULL
3483,3483,Delivered,2023-12-20
3484,3484,Delayed,NULL
3485,3485,Delivered,2023-11-14
3486,3486,Delayed,NULL
3487,3487,In Transit,NULL
3488,3488,Returned,NULL
3489,3489,Delivered,2024-06-18
3490,3490,In Transit,NULL
3491,3491,Delivered,2024-11-25
3492,3492,Delivered,2025-03-06
3493,3493,Delivered,2023-03-04
3494,3494,Delivered,2024-04-08
3495,3495,Delivered,2023-12-26
3496,3496,Delivered,2024-05-10
3497,3497,Delayed,NULL
3498,3498,Delivered,2024-01-30
3499,3499,Delivered,2025-02-25
3500,3500,Delivered,2025-09-27
3501,3501,Delayed,NULL
3502,3502,Delayed,NULL
3503,3503,Delivered,2023-12-11
3504,3504,Delivered,2026-08-25
3505,3505,Delivered,2024-06-17
3506,3506,In Transit,NULL
3507,3507,Delayed,NULL
3508,3508,Delivered,2025-09-01
3509,3509,In Transit,NULL
3510,3510,In Transit,NULL
3511,3511,Delivered,2023-09-24
3512,3512,In Transit,NULL
3513,3513,In Transit,NULL
3514,3514,In Transit,NULL
3515,3515,Delivered,2023-07-06
3516,3516,Delayed,NULL
3517,3517,Delivered,2023-06-23
3518,3518,In Transit,NULL
3519,3519,Delivered,2026-07-03
3520,3520,Delayed,NULL
3521,3521,Delivered,2025-11-29
3522,3522,In Transit,NULL
3523,3523,Delivered,2023-09-15
3524,3524,Delivered,2025-08-17
3525,3525,Delivered,2024-09-29
3526,3526,Delivered,2025-06-14
3527,3527,Delivered,2023-06-17
3528,3528,Returned,NULL
3529,3529,Delivered,2023-10-26
3530,3530,Delayed,NULL
3531,3531,Delivered,2025-09-29
3532,3532,Delivered,2024-09-13
3533,3533,Delivered,2026-05-13
3534,3534,Delivered,2023-07-17
3535,3535,In Transit,NULL
3536,3536,In Transit,NULL
3537,3537,Lost,NULL
3538,3538,Delivered,2023-02-09
3539,3539,In Transit,NULL
3540,3540,In Transit,NULL
3541,3541,Delivered,2023-07-22
3542,3542,Delivered,2023-11-05
3543,3543,Delivered,2023-10-06
3544,3544,Delayed,NULL
3545,3545,In Transit,NULL
3546,3546,In Transit,NULL
3547,3547,Delivered,2024-01-29
3548,3548,Delayed,NULL
3549,3549,Returned,NULL
3550,3550,Returned,NULL
3551,3551,In Transit,NULL
3552,3552,Delayed,NULL
3553,3553,Delayed,NULL
3554,3554,Delivered,2025-01-16
3555,3555,In Transit,NULL
3556,3556,Delivered,2026-05-16
3557,3557,Delivered,2023-11-12
3558,3558,Delivered,2023-04-22
3559,3559,Delivered,2023-09-25
3560,3560,Delivered,2025-03-10
3561,3561,Delayed,NULL
3562,3562,In Transit,NULL
3563,3563,Delivered,2023-06-05
3564,3564,Delivered,2025-06-19
3565,3565,Delivered,2024-03-06
3566,3566,Delivered,2023-10-23
3567,3567,In Transit,NULL
3568,3568,Delivered,2025-10-21
3569,3569,Delivered,2024-12-19
3570,3570,Delivered,2024-09-18
3571,3571,Delivered,2023-03-28
3572,3572,Delayed,NULL
3573,3573,Delayed,NULL
3574,3574,Delayed,NULL
3575,3575,Delayed,NULL
3576,3576,Delivered,2024-07-04
3577,3577,Delivered,2025-06-03
3578,3578,Delivered,2025-12-02
3579,3579,Delivered,2024-02-29
3580,3580,Delivered,2025-03-12
3581,3581,Delayed,NULL
3582,3582,Delayed,NULL
3583,3583,Delivered,2023-12-16
3584,3584,Returned,NULL
3585,3585,In Transit,NULL
3586,3586,In Transit,NULL
3587,3587,Delivered,2025-04-22
3588,3588,In Transit,NULL
3589,3589,Delivered,2024-04-25
3590,3590,Delivered,2023-12-29
3591,3591,Delivered,2025-01-23
3592,3592,Delivered,2026-04-17
3593,3593,Lost,NULL
3594,3594,Delayed,NULL
3595,3595,Delivered,2024-09-28
3596,3596,Delayed,NULL
3597,3597,Delivered,2025-09-17
3598,3598,Delivered,2024-02-20
3599,3599,Delivered,2026-07-05
3600,3600,In Transit,NULL
3601,3601,Delayed,NULL
3602,3602,In Transit,NULL
3603,3603,Delivered,2025-04-19
3604,3604,In Transit,NULL
3605,3605,Delivered,2025-05-16
3606,3606,Delivered,2024-12-28
3607,3607,Delivered,2026-07-23
3608,3608,In Transit,NULL
3609,3609,Delayed,NULL
3610,3610,In Transit,NULL
3611,3611,In Transit,NULL
3612,3612,Delivered,2024-09-29
3613,3613,Delivered,2025-05-15
3614,3614,In Transit,NULL
3615,3615,Delivered,2025-12-27
3616,3616,In Transit,NULL
3617,3617,Delivered,2025-08-09
3618,3618,Delivered,2026-03-30
3619,3619,Delivered,2026-02-09
3620,3620,Delivered,2025-03-29
3621,3621,Returned,NULL
3622,3622,Delivered,2026-05-31
3623,3623,Delivered,2024-12-31
3624,3624,Returned,NULL
3625,3625,Delivered,2023-05-08
3626,3626,Delivered,2026-06-07
3627,3627,Delivered,2023-03-18
3628,3628,Delivered,2023-04-14
3629,3629,In Transit,NULL
3630,3630,Delivered,2024-05-14
3631,3631,In Transit,NULL
3632,3632,Delivered,2026-06-14
3633,3633,In Transit,NULL
3634,3634,Delivered,2025-08-12
3635,3635,In Transit,NULL
3636,3636,Delivered,2026-02-06
3637,3637,Delivered,2026-01-28
3638,3638,Delivered,2024-05-20
3639,3639,Delivered,2026-06-01
3640,3640,Delayed,NULL
3641,3641,In Transit,NULL
3642,3642,Delivered,2023-03-27
3643,3643,Returned,NULL
3644,3644,Delivered,2024-11-04
3645,3645,Delivered,2025-12-11
3646,3646,Delivered,2025-04-04
3647,3647,In Transit,NULL
3648,3648,In Transit,NULL
3649,3649,Delayed,NULL
3650,3650,Delayed,NULL
3651,3651,Delivered,2025-11-13
3652,3652,Delivered,2026-03-14
3653,3653,Delivered,2026-01-09
3654,3654,In Transit,NULL
3655,3655,Delivered,2023-09-24
3656,3656,Delayed,NULL
3657,3657,Returned,NULL
3658,3658,Delivered,2023-02-02
3659,3659,Delivered,2023-07-13
3660,3660,Delivered,2025-04-07
3661,3661,Delayed,NULL
3662,3662,Delivered,2024-02-04
3663,3663,Delivered,2023-09-18
3664,3664,Delayed,NULL
3665,3665,Lost,NULL
3666,3666,In Transit,NULL
3667,3667,Delayed,NULL
3668,3668,Delayed,NULL
3669,3669,In Transit,NULL
3670,3670,Delivered,2024-01-30
3671,3671,Delivered,2024-05-14
3672,3672,Delivered,2026-05-22
3673,3673,Delivered,2024-05-27
3674,3674,Delivered,2023-07-20
3675,3675,Delivered,2024-02-18
3676,3676,In Transit,NULL
3677,3677,In Transit,NULL
3678,3678,Delivered,2025-09-23
3679,3679,Delivered,2025-05-31
3680,3680,Delayed,NULL
3681,3681,Delivered,2026-05-10
3682,3682,Returned,NULL
3683,3683,Delivered,2023-06-03
3684,3684,Delivered,2025-04-23
3685,3685,Delayed,NULL
3686,3686,Delivered,2023-04-28
3687,3687,Delayed,NULL
3688,3688,Delivered,2023-05-03
3689,3689,Delayed,NULL
3690,3690,Delivered,2025-08-26
3691,3691,Delivered,2023-03-23
3692,3692,Delivered,2025-03-03
3693,3693,Delivered,2024-09-06
3694,3694,Delivered,2024-02-16
3695,3695,In Transit,NULL
3696,3696,Delivered,2023-06-13
3697,3697,Delivered,2023-07-08
3698,3698,In Transit,NULL
3699,3699,Delayed,NULL
3700,3700,Delivered,2025-10-12
3701,3701,In Transit,NULL
3702,3702,Delivered,2024-08-13
3703,3703,Delivered,2025-05-30
3704,3704,Delivered,2024-04-06
3705,3705,Delivered,2023-11-07
3706,3706,In Transit,NULL
3707,3707,Delivered,2024-04-29
3708,3708,Delivered,2024-07-31
3709,3709,Delivered,2024-02-14
3710,3710,Delivered,2023-05-12
3711,3711,Delivered,2025-01-24
3712,3712,Delivered,2024-11-22
3713,3713,Delivered,2023-05-24
3714,3714,In Transit,NULL
3715,3715,Delivered,2024-11-06
3716,3716,Delivered,2024-02-12
3717,3717,In Transit,NULL
3718,3718,Delivered,2023-05-05
3719,3719,In Transit,NULL
3720,3720,In Transit,NULL
3721,3721,In Transit,NULL
3722,3722,Delivered,2026-06-24
3723,3723,In Transit,NULL
3724,3724,Delayed,NULL
3725,3725,In Transit,NULL
3726,3726,Delivered,2025-05-02
3727,3727,Delivered,2024-11-10
3728,3728,Delivered,2024-06-19
3729,3729,In Transit,NULL
3730,3730,Delivered,2026-08-11
3731,3731,In Transit,NULL
3732,3732,Delivered,2025-03-11
3733,3733,Delivered,2024-04-02
3734,3734,In Transit,NULL
3735,3735,Delayed,NULL
3736,3736,Delivered,2025-05-16
3737,3737,In Transit,NULL
3738,3738,Delivered,2025-04-23
3739,3739,Delayed,NULL
3740,3740,Delivered,2026-04-30
3741,3741,Delayed,NULL
3742,3742,In Transit,NULL
3743,3743,Delivered,2025-02-01
3744,3744,Delivered,2025-02-22
3745,3745,In Transit,NULL
3746,3746,Delivered,2024-01-09
3747,3747,Delivered,2023-02-14
3748,3748,Delayed,NULL
3749,3749,Delivered,2026-06-07
3750,3750,Returned,NULL
3751,3751,Lost,NULL
3752,3752,In Transit,NULL
3753,3753,In Transit,NULL
3754,3754,Delivered,2026-07-30
3755,3755,In Transit,NULL
3756,3756,Delivered,2024-08-17
3757,3757,Delivered,2026-06-26
3758,3758,Lost,NULL
3759,3759,Delivered,2023-11-15
3760,3760,Returned,NULL
3761,3761,Delivered,2023-06-18
3762,3762,Delivered,2025-09-27
3763,3763,In Transit,NULL
3764,3764,Delivered,2023-03-29
3765,3765,Delivered,2023-04-02
3766,3766,Delivered,2023-09-08
3767,3767,Delivered,2024-11-29
3768,3768,Delivered,2026-06-11
3769,3769,Delivered,2025-11-01
3770,3770,Delivered,2023-03-08
3771,3771,Delivered,2023-07-25
3772,3772,In Transit,NULL
3773,3773,Delivered,2025-11-12
3774,3774,In Transit,NULL
3775,3775,Delivered,2025-03-19
3776,3776,Delivered,2023-08-23
3777,3777,Delivered,2025-01-30
3778,3778,Delivered,2025-10-26
3779,3779,Delivered,2025-07-29
3780,3780,Delivered,2026-03-30
3781,3781,Delivered,2023-06-05
3782,3782,Delivered,2025-03-15
3783,3783,In Transit,NULL
3784,3784,In Transit,NULL
3785,3785,Delivered,2025-01-19
3786,3786,Delivered,2023-03-05
3787,3787,Delivered,2025-08-04
3788,3788,Delivered,2024-11-20
3789,3789,Delivered,2025-05-30
3790,3790,Delivered,2025-11-11
3791,3791,Delivered,2025-07-06
3792,3792,Lost,NULL
3793,3793,Delivered,2023-09-19
3794,3794,In Transit,NULL
3795,3795,In Transit,NULL
3796,3796,Delivered,2026-01-11
3797,3797,Delivered,2024-08-22
3798,3798,Delivered,2023-02-15
3799,3799,Delivered,2025-05-24
3800,3800,In Transit,NULL
3801,3801,Returned,NULL
3802,3802,In Transit,NULL
3803,3803,Delivered,2025-11-05
3804,3804,Delayed,NULL
3805,3805,Delivered,2025-11-07
3806,3806,Delivered,2026-08-02
3807,3807,Delivered,2024-11-07
3808,3808,Delivered,2026-03-21
3809,3809,Delivered,2023-09-01
3810,3810,Delivered,2024-05-21
3811,3811,Delivered,2025-03-11
3812,3812,In Transit,NULL
3813,3813,Delayed,NULL
3814,3814,In Transit,NULL
3815,3815,Delivered,2024-12-28
3816,3816,Delayed,NULL
3817,3817,Delivered,2025-10-03
3818,3818,Delivered,2025-05-30
3819,3819,In Transit,NULL
3820,3820,Delivered,2024-09-30
3821,3821,Delivered,2024-11-23
3822,3822,Delayed,NULL
3823,3823,In Transit,NULL
3824,3824,Delayed,NULL
3825,3825,Delivered,2023-11-13
3826,3826,Delivered,2026-04-25
3827,3827,Delivered,2025-12-30
3828,3828,In Transit,NULL
3829,3829,Delivered,2024-03-23
3830,3830,Delivered,2024-08-18
3831,3831,In Transit,NULL
3832,3832,Delayed,NULL
3833,3833,In Transit,NULL
3834,3834,Delivered,2026-01-28
3835,3835,Delivered,2024-06-06
3836,3836,In Transit,NULL
3837,3837,In Transit,NULL
3838,3838,In Transit,NULL
3839,3839,Delayed,NULL
3840,3840,Delivered,2026-07-26
3841,3841,Delivered,2025-12-26
3842,3842,In Transit,NULL
3843,3843,Delivered,2024-02-10
3844,3844,In Transit,NULL
3845,3845,Delivered,2023-10-12
3846,3846,Delivered,2024-02-15
3847,3847,Delivered,2024-06-28
3848,3848,Delayed,NULL
3849,3849,In Transit,NULL
3850,3850,Delivered,2025-08-06
3851,3851,Delivered,2024-10-30
3852,3852,Delivered,2023-10-10
3853,3853,In Transit,NULL
3854,3854,In Transit,NULL
3855,3855,Delivered,2026-02-28
3856,3856,In Transit,NULL
3857,3857,Delivered,2026-06-05
3858,3858,In Transit,NULL
3859,3859,Delivered,2026-05-02
3860,3860,Delayed,NULL
3861,3861,In Transit,NULL
3862,3862,In Transit,NULL
3863,3863,In Transit,NULL
3864,3864,Delivered,2023-07-13
3865,3865,In Transit,NULL
3866,3866,In Transit,NULL
3867,3867,Delivered,2026-01-20
3868,3868,Delivered,2026-07-26
3869,3869,Delivered,2023-08-14
3870,3870,Delivered,2026-04-30
3871,3871,Delivered,2024-07-16
3872,3872,Delayed,NULL
3873,3873,Delivered,2025-04-10
3874,3874,Delivered,2024-12-21
3875,3875,Delivered,2025-04-19
3876,3876,In Transit,NULL
3877,3877,Delivered,2023-12-29
3878,3878,Delivered,2024-04-19
3879,3879,Delivered,2026-05-25
3880,3880,Delivered,2025-01-17
3881,3881,In Transit,NULL
3882,3882,In Transit,NULL
3883,3883,Delivered,2024-12-15
3884,3884,Delivered,2026-02-13
3885,3885,In Transit,NULL
3886,3886,In Transit,NULL
3887,3887,Delayed,NULL
3888,3888,In Transit,NULL
3889,3889,Delivered,2024-03-26
3890,3890,Delivered,2025-09-03
3891,3891,In Transit,NULL
3892,3892,Delivered,2023-03-23
3893,3893,Delivered,2026-03-08
3894,3894,Delivered,2024-03-13
3895,3895,Delivered,2023-08-01
3896,3896,Delivered,2025-11-07
3897,3897,Delivered,2024-11-29
3898,3898,Delivered,2024-07-18
3899,3899,Delivered,2025-04-23
3900,3900,Delayed,NULL
3901,3901,In Transit,NULL
3902,3902,In Transit,NULL
3903,3903,Delivered,2026-04-19
3904,3904,Delivered,2025-01-27
3905,3905,Delivered,2024-12-21
3906,3906,Delivered,2024-01-04
3907,3907,Delivered,2026-08-22
3908,3908,In Transit,NULL
3909,3909,In Transit,NULL
3910,3910,Delivered,2026-02-24
3911,3911,Delivered,2023-11-10
3912,3912,Delivered,2025-01-20
3913,3913,Delivered,2026-05-31
3914,3914,Delivered,2024-11-14
3915,3915,Delivered,2023-03-14
3916,3916,Delivered,2024-05-19
3917,3917,Delivered,2025-11-27
3918,3918,In Transit,NULL
3919,3919,Delivered,2026-01-22
3920,3920,In Transit,NULL
3921,3921,In Transit,NULL
3922,3922,In Transit,NULL
3923,3923,Delivered,2025-11-16
3924,3924,In Transit,NULL
3925,3925,In Transit,NULL
3926,3926,Delivered,2024-06-07
3927,3927,Delivered,2025-10-11
3928,3928,Delivered,2025-11-04
3929,3929,Delivered,2023-11-19
3930,3930,Delivered,2024-11-18
3931,3931,Delivered,2026-01-19
3932,3932,Delivered,2023-06-14
3933,3933,Delivered,2023-10-17
3934,3934,Delayed,NULL
3935,3935,Delivered,2024-11-30
3936,3936,Delivered,2023-10-29
3937,3937,Delivered,2023-04-30
3938,3938,Delivered,2023-02-09
3939,3939,Delivered,2024-11-30
3940,3940,Delivered,2023-06-27
3941,3941,In Transit,NULL
3942,3942,Delivered,2023-05-18
3943,3943,In Transit,NULL
3944,3944,Lost,NULL
3945,3945,Delivered,2025-12-19
3946,3946,In Transit,NULL
3947,3947,Delivered,2025-01-01
3948,3948,Lost,NULL
3949,3949,Delivered,2025-01-27
3950,3950,In Transit,NULL
3951,3951,In Transit,NULL
3952,3952,Delayed,NULL
3953,3953,Delivered,2023-07-29
3954,3954,In Transit,NULL
3955,3955,Delayed,NULL
3956,3956,In Transit,NULL
3957,3957,Delivered,2024-07-03
3958,3958,Delivered,2023-08-22
3959,3959,Delivered,2024-02-25
3960,3960,In Transit,NULL
3961,3961,Delivered,2024-04-14
3962,3962,In Transit,NULL
3963,3963,Delayed,NULL
3964,3964,In Transit,NULL
3965,3965,In Transit,NULL
3966,3966,In Transit,NULL
3967,3967,Delivered,2023-05-10
3968,3968,Delivered,2023-04-22
3969,3969,Delayed,NULL
3970,3970,Delivered,2023-05-02
3971,3971,Delivered,2026-07-09
3972,3972,Delivered,2026-02-16
3973,3973,Delivered,2026-03-01
3974,3974,Delivered,2025-10-21
3975,3975,In Transit,NULL
3976,3976,Delivered,2025-03-10
3977,3977,Delivered,2025-12-22
3978,3978,In Transit,NULL
3979,3979,Delivered,2023-04-09
3980,3980,Delivered,2024-03-26
3981,3981,In Transit,NULL
3982,3982,Delivered,2023-04-13
3983,3983,Delivered,2025-09-16
3984,3984,Delivered,2026-05-10
3985,3985,Delivered,2025-09-25
3986,3986,In Transit,NULL
3987,3987,In Transit,NULL
3988,3988,Lost,NULL
3989,3989,Delivered,2025-01-24
3990,3990,Delivered,2024-09-20
3991,3991,Delayed,NULL
3992,3992,Delivered,2025-07-26
3993,3993,Delivered,2023-03-03
3994,3994,Delayed,NULL
3995,3995,Delivered,2025-10-09
3996,3996,Delivered,2026-07-06
3997,3997,Delivered,2025-03-16
3998,3998,In Transit,NULL
3999,3999,In Transit,NULL
4000,4000,Delayed,NULL
4001,4001,Delivered,2025-09-29
4002,4002,In Transit,NULL
4003,4003,Delivered,2023-06-28
4004,4004,Delivered,2025-03-02
4005,4005,Returned,NULL
4006,4006,Delivered,2026-06-22
4007,4007,Delayed,NULL
4008,4008,Delayed,NULL
4009,4009,Delivered,2026-08-14
4010,4010,In Transit,NULL
4011,4011,Delayed,NULL
4012,4012,Delivered,2023-04-24
4013,4013,In Transit,NULL
4014,4014,In Transit,NULL
4015,4015,Delayed,NULL
4016,4016,Delivered,2026-07-10
4017,4017,Delivered,2024-08-28
4018,4018,Returned,NULL
4019,4019,In Transit,NULL
4020,4020,Delivered,2026-05-07
4021,4021,Delivered,2026-07-22
4022,4022,Delivered,2025-03-27
4023,4023,Delayed,NULL
4024,4024,Delivered,2024-06-08
4025,4025,Delivered,2024-11-27
4026,4026,Delivered,2026-01-31
4027,4027,Delivered,2024-03-03
4028,4028,In Transit,NULL
4029,4029,Delayed,NULL
4030,4030,Delivered,2024-01-09
4031,4031,Returned,NULL
4032,4032,Delivered,2023-08-20
4033,4033,Delayed,NULL
4034,4034,Delivered,2026-01-27
4035,4035,Delivered,2025-06-26
4036,4036,In Transit,NULL
4037,4037,Delayed,NULL
4038,4038,Delivered,2024-04-13
4039,4039,In Transit,NULL
4040,4040,In Transit,NULL
4041,4041,Delivered,2024-09-21
4042,4042,Delivered,2025-09-14
4043,4043,Delivered,2026-04-26
4044,4044,Delivered,2024-02-01
4045,4045,In Transit,NULL
4046,4046,Delivered,2023-05-18
4047,4047,Delivered,2023-09-12
4048,4048,In Transit,NULL
4049,4049,Delivered,2023-07-16
4050,4050,Lost,NULL
4051,4051,Delivered,2026-03-07
4052,4052,Returned,NULL
4053,4053,Delayed,NULL
4054,4054,In Transit,NULL
4055,4055,Delivered,2025-09-15
4056,4056,Delivered,2023-02-13
4057,4057,Returned,NULL
4058,4058,Delivered,2026-06-18
4059,4059,Lost,NULL
4060,4060,Delayed,NULL
4061,4061,Delivered,2024-11-05
4062,4062,Delayed,NULL
4063,4063,Delivered,2025-12-01
4064,4064,Returned,NULL
4065,4065,Delayed,NULL
4066,4066,Delivered,2024-02-10
4067,4067,Delivered,2023-11-26
4068,4068,Delivered,2023-02-27
4069,4069,Delivered,2023-10-04
4070,4070,Returned,NULL
4071,4071,Delayed,NULL
4072,4072,Delivered,2026-05-03
4073,4073,Delivered,2025-01-16
4074,4074,Delivered,2023-12-27
4075,4075,Delayed,NULL
4076,4076,In Transit,NULL
4077,4077,In Transit,NULL
4078,4078,Delivered,2023-05-21
4079,4079,Delivered,2023-05-22
4080,4080,In Transit,NULL
4081,4081,Returned,NULL
4082,4082,Delivered,2023-10-19
4083,4083,Delivered,2026-02-10
4084,4084,Delivered,2024-09-30
4085,4085,Delivered,2023-05-03
4086,4086,Delivered,2025-07-25
4087,4087,Delivered,2024-03-15
4088,4088,Returned,NULL
4089,4089,Delivered,2026-02-27
4090,4090,Delivered,2023-03-20
4091,4091,Delivered,2024-03-10
4092,4092,Delivered,2024-12-11
4093,4093,Delivered,2026-04-25
4094,4094,Delivered,2025-10-07
4095,4095,In Transit,NULL
4096,4096,Delivered,2026-07-31
4097,4097,Delivered,2025-11-07
4098,4098,Delayed,NULL
4099,4099,Delivered,2025-06-02
4100,4100,Delivered,2026-07-06
4101,4101,Delivered,2025-08-23
4102,4102,In Transit,NULL
4103,4103,Delivered,2026-06-19
4104,4104,Delivered,2024-09-27
4105,4105,Delayed,NULL
4106,4106,Delivered,2024-02-07
4107,4107,Delivered,2025-12-03
4108,4108,Delivered,2024-01-17
4109,4109,Delivered,2025-02-24
4110,4110,Delayed,NULL
4111,4111,Delivered,2025-09-15
4112,4112,Delivered,2023-07-10
4113,4113,Delivered,2025-09-27
4114,4114,Delivered,2024-11-26
4115,4115,Delivered,2024-11-14
4116,4116,In Transit,NULL
4117,4117,Delayed,NULL
4118,4118,In Transit,NULL
4119,4119,In Transit,NULL
4120,4120,Delivered,2025-10-30
4121,4121,In Transit,NULL
4122,4122,In Transit,NULL
4123,4123,Delivered,2023-04-23
4124,4124,Delivered,2025-11-17
4125,4125,Delivered,2024-04-26
4126,4126,Delivered,2023-09-29
4127,4127,Delivered,2024-07-24
4128,4128,Delivered,2025-11-07
4129,4129,In Transit,NULL
4130,4130,In Transit,NULL
4131,4131,Delayed,NULL
4132,4132,Delivered,2023-02-06
4133,4133,Delivered,2024-08-30
4134,4134,Delivered,2024-07-17
4135,4135,Delivered,2025-03-12
4136,4136,Delivered,2024-11-12
4137,4137,Delivered,2024-05-10
4138,4138,Delivered,2024-05-18
4139,4139,Delivered,2024-07-22
4140,4140,Delivered,2023-05-25
4141,4141,Delivered,2025-08-31
4142,4142,In Transit,NULL
4143,4143,In Transit,NULL
4144,4144,Delayed,NULL
4145,4145,Delivered,2024-07-12
4146,4146,In Transit,NULL
4147,4147,In Transit,NULL
4148,4148,Delayed,NULL
4149,4149,In Transit,NULL
4150,4150,In Transit,NULL
4151,4151,Delivered,2025-07-22
4152,4152,Delivered,2026-06-27
4153,4153,In Transit,NULL
4154,4154,Delivered,2023-09-03
4155,4155,In Transit,NULL
4156,4156,Delivered,2023-02-07
4157,4157,In Transit,NULL
4158,4158,Delayed,NULL
4159,4159,Delivered,2026-04-15
4160,4160,Delivered,2025-03-21
4161,4161,Delayed,NULL
4162,4162,In Transit,NULL
4163,4163,Delivered,2025-08-28
4164,4164,In Transit,NULL
4165,4165,Delivered,2024-07-17
4166,4166,Delivered,2024-07-24
4167,4167,Delivered,2024-01-04
4168,4168,Delayed,NULL
4169,4169,Delivered,2026-04-20
4170,4170,Delivered,2024-11-13
4171,4171,In Transit,NULL
4172,4172,Delivered,2026-06-04
4173,4173,Delayed,NULL
4174,4174,Delayed,NULL
4175,4175,In Transit,NULL
4176,4176,Delivered,2026-04-12
4177,4177,Delivered,2024-09-21
4178,4178,Returned,NULL
4179,4179,Delivered,2025-06-22
4180,4180,In Transit,NULL
4181,4181,Delivered,2024-05-17
4182,4182,In Transit,NULL
4183,4183,Delayed,NULL
4184,4184,Delivered,2023-05-03
4185,4185,Delivered,2025-01-23
4186,4186,In Transit,NULL
4187,4187,Delayed,NULL
4188,4188,Delayed,NULL
4189,4189,Delivered,2025-05-21
4190,4190,In Transit,NULL
4191,4191,Delivered,2026-07-03
4192,4192,Delivered,2024-06-08
4193,4193,In Transit,NULL
4194,4194,Delivered,2023-07-27
4195,4195,Delivered,2023-02-28
4196,4196,Delivered,2024-03-07
4197,4197,Delivered,2023-09-04
4198,4198,Delivered,2023-03-01
4199,4199,Delayed,NULL
4200,4200,Delivered,2023-06-13
4201,4201,Returned,NULL
4202,4202,Delivered,2025-01-31
4203,4203,In Transit,NULL
4204,4204,In Transit,NULL
4205,4205,In Transit,NULL
4206,4206,Returned,NULL
4207,4207,Delivered,2026-07-15
4208,4208,In Transit,NULL
4209,4209,Delivered,2024-12-23
4210,4210,Delayed,NULL
4211,4211,Delayed,NULL
4212,4212,Delivered,2024-10-08
4213,4213,Delivered,2025-02-25
4214,4214,In Transit,NULL
4215,4215,Delivered,2024-01-08
4216,4216,Delivered,2026-02-25
4217,4217,Delivered,2026-06-10
4218,4218,Delivered,2025-02-23
4219,4219,Delivered,2023-08-21
4220,4220,Delivered,2025-03-31
4221,4221,Delivered,2023-07-18
4222,4222,Delivered,2025-02-26
4223,4223,Delayed,NULL
4224,4224,Delayed,NULL
4225,4225,Delivered,2026-07-14
4226,4226,Delivered,2023-10-23
4227,4227,Delayed,NULL
4228,4228,Delivered,2024-10-29
4229,4229,In Transit,NULL
4230,4230,Delayed,NULL
4231,4231,Delivered,2023-12-02
4232,4232,Delayed,NULL
4233,4233,Delivered,2024-01-13
4234,4234,Delayed,NULL
4235,4235,Returned,NULL
4236,4236,Delivered,2023-09-16
4237,4237,Delivered,2023-10-26
4238,4238,Delivered,2024-05-19
4239,4239,In Transit,NULL
4240,4240,Delivered,2025-09-28
4241,4241,Delayed,NULL
4242,4242,In Transit,NULL
4243,4243,Delivered,2024-05-06
4244,4244,Delivered,2026-04-22
4245,4245,Delivered,2024-10-13
4246,4246,Delivered,2025-10-09
4247,4247,Delivered,2026-04-24
4248,4248,Delivered,2023-08-08
4249,4249,Delivered,2026-03-31
4250,4250,In Transit,NULL
4251,4251,Delivered,2025-08-12
4252,4252,In Transit,NULL
4253,4253,In Transit,NULL
4254,4254,Delivered,2023-04-01
4255,4255,Delivered,2023-07-21
4256,4256,Delivered,2024-10-21
4257,4257,Delivered,2024-12-08
4258,4258,In Transit,NULL
4259,4259,In Transit,NULL
4260,4260,Delivered,2024-01-09
4261,4261,Delayed,NULL
4262,4262,Delivered,2024-06-24
4263,4263,In Transit,NULL
4264,4264,In Transit,NULL
4265,4265,Delayed,NULL
4266,4266,In Transit,NULL
4267,4267,Delivered,2024-09-04
4268,4268,Returned,NULL
4269,4269,Delivered,2025-11-30
4270,4270,In Transit,NULL
4271,4271,Delivered,2025-08-15
4272,4272,Delivered,2025-08-15
4273,4273,Delivered,2025-04-21
4274,4274,Delivered,2023-07-03
4275,4275,Delivered,2026-06-02
4276,4276,In Transit,NULL
4277,4277,In Transit,NULL
4278,4278,Returned,NULL
4279,4279,Delivered,2025-12-02
4280,4280,In Transit,NULL
4281,4281,Delivered,2023-04-06
4282,4282,In Transit,NULL
4283,4283,Delivered,2023-03-02
4284,4284,In Transit,NULL
4285,4285,In Transit,NULL
4286,4286,In Transit,NULL
4287,4287,Delivered,2026-03-07
4288,4288,Delivered,2023-04-26
4289,4289,Delivered,2026-07-16
4290,4290,Delivered,2026-07-14
4291,4291,Delayed,NULL
4292,4292,In Transit,NULL
4293,4293,In Transit,NULL
4294,4294,In Transit,NULL
4295,4295,Delivered,2026-04-09
4296,4296,In Transit,NULL
4297,4297,Delivered,2023-06-01
4298,4298,Delivered,2024-11-29
4299,4299,Delayed,NULL
4300,4300,Delivered,2023-02-12
4301,4301,Delivered,2025-03-09
4302,4302,In Transit,NULL
4303,4303,In Transit,NULL
4304,4304,Delivered,2024-05-10
4305,4305,Delivered,2023-09-12
4306,4306,Returned,NULL
4307,4307,Delivered,2025-07-11
4308,4308,Delivered,2025-10-22
4309,4309,Delivered,2026-02-15
4310,4310,Delivered,2023-05-20
4311,4311,Delivered,2026-02-28
4312,4312,In Transit,NULL
4313,4313,In Transit,NULL
4314,4314,In Transit,NULL
4315,4315,Delivered,2026-06-01
4316,4316,In Transit,NULL
4317,4317,Delayed,NULL
4318,4318,Delivered,2025-02-01
4319,4319,Delayed,NULL
4320,4320,Delayed,NULL
4321,4321,Delivered,2026-04-29
4322,4322,Delayed,NULL
4323,4323,Delivered,2025-02-02
4324,4324,In Transit,NULL
4325,4325,Delayed,NULL
4326,4326,In Transit,NULL
4327,4327,Delivered,2024-04-17
4328,4328,Returned,NULL
4329,4329,Delayed,NULL
4330,4330,Delivered,2026-07-27
4331,4331,Delayed,NULL
4332,4332,Delivered,2025-02-21
4333,4333,In Transit,NULL
4334,4334,Delivered,2026-02-08
4335,4335,Delivered,2024-10-24
4336,4336,Delivered,2025-02-15
4337,4337,Delivered,2024-12-28
4338,4338,Delayed,NULL
4339,4339,Delivered,2025-10-08
4340,4340,Delivered,2023-05-22
4341,4341,In Transit,NULL
4342,4342,Delivered,2025-03-17
4343,4343,In Transit,NULL
4344,4344,In Transit,NULL
4345,4345,Delivered,2023-11-27
4346,4346,In Transit,NULL
4347,4347,Delivered,2023-12-11
4348,4348,Delivered,2025-07-22
4349,4349,In Transit,NULL
4350,4350,Delivered,2023-09-21
4351,4351,Delivered,2023-08-14
4352,4352,In Transit,NULL
4353,4353,Delivered,2025-08-29
4354,4354,Delivered,2026-08-07
4355,4355,Delivered,2026-04-25
4356,4356,Delivered,2025-10-02
4357,4357,Delivered,2024-02-05
4358,4358,In Transit,NULL
4359,4359,In Transit,NULL
4360,4360,In Transit,NULL
4361,4361,In Transit,NULL
4362,4362,Returned,NULL
4363,4363,Delayed,NULL
4364,4364,Delivered,2025-03-29
4365,4365,Delayed,NULL
4366,4366,Delivered,2025-08-11
4367,4367,Delivered,2024-05-29
4368,4368,Delivered,2023-09-02
4369,4369,Delivered,2023-07-17
4370,4370,Delayed,NULL
4371,4371,Delivered,2026-04-09
4372,4372,Delayed,NULL
4373,4373,Delivered,2026-05-29
4374,4374,Delivered,2026-06-15
4375,4375,In Transit,NULL
4376,4376,In Transit,NULL
4377,4377,Delivered,2024-04-10
4378,4378,Delivered,2025-05-29
4379,4379,Delivered,2025-08-03
4380,4380,Delivered,2025-02-28
4381,4381,Delayed,NULL
4382,4382,In Transit,NULL
4383,4383,In Transit,NULL
4384,4384,In Transit,NULL
4385,4385,Delivered,2023-08-15
4386,4386,Delivered,2026-01-21
4387,4387,Delivered,2023-09-11
4388,4388,Delivered,2024-02-28
4389,4389,Delivered,2025-01-20
4390,4390,Delivered,2026-05-16
4391,4391,Delivered,2026-03-20
4392,4392,Delivered,2026-02-16
4393,4393,Delivered,2023-12-09
4394,4394,Returned,NULL
4395,4395,Delayed,NULL
4396,4396,Delayed,NULL
4397,4397,Delivered,2025-12-01
4398,4398,Returned,NULL
4399,4399,In Transit,NULL
4400,4400,Delivered,2025-02-25
4401,4401,Delivered,2025-08-19
4402,4402,Delayed,NULL
4403,4403,In Transit,NULL
4404,4404,Delivered,2025-08-06
4405,4405,Delayed,NULL
4406,4406,Delivered,2023-05-08
4407,4407,Delayed,NULL
4408,4408,Delayed,NULL
4409,4409,In Transit,NULL
4410,4410,Delivered,2025-03-25
4411,4411,Returned,NULL
4412,4412,Delivered,2026-04-09
4413,4413,Delayed,NULL
4414,4414,In Transit,NULL
4415,4415,In Transit,NULL
4416,4416,Delivered,2024-03-21
4417,4417,Delivered,2025-05-14
4418,4418,Delivered,2026-04-03
4419,4419,Delivered,2024-05-02
4420,4420,Lost,NULL
4421,4421,Delivered,2024-01-24
4422,4422,Delivered,2026-06-10
4423,4423,Delivered,2026-07-24
4424,4424,Delayed,NULL
4425,4425,Delivered,2023-06-26
4426,4426,Delayed,NULL
4427,4427,Delivered,2023-02-24
4428,4428,In Transit,NULL
4429,4429,Delivered,2023-12-10
4430,4430,Delivered,2025-08-16
4431,4431,Delivered,2025-07-18
4432,4432,In Transit,NULL
4433,4433,In Transit,NULL
4434,4434,Delivered,2023-12-27
4435,4435,Delayed,NULL
4436,4436,Delivered,2023-05-02
4437,4437,Delivered,2023-06-15
4438,4438,Delivered,2025-02-18
4439,4439,Returned,NULL
4440,4440,Delivered,2024-04-25
4441,4441,Delivered,2026-04-28
4442,4442,Lost,NULL
4443,4443,Delivered,2026-01-08
4444,4444,Delivered,2024-10-09
4445,4445,Delayed,NULL
4446,4446,In Transit,NULL
4447,4447,Delivered,2025-07-29
4448,4448,Delayed,NULL
4449,4449,In Transit,NULL
4450,4450,Delivered,2024-10-10
4451,4451,Delayed,NULL
4452,4452,Delivered,2023-03-04
4453,4453,Delayed,NULL
4454,4454,Delayed,NULL
4455,4455,Delivered,2026-01-05
4456,4456,Delivered,2025-07-02
4457,4457,In Transit,NULL
4458,4458,Delayed,NULL
4459,4459,Delivered,2025-07-30
4460,4460,Returned,NULL
4461,4461,In Transit,NULL
4462,4462,Delivered,2024-12-11
4463,4463,Delivered,2025-03-09
4464,4464,Delivered,2024-12-14
4465,4465,Delivered,2025-10-23
4466,4466,In Transit,NULL
4467,4467,Delivered,2023-07-07
4468,4468,In Transit,NULL
4469,4469,In Transit,NULL
4470,4470,Delayed,NULL
4471,4471,In Transit,NULL
4472,4472,Delivered,2025-08-26
4473,4473,Delivered,2026-05-07
4474,4474,Delivered,2025-07-12
4475,4475,Delayed,NULL
4476,4476,Delivered,2025-03-22
4477,4477,Delayed,NULL
4478,4478,In Transit,NULL
4479,4479,In Transit,NULL
4480,4480,Delivered,2023-09-26
4481,4481,Delivered,2025-04-17
4482,4482,Delivered,2025-03-28
4483,4483,In Transit,NULL
4484,4484,In Transit,NULL
4485,4485,Returned,NULL
4486,4486,Delivered,2025-11-01
4487,4487,Delivered,2025-12-18
4488,4488,Delivered,2023-12-26
4489,4489,In Transit,NULL
4490,4490,Delivered,2024-02-14
4491,4491,In Transit,NULL
4492,4492,Delivered,2023-08-12
4493,4493,Delayed,NULL
4494,4494,Delayed,NULL
4495,4495,Delivered,2024-11-14
4496,4496,In Transit,NULL
4497,4497,Delivered,2024-05-27
4498,4498,Delivered,2026-03-19
4499,4499,Delivered,2026-01-15
4500,4500,Delayed,NULL
4501,4501,In Transit,NULL
4502,4502,Delivered,2024-09-07
4503,4503,Delivered,2024-03-06
4504,4504,Delivered,2023-11-11
4505,4505,Delivered,2023-12-31
4506,4506,Delivered,2026-06-07
4507,4507,Delayed,NULL
4508,4508,In Transit,NULL
4509,4509,Delivered,2026-07-05
4510,4510,Delivered,2026-04-29
4511,4511,Delivered,2023-12-02
4512,4512,Delayed,NULL
4513,4513,Returned,NULL
4514,4514,Delivered,2024-04-09
4515,4515,Lost,NULL
4516,4516,Delayed,NULL
4517,4517,In Transit,NULL
4518,4518,Delivered,2025-10-09
4519,4519,In Transit,NULL
4520,4520,Delivered,2023-10-19
4521,4521,In Transit,NULL
4522,4522,In Transit,NULL
4523,4523,Delivered,2026-04-23
4524,4524,Delivered,2026-07-17
4525,4525,In Transit,NULL
4526,4526,Delivered,2024-01-28
4527,4527,In Transit,NULL
4528,4528,In Transit,NULL
4529,4529,Returned,NULL
4530,4530,Delivered,2025-02-01
4531,4531,Delayed,NULL
4532,4532,Delivered,2024-01-12
4533,4533,Delivered,2024-02-18
4534,4534,Delivered,2025-10-18
4535,4535,Delivered,2024-03-21
4536,4536,Delivered,2023-04-25
4537,4537,Delivered,2023-08-17
4538,4538,In Transit,NULL
4539,4539,Delivered,2025-01-08
4540,4540,In Transit,NULL
4541,4541,Delivered,2025-04-27
4542,4542,Delivered,2023-08-24
4543,4543,Delayed,NULL
4544,4544,Delivered,2025-07-13
4545,4545,Delivered,2025-02-17
4546,4546,Returned,NULL
4547,4547,Delivered,2025-03-02
4548,4548,In Transit,NULL
4549,4549,In Transit,NULL
4550,4550,Delivered,2025-07-10
4551,4551,In Transit,NULL
4552,4552,Delivered,2023-08-21
4553,4553,Delivered,2025-03-18
4554,4554,Delayed,NULL
4555,4555,Delivered,2023-04-26
4556,4556,In Transit,NULL
4557,4557,Delivered,2026-07-08
4558,4558,Delivered,2023-06-10
4559,4559,Delivered,2026-08-19
4560,4560,Delivered,2023-12-10
4561,4561,Delivered,2023-11-10
4562,4562,Delayed,NULL
4563,4563,In Transit,NULL
4564,4564,Delivered,2024-04-23
4565,4565,Delivered,2023-08-22
4566,4566,Delivered,2026-01-27
4567,4567,Delivered,2023-07-07
4568,4568,Delivered,2023-11-19
4569,4569,Delivered,2025-08-03
4570,4570,Delivered,2024-12-23
4571,4571,In Transit,NULL
4572,4572,In Transit,NULL
4573,4573,Delivered,2023-09-19
4574,4574,Delivered,2024-10-02
4575,4575,Delayed,NULL
4576,4576,Delivered,2024-03-17
4577,4577,Delivered,2024-04-07
4578,4578,Delivered,2024-04-05
4579,4579,Delivered,2024-07-26
4580,4580,Delivered,2026-07-04
4581,4581,Delayed,NULL
4582,4582,Delivered,2025-11-17
4583,4583,In Transit,NULL
4584,4584,Delivered,2024-11-05
4585,4585,Delivered,2026-05-23
4586,4586,Delivered,2024-07-13
4587,4587,Delivered,2023-11-08
4588,4588,Delivered,2023-06-02
4589,4589,Delivered,2024-12-12
4590,4590,In Transit,NULL
4591,4591,Delivered,2023-05-10
4592,4592,Delivered,2025-01-17
4593,4593,Delivered,2023-04-04
4594,4594,Delivered,2023-03-06
4595,4595,Delayed,NULL
4596,4596,Delivered,2024-05-25
4597,4597,Delivered,2025-10-04
4598,4598,Delayed,NULL
4599,4599,Delivered,2026-05-15
4600,4600,In Transit,NULL
4601,4601,In Transit,NULL
4602,4602,Delivered,2025-09-01
4603,4603,Delayed,NULL
4604,4604,Delivered,2026-04-30
4605,4605,Delivered,2024-01-27
4606,4606,In Transit,NULL
4607,4607,Delivered,2026-01-20
4608,4608,Delivered,2024-05-25
4609,4609,Lost,NULL
4610,4610,Delivered,2024-10-25
4611,4611,Delivered,2024-08-30
4612,4612,In Transit,NULL
4613,4613,Delivered,2024-05-08
4614,4614,Delivered,2023-12-06
4615,4615,In Transit,NULL
4616,4616,Delayed,NULL
4617,4617,Delivered,2023-12-16
4618,4618,Delivered,2023-06-23
4619,4619,Delivered,2026-05-12
4620,4620,Delivered,2025-12-06
4621,4621,Delayed,NULL
4622,4622,Delayed,NULL
4623,4623,In Transit,NULL
4624,4624,Delivered,2024-11-30
4625,4625,Delivered,2026-04-06
4626,4626,Delivered,2023-10-12
4627,4627,Delivered,2024-02-19
4628,4628,Delivered,2023-10-16
4629,4629,Delivered,2026-03-24
4630,4630,Lost,NULL
4631,4631,In Transit,NULL
4632,4632,Delayed,NULL
4633,4633,Delivered,2025-08-15
4634,4634,Delivered,2023-03-19
4635,4635,Delayed,NULL
4636,4636,Delivered,2024-07-17
4637,4637,In Transit,NULL
4638,4638,Delivered,2023-09-29
4639,4639,In Transit,NULL
4640,4640,Delivered,2024-01-27
4641,4641,Delayed,NULL
4642,4642,Delivered,2023-04-15
4643,4643,Delivered,2023-02-08
4644,4644,Delayed,NULL
4645,4645,Delivered,2023-10-20
4646,4646,Delivered,2026-02-05
4647,4647,Delivered,2024-05-30
4648,4648,In Transit,NULL
4649,4649,Delayed,NULL
4650,4650,Delivered,2024-10-17
4651,4651,Delivered,2026-06-06
4652,4652,Delayed,NULL
4653,4653,Delivered,2025-02-17
4654,4654,In Transit,NULL
4655,4655,Delivered,2024-07-25
4656,4656,Delayed,NULL
4657,4657,Delivered,2025-08-09
4658,4658,In Transit,NULL
4659,4659,Delivered,2025-10-08
4660,4660,Delivered,2024-11-05
4661,4661,In Transit,NULL
4662,4662,Lost,NULL
4663,4663,Delivered,2025-04-09
4664,4664,Delivered,2026-06-20
4665,4665,Delivered,2025-11-30
4666,4666,Delivered,2026-08-05
4667,4667,Delivered,2024-06-04
4668,4668,In Transit,NULL
4669,4669,Delivered,2023-07-25
4670,4670,Delivered,2024-09-26
4671,4671,Delivered,2026-03-03
4672,4672,In Transit,NULL
4673,4673,Delivered,2026-01-18
4674,4674,Delivered,2024-09-15
4675,4675,Delivered,2024-07-17
4676,4676,Delivered,2023-11-07
4677,4677,Delivered,2023-02-28
4678,4678,Delayed,NULL
4679,4679,Delivered,2023-11-01
4680,4680,In Transit,NULL
4681,4681,Delayed,NULL
4682,4682,Delivered,2024-04-17
4683,4683,Delivered,2024-11-29
4684,4684,Delivered,2025-08-25
4685,4685,Delivered,2025-05-02
4686,4686,Delivered,2025-05-09
4687,4687,Delivered,2026-02-13
4688,4688,In Transit,NULL
4689,4689,Delivered,2026-02-06
4690,4690,Delivered,2025-05-14
4691,4691,Delivered,2023-11-24
4692,4692,In Transit,NULL
4693,4693,In Transit,NULL
4694,4694,Delivered,2023-03-06
4695,4695,Delivered,2023-06-24
4696,4696,In Transit,NULL
4697,4697,Delivered,2023-06-05
4698,4698,Delivered,2025-06-01
4699,4699,In Transit,NULL
4700,4700,Delivered,2023-10-10
4701,4701,Delivered,2026-02-17
4702,4702,Delayed,NULL
4703,4703,Delivered,2024-04-20
4704,4704,In Transit,NULL
4705,4705,Delivered,2026-03-01
4706,4706,Delivered,2023-12-01
4707,4707,Delivered,2023-12-24
4708,4708,Delivered,2024-09-17
4709,4709,Delivered,2024-03-15
4710,4710,Delivered,2023-04-16
4711,4711,Delivered,2025-06-27
4712,4712,In Transit,NULL
4713,4713,Lost,NULL
4714,4714,Delivered,2025-11-30
4715,4715,In Transit,NULL
4716,4716,In Transit,NULL
4717,4717,Delivered,2024-03-20
4718,4718,Delayed,NULL
4719,4719,Delivered,2023-03-11
4720,4720,Delivered,2024-11-28
4721,4721,Delivered,2023-05-26
4722,4722,Delayed,NULL
4723,4723,Delivered,2023-06-23
4724,4724,Delivered,2023-04-03
4725,4725,Delayed,NULL
4726,4726,Delivered,2025-07-03
4727,4727,Delivered,2023-10-25
4728,4728,Delivered,2023-05-24
4729,4729,Delivered,2023-03-16
4730,4730,Delayed,NULL
4731,4731,In Transit,NULL
4732,4732,Delivered,2025-05-16
4733,4733,Delivered,2024-06-21
4734,4734,Delivered,2025-11-07
4735,4735,Delayed,NULL
4736,4736,Delivered,2024-08-03
4737,4737,In Transit,NULL
4738,4738,Returned,NULL
4739,4739,Delivered,2026-02-18
4740,4740,Delivered,2025-07-29
4741,4741,Delivered,2025-12-26
4742,4742,Delivered,2026-05-04
4743,4743,Delivered,2025-10-03
4744,4744,Lost,NULL
4745,4745,Delayed,NULL
4746,4746,Lost,NULL
4747,4747,Delivered,2025-05-06
4748,4748,Delivered,2024-04-14
4749,4749,Delivered,2024-11-15
4750,4750,In Transit,NULL
4751,4751,Delayed,NULL
4752,4752,Delivered,2025-11-09
4753,4753,In Transit,NULL
4754,4754,Delivered,2024-09-20
4755,4755,In Transit,NULL
4756,4756,Delivered,2023-03-10
4757,4757,Delivered,2026-01-15
4758,4758,Delivered,2026-02-08
4759,4759,In Transit,NULL
4760,4760,Delayed,NULL
4761,4761,Delivered,2024-09-08
4762,4762,Delivered,2026-06-26
4763,4763,Delivered,2026-02-04
4764,4764,Delivered,2025-08-08
4765,4765,Delivered,2026-04-24
4766,4766,Delayed,NULL
4767,4767,Delivered,2023-02-26
4768,4768,Delivered,2023-11-05
4769,4769,Delivered,2024-09-11
4770,4770,In Transit,NULL
4771,4771,In Transit,NULL
4772,4772,Delivered,2024-01-28
4773,4773,In Transit,NULL
4774,4774,Returned,NULL
4775,4775,Delivered,2023-08-14
4776,4776,Delivered,2025-10-22
4777,4777,In Transit,NULL
4778,4778,Delivered,2025-01-12
4779,4779,Delivered,2023-07-02
4780,4780,Delayed,NULL
4781,4781,Delivered,2024-08-07
4782,4782,In Transit,NULL
4783,4783,Delivered,2025-12-22
4784,4784,In Transit,NULL
4785,4785,Delivered,2023-11-05
4786,4786,Delivered,2024-10-23
4787,4787,Delivered,2026-01-20
4788,4788,Delayed,NULL
4789,4789,Delivered,2025-04-04
4790,4790,Delivered,2025-03-11
4791,4791,In Transit,NULL
4792,4792,Delivered,2025-05-09
4793,4793,Delivered,2023-07-11
4794,4794,Delivered,2026-04-28
4795,4795,Delivered,2023-05-06
4796,4796,In Transit,NULL
4797,4797,Delivered,2025-03-12
4798,4798,Delayed,NULL
4799,4799,Returned,NULL
4800,4800,Lost,NULL
4801,4801,Lost,NULL
4802,4802,Delivered,2026-03-09
4803,4803,Delivered,2023-12-31
4804,4804,Delivered,2025-08-25
4805,4805,Delivered,2023-07-05
4806,4806,In Transit,NULL
4807,4807,Delivered,2024-09-07
4808,4808,Delayed,NULL
4809,4809,In Transit,NULL
4810,4810,Delivered,2026-06-11
4811,4811,Delivered,2025-01-19
4812,4812,Delivered,2026-04-23
4813,4813,Delayed,NULL
4814,4814,Delivered,2023-03-20
4815,4815,Delivered,2026-07-11
4816,4816,Delivered,2025-06-20
4817,4817,Delivered,2023-06-05
4818,4818,Delayed,NULL
4819,4819,Delivered,2024-08-25
4820,4820,In Transit,NULL
4821,4821,Delivered,2023-09-24
4822,4822,Delivered,2025-07-05
4823,4823,Delivered,2026-02-24
4824,4824,In Transit,NULL
4825,4825,Delivered,2023-09-10
4826,4826,Delivered,2024-07-19
4827,4827,In Transit,NULL
4828,4828,Delivered,2024-05-26
4829,4829,In Transit,NULL
4830,4830,Delayed,NULL
4831,4831,In Transit,NULL
4832,4832,Delivered,2026-04-27
4833,4833,Delivered,2024-04-03
4834,4834,Delivered,2023-05-02
4835,4835,Delivered,2024-11-10
4836,4836,Delivered,2026-02-15
4837,4837,Delivered,2025-05-15
4838,4838,In Transit,NULL
4839,4839,Delayed,NULL
4840,4840,Delivered,2023-04-11
4841,4841,In Transit,NULL
4842,4842,Delayed,NULL
4843,4843,In Transit,NULL
4844,4844,In Transit,NULL
4845,4845,In Transit,NULL
4846,4846,Delivered,2026-04-21
4847,4847,Delayed,NULL
4848,4848,Delivered,2023-12-13
4849,4849,Delivered,2024-04-27
4850,4850,Delivered,2025-11-02
4851,4851,Delivered,2025-06-29
4852,4852,Delivered,2023-01-11
4853,4853,Delivered,2025-09-08
4854,4854,Delivered,2023-12-22
4855,4855,Returned,NULL
4856,4856,In Transit,NULL
4857,4857,Delivered,2025-11-14
4858,4858,In Transit,NULL
4859,4859,Delivered,2025-10-02
4860,4860,Delivered,2025-01-03
4861,4861,Delivered,2025-05-13
4862,4862,Delayed,NULL
4863,4863,Delivered,2024-08-20
4864,4864,Delivered,2026-05-23
4865,4865,Delivered,2026-03-09
4866,4866,In Transit,NULL
4867,4867,Delayed,NULL
4868,4868,Delayed,NULL
4869,4869,Delivered,2024-12-28
4870,4870,In Transit,NULL
4871,4871,In Transit,NULL
4872,4872,In Transit,NULL
4873,4873,In Transit,NULL
4874,4874,Delivered,2025-10-03
4875,4875,In Transit,NULL
4876,4876,Delivered,2023-10-16
4877,4877,In Transit,NULL
4878,4878,In Transit,NULL
4879,4879,Delivered,2024-10-06
4880,4880,Delivered,2025-04-22
4881,4881,Delivered,2024-01-04
4882,4882,Delivered,2023-11-08
4883,4883,In Transit,NULL
4884,4884,In Transit,NULL
4885,4885,Delivered,2024-06-22
4886,4886,Delayed,NULL
4887,4887,Delivered,2024-01-10
4888,4888,Delivered,2024-01-22
4889,4889,In Transit,NULL
4890,4890,In Transit,NULL
4891,4891,Delivered,2023-02-07
4892,4892,Delivered,2025-11-03
4893,4893,Delivered,2025-08-15
4894,4894,In Transit,NULL
4895,4895,Delivered,2024-02-26
4896,4896,Delayed,NULL
4897,4897,Delivered,2023-04-16
4898,4898,Delayed,NULL
4899,4899,Delivered,2025-08-20
4900,4900,In Transit,NULL
4901,4901,Delivered,2026-03-18
4902,4902,Delivered,2025-07-04
4903,4903,Delivered,2025-05-07
4904,4904,Delivered,2025-02-18
4905,4905,Delayed,NULL
4906,4906,Delivered,2024-01-10
4907,4907,Returned,NULL
4908,4908,Delivered,2025-03-09
4909,4909,Delivered,2023-09-22
4910,4910,Delivered,2023-06-06
4911,4911,Delivered,2025-08-08
4912,4912,Delivered,2024-02-12
4913,4913,Delivered,2026-05-06
4914,4914,Delayed,NULL
4915,4915,Delayed,NULL
4916,4916,Delayed,NULL
4917,4917,Delivered,2024-03-24
4918,4918,Delivered,2025-05-12
4919,4919,Returned,NULL
4920,4920,Delivered,2025-10-29
4921,4921,Delivered,2024-10-30
4922,4922,Delivered,2025-12-27
4923,4923,Delayed,NULL
4924,4924,Delivered,2025-09-03
4925,4925,Delivered,2024-12-25
4926,4926,Delivered,2025-03-04
4927,4927,In Transit,NULL
4928,4928,In Transit,NULL
4929,4929,Delivered,2024-07-10
4930,4930,Delivered,2026-03-16
4931,4931,Delivered,2024-07-04
4932,4932,Delivered,2023-04-13
4933,4933,Delivered,2026-07-18
4934,4934,Delivered,2025-07-02
4935,4935,In Transit,NULL
4936,4936,Delivered,2024-11-24
4937,4937,Delayed,NULL
4938,4938,Delivered,2024-02-22
4939,4939,Delivered,2024-02-29
4940,4940,Delivered,2025-03-08
4941,4941,Delivered,2024-05-15
4942,4942,Delivered,2023-03-27
4943,4943,In Transit,NULL
4944,4944,Delivered,2024-07-22
4945,4945,Delayed,NULL
4946,4946,Delivered,2024-03-10
4947,4947,Delivered,2026-04-14
4948,4948,In Transit,NULL
4949,4949,In Transit,NULL
4950,4950,In Transit,NULL
4951,4951,Delivered,2025-09-05
4952,4952,Delayed,NULL
4953,4953,Delayed,NULL
4954,4954,Returned,NULL
4955,4955,Delivered,2023-04-24
4956,4956,Delivered,2026-02-15
4957,4957,Delivered,2023-08-21
4958,4958,Delivered,2026-07-21
4959,4959,In Transit,NULL
4960,4960,Delivered,2023-11-15
4961,4961,In Transit,NULL
4962,4962,Delivered,2025-11-14
4963,4963,Delivered,2026-07-14
4964,4964,Delivered,2025-06-11
4965,4965,In Transit,NULL
4966,4966,Delivered,2026-01-11
4967,4967,Delayed,NULL
4968,4968,In Transit,NULL
4969,4969,Delivered,2023-03-01
4970,4970,Delivered,2024-11-08
4971,4971,Delayed,NULL
4972,4972,Delivered,2023-02-14
4973,4973,Delivered,2023-01-28
4974,4974,Delivered,2024-11-17
4975,4975,Delivered,2026-04-06
4976,4976,In Transit,NULL
4977,4977,Delayed,NULL
4978,4978,Delivered,2023-01-24
4979,4979,Delayed,NULL
4980,4980,Delivered,2025-03-09
4981,4981,Delivered,2023-02-02
4982,4982,Delivered,2026-04-06
4983,4983,Lost,NULL
4984,4984,Delivered,2025-09-22
4985,4985,Returned,NULL
4986,4986,Delayed,NULL
4987,4987,Delivered,2024-11-21
4988,4988,In Transit,NULL
4989,4989,Delivered,2023-06-12
4990,4990,Delivered,2025-05-07
4991,4991,Delivered,2025-06-27
4992,4992,Delivered,2026-01-06
4993,4993,Delivered,2023-03-29
4994,4994,Delivered,2025-09-25
4995,4995,Delivered,2025-11-17
4996,4996,Delivered,2026-07-26
4997,4997,Delivered,2023-03-01
4998,4998,In Transit,NULL
4999,4999,Delivered,2025-05-23
5000,5000,Lost,NULL
5001,5001,In Transit,NULL
5002,5002,In Transit,NULL
5003,5003,Delivered,2023-06-27
5004,5004,Delivered,2024-06-17
5005,5005,Delivered,2024-03-28
5006,5006,Delayed,NULL
5007,5007,Delivered,2024-07-19
5008,5008,Delivered,2023-05-26
5009,5009,In Transit,NULL
5010,5010,Delivered,2023-06-07
5011,5011,Delivered,2025-03-29
5012,5012,Delivered,2025-09-04
5013,5013,Delivered,2023-08-10
5014,5014,Delivered,2023-11-01
5015,5015,Delivered,2026-02-20
5016,5016,Delivered,2023-06-07
5017,5017,Delivered,2025-04-22
5018,5018,Delivered,2023-02-07
5019,5019,Delivered,2025-07-03
5020,5020,Delivered,2026-04-15
5021,5021,Delivered,2025-10-20
5022,5022,Delivered,2023-08-04
5023,5023,Delivered,2023-12-25
5024,5024,In Transit,NULL
5025,5025,Delivered,2024-01-17
5026,5026,Delivered,2026-06-28
5027,5027,Delivered,2023-06-02
5028,5028,Delivered,2026-01-07
5029,5029,Delivered,2023-10-29
5030,5030,Delayed,NULL
5031,5031,In Transit,NULL
5032,5032,Delivered,2023-05-03
5033,5033,Delivered,2024-02-14
5034,5034,Delivered,2025-08-24
5035,5035,In Transit,NULL
5036,5036,Delayed,NULL
5037,5037,Delivered,2023-07-26
5038,5038,In Transit,NULL
5039,5039,Delayed,NULL
5040,5040,Delivered,2023-08-15
5041,5041,In Transit,NULL
5042,5042,Delivered,2026-01-19
5043,5043,Delivered,2024-11-29
5044,5044,Delivered,2024-12-02
5045,5045,Delivered,2023-07-05
5046,5046,Delivered,2025-06-17
5047,5047,Delivered,2024-09-20
5048,5048,Lost,NULL
5049,5049,Delivered,2025-11-19
5050,5050,Delivered,2023-10-11
5051,5051,Delayed,NULL
5052,5052,In Transit,NULL
5053,5053,Delayed,NULL
5054,5054,Delivered,2025-04-05
5055,5055,In Transit,NULL
5056,5056,Delivered,2024-01-23
5057,5057,Delivered,2025-06-24
5058,5058,Delivered,2024-04-04
5059,5059,Delivered,2023-03-12
5060,5060,Delivered,2025-08-10
5061,5061,In Transit,NULL
5062,5062,Delivered,2024-04-26
5063,5063,In Transit,NULL
5064,5064,Delivered,2024-10-31
5065,5065,Delivered,2025-08-29
5066,5066,Delayed,NULL
5067,5067,In Transit,NULL
5068,5068,Delivered,2024-05-08
5069,5069,Delivered,2026-07-23
5070,5070,Delivered,2023-06-23
5071,5071,Delivered,2025-11-16
5072,5072,Delivered,2023-12-17
5073,5073,Delivered,2025-01-25
5074,5074,Delivered,2024-08-10
5075,5075,Delivered,2025-04-28
5076,5076,Delayed,NULL
5077,5077,Returned,NULL
5078,5078,Delivered,2024-03-01
5079,5079,Delivered,2026-02-20
5080,5080,In Transit,NULL
5081,5081,Delivered,2025-06-12
5082,5082,Delivered,2024-10-25
5083,5083,Delayed,NULL
5084,5084,Delivered,2023-08-14
5085,5085,Delivered,2023-05-13
5086,5086,Delivered,2024-07-03
5087,5087,Delivered,2025-07-14
5088,5088,Delivered,2026-04-27
5089,5089,Delivered,2025-07-25
5090,5090,Delivered,2026-04-10
5091,5091,Delayed,NULL
5092,5092,In Transit,NULL
5093,5093,In Transit,NULL
5094,5094,Delivered,2025-07-17
5095,5095,Delayed,NULL
5096,5096,Delivered,2024-10-05
5097,5097,In Transit,NULL
5098,5098,Delivered,2026-02-14
5099,5099,Delivered,2025-11-10
5100,5100,Delivered,2024-10-19
5101,5101,Returned,NULL
5102,5102,Delivered,2023-07-14
5103,5103,In Transit,NULL
5104,5104,Lost,NULL
5105,5105,In Transit,NULL
5106,5106,In Transit,NULL
5107,5107,Delayed,NULL
5108,5108,Delivered,2025-10-10
5109,5109,Delivered,2023-03-15
5110,5110,Delivered,2024-10-08
5111,5111,Delayed,NULL
5112,5112,Delivered,2024-03-31
5113,5113,In Transit,NULL
5114,5114,Delivered,2025-05-20
5115,5115,Delivered,2026-01-28
5116,5116,Delivered,2024-09-05
5117,5117,Delivered,2025-07-03
5118,5118,In Transit,NULL
5119,5119,Delivered,2024-09-07
5120,5120,Delivered,2024-02-06
5121,5121,Delivered,2025-09-30
5122,5122,Delivered,2024-08-22
5123,5123,Delivered,2024-03-12
5124,5124,Delayed,NULL
5125,5125,In Transit,NULL
5126,5126,Delivered,2023-04-03
5127,5127,Delivered,2024-03-09
5128,5128,Delayed,NULL
5129,5129,Delivered,2023-11-17
5130,5130,Delivered,2023-03-15
5131,5131,Delivered,2023-04-29
5132,5132,Delayed,NULL
5133,5133,Delivered,2023-12-20
5134,5134,Delivered,2024-04-24
5135,5135,Delivered,2026-04-30
5136,5136,In Transit,NULL
5137,5137,Delayed,NULL
5138,5138,Lost,NULL
5139,5139,Delivered,2025-11-09
5140,5140,Delivered,2026-02-20
5141,5141,Delayed,NULL
5142,5142,Returned,NULL
5143,5143,In Transit,NULL
5144,5144,Delivered,2024-08-24
5145,5145,In Transit,NULL
5146,5146,Delivered,2025-07-07
5147,5147,In Transit,NULL
5148,5148,Delayed,NULL
5149,5149,In Transit,NULL
5150,5150,Delayed,NULL
5151,5151,Delivered,2025-12-26
5152,5152,In Transit,NULL
5153,5153,Delivered,2025-07-10
5154,5154,In Transit,NULL
5155,5155,Delivered,2025-03-23
5156,5156,Returned,NULL
5157,5157,Delivered,2024-09-07
5158,5158,Delivered,2026-06-16
5159,5159,In Transit,NULL
5160,5160,Delivered,2026-02-22
5161,5161,Delayed,NULL
5162,5162,In Transit,NULL
5163,5163,In Transit,NULL
5164,5164,Delivered,2026-08-03
5165,5165,Delivered,2025-04-01
5166,5166,Delivered,2023-07-07
5167,5167,Delivered,2024-05-14
5168,5168,Delayed,NULL
5169,5169,Delivered,2025-07-10
5170,5170,Delivered,2026-07-04
5171,5171,Delayed,NULL
5172,5172,In Transit,NULL
5173,5173,Delivered,2025-01-24
5174,5174,Delayed,NULL
5175,5175,In Transit,NULL
5176,5176,Delivered,2025-11-03
5177,5177,Delivered,2025-04-29
5178,5178,Delivered,2025-05-30
5179,5179,Delivered,2026-06-25
5180,5180,Delivered,2023-12-14
5181,5181,Delivered,2025-07-29
5182,5182,Delivered,2025-10-11
5183,5183,Delivered,2025-05-03
5184,5184,Delayed,NULL
5185,5185,Delivered,2026-01-19
5186,5186,Delivered,2024-01-07
5187,5187,In Transit,NULL
5188,5188,In Transit,NULL
5189,5189,Delivered,2023-05-29
5190,5190,Delivered,2024-10-06
5191,5191,Delivered,2025-03-01
5192,5192,Delivered,2023-02-11
5193,5193,Delayed,NULL
5194,5194,In Transit,NULL
5195,5195,In Transit,NULL
5196,5196,Delivered,2025-11-04
5197,5197,Returned,NULL
5198,5198,In Transit,NULL
5199,5199,Delivered,2023-02-22
5200,5200,Delivered,2026-03-30
5201,5201,Delivered,2025-10-15
5202,5202,In Transit,NULL
5203,5203,Delivered,2024-07-25
5204,5204,Returned,NULL
5205,5205,Delivered,2025-05-26
5206,5206,Delivered,2024-03-25
5207,5207,Delayed,NULL
5208,5208,Delayed,NULL
5209,5209,Delivered,2025-04-12
5210,5210,Delivered,2023-01-12
5211,5211,Delayed,NULL
5212,5212,Delivered,2024-10-28
5213,5213,Delayed,NULL
5214,5214,Delivered,2023-05-08
5215,5215,Delivered,2023-11-04
5216,5216,Delivered,2023-08-30
5217,5217,In Transit,NULL
5218,5218,Delivered,2024-11-30
5219,5219,In Transit,NULL
5220,5220,In Transit,NULL
5221,5221,Delivered,2026-03-12
5222,5222,Delivered,2026-08-01
5223,5223,In Transit,NULL
5224,5224,Delivered,2023-03-12
5225,5225,In Transit,NULL
5226,5226,Delivered,2025-03-09
5227,5227,In Transit,NULL
5228,5228,In Transit,NULL
5229,5229,Returned,NULL
5230,5230,In Transit,NULL
5231,5231,Delivered,2024-04-18
5232,5232,Delivered,2025-12-31
5233,5233,Delayed,NULL
5234,5234,In Transit,NULL
5235,5235,Delivered,2023-07-12
5236,5236,Delivered,2025-03-28
5237,5237,Delivered,2026-01-24
5238,5238,Delivered,2026-07-26
5239,5239,Delayed,NULL
5240,5240,Delayed,NULL
5241,5241,Delivered,2024-09-04
5242,5242,Returned,NULL
5243,5243,Delivered,2023-07-04
5244,5244,Delivered,2025-05-21
5245,5245,Delivered,2025-04-25
5246,5246,Delivered,2025-11-06
5247,5247,In Transit,NULL
5248,5248,In Transit,NULL
5249,5249,In Transit,NULL
5250,5250,In Transit,NULL
5251,5251,Delivered,2024-05-23
5252,5252,Delayed,NULL
5253,5253,Delivered,2026-05-02
5254,5254,Delivered,2024-04-01
5255,5255,Delivered,2023-08-03
5256,5256,Delivered,2025-01-30
5257,5257,In Transit,NULL
5258,5258,In Transit,NULL
5259,5259,Delivered,2024-11-08
5260,5260,Delivered,2024-06-01
5261,5261,Delivered,2024-04-19
5262,5262,Delivered,2025-02-26
5263,5263,Delivered,2024-10-20
5264,5264,Delivered,2023-12-04
5265,5265,Returned,NULL
5266,5266,In Transit,NULL
5267,5267,Lost,NULL
5268,5268,In Transit,NULL
5269,5269,Delivered,2024-04-22
5270,5270,Delivered,2024-08-22
5271,5271,Delivered,2023-06-04
5272,5272,In Transit,NULL
5273,5273,Delivered,2026-04-14
5274,5274,Delivered,2026-02-28
5275,5275,Delayed,NULL
5276,5276,Delivered,2025-11-04
5277,5277,Delivered,2025-01-14
5278,5278,Delivered,2025-02-08
5279,5279,Delivered,2025-01-11
5280,5280,Delivered,2024-07-07
5281,5281,In Transit,NULL
5282,5282,In Transit,NULL
5283,5283,In Transit,NULL
5284,5284,Lost,NULL
5285,5285,Lost,NULL
5286,5286,Delivered,2023-05-17
5287,5287,Returned,NULL
5288,5288,Delivered,2026-06-29
5289,5289,In Transit,NULL
5290,5290,In Transit,NULL
5291,5291,In Transit,NULL
5292,5292,Delivered,2024-09-15
5293,5293,Delivered,2024-01-07
5294,5294,Delivered,2023-10-11
5295,5295,Delivered,2026-01-02
5296,5296,Delivered,2024-07-21
5297,5297,In Transit,NULL
5298,5298,Delivered,2024-05-03
5299,5299,In Transit,NULL
5300,5300,In Transit,NULL
5301,5301,Delivered,2026-03-04
5302,5302,Delivered,2025-09-02
5303,5303,Delivered,2025-03-18
5304,5304,Delivered,2024-01-11
5305,5305,Delivered,2025-03-30
5306,5306,Delivered,2023-08-29
5307,5307,Delivered,2026-05-17
5308,5308,In Transit,NULL
5309,5309,Delivered,2025-01-10
5310,5310,Delivered,2025-05-19
5311,5311,Delivered,2025-01-23
5312,5312,Delayed,NULL
5313,5313,Delivered,2023-08-08
5314,5314,Delivered,2025-09-09
5315,5315,Delivered,2026-07-04
5316,5316,In Transit,NULL
5317,5317,In Transit,NULL
5318,5318,Delivered,2023-07-28
5319,5319,Delivered,2024-04-12
5320,5320,Delivered,2023-03-21
5321,5321,Delivered,2023-10-28
5322,5322,Delivered,2024-08-30
5323,5323,Delivered,2025-11-05
5324,5324,Delivered,2023-02-23
5325,5325,Delivered,2025-12-24
5326,5326,Delivered,2023-03-28
5327,5327,Delivered,2026-07-10
5328,5328,Delivered,2025-01-10
5329,5329,Delivered,2023-09-18
5330,5330,In Transit,NULL
5331,5331,In Transit,NULL
5332,5332,In Transit,NULL
5333,5333,Returned,NULL
5334,5334,Delivered,2023-09-09
5335,5335,In Transit,NULL
5336,5336,Delivered,2023-08-14
5337,5337,Lost,NULL
5338,5338,Delivered,2025-02-12
5339,5339,Delivered,2023-04-23
5340,5340,In Transit,NULL
5341,5341,In Transit,NULL
5342,5342,Delivered,2025-08-23
5343,5343,Returned,NULL
5344,5344,Delivered,2023-11-16
5345,5345,Delayed,NULL
5346,5346,Delivered,2023-10-26
5347,5347,Delivered,2026-06-03
5348,5348,Delivered,2025-10-22
5349,5349,Delivered,2025-01-03
5350,5350,Delayed,NULL
5351,5351,Delivered,2023-11-08
5352,5352,Delivered,2025-03-07
5353,5353,In Transit,NULL
5354,5354,Delivered,2024-04-25
5355,5355,In Transit,NULL
5356,5356,In Transit,NULL
5357,5357,Delayed,NULL
5358,5358,Delivered,2024-09-22
5359,5359,In Transit,NULL
5360,5360,Delivered,2023-08-28
5361,5361,In Transit,NULL
5362,5362,Delivered,2024-03-31
5363,5363,Delivered,2024-05-16
5364,5364,Delivered,2025-11-04
5365,5365,Delayed,NULL
5366,5366,Delayed,NULL
5367,5367,Delivered,2023-04-21
5368,5368,In Transit,NULL
5369,5369,In Transit,NULL
5370,5370,Delayed,NULL
5371,5371,Lost,NULL
5372,5372,Delivered,2025-09-03
5373,5373,Delivered,2025-05-07
5374,5374,Delayed,NULL
5375,5375,Delayed,NULL
5376,5376,Delivered,2025-12-08
5377,5377,In Transit,NULL
5378,5378,Delivered,2026-07-13
5379,5379,Delivered,2025-04-12
5380,5380,Delivered,2023-09-22
5381,5381,Delivered,2024-02-21
5382,5382,Delivered,2025-11-21
5383,5383,In Transit,NULL
5384,5384,Delivered,2024-08-15
5385,5385,Delivered,2023-08-31
5386,5386,Returned,NULL
5387,5387,Delivered,2023-08-16
5388,5388,Delivered,2026-03-04
5389,5389,In Transit,NULL
5390,5390,Delivered,2024-12-16
5391,5391,Delivered,2025-05-06
5392,5392,Returned,NULL
5393,5393,Delivered,2025-07-12
5394,5394,Delayed,NULL
5395,5395,Delivered,2025-05-09
5396,5396,In Transit,NULL
5397,5397,Delivered,2024-04-22
5398,5398,In Transit,NULL
5399,5399,Delivered,2024-01-01
5400,5400,Delivered,2025-07-02
5401,5401,Lost,NULL
5402,5402,Delivered,2024-07-01
5403,5403,Delivered,2024-12-03
5404,5404,Delivered,2023-11-21
5405,5405,In Transit,NULL
5406,5406,Delivered,2024-11-17
5407,5407,Delivered,2026-04-29
5408,5408,In Transit,NULL
5409,5409,Delivered,2025-02-17
5410,5410,Delivered,2023-10-31
5411,5411,In Transit,NULL
5412,5412,Delivered,2026-06-30
5413,5413,In Transit,NULL
5414,5414,Delivered,2025-04-21
5415,5415,Delivered,2023-09-23
5416,5416,Delivered,2024-02-14
5417,5417,Delivered,2025-11-09
5418,5418,Delayed,NULL
5419,5419,Delayed,NULL
5420,5420,Delivered,2024-11-27
5421,5421,In Transit,NULL
5422,5422,In Transit,NULL
5423,5423,Delivered,2023-06-15
5424,5424,In Transit,NULL
5425,5425,Delivered,2025-05-30
5426,5426,In Transit,NULL
5427,5427,Delivered,2025-09-05
5428,5428,Delivered,2024-03-25
5429,5429,Delivered,2025-01-30
5430,5430,Delivered,2024-03-25
5431,5431,Delivered,2024-12-19
5432,5432,Delivered,2026-02-26
5433,5433,In Transit,NULL
5434,5434,Delivered,2026-01-25
5435,5435,Delivered,2026-02-14
5436,5436,In Transit,NULL
5437,5437,Delivered,2024-01-27
5438,5438,Delivered,2025-10-22
5439,5439,Delivered,2025-10-30
5440,5440,Delivered,2023-05-29
5441,5441,Delivered,2024-03-07
5442,5442,Delivered,2026-03-01
5443,5443,Returned,NULL
5444,5444,In Transit,NULL
5445,5445,Delivered,2026-08-18
5446,5446,In Transit,NULL
5447,5447,In Transit,NULL
5448,5448,In Transit,NULL
5449,5449,Delayed,NULL
5450,5450,Delivered,2023-05-21
5451,5451,Delivered,2023-06-12
5452,5452,Delivered,2023-08-12
5453,5453,Delivered,2023-03-02
5454,5454,In Transit,NULL
5455,5455,In Transit,NULL
5456,5456,Delayed,NULL
5457,5457,Returned,NULL
5458,5458,Delivered,2023-03-23
5459,5459,Delivered,2025-03-21
5460,5460,Delayed,NULL
5461,5461,Delivered,2024-11-15
5462,5462,Delayed,NULL
5463,5463,Delivered,2025-04-02
5464,5464,Delivered,2023-04-25
5465,5465,Delivered,2026-01-30
5466,5466,Delivered,2023-02-15
5467,5467,Delivered,2026-03-07
5468,5468,In Transit,NULL
5469,5469,Delivered,2025-01-12
5470,5470,Delivered,2026-07-07
5471,5471,In Transit,NULL
5472,5472,Delayed,NULL
5473,5473,In Transit,NULL
5474,5474,Delayed,NULL
5475,5475,Returned,NULL
5476,5476,Delivered,2025-12-21
5477,5477,Returned,NULL
5478,5478,Delivered,2024-03-03
5479,5479,In Transit,NULL
5480,5480,Delivered,2026-02-24
5481,5481,In Transit,NULL
5482,5482,Delivered,2025-05-11
5483,5483,In Transit,NULL
5484,5484,Delivered,2026-07-14
5485,5485,Delivered,2024-02-27
5486,5486,In Transit,NULL
5487,5487,Delivered,2024-09-30
5488,5488,Delivered,2024-02-13
5489,5489,Delivered,2026-07-19
5490,5490,Delayed,NULL
5491,5491,Returned,NULL
5492,5492,Delayed,NULL
5493,5493,Delivered,2026-01-12
5494,5494,In Transit,NULL
5495,5495,In Transit,NULL
5496,5496,Delivered,2025-03-02
5497,5497,Delivered,2023-07-30
5498,5498,Delivered,2024-12-13
5499,5499,Delivered,2025-09-07
5500,5500,Delivered,2026-02-15
5501,5501,In Transit,NULL
5502,5502,In Transit,NULL
5503,5503,In Transit,NULL
5504,5504,In Transit,NULL
5505,5505,In Transit,NULL
5506,5506,In Transit,NULL
5507,5507,Delivered,2025-09-28
5508,5508,Delivered,2023-11-22
5509,5509,Delayed,NULL
5510,5510,Delivered,2023-08-31
5511,5511,Delivered,2024-01-25
5512,5512,In Transit,NULL
5513,5513,Delivered,2026-03-04
5514,5514,Delivered,2026-06-15
5515,5515,Delivered,2025-06-28
5516,5516,Delivered,2024-05-12
5517,5517,In Transit,NULL
5518,5518,Delivered,2024-01-25
5519,5519,In Transit,NULL
5520,5520,Delivered,2025-11-03
5521,5521,Delivered,2025-03-18
5522,5522,Delivered,2025-08-07
5523,5523,Delivered,2026-01-01
5524,5524,Delivered,2023-08-17
5525,5525,In Transit,NULL
5526,5526,Delayed,NULL
5527,5527,Delivered,2023-09-28
5528,5528,Returned,NULL
5529,5529,Delayed,NULL
5530,5530,Delivered,2025-07-17
5531,5531,Delivered,2023-07-13
5532,5532,Delivered,2024-07-16
5533,5533,Delivered,2024-08-09
5534,5534,Delivered,2023-10-12
5535,5535,Delivered,2025-06-12
5536,5536,Delayed,NULL
5537,5537,In Transit,NULL
5538,5538,Delivered,2024-12-04
5539,5539,In Transit,NULL
5540,5540,Returned,NULL
5541,5541,Delayed,NULL
5542,5542,Delivered,2023-07-10
5543,5543,Delivered,2024-03-24
5544,5544,Delayed,NULL
5545,5545,Delivered,2026-07-14
5546,5546,Delivered,2023-11-20
5547,5547,Delivered,2026-03-09
5548,5548,In Transit,NULL
5549,5549,Delivered,2024-12-22
5550,5550,In Transit,NULL
5551,5551,Delivered,2024-10-20
5552,5552,In Transit,NULL
5553,5553,Delivered,2024-02-19
5554,5554,Delivered,2024-07-14
5555,5555,Delivered,2025-11-30
5556,5556,In Transit,NULL
5557,5557,Delivered,2025-10-17
5558,5558,In Transit,NULL
5559,5559,In Transit,NULL
5560,5560,Delayed,NULL
5561,5561,Delivered,2023-11-22
5562,5562,Delivered,2023-09-10
5563,5563,Delivered,2025-02-25
5564,5564,Delivered,2024-11-19
5565,5565,Delivered,2024-08-25
5566,5566,Delivered,2024-07-24
5567,5567,Delivered,2024-02-11
5568,5568,In Transit,NULL
5569,5569,Delivered,2023-10-25
5570,5570,Delivered,2025-10-19
5571,5571,Delivered,2026-05-16
5572,5572,Delivered,2026-04-27
5573,5573,Delivered,2023-01-27
5574,5574,In Transit,NULL
5575,5575,Delivered,2024-09-17
5576,5576,Delivered,2024-10-01
5577,5577,Delivered,2025-01-24
5578,5578,In Transit,NULL
5579,5579,Lost,NULL
5580,5580,Delivered,2025-04-21
5581,5581,Delivered,2023-05-09
5582,5582,Returned,NULL
5583,5583,Delivered,2025-09-04
5584,5584,Delivered,2023-07-30
5585,5585,Delivered,2026-01-08
5586,5586,In Transit,NULL
5587,5587,In Transit,NULL
5588,5588,Delayed,NULL
5589,5589,Delayed,NULL
5590,5590,Delivered,2023-02-07
5591,5591,Delayed,NULL
5592,5592,In Transit,NULL
5593,5593,Delivered,2025-05-12
5594,5594,Delivered,2025-03-07
5595,5595,In Transit,NULL
5596,5596,Delayed,NULL
5597,5597,Delayed,NULL
5598,5598,In Transit,NULL
5599,5599,Delayed,NULL
5600,5600,In Transit,NULL
5601,5601,Delivered,2026-04-18
5602,5602,Delayed,NULL
5603,5603,In Transit,NULL
5604,5604,Delivered,2024-10-28
5605,5605,In Transit,NULL
5606,5606,Delivered,2024-08-26
5607,5607,Delivered,2024-04-17
5608,5608,Delayed,NULL
5609,5609,Delivered,2025-10-26
5610,5610,Delivered,2026-05-30
5611,5611,Delivered,2026-03-28
5612,5612,Delivered,2025-09-29
5613,5613,Delivered,2023-03-24
5614,5614,Delivered,2023-12-08
5615,5615,In Transit,NULL
5616,5616,Delivered,2025-08-12
5617,5617,Delayed,NULL
5618,5618,Delivered,2024-01-30
5619,5619,Delivered,2025-04-27
5620,5620,In Transit,NULL
5621,5621,Delivered,2026-04-02
5622,5622,Delayed,NULL
5623,5623,In Transit,NULL
5624,5624,Delivered,2023-11-11
5625,5625,Delivered,2025-08-12
5626,5626,Delivered,2024-04-11
5627,5627,In Transit,NULL
5628,5628,In Transit,NULL
5629,5629,Delivered,2024-04-04
5630,5630,Delivered,2024-12-23
5631,5631,Delivered,2025-09-16
5632,5632,Delivered,2024-11-09
5633,5633,Delivered,2024-03-05
5634,5634,Delivered,2023-09-19
5635,5635,Delivered,2025-01-02
5636,5636,Delivered,2023-12-07
5637,5637,Lost,NULL
5638,5638,Delivered,2023-04-15
5639,5639,Delivered,2025-05-04
5640,5640,Delivered,2024-12-05
5641,5641,Delivered,2025-07-11
5642,5642,Delivered,2024-01-04
5643,5643,In Transit,NULL
5644,5644,In Transit,NULL
5645,5645,In Transit,NULL
5646,5646,Delayed,NULL
5647,5647,Delivered,2026-02-24
5648,5648,Delivered,2024-03-20
5649,5649,Delivered,2025-06-20
5650,5650,Delayed,NULL
5651,5651,Delivered,2023-03-29
5652,5652,Delivered,2023-01-30
5653,5653,Delivered,2026-05-18
5654,5654,Delivered,2025-07-05
5655,5655,Delivered,2026-03-20
5656,5656,Delayed,NULL
5657,5657,Delivered,2026-06-18
5658,5658,Delivered,2025-12-12
5659,5659,In Transit,NULL
5660,5660,In Transit,NULL
5661,5661,In Transit,NULL
5662,5662,In Transit,NULL
5663,5663,Delayed,NULL
5664,5664,Delayed,NULL
5665,5665,In Transit,NULL
5666,5666,Delivered,2024-09-22
5667,5667,Delivered,2025-12-01
5668,5668,Delivered,2024-11-10
5669,5669,Delivered,2025-05-27
5670,5670,Delivered,2024-06-04
5671,5671,In Transit,NULL
5672,5672,Delivered,2024-09-28
5673,5673,Delivered,2025-06-03
5674,5674,Delivered,2023-02-27
5675,5675,Delivered,2026-01-31
5676,5676,In Transit,NULL
5677,5677,Delivered,2023-03-24
5678,5678,Delayed,NULL
5679,5679,Delivered,2023-08-14
5680,5680,Lost,NULL
5681,5681,Returned,NULL
5682,5682,Delivered,2024-05-07
5683,5683,Delivered,2023-09-28
5684,5684,Delivered,2026-02-03
5685,5685,Delivered,2025-06-10
5686,5686,In Transit,NULL
5687,5687,Delivered,2023-12-13
5688,5688,In Transit,NULL
5689,5689,In Transit,NULL
5690,5690,Delivered,2024-02-25
5691,5691,Delivered,2026-04-01
5692,5692,In Transit,NULL
5693,5693,Delivered,2023-04-04
5694,5694,In Transit,NULL
5695,5695,Delivered,2026-05-18
5696,5696,Delivered,2024-12-19
5697,5697,In Transit,NULL
5698,5698,Delivered,2023-08-17
5699,5699,In Transit,NULL
5700,5700,Delivered,2023-07-10
5701,5701,Delivered,2026-06-10
5702,5702,In Transit,NULL
5703,5703,Delivered,2024-12-29
5704,5704,Delayed,NULL
5705,5705,Delivered,2023-03-11
5706,5706,Delivered,2025-11-11
5707,5707,Delivered,2024-08-26
5708,5708,Delivered,2023-10-04
5709,5709,Delivered,2024-11-29
5710,5710,Delayed,NULL
5711,5711,Delivered,2025-11-05
5712,5712,Delivered,2023-07-30
5713,5713,In Transit,NULL
5714,5714,In Transit,NULL
5715,5715,Returned,NULL
5716,5716,Delivered,2024-12-05
5717,5717,In Transit,NULL
5718,5718,Delivered,2024-06-16
5719,5719,In Transit,NULL
5720,5720,Delivered,2025-04-18
5721,5721,Delivered,2024-06-18
5722,5722,In Transit,NULL
5723,5723,In Transit,NULL
5724,5724,Delivered,2024-08-18
5725,5725,In Transit,NULL
5726,5726,In Transit,NULL
5727,5727,In Transit,NULL
5728,5728,Delivered,2026-01-16
5729,5729,Delivered,2024-11-12
5730,5730,Delivered,2023-05-24
5731,5731,In Transit,NULL
5732,5732,In Transit,NULL
5733,5733,Delivered,2025-04-29
5734,5734,Delivered,2026-02-17
5735,5735,Delivered,2023-06-05
5736,5736,Delayed,NULL
5737,5737,Delayed,NULL
5738,5738,In Transit,NULL
5739,5739,Delivered,2023-10-21
5740,5740,Delivered,2025-05-30
5741,5741,Delivered,2023-05-04
5742,5742,Delayed,NULL
5743,5743,Delivered,2026-06-30
5744,5744,In Transit,NULL
5745,5745,Delivered,2024-05-01
5746,5746,Delivered,2025-10-26
5747,5747,Delivered,2026-06-15
5748,5748,Delivered,2023-12-06
5749,5749,Delayed,NULL
5750,5750,Delivered,2023-06-20
5751,5751,Delivered,2024-03-17
5752,5752,Returned,NULL
5753,5753,In Transit,NULL
5754,5754,Delivered,2025-03-24
5755,5755,In Transit,NULL
5756,5756,Delivered,2023-09-26
5757,5757,In Transit,NULL
5758,5758,Delivered,2025-10-01
5759,5759,Delayed,NULL
5760,5760,Delivered,2023-08-30
5761,5761,Delivered,2025-05-14
5762,5762,In Transit,NULL
5763,5763,Delivered,2025-08-15
5764,5764,Delivered,2025-07-27
5765,5765,Delayed,NULL
5766,5766,Delivered,2023-07-01
5767,5767,Delivered,2025-07-25
5768,5768,Delayed,NULL
5769,5769,Delayed,NULL
5770,5770,Delivered,2023-02-18
5771,5771,In Transit,NULL
5772,5772,Delivered,2024-03-17
5773,5773,Delivered,2023-08-27
5774,5774,Delayed,NULL
5775,5775,In Transit,NULL
5776,5776,Returned,NULL
5777,5777,In Transit,NULL
5778,5778,In Transit,NULL
5779,5779,Returned,NULL
5780,5780,In Transit,NULL
5781,5781,Delivered,2025-06-03
5782,5782,Lost,NULL
5783,5783,Delivered,2023-03-17
5784,5784,Delivered,2023-08-25
5785,5785,In Transit,NULL
5786,5786,Delivered,2023-04-06
5787,5787,Delayed,NULL
5788,5788,Delayed,NULL
5789,5789,In Transit,NULL
5790,5790,Delayed,NULL
5791,5791,Delivered,2023-10-17
5792,5792,Delivered,2026-05-20
5793,5793,Delivered,2025-09-29
5794,5794,Delivered,2024-02-04
5795,5795,Delayed,NULL
5796,5796,Delayed,NULL
5797,5797,Delivered,2025-02-04
5798,5798,Delivered,2025-02-18
5799,5799,In Transit,NULL
5800,5800,Delivered,2024-03-26
5801,5801,In Transit,NULL
5802,5802,Delayed,NULL
5803,5803,Delivered,2024-07-22
5804,5804,Delivered,2026-05-30
5805,5805,Delivered,2025-12-23
5806,5806,In Transit,NULL
5807,5807,In Transit,NULL
5808,5808,In Transit,NULL
5809,5809,Delivered,2023-09-18
5810,5810,Delivered,2025-05-16
5811,5811,Delivered,2025-11-16
5812,5812,In Transit,NULL
5813,5813,Delivered,2026-02-04
5814,5814,Delivered,2026-01-17
5815,5815,In Transit,NULL
5816,5816,In Transit,NULL
5817,5817,Delivered,2025-03-08
5818,5818,Delivered,2024-05-04
5819,5819,Delivered,2026-03-28
5820,5820,Delivered,2023-06-23
5821,5821,In Transit,NULL
5822,5822,In Transit,NULL
5823,5823,Delayed,NULL
5824,5824,Delayed,NULL
5825,5825,Delayed,NULL
5826,5826,In Transit,NULL
5827,5827,In Transit,NULL
5828,5828,Delivered,2026-05-17
5829,5829,In Transit,NULL
5830,5830,Delivered,2024-05-29
5831,5831,Returned,NULL
5832,5832,Returned,NULL
5833,5833,Delivered,2026-07-18
5834,5834,Delivered,2024-08-21
5835,5835,Delivered,2024-05-22
5836,5836,Delivered,2025-12-22
5837,5837,Delayed,NULL
5838,5838,Delivered,2023-04-20
5839,5839,Delivered,2023-07-13
5840,5840,In Transit,NULL
5841,5841,Delivered,2025-12-20
5842,5842,Delivered,2025-03-04
5843,5843,Delivered,2025-04-04
5844,5844,In Transit,NULL
5845,5845,Delivered,2024-01-27
5846,5846,Delivered,2025-09-05
5847,5847,Delivered,2023-07-01
5848,5848,Delivered,2024-04-04
5849,5849,Delivered,2023-06-23
5850,5850,In Transit,NULL
5851,5851,Delivered,2024-11-02
5852,5852,Delivered,2024-10-22
5853,5853,Delivered,2024-02-11
5854,5854,In Transit,NULL
5855,5855,Delivered,2023-03-09
5856,5856,Delivered,2025-02-08
5857,5857,In Transit,NULL
5858,5858,In Transit,NULL
5859,5859,Returned,NULL
5860,5860,In Transit,NULL
5861,5861,Delivered,2025-09-15
5862,5862,In Transit,NULL
5863,5863,Delivered,2024-02-21
5864,5864,Delivered,2023-12-18
5865,5865,Delivered,2025-08-21
5866,5866,Delivered,2025-05-09
5867,5867,Delivered,2026-06-22
5868,5868,Delivered,2024-02-17
5869,5869,Delayed,NULL
5870,5870,Delivered,2023-10-29
5871,5871,In Transit,NULL
5872,5872,Delayed,NULL
5873,5873,Delivered,2024-11-30
5874,5874,Returned,NULL
5875,5875,Delayed,NULL
5876,5876,Delayed,NULL
5877,5877,In Transit,NULL
5878,5878,In Transit,NULL
5879,5879,Delivered,2024-11-06
5880,5880,Delayed,NULL
5881,5881,Delayed,NULL
5882,5882,Delayed,NULL
5883,5883,Delivered,2023-05-06
5884,5884,Delivered,2023-05-05
5885,5885,Delayed,NULL
5886,5886,Delivered,2024-06-01
5887,5887,In Transit,NULL
5888,5888,Delayed,NULL
5889,5889,In Transit,NULL
5890,5890,Delivered,2024-05-29
5891,5891,Returned,NULL
5892,5892,In Transit,NULL
5893,5893,Delivered,2025-01-09
5894,5894,Delayed,NULL
5895,5895,Delivered,2023-09-17
5896,5896,Delivered,2024-04-29
5897,5897,In Transit,NULL
5898,5898,Delivered,2023-08-04
5899,5899,Delivered,2025-10-04
5900,5900,In Transit,NULL
5901,5901,In Transit,NULL
5902,5902,Delivered,2025-05-30
5903,5903,Delivered,2025-05-12
5904,5904,Delayed,NULL
5905,5905,Delivered,2025-12-08
5906,5906,Delivered,2025-05-29
5907,5907,In Transit,NULL
5908,5908,Lost,NULL
5909,5909,Delivered,2024-05-13
5910,5910,Delivered,2025-07-14
5911,5911,Delivered,2024-11-10
5912,5912,Delivered,2026-01-03
5913,5913,Delivered,2026-06-12
5914,5914,In Transit,NULL
5915,5915,Delivered,2023-11-20
5916,5916,Delivered,2025-06-26
5917,5917,In Transit,NULL
5918,5918,Delivered,2026-02-01
5919,5919,In Transit,NULL
5920,5920,Delayed,NULL
5921,5921,Delivered,2024-06-26
5922,5922,Delivered,2023-03-13
5923,5923,Delayed,NULL
5924,5924,Delivered,2026-02-12
5925,5925,In Transit,NULL
5926,5926,In Transit,NULL
5927,5927,Delivered,2023-12-13
5928,5928,In Transit,NULL
5929,5929,Delivered,2025-05-12
5930,5930,Delayed,NULL
5931,5931,Delivered,2023-02-11
5932,5932,Delivered,2025-02-13
5933,5933,Delivered,2023-07-07
5934,5934,Delivered,2023-02-16
5935,5935,Delivered,2023-08-16
5936,5936,Delivered,2026-02-24
5937,5937,In Transit,NULL
5938,5938,Delivered,2026-06-27
5939,5939,In Transit,NULL
5940,5940,Delivered,2023-04-13
5941,5941,In Transit,NULL
5942,5942,Delivered,2023-05-01
5943,5943,Delivered,2026-07-05
5944,5944,In Transit,NULL
5945,5945,Lost,NULL
5946,5946,Delivered,2026-07-24
5947,5947,Delivered,2023-03-25
5948,5948,Delivered,2024-03-26
5949,5949,Delivered,2025-04-17
5950,5950,In Transit,NULL
5951,5951,In Transit,NULL
5952,5952,Delivered,2025-12-14
5953,5953,Delayed,NULL
5954,5954,Delivered,2023-11-02
5955,5955,In Transit,NULL
5956,5956,In Transit,NULL
5957,5957,Delayed,NULL
5958,5958,In Transit,NULL
5959,5959,In Transit,NULL
5960,5960,Delayed,NULL
5961,5961,Delivered,2024-10-29
5962,5962,Delivered,2024-03-27
5963,5963,In Transit,NULL
5964,5964,Delivered,2023-09-16
5965,5965,Delivered,2026-06-09
5966,5966,Delivered,2024-01-13
5967,5967,Delivered,2025-02-07
5968,5968,In Transit,NULL
5969,5969,Delayed,NULL
5970,5970,Delivered,2024-11-02
5971,5971,Delivered,2025-04-18
5972,5972,Delivered,2025-08-25
5973,5973,Delivered,2024-03-30
5974,5974,Delivered,2024-04-25
5975,5975,Delayed,NULL
5976,5976,In Transit,NULL
5977,5977,In Transit,NULL
5978,5978,Delivered,2024-01-07
5979,5979,Delivered,2023-09-01
5980,5980,Delivered,2026-05-13
5981,5981,Delivered,2025-07-16
5982,5982,Delayed,NULL
5983,5983,Delayed,NULL
5984,5984,Delivered,2025-04-11
5985,5985,Delayed,NULL
5986,5986,Delivered,2025-02-24
5987,5987,Delivered,2024-05-24
5988,5988,In Transit,NULL
5989,5989,Delayed,NULL
5990,5990,Delivered,2024-03-27
5991,5991,Delivered,2024-02-20
5992,5992,In Transit,NULL
5993,5993,Delivered,2025-12-14
5994,5994,Delivered,2024-05-20
5995,5995,Delayed,NULL
5996,5996,Lost,NULL
5997,5997,Delivered,2025-05-14
5998,5998,Delivered,2023-10-10
5999,5999,In Transit,NULL
6000,6000,Delivered,2025-07-14
6001,6001,Delivered,2024-03-07
6002,6002,In Transit,NULL
6003,6003,Delivered,2025-11-10
6004,6004,Delivered,2023-11-07
6005,6005,Delivered,2024-08-02
6006,6006,Delivered,2026-03-11
6007,6007,Delivered,2025-03-03
6008,6008,Delivered,2023-03-13
6009,6009,Delivered,2023-11-03
6010,6010,Delivered,2023-07-31
6011,6011,Delivered,2024-07-18
6012,6012,In Transit,NULL
6013,6013,Delivered,2023-03-20
6014,6014,Delivered,2025-05-08
6015,6015,In Transit,NULL
6016,6016,Delivered,2023-05-21
6017,6017,Delivered,2025-01-10
6018,6018,Delayed,NULL
6019,6019,Delivered,2025-05-16
6020,6020,In Transit,NULL
6021,6021,Delivered,2024-05-19
6022,6022,In Transit,NULL
6023,6023,Delayed,NULL
6024,6024,Delivered,2026-08-07
6025,6025,Delivered,2025-01-21
6026,6026,In Transit,NULL
6027,6027,Delivered,2025-10-14
6028,6028,Delivered,2024-06-19
6029,6029,In Transit,NULL
6030,6030,In Transit,NULL
6031,6031,Delivered,2023-02-14
6032,6032,In Transit,NULL
6033,6033,Delivered,2026-06-24
6034,6034,Delivered,2023-09-25
6035,6035,Delivered,2026-04-14
6036,6036,Delivered,2023-06-10
6037,6037,Delivered,2023-01-26
6038,6038,Delivered,2024-08-16
6039,6039,Delivered,2024-11-08
6040,6040,Delivered,2025-05-07
6041,6041,Delivered,2025-05-04
6042,6042,In Transit,NULL
6043,6043,Delivered,2024-09-01
6044,6044,Delivered,2024-08-19
6045,6045,Delivered,2026-05-17
6046,6046,Delivered,2023-04-19
6047,6047,In Transit,NULL
6048,6048,Delivered,2025-01-24
6049,6049,Delivered,2025-05-21
6050,6050,Delayed,NULL
6051,6051,Delayed,NULL
6052,6052,Delayed,NULL
6053,6053,Delivered,2024-11-11
6054,6054,Delivered,2025-04-24
6055,6055,Delivered,2024-10-08
6056,6056,Delivered,2026-03-06
6057,6057,In Transit,NULL
6058,6058,Delayed,NULL
6059,6059,Delivered,2023-07-04
6060,6060,In Transit,NULL
6061,6061,Delayed,NULL
6062,6062,Delayed,NULL
6063,6063,Delivered,2024-02-24
6064,6064,Delivered,2025-06-03
6065,6065,Delivered,2026-05-07
6066,6066,In Transit,NULL
6067,6067,In Transit,NULL
6068,6068,Delivered,2023-10-18
6069,6069,Delivered,2025-06-06
6070,6070,In Transit,NULL
6071,6071,Delivered,2023-09-30
6072,6072,Delivered,2023-09-17
6073,6073,Delivered,2023-11-02
6074,6074,Delivered,2023-10-23
6075,6075,Delivered,2024-06-16
6076,6076,Delivered,2024-01-17
6077,6077,In Transit,NULL
6078,6078,Delivered,2025-08-07
6079,6079,In Transit,NULL
6080,6080,Delivered,2025-09-14
6081,6081,Delivered,2026-02-19
6082,6082,Delivered,2026-06-25
6083,6083,Delivered,2023-06-19
6084,6084,Delayed,NULL
6085,6085,Delayed,NULL
6086,6086,Delivered,2026-01-06
6087,6087,Delayed,NULL
6088,6088,Delivered,2024-02-26
6089,6089,Delayed,NULL
6090,6090,In Transit,NULL
6091,6091,Delivered,2024-07-25
6092,6092,Delivered,2025-03-19
6093,6093,In Transit,NULL
6094,6094,In Transit,NULL
6095,6095,Delayed,NULL
6096,6096,Delivered,2025-11-09
6097,6097,Delivered,2023-04-11
6098,6098,Delivered,2023-09-26
6099,6099,Delivered,2024-11-16
6100,6100,Delivered,2023-10-12
6101,6101,In Transit,NULL
6102,6102,Returned,NULL
6103,6103,Delivered,2024-06-14
6104,6104,Delayed,NULL
6105,6105,In Transit,NULL
6106,6106,Delivered,2023-05-23
6107,6107,In Transit,NULL
6108,6108,Delivered,2024-08-27
6109,6109,Delivered,2024-01-01
6110,6110,In Transit,NULL
6111,6111,Delivered,2026-07-24
6112,6112,Delivered,2023-11-17
6113,6113,Delivered,2023-08-17
6114,6114,Delivered,2024-01-05
6115,6115,In Transit,NULL
6116,6116,Delivered,2026-07-11
6117,6117,Delivered,2023-11-30
6118,6118,Delivered,2025-10-13
6119,6119,Delayed,NULL
6120,6120,Delivered,2023-06-27
6121,6121,Delivered,2024-10-28
6122,6122,In Transit,NULL
6123,6123,Delayed,NULL
6124,6124,Delivered,2023-02-28
6125,6125,Delayed,NULL
6126,6126,In Transit,NULL
6127,6127,Delivered,2024-02-23
6128,6128,Delivered,2025-03-03
6129,6129,Delivered,2026-03-08
6130,6130,Delayed,NULL
6131,6131,Lost,NULL
6132,6132,In Transit,NULL
6133,6133,Delivered,2025-12-05
6134,6134,Delivered,2024-05-31
6135,6135,In Transit,NULL
6136,6136,Delivered,2024-04-10
6137,6137,In Transit,NULL
6138,6138,Delivered,2025-04-07
6139,6139,In Transit,NULL
6140,6140,In Transit,NULL
6141,6141,Delivered,2023-04-25
6142,6142,Delivered,2026-08-11
6143,6143,Delivered,2026-08-18
6144,6144,Delayed,NULL
6145,6145,Delivered,2026-01-14
6146,6146,Delivered,2025-01-21
6147,6147,Delivered,2026-02-18
6148,6148,In Transit,NULL
6149,6149,Delayed,NULL
6150,6150,Delivered,2023-08-19
6151,6151,Delivered,2024-05-04
6152,6152,Delivered,2024-12-04
6153,6153,Delivered,2024-03-27
6154,6154,Delivered,2026-05-17
6155,6155,Delivered,2024-07-30
6156,6156,Delivered,2025-10-03
6157,6157,Delivered,2026-07-18
6158,6158,In Transit,NULL
6159,6159,Delivered,2026-03-28
6160,6160,In Transit,NULL
6161,6161,In Transit,NULL
6162,6162,Returned,NULL
6163,6163,Delivered,2026-01-21
6164,6164,Delivered,2023-05-07
6165,6165,In Transit,NULL
6166,6166,Delivered,2026-06-08
6167,6167,Returned,NULL
6168,6168,Delivered,2026-01-15
6169,6169,Delivered,2024-03-18
6170,6170,Delivered,2024-05-08
6171,6171,Delivered,2025-05-23
6172,6172,In Transit,NULL
6173,6173,Delivered,2024-09-18
6174,6174,Delayed,NULL
6175,6175,Returned,NULL
6176,6176,Delivered,2025-04-10
6177,6177,In Transit,NULL
6178,6178,Delivered,2026-02-15
6179,6179,Delivered,2025-08-19
6180,6180,Delayed,NULL
6181,6181,Delivered,2024-09-07
6182,6182,Delivered,2025-01-02
6183,6183,Delivered,2025-01-11
6184,6184,Delivered,2025-12-01
6185,6185,In Transit,NULL
6186,6186,Delivered,2024-03-16
6187,6187,In Transit,NULL
6188,6188,In Transit,NULL
6189,6189,Delayed,NULL
6190,6190,Delivered,2026-07-06
6191,6191,Delayed,NULL
6192,6192,In Transit,NULL
6193,6193,Delivered,2024-03-15
6194,6194,Delivered,2023-11-07
6195,6195,Delayed,NULL
6196,6196,Delivered,2025-08-09
6197,6197,Delayed,NULL
6198,6198,Lost,NULL
6199,6199,In Transit,NULL
6200,6200,Delivered,2024-12-22
6201,6201,Delivered,2026-02-10
6202,6202,In Transit,NULL
6203,6203,Delivered,2026-06-13
6204,6204,In Transit,NULL
6205,6205,Delivered,2023-12-05
6206,6206,Delivered,2023-08-07
6207,6207,Delivered,2024-05-29
6208,6208,Delivered,2023-03-25
6209,6209,Delivered,2023-07-11
6210,6210,Delayed,NULL
6211,6211,In Transit,NULL
6212,6212,Delivered,2024-11-25
6213,6213,Delivered,2023-03-14
6214,6214,Delivered,2024-02-10
6215,6215,In Transit,NULL
6216,6216,In Transit,NULL
6217,6217,In Transit,NULL
6218,6218,In Transit,NULL
6219,6219,In Transit,NULL
6220,6220,Delivered,2026-03-28
6221,6221,Delivered,2023-07-27
6222,6222,In Transit,NULL
6223,6223,Delivered,2023-02-06
6224,6224,Delivered,2024-09-07
6225,6225,In Transit,NULL
6226,6226,Delivered,2023-12-22
6227,6227,Delivered,2026-07-24
6228,6228,In Transit,NULL
6229,6229,Delayed,NULL
6230,6230,In Transit,NULL
6231,6231,Delivered,2026-01-10
6232,6232,Delivered,2025-06-26
6233,6233,In Transit,NULL
6234,6234,Delivered,2025-03-10
6235,6235,In Transit,NULL
6236,6236,Delivered,2024-05-24
6237,6237,In Transit,NULL
6238,6238,Delivered,2026-03-19
6239,6239,Delivered,2024-10-19
6240,6240,In Transit,NULL
6241,6241,Delivered,2024-06-22
6242,6242,Delivered,2025-09-17
6243,6243,Delivered,2024-11-05
6244,6244,Delivered,2025-06-19
6245,6245,Delivered,2026-07-24
6246,6246,In Transit,NULL
6247,6247,Delivered,2023-05-05
6248,6248,Delivered,2023-11-02
6249,6249,Delivered,2023-02-03
6250,6250,In Transit,NULL
6251,6251,In Transit,NULL
6252,6252,Delivered,2023-11-29
6253,6253,In Transit,NULL
6254,6254,Delivered,2024-09-22
6255,6255,Delivered,2025-12-04
6256,6256,Delivered,2023-10-13
6257,6257,In Transit,NULL
6258,6258,In Transit,NULL
6259,6259,Lost,NULL
6260,6260,Returned,NULL
6261,6261,In Transit,NULL
6262,6262,In Transit,NULL
6263,6263,Delivered,2025-08-02
6264,6264,Delivered,2025-07-08
6265,6265,Delivered,2026-05-29
6266,6266,Delivered,2023-10-05
6267,6267,Delivered,2026-08-10
6268,6268,In Transit,NULL
6269,6269,Delayed,NULL
6270,6270,In Transit,NULL
6271,6271,Lost,NULL
6272,6272,Delayed,NULL
6273,6273,Delivered,2024-10-04
6274,6274,Returned,NULL
6275,6275,Delivered,2024-07-16
6276,6276,Delivered,2024-12-12
6277,6277,Delivered,2025-05-20
6278,6278,Delayed,NULL
6279,6279,Delayed,NULL
6280,6280,Delivered,2025-11-13
6281,6281,Delivered,2025-11-27
6282,6282,Delayed,NULL
6283,6283,Delivered,2024-12-11
6284,6284,Returned,NULL
6285,6285,Delivered,2023-09-05
6286,6286,Delivered,2023-03-17
6287,6287,In Transit,NULL
6288,6288,Delivered,2023-12-16
6289,6289,Delivered,2025-04-26
6290,6290,In Transit,NULL
6291,6291,In Transit,NULL
6292,6292,In Transit,NULL
6293,6293,Delivered,2023-05-19
6294,6294,Delivered,2024-08-17
6295,6295,Delivered,2025-01-09
6296,6296,In Transit,NULL
6297,6297,Returned,NULL
6298,6298,In Transit,NULL
6299,6299,Delivered,2026-06-22
6300,6300,Delivered,2025-10-08
6301,6301,Delivered,2024-11-24
6302,6302,Delivered,2025-06-11
6303,6303,Delivered,2025-09-21
6304,6304,Delivered,2024-06-28
6305,6305,In Transit,NULL
6306,6306,In Transit,NULL
6307,6307,Delivered,2023-06-19
6308,6308,Delivered,2024-10-31
6309,6309,Delivered,2026-05-20
6310,6310,Delivered,2026-07-11
6311,6311,Delivered,2023-11-16
6312,6312,Delivered,2025-11-06
6313,6313,In Transit,NULL
6314,6314,Delivered,2025-04-10
6315,6315,Delivered,2024-08-29
6316,6316,In Transit,NULL
6317,6317,Delivered,2026-03-26
6318,6318,Delayed,NULL
6319,6319,Delivered,2025-04-03
6320,6320,Delivered,2025-03-01
6321,6321,In Transit,NULL
6322,6322,Delayed,NULL
6323,6323,In Transit,NULL
6324,6324,Delivered,2025-02-05
6325,6325,Delivered,2026-01-08
6326,6326,In Transit,NULL
6327,6327,Delivered,2023-04-08
6328,6328,In Transit,NULL
6329,6329,In Transit,NULL
6330,6330,Returned,NULL
6331,6331,In Transit,NULL
6332,6332,Delayed,NULL
6333,6333,In Transit,NULL
6334,6334,Delivered,2026-05-02
6335,6335,Delivered,2025-09-07
6336,6336,In Transit,NULL
6337,6337,Delivered,2024-02-15
6338,6338,In Transit,NULL
6339,6339,Returned,NULL
6340,6340,Delayed,NULL
6341,6341,In Transit,NULL
6342,6342,In Transit,NULL
6343,6343,In Transit,NULL
6344,6344,Delivered,2026-04-01
6345,6345,Delivered,2025-09-29
6346,6346,In Transit,NULL
6347,6347,Lost,NULL
6348,6348,Delivered,2023-12-20
6349,6349,Returned,NULL
6350,6350,Delivered,2026-07-01
6351,6351,In Transit,NULL
6352,6352,Delivered,2025-08-24
6353,6353,Delayed,NULL
6354,6354,Delivered,2025-05-24
6355,6355,In Transit,NULL
6356,6356,Delivered,2026-04-29
6357,6357,Delivered,2024-04-25
6358,6358,In Transit,NULL
6359,6359,In Transit,NULL
6360,6360,Delivered,2025-10-27
6361,6361,Returned,NULL
6362,6362,Returned,NULL
6363,6363,Delivered,2026-06-11
6364,6364,Delivered,2024-07-29
6365,6365,Delivered,2023-06-24
6366,6366,Delivered,2023-04-27
6367,6367,Delivered,2023-01-25
6368,6368,Delivered,2024-06-30
6369,6369,Delivered,2024-08-17
6370,6370,Delivered,2024-02-29
6371,6371,In Transit,NULL
6372,6372,In Transit,NULL
6373,6373,Delivered,2023-07-23
6374,6374,Delivered,2025-01-12
6375,6375,Delivered,2023-04-20
6376,6376,In Transit,NULL
6377,6377,Delivered,2023-04-04
6378,6378,Delayed,NULL
6379,6379,Delivered,2026-02-03
6380,6380,Delivered,2026-05-16
6381,6381,Delayed,NULL
6382,6382,Delivered,2024-07-17
6383,6383,In Transit,NULL
6384,6384,Delivered,2023-09-28
6385,6385,Delivered,2024-04-09
6386,6386,Delayed,NULL
6387,6387,Delivered,2026-02-01
6388,6388,In Transit,NULL
6389,6389,Delivered,2023-02-28
6390,6390,Delivered,2026-03-24
6391,6391,Delivered,2025-12-24
6392,6392,Returned,NULL
6393,6393,Delivered,2024-06-20
6394,6394,Delayed,NULL
6395,6395,Delivered,2025-10-14
6396,6396,Delivered,2024-07-17
6397,6397,Returned,NULL
6398,6398,Delivered,2023-10-14
6399,6399,Delivered,2026-04-24
6400,6400,Delayed,NULL
6401,6401,In Transit,NULL
6402,6402,Delivered,2024-12-05
6403,6403,In Transit,NULL
6404,6404,Delayed,NULL
6405,6405,In Transit,NULL
6406,6406,In Transit,NULL
6407,6407,Delivered,2026-03-01
6408,6408,Delivered,2024-09-07
6409,6409,Lost,NULL
6410,6410,Delivered,2025-06-27
6411,6411,Delivered,2026-06-26
6412,6412,Delivered,2025-09-19
6413,6413,Delivered,2024-10-30
6414,6414,In Transit,NULL
6415,6415,Delayed,NULL
6416,6416,Delivered,2024-03-01
6417,6417,Delivered,2023-08-15
6418,6418,Delivered,2024-11-25
6419,6419,In Transit,NULL
6420,6420,Delivered,2025-05-03
6421,6421,In Transit,NULL
6422,6422,Delivered,2025-08-12
6423,6423,Delivered,2024-07-15
6424,6424,In Transit,NULL
6425,6425,In Transit,NULL
6426,6426,In Transit,NULL
6427,6427,Delayed,NULL
6428,6428,Delivered,2023-03-03
6429,6429,Delivered,2024-11-16
6430,6430,Delivered,2025-02-19
6431,6431,Delivered,2024-12-17
6432,6432,In Transit,NULL
6433,6433,Delivered,2026-06-10
6434,6434,Delivered,2023-06-01
6435,6435,Delivered,2023-04-16
6436,6436,In Transit,NULL
6437,6437,Delivered,2024-02-01
6438,6438,Delivered,2026-04-02
6439,6439,Delivered,2025-06-12
6440,6440,In Transit,NULL
6441,6441,In Transit,NULL
6442,6442,Delivered,2024-10-14
6443,6443,Delayed,NULL
6444,6444,Delivered,2025-11-12
6445,6445,Delivered,2023-08-27
6446,6446,In Transit,NULL
6447,6447,Delivered,2024-04-24
6448,6448,Delivered,2024-05-02
6449,6449,Delivered,2024-12-27
6450,6450,Delivered,2024-12-12
6451,6451,Delivered,2023-07-15
6452,6452,Delivered,2024-12-01
6453,6453,Delivered,2024-06-19
6454,6454,Delivered,2024-12-05
6455,6455,In Transit,NULL
6456,6456,Delivered,2024-07-31
6457,6457,Delivered,2023-03-21
6458,6458,Delivered,2023-06-08
6459,6459,Delivered,2024-10-13
6460,6460,In Transit,NULL
6461,6461,In Transit,NULL
6462,6462,Delivered,2023-05-15
6463,6463,Returned,NULL
6464,6464,In Transit,NULL
6465,6465,Delivered,2023-09-01
6466,6466,Delayed,NULL
6467,6467,Delayed,NULL
6468,6468,In Transit,NULL
6469,6469,Delayed,NULL
6470,6470,Delivered,2025-06-09
6471,6471,In Transit,NULL
6472,6472,In Transit,NULL
6473,6473,In Transit,NULL
6474,6474,Delayed,NULL
6475,6475,Delivered,2025-12-27
6476,6476,Delivered,2023-05-09
6477,6477,In Transit,NULL
6478,6478,Delivered,2024-11-06
6479,6479,Delivered,2025-04-15
6480,6480,Delivered,2026-03-30
6481,6481,Delivered,2023-02-14
6482,6482,Delayed,NULL
6483,6483,Delivered,2024-06-18
6484,6484,Delayed,NULL
6485,6485,Delayed,NULL
6486,6486,In Transit,NULL
6487,6487,Delivered,2024-08-26
6488,6488,Delayed,NULL
6489,6489,Delivered,2025-09-17
6490,6490,Delivered,2024-08-27
6491,6491,In Transit,NULL
6492,6492,Delivered,2023-11-06
6493,6493,Delivered,2023-05-23
6494,6494,Delivered,2023-03-23
6495,6495,Lost,NULL
6496,6496,Delivered,2025-03-09
6497,6497,In Transit,NULL
6498,6498,In Transit,NULL
6499,6499,Delivered,2023-11-02
6500,6500,Delayed,NULL
6501,6501,Delivered,2024-11-25
6502,6502,In Transit,NULL
6503,6503,Delivered,2023-05-26
6504,6504,Delivered,2024-02-24
6505,6505,In Transit,NULL
6506,6506,Delivered,2026-05-06
6507,6507,Delivered,2025-12-02
6508,6508,Delivered,2026-03-04
6509,6509,Delayed,NULL
6510,6510,In Transit,NULL
6511,6511,Delivered,2025-06-04
6512,6512,Delivered,2023-09-26
6513,6513,Delayed,NULL
6514,6514,Delivered,2025-09-28
6515,6515,In Transit,NULL
6516,6516,Delivered,2025-07-26
6517,6517,Delivered,2025-11-28
6518,6518,Returned,NULL
6519,6519,Delayed,NULL
6520,6520,Delivered,2025-12-06
6521,6521,Delivered,2024-12-31
6522,6522,Delivered,2024-11-24
6523,6523,Delivered,2023-01-26
6524,6524,Delivered,2026-01-05
6525,6525,Returned,NULL
6526,6526,Returned,NULL
6527,6527,Delivered,2026-07-18
6528,6528,Delivered,2024-02-25
6529,6529,Delivered,2025-01-20
6530,6530,Delivered,2024-01-12
6531,6531,Delivered,2024-09-02
6532,6532,Delivered,2024-12-08
6533,6533,Delivered,2025-09-13
6534,6534,Delivered,2026-02-21
6535,6535,Delivered,2023-05-09
6536,6536,In Transit,NULL
6537,6537,In Transit,NULL
6538,6538,In Transit,NULL
6539,6539,Delayed,NULL
6540,6540,Delivered,2025-03-24
6541,6541,In Transit,NULL
6542,6542,Delivered,2024-09-04
6543,6543,Delayed,NULL
6544,6544,Delivered,2024-08-22
6545,6545,In Transit,NULL
6546,6546,Delivered,2024-04-10
6547,6547,Delayed,NULL
6548,6548,Delivered,2025-09-19
6549,6549,In Transit,NULL
6550,6550,In Transit,NULL
6551,6551,Returned,NULL
6552,6552,Delivered,2023-11-24
6553,6553,Delivered,2023-10-20
6554,6554,In Transit,NULL
6555,6555,In Transit,NULL
6556,6556,In Transit,NULL
6557,6557,Delivered,2024-08-11
6558,6558,Delivered,2026-03-22
6559,6559,Delayed,NULL
6560,6560,Delivered,2025-01-29
6561,6561,In Transit,NULL
6562,6562,In Transit,NULL
6563,6563,In Transit,NULL
6564,6564,Delivered,2025-01-25
6565,6565,Delivered,2024-09-26
6566,6566,Delivered,2023-08-02
6567,6567,Delivered,2024-10-11
6568,6568,Delivered,2025-04-27
6569,6569,Returned,NULL
6570,6570,Delivered,2025-01-01
6571,6571,Delivered,2023-07-31
6572,6572,Delivered,2023-12-23
6573,6573,Delayed,NULL
6574,6574,Delivered,2024-10-16
6575,6575,In Transit,NULL
6576,6576,Delivered,2024-04-30
6577,6577,Delivered,2026-01-25
6578,6578,Delivered,2023-06-29
6579,6579,Delivered,2025-10-29
6580,6580,Delivered,2023-06-11
6581,6581,Delivered,2025-01-27
6582,6582,Delivered,2025-09-24
6583,6583,Delivered,2025-01-05
6584,6584,Delivered,2025-12-04
6585,6585,In Transit,NULL
6586,6586,Delayed,NULL
6587,6587,Delivered,2026-01-04
6588,6588,Delivered,2023-12-28
6589,6589,Delivered,2026-01-30
6590,6590,Delivered,2023-03-04
6591,6591,Delivered,2023-06-30
6592,6592,Delivered,2023-04-26
6593,6593,In Transit,NULL
6594,6594,Delivered,2025-08-11
6595,6595,Delivered,2024-11-12
6596,6596,Delivered,2025-11-10
6597,6597,In Transit,NULL
6598,6598,Delivered,2025-12-14
6599,6599,Delivered,2024-10-17
6600,6600,Delivered,2024-07-13
6601,6601,Delivered,2024-09-27
6602,6602,Delivered,2023-11-06
6603,6603,Delivered,2026-07-14
6604,6604,Delivered,2023-04-06
6605,6605,Delivered,2025-05-25
6606,6606,Delivered,2026-02-07
6607,6607,Delivered,2026-04-12
6608,6608,Delivered,2023-10-25
6609,6609,In Transit,NULL
6610,6610,Delivered,2025-08-18
6611,6611,Delivered,2023-07-14
6612,6612,Delivered,2025-07-23
6613,6613,Delivered,2024-02-08
6614,6614,Delayed,NULL
6615,6615,Delivered,2024-11-13
6616,6616,Delivered,2024-10-23
6617,6617,Delivered,2025-07-01
6618,6618,In Transit,NULL
6619,6619,In Transit,NULL
6620,6620,In Transit,NULL
6621,6621,Delivered,2023-02-22
6622,6622,In Transit,NULL
6623,6623,Delivered,2023-05-18
6624,6624,Delivered,2026-01-17
6625,6625,Delivered,2025-01-03
6626,6626,Delivered,2025-10-03
6627,6627,Delivered,2025-09-26
6628,6628,Delivered,2024-05-30
6629,6629,In Transit,NULL
6630,6630,Delayed,NULL
6631,6631,Delivered,2026-06-21
6632,6632,Delivered,2023-11-16
6633,6633,Delivered,2024-08-06
6634,6634,In Transit,NULL
6635,6635,Lost,NULL
6636,6636,Delivered,2024-09-08
6637,6637,In Transit,NULL
6638,6638,Delayed,NULL
6639,6639,Delivered,2025-07-27
6640,6640,Delayed,NULL
6641,6641,Delivered,2023-09-19
6642,6642,Delivered,2023-06-02
6643,6643,Delivered,2023-09-05
6644,6644,Returned,NULL
6645,6645,Delivered,2024-12-09
6646,6646,Delivered,2025-07-12
6647,6647,Delivered,2024-08-15
6648,6648,In Transit,NULL
6649,6649,Delivered,2023-10-23
6650,6650,In Transit,NULL
6651,6651,Delivered,2025-09-16
6652,6652,Delivered,2025-03-30
6653,6653,Delivered,2026-01-10
6654,6654,Delayed,NULL
6655,6655,Delivered,2025-03-29
6656,6656,Delivered,2026-06-25
6657,6657,Delivered,2023-12-23
6658,6658,In Transit,NULL
6659,6659,Delivered,2023-07-30
6660,6660,In Transit,NULL
6661,6661,In Transit,NULL
6662,6662,Delivered,2024-10-17
6663,6663,Delivered,2024-01-11
6664,6664,Delivered,2025-09-01
6665,6665,Delayed,NULL
6666,6666,In Transit,NULL
6667,6667,Delivered,2024-01-22
6668,6668,Delivered,2025-12-18
6669,6669,In Transit,NULL
6670,6670,Delivered,2024-11-21
6671,6671,In Transit,NULL
6672,6672,Delivered,2025-12-06
6673,6673,Delivered,2026-05-19
6674,6674,Delivered,2026-02-06
6675,6675,Delivered,2026-05-26
6676,6676,Delivered,2025-09-19
6677,6677,Delivered,2024-06-12
6678,6678,Delayed,NULL
6679,6679,Delivered,2025-12-24
6680,6680,Returned,NULL
6681,6681,Delayed,NULL
6682,6682,Returned,NULL
6683,6683,Delivered,2023-08-17
6684,6684,In Transit,NULL
6685,6685,In Transit,NULL
6686,6686,Delivered,2023-11-25
6687,6687,In Transit,NULL
6688,6688,In Transit,NULL
6689,6689,Delivered,2025-03-18
6690,6690,Delivered,2024-07-25
6691,6691,Delivered,2025-06-06
6692,6692,In Transit,NULL
6693,6693,In Transit,NULL
6694,6694,Delivered,2023-12-14
6695,6695,Delivered,2024-04-23
6696,6696,Delivered,2024-12-28
6697,6697,Delayed,NULL
6698,6698,Delivered,2024-01-14
6699,6699,In Transit,NULL
6700,6700,Delivered,2025-07-19
6701,6701,In Transit,NULL
6702,6702,Delivered,2025-07-20
6703,6703,In Transit,NULL
6704,6704,Delivered,2026-04-09
6705,6705,Delivered,2023-07-17
6706,6706,Delivered,2023-09-23
6707,6707,In Transit,NULL
6708,6708,In Transit,NULL
6709,6709,In Transit,NULL
6710,6710,Delivered,2025-01-29
6711,6711,Delivered,2023-06-13
6712,6712,In Transit,NULL
6713,6713,Delivered,2024-04-01
6714,6714,Delayed,NULL
6715,6715,Delivered,2024-05-08
6716,6716,Delivered,2025-06-07
6717,6717,Delivered,2026-03-05
6718,6718,Delayed,NULL
6719,6719,Delivered,2023-12-23
6720,6720,Delivered,2023-06-28
6721,6721,In Transit,NULL
6722,6722,Delivered,2025-11-05
6723,6723,Delivered,2024-01-14
6724,6724,In Transit,NULL
6725,6725,Delivered,2025-11-14
6726,6726,Delayed,NULL
6727,6727,Delivered,2025-09-24
6728,6728,In Transit,NULL
6729,6729,Delivered,2023-09-06
6730,6730,Delivered,2024-08-19
6731,6731,Delivered,2025-03-27
6732,6732,Delivered,2025-09-18
6733,6733,Delivered,2024-12-26
6734,6734,Delivered,2026-03-07
6735,6735,Delayed,NULL
6736,6736,Delivered,2024-01-08
6737,6737,Delivered,2024-01-23
6738,6738,Delivered,2024-11-24
6739,6739,Delivered,2025-12-10
6740,6740,Lost,NULL
6741,6741,In Transit,NULL
6742,6742,Delivered,2025-03-31
6743,6743,Delayed,NULL
6744,6744,Delayed,NULL
6745,6745,Delivered,2023-02-15
6746,6746,Delivered,2026-07-05
6747,6747,Delayed,NULL
6748,6748,Delivered,2023-11-02
6749,6749,Delivered,2023-10-03
6750,6750,Lost,NULL
6751,6751,Delivered,2024-04-29
6752,6752,Delivered,2023-10-01
6753,6753,Delivered,2024-08-28
6754,6754,Delivered,2023-02-28
6755,6755,Delayed,NULL
6756,6756,In Transit,NULL
6757,6757,Returned,NULL
6758,6758,Delivered,2024-04-09
6759,6759,In Transit,NULL
6760,6760,Delivered,2024-01-16
6761,6761,Delivered,2023-10-05
6762,6762,Delivered,2024-12-08
6763,6763,Delivered,2023-05-08
6764,6764,In Transit,NULL
6765,6765,Delivered,2023-10-08
6766,6766,Delivered,2023-09-28
6767,6767,Delivered,2025-03-02
6768,6768,In Transit,NULL
6769,6769,Delivered,2026-02-07
6770,6770,Delivered,2025-11-21
6771,6771,Delivered,2025-03-21
6772,6772,Delayed,NULL
6773,6773,Delivered,2023-10-10
6774,6774,In Transit,NULL
6775,6775,Delivered,2024-01-31
6776,6776,In Transit,NULL
6777,6777,In Transit,NULL
6778,6778,In Transit,NULL
6779,6779,Delivered,2026-07-01
6780,6780,Returned,NULL
6781,6781,Delivered,2023-08-17
6782,6782,Delivered,2024-01-06
6783,6783,Delivered,2023-09-12
6784,6784,Delivered,2025-08-06
6785,6785,Delivered,2025-11-01
6786,6786,Returned,NULL
6787,6787,Delivered,2026-06-30
6788,6788,Delivered,2024-02-02
6789,6789,Delivered,2024-09-26
6790,6790,In Transit,NULL
6791,6791,Delivered,2024-01-24
6792,6792,In Transit,NULL
6793,6793,Delivered,2025-03-26
6794,6794,Delayed,NULL
6795,6795,Delayed,NULL
6796,6796,In Transit,NULL
6797,6797,Delayed,NULL
6798,6798,Delivered,2025-08-16
6799,6799,Delayed,NULL
6800,6800,Delayed,NULL
6801,6801,Delivered,2023-04-21
6802,6802,In Transit,NULL
6803,6803,In Transit,NULL
6804,6804,Delivered,2025-01-09
6805,6805,Delayed,NULL
6806,6806,Delayed,NULL
6807,6807,In Transit,NULL
6808,6808,Delivered,2025-04-20
6809,6809,Delivered,2023-03-28
6810,6810,Delivered,2024-11-19
6811,6811,In Transit,NULL
6812,6812,Delivered,2023-11-13
6813,6813,Delivered,2025-11-11
6814,6814,Delayed,NULL
6815,6815,Delivered,2025-09-03
6816,6816,Delayed,NULL
6817,6817,In Transit,NULL
6818,6818,Delivered,2025-01-05
6819,6819,In Transit,NULL
6820,6820,In Transit,NULL
6821,6821,In Transit,NULL
6822,6822,Delivered,2023-09-01
6823,6823,Delivered,2024-03-05
6824,6824,In Transit,NULL
6825,6825,Delivered,2024-10-16
6826,6826,In Transit,NULL
6827,6827,Delivered,2026-03-15
6828,6828,Returned,NULL
6829,6829,Delivered,2024-10-13
6830,6830,Delivered,2024-04-16
6831,6831,In Transit,NULL
6832,6832,In Transit,NULL
6833,6833,Delivered,2024-05-08
6834,6834,Delivered,2026-01-31
6835,6835,Delivered,2025-07-11
6836,6836,In Transit,NULL
6837,6837,Delivered,2024-12-03
6838,6838,Delivered,2023-02-15
6839,6839,Delivered,2026-01-08
6840,6840,Delivered,2024-06-04
6841,6841,Delivered,2026-04-05
6842,6842,Delivered,2024-10-14
6843,6843,Delivered,2025-04-02
6844,6844,Returned,NULL
6845,6845,Delivered,2024-11-17
6846,6846,Delivered,2024-08-22
6847,6847,Delivered,2024-07-26
6848,6848,Returned,NULL
6849,6849,Delivered,2025-11-28
6850,6850,In Transit,NULL
6851,6851,In Transit,NULL
6852,6852,Delivered,2023-10-19
6853,6853,In Transit,NULL
6854,6854,Delivered,2023-03-25
6855,6855,Delivered,2026-02-24
6856,6856,Delayed,NULL
6857,6857,Delivered,2024-12-07
6858,6858,In Transit,NULL
6859,6859,Delayed,NULL
6860,6860,Delivered,2024-03-23
6861,6861,In Transit,NULL
6862,6862,In Transit,NULL
6863,6863,Delivered,2024-12-27
6864,6864,Returned,NULL
6865,6865,In Transit,NULL
6866,6866,In Transit,NULL
6867,6867,Returned,NULL
6868,6868,In Transit,NULL
6869,6869,Delayed,NULL
6870,6870,Delivered,2023-11-02
6871,6871,Returned,NULL
6872,6872,Delivered,2024-01-25
6873,6873,In Transit,NULL
6874,6874,Delayed,NULL
6875,6875,Delivered,2026-05-13
6876,6876,Delivered,2025-11-08
6877,6877,Delivered,2025-07-25
6878,6878,Delivered,2026-02-12
6879,6879,In Transit,NULL
6880,6880,Returned,NULL
6881,6881,Delayed,NULL
6882,6882,Delivered,2023-02-28
6883,6883,Delivered,2026-02-05
6884,6884,Delivered,2025-05-04
6885,6885,In Transit,NULL
6886,6886,Delayed,NULL
6887,6887,Delivered,2025-12-15
6888,6888,Delivered,2025-01-19
6889,6889,In Transit,NULL
6890,6890,In Transit,NULL
6891,6891,Delivered,2025-02-10
6892,6892,Delayed,NULL
6893,6893,In Transit,NULL
6894,6894,Delayed,NULL
6895,6895,In Transit,NULL
6896,6896,Delivered,2025-09-08
6897,6897,In Transit,NULL
6898,6898,Delivered,2024-09-23
6899,6899,Delayed,NULL
6900,6900,Delivered,2024-11-02
6901,6901,Delayed,NULL
6902,6902,Returned,NULL
6903,6903,In Transit,NULL
6904,6904,Delivered,2026-01-21
6905,6905,Delivered,2024-09-09
6906,6906,Delivered,2023-11-04
6907,6907,In Transit,NULL
6908,6908,In Transit,NULL
6909,6909,Delivered,2025-09-24
6910,6910,Delivered,2026-07-13
6911,6911,Delivered,2024-09-24
6912,6912,Delayed,NULL
6913,6913,In Transit,NULL
6914,6914,Delivered,2026-02-28
6915,6915,In Transit,NULL
6916,6916,In Transit,NULL
6917,6917,Delivered,2025-10-31
6918,6918,Delivered,2025-05-22
6919,6919,Delayed,NULL
6920,6920,Delivered,2024-03-28
6921,6921,In Transit,NULL
6922,6922,Delivered,2025-04-05
6923,6923,In Transit,NULL
6924,6924,In Transit,NULL
6925,6925,Delivered,2024-08-16
6926,6926,Delivered,2025-03-10
6927,6927,Delivered,2024-03-16
6928,6928,Delivered,2025-11-30
6929,6929,Delivered,2026-04-25
6930,6930,In Transit,NULL
6931,6931,Delivered,2023-07-23
6932,6932,Delivered,2023-04-22
6933,6933,Delayed,NULL
6934,6934,Delivered,2024-09-19
6935,6935,Delivered,2026-01-18
6936,6936,Delivered,2026-04-27
6937,6937,Delivered,2026-02-25
6938,6938,Delivered,2023-09-12
6939,6939,Delivered,2025-12-24
6940,6940,Delayed,NULL
6941,6941,Delivered,2025-09-24
6942,6942,In Transit,NULL
6943,6943,Delayed,NULL
6944,6944,In Transit,NULL
6945,6945,In Transit,NULL
6946,6946,In Transit,NULL
6947,6947,Lost,NULL
6948,6948,Returned,NULL
6949,6949,Delivered,2025-06-05
6950,6950,Delivered,2023-06-08
6951,6951,In Transit,NULL
6952,6952,Delayed,NULL
6953,6953,In Transit,NULL
6954,6954,Delivered,2025-02-13
6955,6955,Returned,NULL
6956,6956,In Transit,NULL
6957,6957,Delivered,2024-02-26
6958,6958,In Transit,NULL
6959,6959,Delivered,2023-10-28
6960,6960,Delayed,NULL
6961,6961,Delayed,NULL
6962,6962,Delivered,2025-01-14
6963,6963,Delivered,2026-01-14
6964,6964,Delivered,2025-10-20
6965,6965,Lost,NULL
6966,6966,Delivered,2026-04-21
6967,6967,In Transit,NULL
6968,6968,Delivered,2024-07-30
6969,6969,Delivered,2023-03-08
6970,6970,Delivered,2023-09-06
6971,6971,Delivered,2023-06-02
6972,6972,Delayed,NULL
6973,6973,In Transit,NULL
6974,6974,Delivered,2024-10-21
6975,6975,Delivered,2023-02-06
6976,6976,Delivered,2025-02-13
6977,6977,Delayed,NULL
6978,6978,Delivered,2024-07-17
6979,6979,Delayed,NULL
6980,6980,Delivered,2023-07-11
6981,6981,Delivered,2023-05-28
6982,6982,Delivered,2025-02-09
6983,6983,Delivered,2023-03-06
6984,6984,Lost,NULL
6985,6985,Delivered,2023-03-04
6986,6986,Delivered,2024-12-13
6987,6987,In Transit,NULL
6988,6988,Delayed,NULL
6989,6989,Delivered,2026-01-20
6990,6990,Delivered,2025-03-29
6991,6991,Delivered,2025-11-05
6992,6992,Delivered,2023-06-23
6993,6993,Delayed,NULL
6994,6994,Delivered,2024-05-31
6995,6995,In Transit,NULL
6996,6996,In Transit,NULL
6997,6997,In Transit,NULL
6998,6998,Delivered,2026-01-27
6999,6999,Delivered,2026-04-29
7000,7000,Delivered,2024-03-15
7001,7001,In Transit,NULL
7002,7002,Delivered,2025-03-08
7003,7003,Delivered,2024-12-15
7004,7004,Delivered,2025-07-19
7005,7005,Delivered,2024-12-20
7006,7006,Delivered,2024-04-05
7007,7007,Delivered,2026-06-07
7008,7008,Delivered,2023-12-13
7009,7009,Delivered,2023-07-25
7010,7010,Delivered,2025-12-25
7011,7011,In Transit,NULL
7012,7012,Delivered,2023-12-25
7013,7013,Delivered,2025-02-13
7014,7014,Delayed,NULL
7015,7015,Delivered,2024-04-18
7016,7016,In Transit,NULL
7017,7017,Delivered,2025-11-18
7018,7018,Delivered,2025-09-19
7019,7019,Delivered,2023-12-11
7020,7020,Delivered,2025-06-07
7021,7021,Delivered,2024-12-21
7022,7022,Delivered,2024-05-02
7023,7023,Delivered,2024-01-30
7024,7024,In Transit,NULL
7025,7025,In Transit,NULL
7026,7026,Delivered,2026-08-16
7027,7027,In Transit,NULL
7028,7028,Delivered,2026-02-07
7029,7029,In Transit,NULL
7030,7030,Delivered,2026-07-11
7031,7031,In Transit,NULL
7032,7032,Delivered,2025-06-27
7033,7033,Delivered,2024-11-30
7034,7034,Delayed,NULL
7035,7035,Delivered,2024-09-30
7036,7036,Delayed,NULL
7037,7037,In Transit,NULL
7038,7038,Delivered,2025-10-14
7039,7039,Delivered,2025-02-22
7040,7040,Delivered,2025-03-13
7041,7041,Delivered,2024-05-08
7042,7042,In Transit,NULL
7043,7043,In Transit,NULL
7044,7044,Delivered,2026-02-13
7045,7045,Delivered,2023-12-23
7046,7046,Delivered,2024-01-22
7047,7047,Delivered,2025-09-06
7048,7048,Delivered,2024-12-21
7049,7049,Delivered,2023-06-25
7050,7050,In Transit,NULL
7051,7051,Delivered,2024-06-15
7052,7052,Delayed,NULL
7053,7053,Delivered,2023-11-25
7054,7054,Delivered,2023-02-20
7055,7055,Delivered,2025-06-22
7056,7056,Delivered,2025-07-25
7057,7057,Delivered,2023-06-02
7058,7058,Returned,NULL
7059,7059,Delayed,NULL
7060,7060,Delivered,2026-01-14
7061,7061,Delivered,2023-10-25
7062,7062,In Transit,NULL
7063,7063,In Transit,NULL
7064,7064,Delayed,NULL
7065,7065,Returned,NULL
7066,7066,Delivered,2023-11-20
7067,7067,Delivered,2024-10-16
7068,7068,Delayed,NULL
7069,7069,Delayed,NULL
7070,7070,Delayed,NULL
7071,7071,Delivered,2025-08-29
7072,7072,Delivered,2024-04-09
7073,7073,In Transit,NULL
7074,7074,In Transit,NULL
7075,7075,Delivered,2024-08-09
7076,7076,Delivered,2023-09-14
7077,7077,Delivered,2023-03-17
7078,7078,In Transit,NULL
7079,7079,In Transit,NULL
7080,7080,Delivered,2025-11-15
7081,7081,Delivered,2026-05-09
7082,7082,Delayed,NULL
7083,7083,Delayed,NULL
7084,7084,Delivered,2025-01-11
7085,7085,Delivered,2025-09-06
7086,7086,Delivered,2023-05-07
7087,7087,Delivered,2026-01-04
7088,7088,Delivered,2023-01-07
7089,7089,Delivered,2026-04-02
7090,7090,In Transit,NULL
7091,7091,In Transit,NULL
7092,7092,Delivered,2023-03-25
7093,7093,Delayed,NULL
7094,7094,In Transit,NULL
7095,7095,Delivered,2023-06-03
7096,7096,In Transit,NULL
7097,7097,Delivered,2024-11-23
7098,7098,Delayed,NULL
7099,7099,In Transit,NULL
7100,7100,Delivered,2024-07-27
7101,7101,Delivered,2023-12-03
7102,7102,Delayed,NULL
7103,7103,In Transit,NULL
7104,7104,Delayed,NULL
7105,7105,In Transit,NULL
7106,7106,Delivered,2024-11-11
7107,7107,Delivered,2026-05-12
7108,7108,Lost,NULL
7109,7109,In Transit,NULL
7110,7110,In Transit,NULL
7111,7111,Delayed,NULL
7112,7112,In Transit,NULL
7113,7113,In Transit,NULL
7114,7114,Delivered,2025-07-15
7115,7115,Delivered,2026-01-23
7116,7116,Delivered,2025-03-02
7117,7117,Delivered,2026-05-10
7118,7118,Lost,NULL
7119,7119,Delivered,2023-03-10
7120,7120,Delivered,2024-11-11
7121,7121,Delivered,2024-04-11
7122,7122,Delivered,2025-12-22
7123,7123,Delivered,2025-01-26
7124,7124,Delivered,2023-12-28
7125,7125,Delayed,NULL
7126,7126,Delivered,2024-05-04
7127,7127,In Transit,NULL
7128,7128,Delivered,2025-03-30
7129,7129,Delayed,NULL
7130,7130,Delivered,2025-12-12
7131,7131,Delivered,2024-11-25
7132,7132,Delivered,2024-06-07
7133,7133,Delivered,2023-11-09
7134,7134,Delivered,2024-12-18
7135,7135,Delivered,2024-08-18
7136,7136,Delivered,2025-06-09
7137,7137,Delivered,2025-05-29
7138,7138,Delivered,2024-11-01
7139,7139,Delivered,2025-07-16
7140,7140,Delivered,2023-11-18
7141,7141,Delivered,2025-12-30
7142,7142,Delivered,2024-01-05
7143,7143,Delivered,2026-03-14
7144,7144,In Transit,NULL
7145,7145,In Transit,NULL
7146,7146,In Transit,NULL
7147,7147,Delayed,NULL
7148,7148,Delivered,2023-06-16
7149,7149,Delivered,2023-09-07
7150,7150,Delivered,2025-12-05
7151,7151,Delivered,2023-11-02
7152,7152,Delivered,2024-06-12
7153,7153,Delayed,NULL
7154,7154,Delivered,2023-05-26
7155,7155,Delivered,2024-10-24
7156,7156,In Transit,NULL
7157,7157,Delivered,2026-01-22
7158,7158,Delivered,2025-03-15
7159,7159,Returned,NULL
7160,7160,Delivered,2023-12-27
7161,7161,Delivered,2023-12-09
7162,7162,In Transit,NULL
7163,7163,In Transit,NULL
7164,7164,In Transit,NULL
7165,7165,Delayed,NULL
7166,7166,Delivered,2026-03-20
7167,7167,Delivered,2023-09-13
7168,7168,Delivered,2024-09-23
7169,7169,Delayed,NULL
7170,7170,Delivered,2025-11-02
7171,7171,Delayed,NULL
7172,7172,Delivered,2025-04-02
7173,7173,Delivered,2025-02-02
7174,7174,Returned,NULL
7175,7175,In Transit,NULL
7176,7176,Delayed,NULL
7177,7177,Delivered,2024-07-24
7178,7178,Delivered,2025-02-13
7179,7179,Delivered,2023-09-09
7180,7180,Delivered,2025-10-19
7181,7181,Delivered,2024-10-17
7182,7182,In Transit,NULL
7183,7183,Delayed,NULL
7184,7184,Delivered,2025-12-28
7185,7185,Delivered,2024-11-12
7186,7186,In Transit,NULL
7187,7187,In Transit,NULL
7188,7188,Delivered,2023-05-24
7189,7189,In Transit,NULL
7190,7190,Delivered,2026-04-22
7191,7191,Delivered,2025-03-06
7192,7192,Returned,NULL
7193,7193,In Transit,NULL
7194,7194,Delayed,NULL
7195,7195,In Transit,NULL
7196,7196,Delivered,2025-05-07
7197,7197,Delivered,2026-07-04
7198,7198,In Transit,NULL
7199,7199,Delivered,2023-04-10
7200,7200,Delivered,2026-06-01
7201,7201,Delayed,NULL
7202,7202,Delivered,2023-08-20
7203,7203,Delivered,2025-08-19
7204,7204,In Transit,NULL
7205,7205,Delivered,2025-01-05
7206,7206,Delivered,2024-11-19
7207,7207,Delivered,2026-05-10
7208,7208,Delivered,2024-06-11
7209,7209,Delivered,2024-03-23
7210,7210,Delivered,2025-04-02
7211,7211,Delivered,2024-02-22
7212,7212,In Transit,NULL
7213,7213,Delivered,2023-04-06
7214,7214,Delivered,2025-08-06
7215,7215,Delivered,2024-05-22
7216,7216,Delivered,2024-07-17
7217,7217,Delayed,NULL
7218,7218,Delivered,2024-08-09
7219,7219,Delivered,2024-08-25
7220,7220,Delivered,2025-02-03
7221,7221,Delivered,2026-03-19
7222,7222,Delivered,2026-07-24
7223,7223,In Transit,NULL
7224,7224,Delivered,2024-04-30
7225,7225,Delivered,2025-05-28
7226,7226,In Transit,NULL
7227,7227,Delayed,NULL
7228,7228,Delivered,2026-01-25
7229,7229,Delivered,2023-10-23
7230,7230,Delivered,2023-03-10
7231,7231,In Transit,NULL
7232,7232,Delivered,2025-04-22
7233,7233,Delivered,2025-05-10
7234,7234,Delivered,2026-04-25
7235,7235,In Transit,NULL
7236,7236,Delivered,2023-06-29
7237,7237,In Transit,NULL
7238,7238,Delivered,2025-11-19
7239,7239,Delivered,2025-02-22
7240,7240,In Transit,NULL
7241,7241,Delivered,2025-01-19
7242,7242,Delivered,2026-08-12
7243,7243,Delivered,2023-03-16
7244,7244,Delivered,2025-04-01
7245,7245,Delivered,2024-08-22
7246,7246,Delayed,NULL
7247,7247,In Transit,NULL
7248,7248,Delivered,2025-02-02
7249,7249,Delayed,NULL
7250,7250,Delivered,2023-03-03
7251,7251,In Transit,NULL
7252,7252,In Transit,NULL
7253,7253,Delivered,2024-07-17
7254,7254,Returned,NULL
7255,7255,Delivered,2025-06-04
7256,7256,Delivered,2024-04-13
7257,7257,Delivered,2026-07-18
7258,7258,Delivered,2024-06-21
7259,7259,Delayed,NULL
7260,7260,In Transit,NULL
7261,7261,Returned,NULL
7262,7262,Delivered,2026-06-20
7263,7263,In Transit,NULL
7264,7264,Delivered,2026-01-04
7265,7265,Delivered,2024-10-29
7266,7266,In Transit,NULL
7267,7267,Delivered,2023-03-30
7268,7268,Delivered,2024-05-10
7269,7269,Delivered,2024-06-02
7270,7270,Delayed,NULL
7271,7271,Delivered,2024-02-18
7272,7272,In Transit,NULL
7273,7273,In Transit,NULL
7274,7274,Delayed,NULL
7275,7275,Delivered,2024-12-21
7276,7276,In Transit,NULL
7277,7277,Delivered,2025-08-22
7278,7278,Delayed,NULL
7279,7279,Delivered,2023-12-12
7280,7280,Delivered,2025-10-23
7281,7281,Delayed,NULL
7282,7282,Delivered,2023-05-04
7283,7283,Delivered,2023-02-28
7284,7284,Delayed,NULL
7285,7285,Delivered,2026-06-07
7286,7286,In Transit,NULL
7287,7287,Delivered,2023-05-20
7288,7288,Delayed,NULL
7289,7289,In Transit,NULL
7290,7290,Delivered,2023-09-19
7291,7291,In Transit,NULL
7292,7292,Delivered,2026-02-21
7293,7293,In Transit,NULL
7294,7294,Delivered,2025-02-21
7295,7295,Delivered,2025-09-20
7296,7296,In Transit,NULL
7297,7297,Delayed,NULL
7298,7298,Delivered,2024-03-15
7299,7299,Delivered,2025-04-24
7300,7300,In Transit,NULL
7301,7301,Delivered,2023-03-21
7302,7302,Returned,NULL
7303,7303,Returned,NULL
7304,7304,Delivered,2025-10-13
7305,7305,Delivered,2024-10-16
7306,7306,Delivered,2024-12-28
7307,7307,Delayed,NULL
7308,7308,Delivered,2026-02-05
7309,7309,In Transit,NULL
7310,7310,Delivered,2025-09-23
7311,7311,Delivered,2026-01-09
7312,7312,Delivered,2023-11-17
7313,7313,Delivered,2025-01-04
7314,7314,Delivered,2023-10-25
7315,7315,Delivered,2023-08-28
7316,7316,Delivered,2026-06-02
7317,7317,In Transit,NULL
7318,7318,Delivered,2024-06-18
7319,7319,Returned,NULL
7320,7320,Delivered,2023-04-19
7321,7321,Delivered,2023-12-15
7322,7322,Delivered,2026-03-14
7323,7323,Delivered,2024-03-05
7324,7324,Lost,NULL
7325,7325,Delayed,NULL
7326,7326,Delayed,NULL
7327,7327,Delivered,2024-10-11
7328,7328,Delivered,2025-05-16
7329,7329,Delivered,2023-06-13
7330,7330,In Transit,NULL
7331,7331,Delivered,2024-07-09
7332,7332,Delivered,2025-08-30
7333,7333,Delivered,2024-04-23
7334,7334,Delivered,2024-05-21
7335,7335,Delivered,2023-05-07
7336,7336,In Transit,NULL
7337,7337,Delivered,2025-06-14
7338,7338,In Transit,NULL
7339,7339,In Transit,NULL
7340,7340,Delivered,2024-11-17
7341,7341,In Transit,NULL
7342,7342,Delivered,2026-06-04
7343,7343,In Transit,NULL
7344,7344,In Transit,NULL
7345,7345,In Transit,NULL
7346,7346,Delivered,2025-07-27
7347,7347,Delivered,2023-02-05
7348,7348,Delivered,2023-02-02
7349,7349,Delivered,2023-08-27
7350,7350,Delayed,NULL
7351,7351,Delivered,2025-04-21
7352,7352,Delivered,2023-03-29
7353,7353,Delivered,2026-05-23
7354,7354,Delayed,NULL
7355,7355,Delivered,2025-08-21
7356,7356,Delivered,2024-02-01
7357,7357,Delivered,2026-02-24
7358,7358,In Transit,NULL
7359,7359,Delivered,2025-07-02
7360,7360,Delivered,2023-09-12
7361,7361,Delivered,2025-03-07
7362,7362,Delivered,2024-08-30
7363,7363,Delivered,2023-02-22
7364,7364,Delivered,2026-06-09
7365,7365,Returned,NULL
7366,7366,Delivered,2024-09-07
7367,7367,Delivered,2025-03-04
7368,7368,Delivered,2023-12-03
7369,7369,Delivered,2024-09-01
7370,7370,In Transit,NULL
7371,7371,Delivered,2025-02-05
7372,7372,In Transit,NULL
7373,7373,Delayed,NULL
7374,7374,Delayed,NULL
7375,7375,Delivered,2025-03-01
7376,7376,Delayed,NULL
7377,7377,Delivered,2023-07-02
7378,7378,In Transit,NULL
7379,7379,Delivered,2026-03-29
7380,7380,Delivered,2025-08-24
7381,7381,Delivered,2024-07-14
7382,7382,Returned,NULL
7383,7383,Lost,NULL
7384,7384,Delayed,NULL
7385,7385,In Transit,NULL
7386,7386,In Transit,NULL
7387,7387,Delivered,2025-01-15
7388,7388,In Transit,NULL
7389,7389,Delivered,2024-11-18
7390,7390,In Transit,NULL
7391,7391,Delayed,NULL
7392,7392,Delivered,2025-12-31
7393,7393,Delivered,2024-12-05
7394,7394,In Transit,NULL
7395,7395,Delivered,2026-06-12
7396,7396,In Transit,NULL
7397,7397,Delivered,2025-05-06
7398,7398,Delivered,2023-10-13
7399,7399,In Transit,NULL
7400,7400,Delivered,2025-08-04
7401,7401,Delayed,NULL
7402,7402,Delivered,2026-03-25
7403,7403,Delivered,2024-07-31
7404,7404,Delivered,2026-02-25
7405,7405,In Transit,NULL
7406,7406,In Transit,NULL
7407,7407,Delivered,2023-10-29
7408,7408,Delivered,2025-03-05
7409,7409,Delivered,2025-09-21
7410,7410,Delivered,2024-01-30
7411,7411,Delivered,2025-10-23
7412,7412,Delivered,2024-10-25
7413,7413,In Transit,NULL
7414,7414,In Transit,NULL
7415,7415,Delivered,2024-02-02
7416,7416,Delivered,2026-01-10
7417,7417,Delivered,2023-10-28
7418,7418,Delivered,2023-04-10
7419,7419,Delayed,NULL
7420,7420,Delivered,2024-09-11
7421,7421,Returned,NULL
7422,7422,Returned,NULL
7423,7423,Delivered,2023-10-10
7424,7424,In Transit,NULL
7425,7425,Delayed,NULL
7426,7426,Delivered,2026-05-02
7427,7427,In Transit,NULL
7428,7428,Delayed,NULL
7429,7429,In Transit,NULL
7430,7430,Delivered,2024-05-04
7431,7431,In Transit,NULL
7432,7432,Delayed,NULL
7433,7433,Delivered,2026-04-06
7434,7434,Delivered,2024-02-08
7435,7435,In Transit,NULL
7436,7436,In Transit,NULL
7437,7437,Delivered,2025-11-25
7438,7438,In Transit,NULL
7439,7439,Delivered,2023-08-10
7440,7440,Lost,NULL
7441,7441,In Transit,NULL
7442,7442,Delivered,2023-07-05
7443,7443,Delivered,2023-05-17
7444,7444,Delivered,2025-02-15
7445,7445,In Transit,NULL
7446,7446,Delivered,2026-03-17
7447,7447,Delayed,NULL
7448,7448,In Transit,NULL
7449,7449,Delivered,2024-07-26
7450,7450,In Transit,NULL
7451,7451,Delivered,2023-02-09
7452,7452,Delivered,2026-01-14
7453,7453,In Transit,NULL
7454,7454,Delivered,2025-10-12
7455,7455,Delayed,NULL
7456,7456,Delivered,2023-07-02
7457,7457,Delayed,NULL
7458,7458,Delivered,2023-08-31
7459,7459,Delivered,2024-08-18
7460,7460,Returned,NULL
7461,7461,Delivered,2023-11-05
7462,7462,Delivered,2025-10-31
7463,7463,Delivered,2023-03-27
7464,7464,Lost,NULL
7465,7465,Delayed,NULL
7466,7466,Delivered,2026-07-12
7467,7467,In Transit,NULL
7468,7468,In Transit,NULL
7469,7469,Delivered,2024-02-06
7470,7470,In Transit,NULL
7471,7471,Delivered,2024-01-03
7472,7472,Delivered,2023-02-21
7473,7473,Delivered,2025-06-18
7474,7474,In Transit,NULL
7475,7475,Delivered,2023-04-26
7476,7476,Delivered,2023-01-29
7477,7477,In Transit,NULL
7478,7478,Delivered,2025-06-03
7479,7479,Delivered,2024-05-04
7480,7480,Delayed,NULL
7481,7481,Delivered,2026-05-18
7482,7482,Delayed,NULL
7483,7483,Delivered,2023-02-19
7484,7484,In Transit,NULL
7485,7485,Delivered,2023-08-04
7486,7486,In Transit,NULL
7487,7487,Delayed,NULL
7488,7488,In Transit,NULL
7489,7489,Delivered,2025-08-13
7490,7490,In Transit,NULL
7491,7491,Returned,NULL
7492,7492,Delivered,2025-08-08
7493,7493,Delivered,2023-09-14
7494,7494,Delivered,2024-08-21
7495,7495,Delayed,NULL
7496,7496,In Transit,NULL
7497,7497,Delayed,NULL
7498,7498,Delivered,2025-03-16
7499,7499,Delivered,2025-03-29
7500,7500,Delivered,2025-09-01
7501,7501,Delivered,2026-08-12
7502,7502,Delayed,NULL
7503,7503,Delayed,NULL
7504,7504,Delivered,2025-02-01
7505,7505,Delivered,2025-05-17
7506,7506,Delivered,2025-11-05
7507,7507,Delivered,2023-05-03
7508,7508,Delivered,2025-05-03
7509,7509,Delivered,2023-12-12
7510,7510,Delivered,2023-10-04
7511,7511,Delivered,2025-09-12
7512,7512,Delayed,NULL
7513,7513,In Transit,NULL
7514,7514,Delivered,2025-04-05
7515,7515,Delivered,2024-10-30
7516,7516,Delivered,2025-03-05
7517,7517,Delivered,2024-09-07
7518,7518,Delivered,2024-12-23
7519,7519,Delivered,2024-02-24
7520,7520,Delayed,NULL
7521,7521,Delivered,2023-10-15
7522,7522,Delivered,2025-11-19
7523,7523,In Transit,NULL
7524,7524,In Transit,NULL
7525,7525,Delivered,2025-07-14
7526,7526,In Transit,NULL
7527,7527,Delivered,2025-08-24
7528,7528,Delayed,NULL
7529,7529,In Transit,NULL
7530,7530,Delivered,2026-03-22
7531,7531,In Transit,NULL
7532,7532,Delivered,2026-04-27
7533,7533,Lost,NULL
7534,7534,Delivered,2026-03-12
7535,7535,Delivered,2025-03-28
7536,7536,Delivered,2024-04-05
7537,7537,Delivered,2025-04-16
7538,7538,In Transit,NULL
7539,7539,Delivered,2023-11-16
7540,7540,Delivered,2026-04-28
7541,7541,Delivered,2023-06-29
7542,7542,In Transit,NULL
7543,7543,Delivered,2026-01-08
7544,7544,Delivered,2024-05-22
7545,7545,Delivered,2023-11-06
7546,7546,Delayed,NULL
7547,7547,Lost,NULL
7548,7548,In Transit,NULL
7549,7549,Delayed,NULL
7550,7550,Delivered,2023-11-24
7551,7551,Delivered,2024-09-01
7552,7552,Delivered,2023-03-06
7553,7553,Delivered,2024-03-27
7554,7554,Delivered,2024-05-19
7555,7555,Delivered,2024-09-07
7556,7556,Delivered,2026-06-05
7557,7557,Delivered,2023-06-25
7558,7558,Delivered,2023-01-24
7559,7559,Returned,NULL
7560,7560,Delivered,2025-02-07
7561,7561,In Transit,NULL
7562,7562,Delivered,2026-07-09
7563,7563,In Transit,NULL
7564,7564,In Transit,NULL
7565,7565,Delivered,2025-07-18
7566,7566,In Transit,NULL
7567,7567,Delivered,2026-03-14
7568,7568,Delivered,2025-04-03
7569,7569,Delayed,NULL
7570,7570,Delayed,NULL
7571,7571,Returned,NULL
7572,7572,Delivered,2024-01-17
7573,7573,Delivered,2025-12-21
7574,7574,Delivered,2026-07-01
7575,7575,Delivered,2024-10-27
7576,7576,Delivered,2025-08-15
7577,7577,Delivered,2025-11-29
7578,7578,Delivered,2024-03-21
7579,7579,Delivered,2025-03-04
7580,7580,Delayed,NULL
7581,7581,Delivered,2024-03-16
7582,7582,Delivered,2024-06-08
7583,7583,In Transit,NULL
7584,7584,Delivered,2024-04-07
7585,7585,Delivered,2024-08-12
7586,7586,Delivered,2023-02-11
7587,7587,Delivered,2025-07-12
7588,7588,In Transit,NULL
7589,7589,Delivered,2023-10-30
7590,7590,Delivered,2025-06-16
7591,7591,Delivered,2023-04-27
7592,7592,Delivered,2026-03-07
7593,7593,Delivered,2024-09-11
7594,7594,Delivered,2023-07-20
7595,7595,Delivered,2024-08-01
7596,7596,In Transit,NULL
7597,7597,Delivered,2023-11-08
7598,7598,Delivered,2024-12-28
7599,7599,In Transit,NULL
7600,7600,Delivered,2023-06-08
7601,7601,Delivered,2025-04-02
7602,7602,In Transit,NULL
7603,7603,Delivered,2025-09-08
7604,7604,In Transit,NULL
7605,7605,Delivered,2024-06-15
7606,7606,In Transit,NULL
7607,7607,In Transit,NULL
7608,7608,Delivered,2024-01-07
7609,7609,In Transit,NULL
7610,7610,In Transit,NULL
7611,7611,In Transit,NULL
7612,7612,Lost,NULL
7613,7613,Delivered,2026-05-21
7614,7614,Delivered,2025-11-05
7615,7615,Delayed,NULL
7616,7616,In Transit,NULL
7617,7617,Delayed,NULL
7618,7618,Delivered,2025-05-25
7619,7619,Delivered,2024-03-18
7620,7620,In Transit,NULL
7621,7621,In Transit,NULL
7622,7622,Delivered,2025-07-31
7623,7623,Delayed,NULL
7624,7624,Delivered,2024-12-02
7625,7625,Delivered,2025-11-08
7626,7626,Delivered,2026-05-27
7627,7627,Delivered,2023-08-05
7628,7628,Delivered,2024-12-06
7629,7629,Delayed,NULL
7630,7630,Delivered,2023-03-11
7631,7631,Delayed,NULL
7632,7632,Delayed,NULL
7633,7633,Delayed,NULL
7634,7634,Returned,NULL
7635,7635,Delayed,NULL
7636,7636,Delivered,2023-04-23
7637,7637,Delivered,2024-01-18
7638,7638,In Transit,NULL
7639,7639,In Transit,NULL
7640,7640,Delivered,2024-06-01
7641,7641,In Transit,NULL
7642,7642,In Transit,NULL
7643,7643,Delayed,NULL
7644,7644,In Transit,NULL
7645,7645,Delivered,2025-09-04
7646,7646,Delivered,2025-07-07
7647,7647,In Transit,NULL
7648,7648,Delivered,2025-11-16
7649,7649,In Transit,NULL
7650,7650,Delivered,2024-05-17
7651,7651,In Transit,NULL
7652,7652,Delivered,2023-05-05
7653,7653,Delivered,2024-05-16
7654,7654,Delivered,2025-01-10
7655,7655,Delivered,2025-01-17
7656,7656,In Transit,NULL
7657,7657,In Transit,NULL
7658,7658,Delivered,2024-05-06
7659,7659,Delivered,2024-11-28
7660,7660,In Transit,NULL
7661,7661,Delivered,2025-09-24
7662,7662,Delivered,2025-01-26
7663,7663,Delivered,2024-04-03
7664,7664,Delivered,2025-11-05
7665,7665,Delivered,2023-03-08
7666,7666,In Transit,NULL
7667,7667,Delayed,NULL
7668,7668,Delivered,2026-05-22
7669,7669,Delivered,2023-01-20
7670,7670,In Transit,NULL
7671,7671,In Transit,NULL
7672,7672,Delivered,2023-08-08
7673,7673,In Transit,NULL
7674,7674,Delivered,2025-12-29
7675,7675,Delivered,2023-08-08
7676,7676,Delivered,2023-07-11
7677,7677,Delivered,2024-10-25
7678,7678,Delivered,2024-10-07
7679,7679,Delivered,2024-09-08
7680,7680,Delivered,2023-11-16
7681,7681,Delivered,2023-11-14
7682,7682,Delivered,2026-02-12
7683,7683,Delivered,2023-11-29
7684,7684,Delivered,2023-06-17
7685,7685,Delayed,NULL
7686,7686,Delivered,2025-03-12
7687,7687,In Transit,NULL
7688,7688,Delivered,2025-11-08
7689,7689,Delivered,2025-03-10
7690,7690,Delivered,2024-04-22
7691,7691,Delivered,2023-09-04
7692,7692,Delivered,2024-08-12
7693,7693,Delivered,2023-02-09
7694,7694,In Transit,NULL
7695,7695,Delivered,2025-12-03
7696,7696,In Transit,NULL
7697,7697,In Transit,NULL
7698,7698,Delivered,2023-03-01
7699,7699,Delayed,NULL
7700,7700,Delayed,NULL
7701,7701,Delivered,2023-03-17
7702,7702,Delivered,2025-04-24
7703,7703,Delivered,2023-08-04
7704,7704,Delivered,2025-11-03
7705,7705,Delivered,2025-09-20
7706,7706,In Transit,NULL
7707,7707,Delivered,2025-03-12
7708,7708,Delivered,2024-10-23
7709,7709,Delivered,2024-07-26
7710,7710,Delivered,2026-06-12
7711,7711,Returned,NULL
7712,7712,Delivered,2026-06-13
7713,7713,Delivered,2023-11-20
7714,7714,Delivered,2025-04-15
7715,7715,Delivered,2024-09-20
7716,7716,Delivered,2025-10-18
7717,7717,Delivered,2026-03-04
7718,7718,In Transit,NULL
7719,7719,In Transit,NULL
7720,7720,Delivered,2025-06-10
7721,7721,In Transit,NULL
7722,7722,Delayed,NULL
7723,7723,Delivered,2023-09-15
7724,7724,In Transit,NULL
7725,7725,Delivered,2023-03-30
7726,7726,Delivered,2024-06-20
7727,7727,Delivered,2023-03-08
7728,7728,Delivered,2023-09-18
7729,7729,In Transit,NULL
7730,7730,Delivered,2024-12-27
7731,7731,Delivered,2024-08-28
7732,7732,Delivered,2024-05-13
7733,7733,Delivered,2026-04-22
7734,7734,Delivered,2024-12-01
7735,7735,Delivered,2026-01-05
7736,7736,Delivered,2024-10-04
7737,7737,Delivered,2023-06-07
7738,7738,Delivered,2025-11-20
7739,7739,In Transit,NULL
7740,7740,Delivered,2023-11-19
7741,7741,In Transit,NULL
7742,7742,Delivered,2024-02-28
7743,7743,In Transit,NULL
7744,7744,In Transit,NULL
7745,7745,Delivered,2025-10-23
7746,7746,Delivered,2024-12-12
7747,7747,Delivered,2023-04-06
7748,7748,Delivered,2025-01-31
7749,7749,In Transit,NULL
7750,7750,Delayed,NULL
7751,7751,Delivered,2023-03-06
7752,7752,Delivered,2024-08-10
7753,7753,Delayed,NULL
7754,7754,Delivered,2026-03-02
7755,7755,Delayed,NULL
7756,7756,Delivered,2024-04-30
7757,7757,Delivered,2024-08-04
7758,7758,Delivered,2023-08-31
7759,7759,Delivered,2024-09-30
7760,7760,Delivered,2024-09-26
7761,7761,Delivered,2025-09-11
7762,7762,Delayed,NULL
7763,7763,In Transit,NULL
7764,7764,Delivered,2025-10-06
7765,7765,Returned,NULL
7766,7766,In Transit,NULL
7767,7767,Delayed,NULL
7768,7768,Delivered,2023-06-18
7769,7769,Returned,NULL
7770,7770,Delivered,2023-10-25
7771,7771,Delivered,2025-01-02
7772,7772,Delivered,2025-10-08
7773,7773,Delivered,2025-02-28
7774,7774,Delivered,2026-02-11
7775,7775,Delivered,2024-12-14
7776,7776,Delivered,2025-05-25
7777,7777,Delivered,2023-02-22
7778,7778,Delivered,2023-03-30
7779,7779,Delivered,2025-02-24
7780,7780,Delivered,2025-06-24
7781,7781,In Transit,NULL
7782,7782,Delivered,2025-05-25
7783,7783,Returned,NULL
7784,7784,Returned,NULL
7785,7785,Returned,NULL
7786,7786,Delivered,2023-11-25
7787,7787,In Transit,NULL
7788,7788,Delivered,2025-12-30
7789,7789,In Transit,NULL
7790,7790,Lost,NULL
7791,7791,In Transit,NULL
7792,7792,Delivered,2023-11-24
7793,7793,Delivered,2024-08-02
7794,7794,In Transit,NULL
7795,7795,Delivered,2025-05-30
7796,7796,Delivered,2025-06-02
7797,7797,In Transit,NULL
7798,7798,In Transit,NULL
7799,7799,Delivered,2025-04-15
7800,7800,In Transit,NULL
7801,7801,Delivered,2025-06-03
7802,7802,Delivered,2025-08-17
7803,7803,Delivered,2025-04-01
7804,7804,Delayed,NULL
7805,7805,Returned,NULL
7806,7806,Delivered,2023-12-30
7807,7807,Returned,NULL
7808,7808,Delivered,2025-11-05
7809,7809,Delivered,2023-12-06
7810,7810,Delivered,2023-06-13
7811,7811,Delivered,2023-05-31
7812,7812,In Transit,NULL
7813,7813,In Transit,NULL
7814,7814,Delayed,NULL
7815,7815,In Transit,NULL
7816,7816,In Transit,NULL
7817,7817,Delivered,2026-07-22
7818,7818,Delivered,2026-04-20
7819,7819,In Transit,NULL
7820,7820,Delivered,2024-06-13
7821,7821,In Transit,NULL
7822,7822,In Transit,NULL
7823,7823,Delivered,2026-07-08
7824,7824,Delayed,NULL
7825,7825,Delivered,2023-10-08
7826,7826,Delivered,2025-02-06
7827,7827,Delivered,2023-09-02
7828,7828,Delivered,2024-10-03
7829,7829,Delivered,2025-10-07
7830,7830,Delivered,2023-10-29
7831,7831,Delivered,2023-05-03
7832,7832,Delivered,2025-08-17
7833,7833,Delivered,2025-03-17
7834,7834,Delivered,2026-05-02
7835,7835,Delivered,2026-06-07
7836,7836,Delivered,2026-07-01
7837,7837,Delivered,2023-12-11
7838,7838,Delivered,2023-10-19
7839,7839,Delivered,2023-01-09
7840,7840,Delayed,NULL
7841,7841,Delivered,2024-05-30
7842,7842,Delivered,2024-12-18
7843,7843,Delivered,2026-06-19
7844,7844,Delivered,2024-03-02
7845,7845,Delivered,2023-08-13
7846,7846,Delivered,2025-02-10
7847,7847,Delayed,NULL
7848,7848,In Transit,NULL
7849,7849,In Transit,NULL
7850,7850,Delivered,2024-09-28
7851,7851,Delivered,2025-08-20
7852,7852,Delayed,NULL
7853,7853,Delivered,2024-01-30
7854,7854,In Transit,NULL
7855,7855,In Transit,NULL
7856,7856,Returned,NULL
7857,7857,In Transit,NULL
7858,7858,Delivered,2024-01-15
7859,7859,Delivered,2025-05-22
7860,7860,Delivered,2023-07-02
7861,7861,In Transit,NULL
7862,7862,In Transit,NULL
7863,7863,Delivered,2023-10-19
7864,7864,Delivered,2023-12-14
7865,7865,Delayed,NULL
7866,7866,In Transit,NULL
7867,7867,Delivered,2026-06-28
7868,7868,Delivered,2026-01-21
7869,7869,Delivered,2025-02-27
7870,7870,Delivered,2023-06-02
7871,7871,Delivered,2024-08-21
7872,7872,In Transit,NULL
7873,7873,Delivered,2025-07-15
7874,7874,Delivered,2024-09-08
7875,7875,Delivered,2025-03-09
7876,7876,Delivered,2023-04-17
7877,7877,Delivered,2023-09-08
7878,7878,Delivered,2023-11-07
7879,7879,In Transit,NULL
7880,7880,In Transit,NULL
7881,7881,Delivered,2023-03-01
7882,7882,Delivered,2023-07-12
7883,7883,Delayed,NULL
7884,7884,Delivered,2023-10-16
7885,7885,Delivered,2024-11-13
7886,7886,Delivered,2025-06-17
7887,7887,Delivered,2026-01-18
7888,7888,Delivered,2026-06-16
7889,7889,Delivered,2026-04-05
7890,7890,Delivered,2025-12-06
7891,7891,Delivered,2025-09-07
7892,7892,Delivered,2024-08-18
7893,7893,Delivered,2023-05-07
7894,7894,Delivered,2023-12-10
7895,7895,Delivered,2024-01-17
7896,7896,Delayed,NULL
7897,7897,Delivered,2026-08-04
7898,7898,Delivered,2023-07-16
7899,7899,In Transit,NULL
7900,7900,In Transit,NULL
7901,7901,Delivered,2026-07-07
7902,7902,Delivered,2023-11-12
7903,7903,Delivered,2024-11-22
7904,7904,Delivered,2024-01-13
7905,7905,Delivered,2024-11-06
7906,7906,Delivered,2026-07-15
7907,7907,In Transit,NULL
7908,7908,Delivered,2024-05-08
7909,7909,Delivered,2023-04-27
7910,7910,Delivered,2024-07-27
7911,7911,Delivered,2024-07-03
7912,7912,Delivered,2026-03-10
7913,7913,In Transit,NULL
7914,7914,In Transit,NULL
7915,7915,In Transit,NULL
7916,7916,Delivered,2024-02-03
7917,7917,Delivered,2025-03-14
7918,7918,Returned,NULL
7919,7919,In Transit,NULL
7920,7920,Delivered,2023-07-23
7921,7921,In Transit,NULL
7922,7922,Delivered,2024-02-22
7923,7923,Delivered,2024-06-28
7924,7924,In Transit,NULL
7925,7925,Delivered,2026-05-16
7926,7926,Delivered,2026-03-21
7927,7927,Lost,NULL
7928,7928,Delivered,2025-11-17
7929,7929,Lost,NULL
7930,7930,In Transit,NULL
7931,7931,Delivered,2026-04-19
7932,7932,In Transit,NULL
7933,7933,Delivered,2023-06-04
7934,7934,Delivered,2024-12-06
7935,7935,In Transit,NULL
7936,7936,In Transit,NULL
7937,7937,Delivered,2024-05-05
7938,7938,Delayed,NULL
7939,7939,In Transit,NULL
7940,7940,Delivered,2023-07-11
7941,7941,Returned,NULL
7942,7942,Returned,NULL
7943,7943,Delivered,2024-08-16
7944,7944,Delivered,2025-10-01
7945,7945,In Transit,NULL
7946,7946,Delivered,2025-02-25
7947,7947,Delivered,2024-10-13
7948,7948,Delivered,2024-05-29
7949,7949,In Transit,NULL
7950,7950,Delivered,2024-12-09
7951,7951,Delivered,2026-07-19
7952,7952,Delivered,2023-10-10
7953,7953,In Transit,NULL
7954,7954,Delivered,2026-05-11
7955,7955,Delivered,2023-07-03
7956,7956,Delivered,2023-02-27
7957,7957,Returned,NULL
7958,7958,Delivered,2023-09-17
7959,7959,Delivered,2023-05-14
7960,7960,In Transit,NULL
7961,7961,Delivered,2026-03-16
7962,7962,Returned,NULL
7963,7963,In Transit,NULL
7964,7964,Delivered,2024-09-29
7965,7965,Delivered,2025-06-17
7966,7966,Delayed,NULL
7967,7967,Delayed,NULL
7968,7968,Delivered,2024-02-01
7969,7969,Delayed,NULL
7970,7970,Delayed,NULL
7971,7971,Returned,NULL
7972,7972,Delivered,2023-07-03
7973,7973,Delayed,NULL
7974,7974,Delivered,2023-04-14
7975,7975,Delivered,2025-12-24
7976,7976,Delivered,2025-03-20
7977,7977,Delivered,2024-04-25
7978,7978,In Transit,NULL
7979,7979,Delayed,NULL
7980,7980,Delivered,2025-06-12
7981,7981,Delivered,2024-01-09
7982,7982,Delivered,2023-05-20
7983,7983,Delivered,2025-11-26
7984,7984,Delivered,2023-05-11
7985,7985,Delivered,2024-01-31
7986,7986,Delivered,2025-12-18
7987,7987,Delivered,2024-04-08
7988,7988,In Transit,NULL
7989,7989,In Transit,NULL
7990,7990,Delayed,NULL
7991,7991,Delivered,2024-10-09
7992,7992,Delivered,2025-07-03
7993,7993,Delivered,2024-01-27
7994,7994,Delivered,2024-09-18
7995,7995,In Transit,NULL
7996,7996,Delivered,2026-01-29
7997,7997,Delivered,2025-08-15
7998,7998,Delivered,2024-10-26
7999,7999,Delivered,2025-08-14
8000,8000,Delivered,2026-05-24
8001,8001,Delivered,2023-03-14
8002,8002,Delivered,2025-05-23
8003,8003,Delivered,2023-02-28
8004,8004,In Transit,NULL
8005,8005,Delivered,2024-10-23
8006,8006,Delivered,2025-02-07
8007,8007,Delivered,2025-06-20
8008,8008,Delivered,2025-02-27
8009,8009,Delivered,2025-04-17
8010,8010,In Transit,NULL
8011,8011,Delivered,2024-08-17
8012,8012,Delivered,2025-06-17
8013,8013,Delivered,2025-08-10
8014,8014,Delivered,2025-04-17
8015,8015,In Transit,NULL
8016,8016,In Transit,NULL
8017,8017,Delivered,2026-02-20
8018,8018,Delivered,2026-08-13
8019,8019,Delivered,2024-02-13
8020,8020,Delivered,2024-06-27
8021,8021,Delivered,2024-05-25
8022,8022,In Transit,NULL
8023,8023,Delivered,2025-06-18
8024,8024,Delivered,2024-01-19
8025,8025,Delayed,NULL
8026,8026,In Transit,NULL
8027,8027,Delivered,2025-10-12
8028,8028,Delivered,2024-10-14
8029,8029,In Transit,NULL
8030,8030,Delivered,2025-12-05
8031,8031,In Transit,NULL
8032,8032,Lost,NULL
8033,8033,In Transit,NULL
8034,8034,Delivered,2024-02-20
8035,8035,Delivered,2025-03-16
8036,8036,Delayed,NULL
8037,8037,Delivered,2024-01-06
8038,8038,Delayed,NULL
8039,8039,Delivered,2026-01-09
8040,8040,Delivered,2024-05-28
8041,8041,Delivered,2023-03-27
8042,8042,Delivered,2025-09-14
8043,8043,Delivered,2023-04-25
8044,8044,Delivered,2024-04-15
8045,8045,Delivered,2024-03-16
8046,8046,Delivered,2023-07-11
8047,8047,Delivered,2024-02-14
8048,8048,Delivered,2023-09-12
8049,8049,Delayed,NULL
8050,8050,Delivered,2023-06-10
8051,8051,Lost,NULL
8052,8052,Delivered,2023-07-22
8053,8053,Delivered,2025-06-15
8054,8054,Delivered,2023-03-25
8055,8055,Delivered,2023-09-16
8056,8056,In Transit,NULL
8057,8057,Delivered,2024-07-01
8058,8058,Delivered,2025-07-13
8059,8059,Delivered,2024-10-10
8060,8060,Delivered,2024-02-11
8061,8061,Delivered,2024-01-20
8062,8062,Delivered,2024-03-29
8063,8063,Delivered,2023-09-29
8064,8064,Delivered,2026-01-13
8065,8065,Delivered,2026-05-20
8066,8066,Delivered,2026-02-12
8067,8067,In Transit,NULL
8068,8068,Delayed,NULL
8069,8069,Delivered,2025-02-20
8070,8070,Delivered,2024-04-29
8071,8071,Delayed,NULL
8072,8072,Delivered,2024-06-01
8073,8073,Delivered,2023-10-30
8074,8074,In Transit,NULL
8075,8075,Delivered,2023-08-27
8076,8076,Delivered,2024-03-06
8077,8077,In Transit,NULL
8078,8078,In Transit,NULL
8079,8079,Delivered,2023-04-04
8080,8080,Delayed,NULL
8081,8081,Delayed,NULL
8082,8082,In Transit,NULL
8083,8083,Delivered,2023-12-16
8084,8084,Delivered,2023-12-30
8085,8085,Delayed,NULL
8086,8086,Lost,NULL
8087,8087,Delivered,2023-03-09
8088,8088,In Transit,NULL
8089,8089,In Transit,NULL
8090,8090,Delivered,2024-05-31
8091,8091,Delivered,2024-01-27
8092,8092,Delivered,2024-12-15
8093,8093,Delivered,2023-02-28
8094,8094,Delivered,2025-05-10
8095,8095,Returned,NULL
8096,8096,Delivered,2025-12-31
8097,8097,Delivered,2025-08-03
8098,8098,Delayed,NULL
8099,8099,In Transit,NULL
8100,8100,Delivered,2025-04-14
8101,8101,Delivered,2023-02-06
8102,8102,In Transit,NULL
8103,8103,Delivered,2024-03-07
8104,8104,In Transit,NULL
8105,8105,Delivered,2023-11-05
8106,8106,In Transit,NULL
8107,8107,Delivered,2026-03-01
8108,8108,Delivered,2026-05-03
8109,8109,Delivered,2024-09-16
8110,8110,Delivered,2024-07-11
8111,8111,Delivered,2026-01-21
8112,8112,Delivered,2024-12-12
8113,8113,Delivered,2026-05-05
8114,8114,In Transit,NULL
8115,8115,Delivered,2024-10-21
8116,8116,In Transit,NULL
8117,8117,Delivered,2023-07-16
8118,8118,Delivered,2026-01-28
8119,8119,Returned,NULL
8120,8120,In Transit,NULL
8121,8121,Delivered,2026-01-21
8122,8122,Delayed,NULL
8123,8123,Delivered,2026-01-25
8124,8124,Delivered,2024-05-05
8125,8125,In Transit,NULL
8126,8126,Delayed,NULL
8127,8127,Delivered,2024-02-01
8128,8128,Delivered,2025-11-08
8129,8129,In Transit,NULL
8130,8130,Delivered,2024-05-08
8131,8131,Delivered,2023-04-17
8132,8132,In Transit,NULL
8133,8133,Delivered,2026-02-20
8134,8134,Delivered,2026-04-07
8135,8135,Delivered,2025-07-06
8136,8136,Delivered,2025-09-06
8137,8137,Delivered,2025-01-09
8138,8138,Delivered,2026-08-17
8139,8139,Returned,NULL
8140,8140,Delayed,NULL
8141,8141,In Transit,NULL
8142,8142,Delivered,2024-06-08
8143,8143,Delivered,2025-03-03
8144,8144,Delivered,2023-04-30
8145,8145,In Transit,NULL
8146,8146,Delivered,2025-12-18
8147,8147,Delivered,2024-03-15
8148,8148,Delivered,2024-08-26
8149,8149,Delivered,2023-11-29
8150,8150,Delayed,NULL
8151,8151,Delivered,2024-08-22
8152,8152,In Transit,NULL
8153,8153,In Transit,NULL
8154,8154,Delivered,2025-07-03
8155,8155,Delivered,2025-03-31
8156,8156,Delivered,2024-07-18
8157,8157,Delayed,NULL
8158,8158,Delivered,2025-06-29
8159,8159,Delivered,2023-06-15
8160,8160,Lost,NULL
8161,8161,In Transit,NULL
8162,8162,Delivered,2025-02-27
8163,8163,Delivered,2023-01-15
8164,8164,Delivered,2023-06-14
8165,8165,In Transit,NULL
8166,8166,Lost,NULL
8167,8167,Delayed,NULL
8168,8168,Delivered,2023-09-05
8169,8169,Returned,NULL
8170,8170,Delayed,NULL
8171,8171,Delivered,2023-07-28
8172,8172,Delivered,2025-11-30
8173,8173,Delivered,2023-11-10
8174,8174,Delivered,2026-02-28
8175,8175,Delayed,NULL
8176,8176,Delivered,2026-02-16
8177,8177,In Transit,NULL
8178,8178,Delivered,2023-10-23
8179,8179,In Transit,NULL
8180,8180,Delivered,2024-04-08
8181,8181,Delivered,2024-08-22
8182,8182,In Transit,NULL
8183,8183,Delivered,2023-11-19
8184,8184,In Transit,NULL
8185,8185,Delivered,2025-03-02
8186,8186,Delivered,2024-04-09
8187,8187,Delivered,2023-07-25
8188,8188,Delivered,2025-10-13
8189,8189,Delivered,2024-05-25
8190,8190,In Transit,NULL
8191,8191,Delivered,2024-03-17
8192,8192,Returned,NULL
8193,8193,In Transit,NULL
8194,8194,Delayed,NULL
8195,8195,Delivered,2023-03-16
8196,8196,Delayed,NULL
8197,8197,Delivered,2023-10-08
8198,8198,Returned,NULL
8199,8199,Delivered,2026-04-24
8200,8200,Delivered,2024-12-17
8201,8201,Delayed,NULL
8202,8202,Delayed,NULL
8203,8203,In Transit,NULL
8204,8204,Delivered,2024-07-12
8205,8205,In Transit,NULL
8206,8206,Delayed,NULL
8207,8207,Delivered,2024-01-02
8208,8208,Delivered,2025-01-03
8209,8209,Delayed,NULL
8210,8210,Delivered,2025-08-22
8211,8211,Delayed,NULL
8212,8212,In Transit,NULL
8213,8213,Delivered,2023-11-08
8214,8214,Delivered,2026-01-01
8215,8215,In Transit,NULL
8216,8216,In Transit,NULL
8217,8217,Delivered,2026-07-15
8218,8218,Delivered,2025-02-13
8219,8219,Delivered,2025-09-16
8220,8220,Delivered,2026-02-07
8221,8221,Delivered,2023-06-22
8222,8222,Delivered,2023-04-07
8223,8223,Delivered,2023-07-29
8224,8224,Delivered,2023-04-25
8225,8225,In Transit,NULL
8226,8226,In Transit,NULL
8227,8227,Delivered,2024-01-13
8228,8228,Delivered,2025-09-10
8229,8229,Delivered,2025-09-30
8230,8230,Delivered,2025-04-26
8231,8231,Delivered,2024-02-01
8232,8232,Delivered,2023-08-12
8233,8233,In Transit,NULL
8234,8234,In Transit,NULL
8235,8235,Delivered,2023-08-14
8236,8236,Delivered,2024-05-14
8237,8237,Delayed,NULL
8238,8238,Delayed,NULL
8239,8239,Delivered,2023-09-15
8240,8240,Delivered,2024-12-29
8241,8241,In Transit,NULL
8242,8242,Delivered,2025-01-30
8243,8243,In Transit,NULL
8244,8244,In Transit,NULL
8245,8245,Delivered,2026-03-18
8246,8246,Delayed,NULL
8247,8247,Delivered,2023-04-25
8248,8248,Delivered,2023-12-24
8249,8249,Delivered,2024-03-21
8250,8250,In Transit,NULL
8251,8251,In Transit,NULL
8252,8252,Delayed,NULL
8253,8253,Delivered,2025-06-25
8254,8254,In Transit,NULL
8255,8255,In Transit,NULL
8256,8256,Lost,NULL
8257,8257,Delivered,2023-10-14
8258,8258,Delivered,2024-08-26
8259,8259,In Transit,NULL
8260,8260,Delivered,2024-12-04
8261,8261,Delivered,2025-07-25
8262,8262,Delivered,2025-02-07
8263,8263,In Transit,NULL
8264,8264,Delivered,2024-11-05
8265,8265,Delivered,2025-01-28
8266,8266,Delivered,2023-07-30
8267,8267,Delivered,2023-08-18
8268,8268,Delivered,2024-02-05
8269,8269,In Transit,NULL
8270,8270,Delivered,2025-10-31
8271,8271,Delivered,2024-02-10
8272,8272,Delayed,NULL
8273,8273,Delivered,2023-12-15
8274,8274,Delivered,2026-02-10
8275,8275,Delivered,2025-01-15
8276,8276,Returned,NULL
8277,8277,In Transit,NULL
8278,8278,Delivered,2023-10-25
8279,8279,Delivered,2024-12-29
8280,8280,Delivered,2024-02-03
8281,8281,In Transit,NULL
8282,8282,Delivered,2026-04-16
8283,8283,Delayed,NULL
8284,8284,Delivered,2023-08-11
8285,8285,Delivered,2023-10-19
8286,8286,In Transit,NULL
8287,8287,Delivered,2026-05-29
8288,8288,Delivered,2026-07-10
8289,8289,Delayed,NULL
8290,8290,In Transit,NULL
8291,8291,In Transit,NULL
8292,8292,Delivered,2024-10-01
8293,8293,In Transit,NULL
8294,8294,Delivered,2024-06-25
8295,8295,In Transit,NULL
8296,8296,Delivered,2023-05-06
8297,8297,Delayed,NULL
8298,8298,Delivered,2024-01-20
8299,8299,Returned,NULL
8300,8300,Delivered,2026-07-12
8301,8301,Delivered,2023-05-15
8302,8302,Returned,NULL
8303,8303,In Transit,NULL
8304,8304,Delivered,2025-06-28
8305,8305,Delayed,NULL
8306,8306,In Transit,NULL
8307,8307,Delayed,NULL
8308,8308,Delivered,2023-07-11
8309,8309,Delivered,2025-07-11
8310,8310,Delivered,2024-11-05
8311,8311,Delivered,2023-06-12
8312,8312,Delivered,2024-10-24
8313,8313,Delivered,2023-10-11
8314,8314,In Transit,NULL
8315,8315,Delivered,2025-03-31
8316,8316,Delivered,2024-07-15
8317,8317,Delivered,2024-04-15
8318,8318,In Transit,NULL
8319,8319,Delayed,NULL
8320,8320,Returned,NULL
8321,8321,Delivered,2025-05-14
8322,8322,Delivered,2026-05-28
8323,8323,Delivered,2024-06-18
8324,8324,In Transit,NULL
8325,8325,Delivered,2023-09-25
8326,8326,Returned,NULL
8327,8327,In Transit,NULL
8328,8328,In Transit,NULL
8329,8329,In Transit,NULL
8330,8330,Delivered,2023-03-11
8331,8331,Delivered,2024-05-04
8332,8332,Delivered,2026-07-16
8333,8333,Delivered,2026-03-05
8334,8334,Delivered,2026-01-21
8335,8335,In Transit,NULL
8336,8336,Delivered,2025-06-27
8337,8337,In Transit,NULL
8338,8338,In Transit,NULL
8339,8339,Delivered,2026-01-23
8340,8340,In Transit,NULL
8341,8341,Delivered,2024-01-16
8342,8342,Delivered,2023-05-18
8343,8343,Delivered,2024-04-12
8344,8344,Delivered,2024-09-16
8345,8345,Delivered,2024-10-21
8346,8346,Delivered,2024-07-25
8347,8347,Delivered,2025-08-15
8348,8348,In Transit,NULL
8349,8349,Lost,NULL
8350,8350,Delivered,2025-10-31
8351,8351,Delayed,NULL
8352,8352,Delivered,2026-04-28
8353,8353,In Transit,NULL
8354,8354,Delivered,2024-07-13
8355,8355,Delivered,2023-05-07
8356,8356,In Transit,NULL
8357,8357,Delayed,NULL
8358,8358,In Transit,NULL
8359,8359,Delivered,2025-05-22
8360,8360,Delayed,NULL
8361,8361,In Transit,NULL
8362,8362,Delivered,2024-04-06
8363,8363,In Transit,NULL
8364,8364,Delivered,2025-06-20
8365,8365,Delivered,2025-09-21
8366,8366,Delivered,2026-02-28
8367,8367,Delivered,2024-07-16
8368,8368,Delayed,NULL
8369,8369,Delivered,2024-01-16
8370,8370,Delayed,NULL
8371,8371,Delayed,NULL
8372,8372,Delivered,2024-10-14
8373,8373,Delivered,2026-07-20
8374,8374,Delayed,NULL
8375,8375,In Transit,NULL
8376,8376,Delayed,NULL
8377,8377,Delivered,2026-01-14
8378,8378,Delivered,2024-08-25
8379,8379,Delayed,NULL
8380,8380,Delivered,2025-12-03
8381,8381,Delivered,2025-09-26
8382,8382,Returned,NULL
8383,8383,In Transit,NULL
8384,8384,Delivered,2025-04-19
8385,8385,In Transit,NULL
8386,8386,Delivered,2024-06-07
8387,8387,Delivered,2025-06-29
8388,8388,In Transit,NULL
8389,8389,Delayed,NULL
8390,8390,Delayed,NULL
8391,8391,Delivered,2025-10-05
8392,8392,Delivered,2026-07-20
8393,8393,Delivered,2023-01-22
8394,8394,Delayed,NULL
8395,8395,In Transit,NULL
8396,8396,Lost,NULL
8397,8397,Delayed,NULL
8398,8398,In Transit,NULL
8399,8399,Delivered,2023-11-24
8400,8400,In Transit,NULL
8401,8401,Delivered,2024-03-29
8402,8402,Delayed,NULL
8403,8403,In Transit,NULL
8404,8404,Delayed,NULL
8405,8405,In Transit,NULL
8406,8406,Delivered,2025-10-26
8407,8407,Delivered,2024-01-28
8408,8408,In Transit,NULL
8409,8409,Delivered,2024-02-01
8410,8410,Delivered,2023-02-04
8411,8411,Delayed,NULL
8412,8412,Delivered,2024-11-24
8413,8413,Delivered,2023-08-22
8414,8414,Delayed,NULL
8415,8415,Delivered,2025-11-28
8416,8416,In Transit,NULL
8417,8417,Delivered,2025-12-02
8418,8418,Delivered,2023-09-16
8419,8419,Delivered,2023-05-01
8420,8420,Delivered,2026-03-30
8421,8421,Delayed,NULL
8422,8422,Delayed,NULL
8423,8423,In Transit,NULL
8424,8424,Delivered,2024-09-20
8425,8425,In Transit,NULL
8426,8426,Delivered,2026-04-24
8427,8427,Delivered,2023-03-31
8428,8428,Delivered,2023-11-04
8429,8429,Delivered,2026-02-11
8430,8430,In Transit,NULL
8431,8431,Delivered,2024-06-20
8432,8432,Returned,NULL
8433,8433,Delivered,2026-03-22
8434,8434,Delayed,NULL
8435,8435,Delayed,NULL
8436,8436,Delayed,NULL
8437,8437,Delivered,2024-11-17
8438,8438,Delayed,NULL
8439,8439,Delivered,2026-03-23
8440,8440,Delivered,2025-03-05
8441,8441,Delayed,NULL
8442,8442,Delivered,2024-02-10
8443,8443,Delayed,NULL
8444,8444,Delivered,2023-03-16
8445,8445,In Transit,NULL
8446,8446,Delivered,2026-04-04
8447,8447,Lost,NULL
8448,8448,Delayed,NULL
8449,8449,Delayed,NULL
8450,8450,Delayed,NULL
8451,8451,Delivered,2025-05-18
8452,8452,In Transit,NULL
8453,8453,Delivered,2024-12-31
8454,8454,In Transit,NULL
8455,8455,Delayed,NULL
8456,8456,Delivered,2024-02-20
8457,8457,Returned,NULL
8458,8458,In Transit,NULL
8459,8459,Delivered,2025-02-02
8460,8460,Delivered,2023-10-22
8461,8461,Delivered,2025-07-10
8462,8462,Delivered,2026-04-04
8463,8463,Delivered,2024-07-16
8464,8464,Delayed,NULL
8465,8465,Delivered,2026-07-17
8466,8466,Delivered,2023-09-07
8467,8467,In Transit,NULL
8468,8468,Delivered,2025-05-02
8469,8469,Delayed,NULL
8470,8470,Delivered,2025-06-14
8471,8471,In Transit,NULL
8472,8472,Delivered,2025-09-01
8473,8473,In Transit,NULL
8474,8474,Delivered,2025-11-19
8475,8475,In Transit,NULL
8476,8476,Delivered,2023-10-23
8477,8477,Delivered,2025-12-10
8478,8478,In Transit,NULL
8479,8479,Delivered,2023-06-09
8480,8480,Delayed,NULL
8481,8481,Returned,NULL
8482,8482,Delivered,2026-03-11
8483,8483,Delivered,2023-02-24
8484,8484,Delayed,NULL
8485,8485,Delayed,NULL
8486,8486,Delayed,NULL
8487,8487,In Transit,NULL
8488,8488,In Transit,NULL
8489,8489,Delivered,2025-08-03
8490,8490,In Transit,NULL
8491,8491,Delivered,2025-04-07
8492,8492,In Transit,NULL
8493,8493,Delayed,NULL
8494,8494,In Transit,NULL
8495,8495,Delivered,2026-04-08
8496,8496,In Transit,NULL
8497,8497,Delayed,NULL
8498,8498,Delayed,NULL
8499,8499,In Transit,NULL
8500,8500,In Transit,NULL
8501,8501,Delivered,2024-05-26
8502,8502,Delivered,2024-05-08
8503,8503,Delivered,2024-07-01
8504,8504,Delivered,2023-11-06
8505,8505,Delivered,2026-01-20
8506,8506,In Transit,NULL
8507,8507,Delivered,2024-06-19
8508,8508,In Transit,NULL
8509,8509,In Transit,NULL
8510,8510,Delivered,2026-05-07
8511,8511,In Transit,NULL
8512,8512,Delivered,2026-05-02
8513,8513,Delayed,NULL
8514,8514,Delivered,2025-10-16
8515,8515,Delivered,2024-09-27
8516,8516,Delivered,2025-04-12
8517,8517,Delivered,2024-05-15
8518,8518,Delivered,2025-07-09
8519,8519,Returned,NULL
8520,8520,Delivered,2025-07-24
8521,8521,Delivered,2025-11-03
8522,8522,Delivered,2026-01-03
8523,8523,In Transit,NULL
8524,8524,Delayed,NULL
8525,8525,Delayed,NULL
8526,8526,In Transit,NULL
8527,8527,Delivered,2026-04-28
8528,8528,Delivered,2025-06-26
8529,8529,Delivered,2023-04-11
8530,8530,In Transit,NULL
8531,8531,Delivered,2024-11-05
8532,8532,Delivered,2023-07-09
8533,8533,In Transit,NULL
8534,8534,Delivered,2024-11-13
8535,8535,In Transit,NULL
8536,8536,Delivered,2024-03-19
8537,8537,Returned,NULL
8538,8538,Delivered,2023-05-18
8539,8539,Delivered,2023-11-30
8540,8540,Delivered,2025-07-04
8541,8541,Delivered,2025-10-20
8542,8542,In Transit,NULL
8543,8543,Delivered,2023-08-10
8544,8544,Delivered,2026-05-15
8545,8545,Delivered,2024-11-07
8546,8546,In Transit,NULL
8547,8547,Delivered,2023-12-24
8548,8548,Delayed,NULL
8549,8549,Delivered,2023-11-02
8550,8550,In Transit,NULL
8551,8551,In Transit,NULL
8552,8552,Delivered,2024-07-01
8553,8553,In Transit,NULL
8554,8554,Returned,NULL
8555,8555,Delivered,2024-01-01
8556,8556,Delivered,2025-01-29
8557,8557,Delivered,2025-05-24
8558,8558,In Transit,NULL
8559,8559,In Transit,NULL
8560,8560,Delivered,2024-05-24
8561,8561,Delivered,2023-11-26
8562,8562,Delivered,2026-06-01
8563,8563,Delayed,NULL
8564,8564,In Transit,NULL
8565,8565,Delivered,2026-03-18
8566,8566,Returned,NULL
8567,8567,Delivered,2024-08-24
8568,8568,In Transit,NULL
8569,8569,In Transit,NULL
8570,8570,Delivered,2024-04-30
8571,8571,Delivered,2024-07-28
8572,8572,In Transit,NULL
8573,8573,Delivered,2026-03-11
8574,8574,Delivered,2025-10-26
8575,8575,In Transit,NULL
8576,8576,Delivered,2025-02-07
8577,8577,Delivered,2025-09-05
8578,8578,In Transit,NULL
8579,8579,In Transit,NULL
8580,8580,Delivered,2023-12-27
8581,8581,In Transit,NULL
8582,8582,Lost,NULL
8583,8583,Delayed,NULL
8584,8584,In Transit,NULL
8585,8585,In Transit,NULL
8586,8586,In Transit,NULL
8587,8587,Delivered,2023-09-12
8588,8588,In Transit,NULL
8589,8589,Delivered,2025-09-05
8590,8590,Delivered,2026-03-14
8591,8591,In Transit,NULL
8592,8592,Delivered,2024-07-20
8593,8593,Delayed,NULL
8594,8594,Delayed,NULL
8595,8595,Delivered,2023-12-11
8596,8596,Delivered,2025-03-25
8597,8597,Delivered,2024-06-23
8598,8598,Returned,NULL
8599,8599,In Transit,NULL
8600,8600,Delivered,2024-12-19
8601,8601,Delivered,2023-06-30
8602,8602,Delayed,NULL
8603,8603,Delayed,NULL
8604,8604,In Transit,NULL
8605,8605,Delivered,2023-09-26
8606,8606,Delivered,2024-03-14
8607,8607,Delivered,2026-06-14
8608,8608,Delayed,NULL
8609,8609,Delayed,NULL
8610,8610,Delayed,NULL
8611,8611,Returned,NULL
8612,8612,Delivered,2025-02-08
8613,8613,Delivered,2023-03-06
8614,8614,Delivered,2023-06-29
8615,8615,Delivered,2025-02-13
8616,8616,Delivered,2024-08-10
8617,8617,In Transit,NULL
8618,8618,Delayed,NULL
8619,8619,In Transit,NULL
8620,8620,Delivered,2026-02-18
8621,8621,Delivered,2026-05-18
8622,8622,In Transit,NULL
8623,8623,Delivered,2026-02-21
8624,8624,Delayed,NULL
8625,8625,In Transit,NULL
8626,8626,Delivered,2026-07-09
8627,8627,In Transit,NULL
8628,8628,Delivered,2025-02-10
8629,8629,Delivered,2024-03-16
8630,8630,Delivered,2026-07-13
8631,8631,Delayed,NULL
8632,8632,Delivered,2023-06-27
8633,8633,In Transit,NULL
8634,8634,Delivered,2026-06-24
8635,8635,Delivered,2026-06-13
8636,8636,Delivered,2026-03-12
8637,8637,In Transit,NULL
8638,8638,Delivered,2023-07-05
8639,8639,Delivered,2024-07-16
8640,8640,Delivered,2024-02-08
8641,8641,Lost,NULL
8642,8642,In Transit,NULL
8643,8643,Delayed,NULL
8644,8644,Delayed,NULL
8645,8645,Delivered,2024-05-18
8646,8646,In Transit,NULL
8647,8647,Delivered,2024-08-14
8648,8648,Delivered,2023-10-13
8649,8649,In Transit,NULL
8650,8650,Delivered,2024-07-15
8651,8651,Delayed,NULL
8652,8652,In Transit,NULL
8653,8653,Delivered,2023-08-29
8654,8654,Delivered,2025-08-03
8655,8655,Delivered,2025-01-08
8656,8656,Delayed,NULL
8657,8657,Delayed,NULL
8658,8658,Delivered,2023-09-21
8659,8659,Delivered,2026-01-27
8660,8660,In Transit,NULL
8661,8661,Lost,NULL
8662,8662,Delivered,2025-03-26
8663,8663,In Transit,NULL
8664,8664,In Transit,NULL
8665,8665,Returned,NULL
8666,8666,Delivered,2025-08-22
8667,8667,In Transit,NULL
8668,8668,In Transit,NULL
8669,8669,Delivered,2023-10-23
8670,8670,Delivered,2023-04-27
8671,8671,Delivered,2026-06-23
8672,8672,In Transit,NULL
8673,8673,Delivered,2024-06-17
8674,8674,Delivered,2024-11-16
8675,8675,Delayed,NULL
8676,8676,Delayed,NULL
8677,8677,Delivered,2025-10-14
8678,8678,In Transit,NULL
8679,8679,Delivered,2024-11-08
8680,8680,In Transit,NULL
8681,8681,Delayed,NULL
8682,8682,In Transit,NULL
8683,8683,Delivered,2026-03-10
8684,8684,Delivered,2025-09-23
8685,8685,Delivered,2024-05-18
8686,8686,Delayed,NULL
8687,8687,Delivered,2025-04-09
8688,8688,Returned,NULL
8689,8689,Delivered,2026-05-30
8690,8690,Lost,NULL
8691,8691,Delivered,2023-12-04
8692,8692,Delivered,2023-11-12
8693,8693,Delivered,2023-08-06
8694,8694,Delivered,2025-03-16
8695,8695,In Transit,NULL
8696,8696,Delivered,2025-11-18
8697,8697,Delivered,2024-05-24
8698,8698,Delivered,2023-06-29
8699,8699,Delayed,NULL
8700,8700,Delayed,NULL
8701,8701,Returned,NULL
8702,8702,In Transit,NULL
8703,8703,Lost,NULL
8704,8704,Delayed,NULL
8705,8705,Delivered,2023-07-19
8706,8706,Delivered,2023-11-18
8707,8707,Delayed,NULL
8708,8708,Delivered,2024-05-26
8709,8709,Delayed,NULL
8710,8710,Delivered,2025-10-07
8711,8711,Delivered,2024-06-13
8712,8712,Delivered,2023-09-23
8713,8713,Delayed,NULL
8714,8714,Delivered,2023-12-29
8715,8715,Returned,NULL
8716,8716,In Transit,NULL
8717,8717,In Transit,NULL
8718,8718,Delayed,NULL
8719,8719,Delivered,2023-05-26
8720,8720,Delivered,2024-10-15
8721,8721,In Transit,NULL
8722,8722,Delivered,2023-08-02
8723,8723,Delivered,2025-09-03
8724,8724,Returned,NULL
8725,8725,Delivered,2025-02-25
8726,8726,Delivered,2024-05-11
8727,8727,Delayed,NULL
8728,8728,In Transit,NULL
8729,8729,Delayed,NULL
8730,8730,Delayed,NULL
8731,8731,Delivered,2024-07-28
8732,8732,Delivered,2025-08-27
8733,8733,Returned,NULL
8734,8734,Delayed,NULL
8735,8735,Delivered,2024-08-18
8736,8736,Delayed,NULL
8737,8737,Delivered,2025-04-01
8738,8738,Delayed,NULL
8739,8739,In Transit,NULL
8740,8740,Delayed,NULL
8741,8741,Delivered,2023-04-12
8742,8742,Delivered,2023-10-28
8743,8743,Delivered,2025-03-14
8744,8744,In Transit,NULL
8745,8745,In Transit,NULL
8746,8746,Delivered,2023-04-17
8747,8747,Delivered,2025-04-25
8748,8748,In Transit,NULL
8749,8749,Delivered,2025-04-12
8750,8750,Delivered,2025-08-11
8751,8751,Delayed,NULL
8752,8752,Delayed,NULL
8753,8753,In Transit,NULL
8754,8754,Delivered,2024-07-02
8755,8755,Delivered,2023-09-10
8756,8756,Delivered,2024-10-11
8757,8757,Delayed,NULL
8758,8758,Delivered,2024-02-15
8759,8759,In Transit,NULL
8760,8760,Delivered,2023-08-28
8761,8761,Delivered,2023-02-03
8762,8762,In Transit,NULL
8763,8763,Delivered,2024-12-21
8764,8764,Delivered,2026-01-09
8765,8765,Delivered,2024-01-27
8766,8766,Returned,NULL
8767,8767,Delivered,2024-05-07
8768,8768,In Transit,NULL
8769,8769,Returned,NULL
8770,8770,In Transit,NULL
8771,8771,Delivered,2024-09-25
8772,8772,Delayed,NULL
8773,8773,Delivered,2026-04-11
8774,8774,Delivered,2025-06-26
8775,8775,Delivered,2024-07-10
8776,8776,Delivered,2025-11-10
8777,8777,Delivered,2026-07-23
8778,8778,Returned,NULL
8779,8779,Delayed,NULL
8780,8780,Delivered,2024-08-17
8781,8781,In Transit,NULL
8782,8782,Delivered,2024-12-25
8783,8783,In Transit,NULL
8784,8784,Delivered,2023-08-30
8785,8785,In Transit,NULL
8786,8786,Delivered,2026-07-25
8787,8787,Delayed,NULL
8788,8788,Delayed,NULL
8789,8789,Delivered,2023-02-04
8790,8790,In Transit,NULL
8791,8791,Delayed,NULL
8792,8792,Delivered,2025-07-18
8793,8793,Delivered,2023-11-17
8794,8794,In Transit,NULL
8795,8795,Delivered,2024-07-03
8796,8796,In Transit,NULL
8797,8797,Delivered,2025-09-27
8798,8798,In Transit,NULL
8799,8799,In Transit,NULL
8800,8800,Delivered,2025-07-09
8801,8801,Returned,NULL
8802,8802,In Transit,NULL
8803,8803,Delivered,2024-03-24
8804,8804,Delivered,2026-01-23
8805,8805,Delivered,2025-08-17
8806,8806,Delivered,2024-12-21
8807,8807,In Transit,NULL
8808,8808,Delayed,NULL
8809,8809,In Transit,NULL
8810,8810,Delivered,2026-02-18
8811,8811,Delivered,2025-05-26
8812,8812,In Transit,NULL
8813,8813,Delayed,NULL
8814,8814,In Transit,NULL
8815,8815,Delivered,2023-05-07
8816,8816,Delivered,2023-12-19
8817,8817,Delivered,2024-08-03
8818,8818,Delivered,2025-12-12
8819,8819,Delivered,2024-06-03
8820,8820,Delivered,2024-02-14
8821,8821,Delivered,2026-03-12
8822,8822,Delivered,2025-04-04
8823,8823,In Transit,NULL
8824,8824,Delivered,2024-01-10
8825,8825,Delivered,2024-08-20
8826,8826,Delayed,NULL
8827,8827,Delivered,2026-07-20
8828,8828,Delivered,2025-03-16
8829,8829,In Transit,NULL
8830,8830,Lost,NULL
8831,8831,In Transit,NULL
8832,8832,Delivered,2024-10-04
8833,8833,Delivered,2026-06-27
8834,8834,In Transit,NULL
8835,8835,Delivered,2023-06-03
8836,8836,In Transit,NULL
8837,8837,Delivered,2026-03-26
8838,8838,Delivered,2023-08-13
8839,8839,Delivered,2025-10-25
8840,8840,Delivered,2023-07-04
8841,8841,In Transit,NULL
8842,8842,Delayed,NULL
8843,8843,Delivered,2025-06-18
8844,8844,In Transit,NULL
8845,8845,Delivered,2026-05-14
8846,8846,Delivered,2026-05-16
8847,8847,In Transit,NULL
8848,8848,Delivered,2025-05-14
8849,8849,Returned,NULL
8850,8850,Delayed,NULL
8851,8851,Returned,NULL
8852,8852,Delivered,2023-03-09
8853,8853,In Transit,NULL
8854,8854,Delivered,2025-02-06
8855,8855,Delivered,2023-04-27
8856,8856,Delivered,2026-04-07
8857,8857,Delivered,2026-02-26
8858,8858,Delayed,NULL
8859,8859,Delivered,2026-04-18
8860,8860,Delivered,2023-09-10
8861,8861,Delivered,2023-12-03
8862,8862,In Transit,NULL
8863,8863,In Transit,NULL
8864,8864,Delivered,2025-10-25
8865,8865,Delivered,2023-07-17
8866,8866,In Transit,NULL
8867,8867,Delivered,2025-08-06
8868,8868,In Transit,NULL
8869,8869,Delayed,NULL
8870,8870,In Transit,NULL
8871,8871,Delivered,2025-10-31
8872,8872,In Transit,NULL
8873,8873,Delivered,2024-01-03
8874,8874,Delivered,2025-08-28
8875,8875,Delivered,2025-06-24
8876,8876,Delivered,2023-06-12
8877,8877,Delivered,2025-09-27
8878,8878,Delivered,2023-03-13
8879,8879,Delayed,NULL
8880,8880,In Transit,NULL
8881,8881,Delivered,2024-05-24
8882,8882,Delivered,2023-12-25
8883,8883,Delayed,NULL
8884,8884,In Transit,NULL
8885,8885,Delivered,2025-12-14
8886,8886,Delayed,NULL
8887,8887,Lost,NULL
8888,8888,Delivered,2026-04-14
8889,8889,Delivered,2024-02-01
8890,8890,Delayed,NULL
8891,8891,In Transit,NULL
8892,8892,Delivered,2024-03-13
8893,8893,Delivered,2023-10-15
8894,8894,Delayed,NULL
8895,8895,In Transit,NULL
8896,8896,Delivered,2025-05-08
8897,8897,In Transit,NULL
8898,8898,Delivered,2024-04-30
8899,8899,Delivered,2025-08-11
8900,8900,Delivered,2026-03-26
8901,8901,Delivered,2023-10-28
8902,8902,Delivered,2023-03-20
8903,8903,Delivered,2024-01-04
8904,8904,Delayed,NULL
8905,8905,Delivered,2025-03-12
8906,8906,Delivered,2026-02-23
8907,8907,Delivered,2026-07-02
8908,8908,Delivered,2023-08-17
8909,8909,Delivered,2024-04-28
8910,8910,Delivered,2025-09-18
8911,8911,In Transit,NULL
8912,8912,In Transit,NULL
8913,8913,Delivered,2025-07-28
8914,8914,In Transit,NULL
8915,8915,Delivered,2024-01-06
8916,8916,Delivered,2023-11-28
8917,8917,In Transit,NULL
8918,8918,Delayed,NULL
8919,8919,Delivered,2024-02-12
8920,8920,Delivered,2024-06-10
8921,8921,Delivered,2024-12-09
8922,8922,Delayed,NULL
8923,8923,Delivered,2023-03-28
8924,8924,In Transit,NULL
8925,8925,In Transit,NULL
8926,8926,In Transit,NULL
8927,8927,In Transit,NULL
8928,8928,Delivered,2024-12-29
8929,8929,In Transit,NULL
8930,8930,Delivered,2023-04-02
8931,8931,In Transit,NULL
8932,8932,Delivered,2024-10-06
8933,8933,Delayed,NULL
8934,8934,Delayed,NULL
8935,8935,In Transit,NULL
8936,8936,Delivered,2023-08-30
8937,8937,Delivered,2025-04-08
8938,8938,Delivered,2025-11-29
8939,8939,Delivered,2026-06-17
8940,8940,In Transit,NULL
8941,8941,Delivered,2024-10-29
8942,8942,Delivered,2024-06-20
8943,8943,Delivered,2023-04-05
8944,8944,Delivered,2023-01-28
8945,8945,Delivered,2023-12-01
8946,8946,In Transit,NULL
8947,8947,In Transit,NULL
8948,8948,Returned,NULL
8949,8949,In Transit,NULL
8950,8950,Delivered,2026-07-01
8951,8951,Lost,NULL
8952,8952,Delivered,2023-02-11
8953,8953,Delayed,NULL
8954,8954,Delivered,2026-04-07
8955,8955,Delivered,2025-03-25
8956,8956,Delivered,2026-04-13
8957,8957,Delivered,2026-04-17
8958,8958,Delivered,2026-05-18
8959,8959,Delivered,2024-05-13
8960,8960,In Transit,NULL
8961,8961,In Transit,NULL
8962,8962,Delivered,2023-06-07
8963,8963,Delivered,2024-11-16
8964,8964,Delivered,2023-07-25
8965,8965,In Transit,NULL
8966,8966,Returned,NULL
8967,8967,Delayed,NULL
8968,8968,In Transit,NULL
8969,8969,Delivered,2025-05-08
8970,8970,Delivered,2024-03-03
8971,8971,In Transit,NULL
8972,8972,Delivered,2024-02-03
8973,8973,Delivered,2024-05-30
8974,8974,Delivered,2026-05-30
8975,8975,In Transit,NULL
8976,8976,Delivered,2023-06-18
8977,8977,Delivered,2026-02-05
8978,8978,Delivered,2025-02-10
8979,8979,In Transit,NULL
8980,8980,Delayed,NULL
8981,8981,In Transit,NULL
8982,8982,Delivered,2026-05-26
8983,8983,Delivered,2025-06-09
8984,8984,Delivered,2024-05-22
8985,8985,Delivered,2026-02-25
8986,8986,In Transit,NULL
8987,8987,Delayed,NULL
8988,8988,Delayed,NULL
8989,8989,Delivered,2025-10-05
8990,8990,Delivered,2025-07-01
8991,8991,Delivered,2025-01-04
8992,8992,In Transit,NULL
8993,8993,In Transit,NULL
8994,8994,Delivered,2025-05-07
8995,8995,In Transit,NULL
8996,8996,Delivered,2023-06-19
8997,8997,Delivered,2023-08-21
8998,8998,In Transit,NULL
8999,8999,Delayed,NULL
9000,9000,Delivered,2025-12-22
9001,9001,Delivered,2026-04-19
9002,9002,In Transit,NULL
9003,9003,Returned,NULL
9004,9004,Delivered,2025-05-01
9005,9005,Delivered,2025-10-18
9006,9006,In Transit,NULL
9007,9007,Returned,NULL
9008,9008,In Transit,NULL
9009,9009,Delivered,2023-11-12
9010,9010,Delivered,2025-06-09
9011,9011,In Transit,NULL
9012,9012,Delivered,2024-05-03
9013,9013,In Transit,NULL
9014,9014,Delivered,2024-11-19
9015,9015,Delivered,2025-11-25
9016,9016,In Transit,NULL
9017,9017,Returned,NULL
9018,9018,Delivered,2026-01-09
9019,9019,Delivered,2023-03-07
9020,9020,Delivered,2026-04-20
9021,9021,Delayed,NULL
9022,9022,Delayed,NULL
9023,9023,Delivered,2023-02-24
9024,9024,Delivered,2024-11-06
9025,9025,Delivered,2023-11-21
9026,9026,Delivered,2025-11-27
9027,9027,Delayed,NULL
9028,9028,Delivered,2025-02-18
9029,9029,Delayed,NULL
9030,9030,Delivered,2026-04-17
9031,9031,Delivered,2023-03-06
9032,9032,Delivered,2023-06-07
9033,9033,Delivered,2026-03-05
9034,9034,Delivered,2025-12-11
9035,9035,Delivered,2024-08-11
9036,9036,In Transit,NULL
9037,9037,Delivered,2025-07-28
9038,9038,In Transit,NULL
9039,9039,Delivered,2024-01-11
9040,9040,Delivered,2024-01-07
9041,9041,Delivered,2026-02-18
9042,9042,In Transit,NULL
9043,9043,Delivered,2024-12-28
9044,9044,Delivered,2023-08-11
9045,9045,Delivered,2024-04-06
9046,9046,In Transit,NULL
9047,9047,Delivered,2024-01-21
9048,9048,In Transit,NULL
9049,9049,Delivered,2025-06-01
9050,9050,Delivered,2023-05-09
9051,9051,In Transit,NULL
9052,9052,Delivered,2026-02-27
9053,9053,In Transit,NULL
9054,9054,Delivered,2024-12-16
9055,9055,In Transit,NULL
9056,9056,Delivered,2023-09-12
9057,9057,Delivered,2023-12-15
9058,9058,Delivered,2026-08-04
9059,9059,Delivered,2026-05-04
9060,9060,Delivered,2025-04-30
9061,9061,Delivered,2025-08-09
9062,9062,Delayed,NULL
9063,9063,Returned,NULL
9064,9064,Delivered,2023-07-18
9065,9065,Delivered,2023-12-13
9066,9066,In Transit,NULL
9067,9067,Delivered,2024-05-22
9068,9068,Delivered,2024-11-11
9069,9069,Delayed,NULL
9070,9070,Returned,NULL
9071,9071,Delayed,NULL
9072,9072,Delivered,2026-01-09
9073,9073,In Transit,NULL
9074,9074,Delivered,2023-03-29
9075,9075,Delivered,2024-04-17
9076,9076,Delivered,2024-08-20
9077,9077,Delivered,2025-09-13
9078,9078,Delivered,2025-09-30
9079,9079,Delivered,2023-05-17
9080,9080,Delivered,2024-05-01
9081,9081,Delivered,2025-03-03
9082,9082,Delivered,2026-04-18
9083,9083,Delivered,2026-02-08
9084,9084,Delivered,2024-07-07
9085,9085,In Transit,NULL
9086,9086,Delivered,2025-06-13
9087,9087,Delivered,2025-11-04
9088,9088,Delivered,2025-08-03
9089,9089,Returned,NULL
9090,9090,Delivered,2024-08-14
9091,9091,Delivered,2026-03-17
9092,9092,In Transit,NULL
9093,9093,Delivered,2023-10-17
9094,9094,Delivered,2026-07-04
9095,9095,Delivered,2025-06-18
9096,9096,In Transit,NULL
9097,9097,Delivered,2024-09-03
9098,9098,Returned,NULL
9099,9099,Delivered,2026-04-21
9100,9100,Delivered,2023-07-13
9101,9101,Delivered,2026-01-04
9102,9102,In Transit,NULL
9103,9103,Delayed,NULL
9104,9104,Lost,NULL
9105,9105,Delivered,2023-07-31
9106,9106,Delivered,2025-12-22
9107,9107,Delivered,2023-08-16
9108,9108,In Transit,NULL
9109,9109,In Transit,NULL
9110,9110,Delivered,2025-02-23
9111,9111,In Transit,NULL
9112,9112,Delivered,2023-04-14
9113,9113,In Transit,NULL
9114,9114,In Transit,NULL
9115,9115,Delivered,2026-05-05
9116,9116,Delivered,2026-04-02
9117,9117,Lost,NULL
9118,9118,Delivered,2023-02-27
9119,9119,Delivered,2024-10-18
9120,9120,Delivered,2026-06-30
9121,9121,Delayed,NULL
9122,9122,Delayed,NULL
9123,9123,Delivered,2023-04-18
9124,9124,Returned,NULL
9125,9125,Delivered,2023-09-14
9126,9126,Delivered,2025-03-20
9127,9127,Delivered,2025-08-04
9128,9128,Delivered,2023-05-20
9129,9129,Delayed,NULL
9130,9130,Delivered,2024-12-19
9131,9131,In Transit,NULL
9132,9132,Delivered,2025-03-16
9133,9133,Delivered,2023-09-29
9134,9134,Delivered,2025-10-30
9135,9135,In Transit,NULL
9136,9136,Delayed,NULL
9137,9137,Delivered,2023-09-02
9138,9138,In Transit,NULL
9139,9139,In Transit,NULL
9140,9140,Delivered,2025-04-16
9141,9141,Delayed,NULL
9142,9142,Delivered,2026-06-16
9143,9143,Delivered,2026-03-22
9144,9144,In Transit,NULL
9145,9145,In Transit,NULL
9146,9146,Delivered,2025-01-08
9147,9147,Delivered,2026-03-31
9148,9148,Delivered,2025-10-19
9149,9149,Delivered,2023-06-09
9150,9150,Delivered,2023-03-02
9151,9151,Delivered,2024-04-07
9152,9152,Delivered,2026-05-16
9153,9153,In Transit,NULL
9154,9154,Delayed,NULL
9155,9155,Delayed,NULL
9156,9156,Delivered,2024-05-06
9157,9157,Delivered,2025-08-10
9158,9158,Delivered,2023-05-13
9159,9159,Delivered,2024-11-13
9160,9160,In Transit,NULL
9161,9161,In Transit,NULL
9162,9162,Delivered,2025-08-06
9163,9163,Returned,NULL
9164,9164,Delivered,2024-07-06
9165,9165,In Transit,NULL
9166,9166,Delivered,2025-11-20
9167,9167,In Transit,NULL
9168,9168,Delivered,2024-03-22
9169,9169,Delayed,NULL
9170,9170,Delayed,NULL
9171,9171,Delayed,NULL
9172,9172,Delivered,2023-09-29
9173,9173,Delayed,NULL
9174,9174,Delivered,2023-10-09
9175,9175,Delivered,2026-01-13
9176,9176,Delivered,2026-02-06
9177,9177,Delivered,2024-03-17
9178,9178,Delivered,2026-07-13
9179,9179,In Transit,NULL
9180,9180,Delivered,2025-03-08
9181,9181,Delivered,2023-09-12
9182,9182,Delivered,2025-01-01
9183,9183,In Transit,NULL
9184,9184,Delivered,2025-08-29
9185,9185,Delivered,2025-01-29
9186,9186,Delivered,2024-03-29
9187,9187,In Transit,NULL
9188,9188,Delivered,2026-05-24
9189,9189,In Transit,NULL
9190,9190,Returned,NULL
9191,9191,Delivered,2023-07-14
9192,9192,Returned,NULL
9193,9193,Delivered,2025-04-15
9194,9194,In Transit,NULL
9195,9195,Delivered,2023-07-26
9196,9196,Delivered,2025-09-08
9197,9197,Delivered,2023-12-17
9198,9198,Delivered,2024-03-15
9199,9199,Delivered,2025-04-07
9200,9200,Delivered,2024-06-08
9201,9201,Delivered,2026-03-12
9202,9202,In Transit,NULL
9203,9203,Delivered,2024-05-03
9204,9204,Delivered,2025-01-04
9205,9205,Delayed,NULL
9206,9206,Delivered,2024-11-10
9207,9207,Delivered,2024-10-08
9208,9208,In Transit,NULL
9209,9209,Delivered,2024-10-13
9210,9210,In Transit,NULL
9211,9211,In Transit,NULL
9212,9212,Delivered,2025-02-21
9213,9213,Delivered,2024-11-06
9214,9214,Delivered,2023-07-01
9215,9215,Delivered,2025-08-14
9216,9216,In Transit,NULL
9217,9217,In Transit,NULL
9218,9218,Delivered,2025-12-03
9219,9219,Returned,NULL
9220,9220,Delivered,2025-04-08
9221,9221,In Transit,NULL
9222,9222,Delivered,2025-09-27
9223,9223,In Transit,NULL
9224,9224,In Transit,NULL
9225,9225,Delivered,2023-03-28
9226,9226,In Transit,NULL
9227,9227,Delivered,2024-10-06
9228,9228,Delivered,2023-12-19
9229,9229,Delayed,NULL
9230,9230,Delivered,2025-07-03
9231,9231,In Transit,NULL
9232,9232,Delivered,2026-02-20
9233,9233,Delivered,2024-02-20
9234,9234,Returned,NULL
9235,9235,In Transit,NULL
9236,9236,In Transit,NULL
9237,9237,Delivered,2025-10-21
9238,9238,In Transit,NULL
9239,9239,In Transit,NULL
9240,9240,Delayed,NULL
9241,9241,Returned,NULL
9242,9242,Delivered,2025-07-21
9243,9243,Delivered,2025-03-11
9244,9244,Delivered,2026-07-10
9245,9245,In Transit,NULL
9246,9246,Delivered,2026-06-10
9247,9247,Delivered,2026-07-11
9248,9248,Delivered,2023-02-02
9249,9249,Delivered,2026-02-01
9250,9250,In Transit,NULL
9251,9251,Delivered,2025-09-23
9252,9252,Delivered,2025-02-07
9253,9253,In Transit,NULL
9254,9254,Delivered,2024-09-27
9255,9255,Delivered,2025-11-22
9256,9256,Delivered,2023-05-11
9257,9257,Delayed,NULL
9258,9258,Delivered,2023-08-22
9259,9259,Delivered,2025-07-04
9260,9260,Delivered,2025-10-21
9261,9261,Delivered,2024-08-13
9262,9262,Delivered,2023-03-20
9263,9263,Delayed,NULL
9264,9264,In Transit,NULL
9265,9265,Delivered,2025-05-19
9266,9266,Delivered,2023-10-19
9267,9267,Delivered,2023-08-21
9268,9268,Delayed,NULL
9269,9269,Delayed,NULL
9270,9270,Delivered,2024-07-30
9271,9271,Returned,NULL
9272,9272,Delivered,2024-08-10
9273,9273,Delivered,2024-09-25
9274,9274,In Transit,NULL
9275,9275,Delayed,NULL
9276,9276,In Transit,NULL
9277,9277,Delayed,NULL
9278,9278,Delivered,2025-10-12
9279,9279,Delivered,2024-07-28
9280,9280,In Transit,NULL
9281,9281,Delivered,2024-09-11
9282,9282,In Transit,NULL
9283,9283,Delivered,2023-07-23
9284,9284,In Transit,NULL
9285,9285,In Transit,NULL
9286,9286,In Transit,NULL
9287,9287,In Transit,NULL
9288,9288,In Transit,NULL
9289,9289,Delivered,2023-12-27
9290,9290,Delivered,2025-10-17
9291,9291,Delivered,2026-08-24
9292,9292,Delivered,2025-07-20
9293,9293,Delivered,2024-09-23
9294,9294,Returned,NULL
9295,9295,Delivered,2025-03-02
9296,9296,Delivered,2026-05-20
9297,9297,Delivered,2023-05-06
9298,9298,Delayed,NULL
9299,9299,Delivered,2025-02-05
9300,9300,Delayed,NULL
9301,9301,Delayed,NULL
9302,9302,In Transit,NULL
9303,9303,In Transit,NULL
9304,9304,Delivered,2023-03-17
9305,9305,Delivered,2026-07-07
9306,9306,Delivered,2024-06-11
9307,9307,Lost,NULL
9308,9308,In Transit,NULL
9309,9309,In Transit,NULL
9310,9310,Delivered,2024-02-03
9311,9311,In Transit,NULL
9312,9312,In Transit,NULL
9313,9313,Delivered,2023-04-24
9314,9314,Delivered,2023-06-02
9315,9315,Delayed,NULL
9316,9316,Delayed,NULL
9317,9317,In Transit,NULL
9318,9318,Delivered,2025-08-19
9319,9319,Delivered,2023-05-05
9320,9320,Delivered,2023-08-23
9321,9321,In Transit,NULL
9322,9322,Delivered,2023-08-14
9323,9323,In Transit,NULL
9324,9324,Delayed,NULL
9325,9325,Delayed,NULL
9326,9326,Delayed,NULL
9327,9327,Delivered,2025-11-25
9328,9328,In Transit,NULL
9329,9329,Delayed,NULL
9330,9330,Delivered,2025-04-25
9331,9331,Delivered,2025-12-08
9332,9332,Returned,NULL
9333,9333,Delivered,2024-10-28
9334,9334,Delivered,2024-04-12
9335,9335,Delivered,2025-04-21
9336,9336,Delivered,2024-12-15
9337,9337,Delivered,2025-12-07
9338,9338,Delivered,2023-07-11
9339,9339,In Transit,NULL
9340,9340,Delivered,2025-10-19
9341,9341,Delivered,2025-04-09
9342,9342,Delivered,2023-09-03
9343,9343,Delivered,2023-05-01
9344,9344,Delivered,2024-04-21
9345,9345,Delivered,2023-06-30
9346,9346,Lost,NULL
9347,9347,Delivered,2023-05-19
9348,9348,Returned,NULL
9349,9349,Delayed,NULL
9350,9350,In Transit,NULL
9351,9351,Delivered,2023-10-27
9352,9352,Delivered,2025-05-10
9353,9353,Delivered,2024-10-02
9354,9354,Delivered,2023-07-28
9355,9355,Delivered,2026-02-02
9356,9356,In Transit,NULL
9357,9357,Lost,NULL
9358,9358,Delivered,2025-12-11
9359,9359,Delivered,2025-02-27
9360,9360,Delayed,NULL
9361,9361,Delivered,2023-03-27
9362,9362,In Transit,NULL
9363,9363,Delivered,2025-02-26
9364,9364,In Transit,NULL
9365,9365,Delivered,2025-06-26
9366,9366,Delivered,2023-02-25
9367,9367,Delivered,2025-02-16
9368,9368,In Transit,NULL
9369,9369,Delivered,2023-11-05
9370,9370,Delivered,2024-02-13
9371,9371,Delivered,2025-04-02
9372,9372,Delivered,2023-06-30
9373,9373,Delivered,2023-04-27
9374,9374,In Transit,NULL
9375,9375,Delivered,2024-02-16
9376,9376,Delayed,NULL
9377,9377,Delivered,2025-03-10
9378,9378,Delivered,2025-01-29
9379,9379,Delivered,2024-07-16
9380,9380,Delivered,2023-11-27
9381,9381,Delivered,2023-09-03
9382,9382,Delivered,2023-11-13
9383,9383,In Transit,NULL
9384,9384,Delivered,2025-01-07
9385,9385,Delivered,2026-05-03
9386,9386,Delivered,2023-07-09
9387,9387,In Transit,NULL
9388,9388,In Transit,NULL
9389,9389,In Transit,NULL
9390,9390,In Transit,NULL
9391,9391,In Transit,NULL
9392,9392,Delivered,2025-09-08
9393,9393,Delivered,2026-05-05
9394,9394,Delivered,2024-07-07
9395,9395,Delayed,NULL
9396,9396,Delivered,2026-04-25
9397,9397,In Transit,NULL
9398,9398,Delivered,2026-06-11
9399,9399,In Transit,NULL
9400,9400,Delayed,NULL
9401,9401,Delayed,NULL
9402,9402,In Transit,NULL
9403,9403,Delivered,2024-10-21
9404,9404,Delivered,2026-06-30
9405,9405,Delivered,2024-07-18
9406,9406,Delivered,2023-06-12
9407,9407,Delivered,2024-12-12
9408,9408,In Transit,NULL
9409,9409,In Transit,NULL
9410,9410,In Transit,NULL
9411,9411,Delayed,NULL
9412,9412,Delivered,2025-12-04
9413,9413,In Transit,NULL
9414,9414,Delivered,2026-05-19
9415,9415,Delivered,2024-12-13
9416,9416,Delayed,NULL
9417,9417,In Transit,NULL
9418,9418,Delayed,NULL
9419,9419,In Transit,NULL
9420,9420,Delivered,2025-11-16
9421,9421,Delayed,NULL
9422,9422,Delivered,2023-11-03
9423,9423,In Transit,NULL
9424,9424,In Transit,NULL
9425,9425,Returned,NULL
9426,9426,Delivered,2023-04-24
9427,9427,Delivered,2025-10-04
9428,9428,Delivered,2024-05-15
9429,9429,Delayed,NULL
9430,9430,Delivered,2025-02-14
9431,9431,Delayed,NULL
9432,9432,Delivered,2025-06-16
9433,9433,Delivered,2025-11-24
9434,9434,Delivered,2025-06-10
9435,9435,In Transit,NULL
9436,9436,Returned,NULL
9437,9437,In Transit,NULL
9438,9438,Delivered,2025-11-08
9439,9439,In Transit,NULL
9440,9440,Delivered,2025-11-03
9441,9441,Delivered,2025-01-12
9442,9442,Delivered,2024-04-10
9443,9443,Returned,NULL
9444,9444,In Transit,NULL
9445,9445,In Transit,NULL
9446,9446,Delivered,2025-05-25
9447,9447,Delivered,2026-05-18
9448,9448,Delivered,2025-05-19
9449,9449,Delivered,2025-08-31
9450,9450,Returned,NULL
9451,9451,Delayed,NULL
9452,9452,Delivered,2025-11-18
9453,9453,In Transit,NULL
9454,9454,Delayed,NULL
9455,9455,Delayed,NULL
9456,9456,Delivered,2025-09-17
9457,9457,Delivered,2023-05-11
9458,9458,In Transit,NULL
9459,9459,In Transit,NULL
9460,9460,In Transit,NULL
9461,9461,In Transit,NULL
9462,9462,Delayed,NULL
9463,9463,In Transit,NULL
9464,9464,Delayed,NULL
9465,9465,Delivered,2024-08-08
9466,9466,Delayed,NULL
9467,9467,Delivered,2023-08-28
9468,9468,Delivered,2023-06-03
9469,9469,Delivered,2024-02-05
9470,9470,Delivered,2025-09-14
9471,9471,Delivered,2025-12-15
9472,9472,Delivered,2025-07-03
9473,9473,Delivered,2025-03-11
9474,9474,Delayed,NULL
9475,9475,Delivered,2024-04-28
9476,9476,Delivered,2023-02-21
9477,9477,Delivered,2025-02-21
9478,9478,Delivered,2023-09-20
9479,9479,Delivered,2024-01-22
9480,9480,Delivered,2024-04-09
9481,9481,Delivered,2024-06-03
9482,9482,Delayed,NULL
9483,9483,Delivered,2024-04-28
9484,9484,Delivered,2025-06-13
9485,9485,Delivered,2024-02-26
9486,9486,Delivered,2023-10-24
9487,9487,Delayed,NULL
9488,9488,Delivered,2024-03-23
9489,9489,In Transit,NULL
9490,9490,Delivered,2023-04-26
9491,9491,Delivered,2026-06-03
9492,9492,Delivered,2025-06-06
9493,9493,Delivered,2026-06-06
9494,9494,Delivered,2024-10-15
9495,9495,Delivered,2024-12-22
9496,9496,Delivered,2025-06-06
9497,9497,Delivered,2025-03-31
9498,9498,Delivered,2026-04-07
9499,9499,Delivered,2025-02-18
9500,9500,Delivered,2025-06-30
9501,9501,Delivered,2024-07-05
9502,9502,Delivered,2023-03-18
9503,9503,Delivered,2024-12-18
9504,9504,In Transit,NULL
9505,9505,In Transit,NULL
9506,9506,In Transit,NULL
9507,9507,Delivered,2024-02-14
9508,9508,Delivered,2024-07-03
9509,9509,Delivered,2026-04-03
9510,9510,Delivered,2024-03-10
9511,9511,Delivered,2024-02-07
9512,9512,Returned,NULL
9513,9513,Delivered,2025-11-07
9514,9514,Delivered,2025-11-28
9515,9515,Delivered,2026-05-19
9516,9516,Delivered,2026-05-23
9517,9517,Delivered,2025-08-18
9518,9518,Delivered,2023-04-01
9519,9519,Delivered,2024-12-22
9520,9520,Delayed,NULL
9521,9521,Returned,NULL
9522,9522,Delivered,2025-08-18
9523,9523,Delivered,2024-08-11
9524,9524,Delivered,2025-06-22
9525,9525,Delivered,2024-05-10
9526,9526,Delivered,2026-07-29
9527,9527,Delivered,2023-05-22
9528,9528,In Transit,NULL
9529,9529,Delivered,2024-08-09
9530,9530,Delivered,2024-04-29
9531,9531,In Transit,NULL
9532,9532,In Transit,NULL
9533,9533,Delivered,2026-03-19
9534,9534,Delivered,2026-05-12
9535,9535,Delivered,2025-07-06
9536,9536,Delivered,2023-11-30
9537,9537,Delivered,2024-01-15
9538,9538,Delivered,2023-11-29
9539,9539,Delivered,2023-04-16
9540,9540,Delivered,2025-04-19
9541,9541,Delivered,2025-09-05
9542,9542,Delivered,2024-11-10
9543,9543,Delivered,2024-10-04
9544,9544,Delivered,2025-02-04
9545,9545,Delivered,2023-07-03
9546,9546,Delivered,2023-09-14
9547,9547,In Transit,NULL
9548,9548,Delivered,2025-06-01
9549,9549,Delivered,2024-08-02
9550,9550,Delivered,2025-06-27
9551,9551,In Transit,NULL
9552,9552,Delayed,NULL
9553,9553,Delivered,2026-02-18
9554,9554,In Transit,NULL
9555,9555,Delivered,2024-09-16
9556,9556,In Transit,NULL
9557,9557,In Transit,NULL
9558,9558,Returned,NULL
9559,9559,Delivered,2025-06-22
9560,9560,In Transit,NULL
9561,9561,Returned,NULL
9562,9562,Delayed,NULL
9563,9563,Delivered,2024-05-21
9564,9564,In Transit,NULL
9565,9565,Delivered,2024-07-29
9566,9566,Delayed,NULL
9567,9567,Delivered,2026-01-17
9568,9568,Delayed,NULL
9569,9569,Returned,NULL
9570,9570,Delivered,2025-09-05
9571,9571,Delivered,2024-02-25
9572,9572,In Transit,NULL
9573,9573,Delivered,2024-07-13
9574,9574,Delivered,2023-12-04
9575,9575,Delivered,2026-02-05
9576,9576,Delivered,2026-02-16
9577,9577,Delivered,2024-12-25
9578,9578,Delivered,2024-03-11
9579,9579,Delivered,2024-10-05
9580,9580,Delivered,2026-08-14
9581,9581,In Transit,NULL
9582,9582,Delivered,2025-01-27
9583,9583,Returned,NULL
9584,9584,Delivered,2023-07-25
9585,9585,Delivered,2023-11-01
9586,9586,Delayed,NULL
9587,9587,Delayed,NULL
9588,9588,Delivered,2025-10-21
9589,9589,Delivered,2026-07-09
9590,9590,Delivered,2025-07-21
9591,9591,Delivered,2024-03-01
9592,9592,In Transit,NULL
9593,9593,Delivered,2025-09-24
9594,9594,Delivered,2025-02-04
9595,9595,Lost,NULL
9596,9596,Lost,NULL
9597,9597,Delivered,2025-07-17
9598,9598,Delivered,2025-09-24
9599,9599,Delivered,2024-11-30
9600,9600,In Transit,NULL
9601,9601,Lost,NULL
9602,9602,Delivered,2023-10-31
9603,9603,Delayed,NULL
9604,9604,In Transit,NULL
9605,9605,Delivered,2024-01-18
9606,9606,Delivered,2025-11-28
9607,9607,Delayed,NULL
9608,9608,Returned,NULL
9609,9609,Delivered,2024-01-05
9610,9610,In Transit,NULL
9611,9611,Delivered,2023-09-14
9612,9612,Delivered,2024-08-26
9613,9613,In Transit,NULL
9614,9614,In Transit,NULL
9615,9615,Delivered,2025-05-11
9616,9616,Delivered,2023-08-21
9617,9617,Delivered,2024-07-29
9618,9618,In Transit,NULL
9619,9619,Delayed,NULL
9620,9620,Delivered,2023-04-09
9621,9621,Delivered,2026-07-13
9622,9622,Delivered,2026-04-20
9623,9623,Delivered,2026-07-11
9624,9624,Delivered,2025-07-12
9625,9625,In Transit,NULL
9626,9626,In Transit,NULL
9627,9627,In Transit,NULL
9628,9628,In Transit,NULL
9629,9629,Delivered,2024-11-17
9630,9630,Delivered,2023-05-24
9631,9631,In Transit,NULL
9632,9632,In Transit,NULL
9633,9633,Lost,NULL
9634,9634,In Transit,NULL
9635,9635,Returned,NULL
9636,9636,Returned,NULL
9637,9637,Delivered,2026-04-18
9638,9638,Delivered,2024-02-17
9639,9639,Delivered,2024-11-02
9640,9640,Delivered,2024-04-14
9641,9641,Delivered,2023-04-25
9642,9642,In Transit,NULL
9643,9643,Delivered,2025-02-01
9644,9644,Delivered,2023-05-22
9645,9645,Delivered,2023-07-04
9646,9646,Delivered,2024-02-24
9647,9647,In Transit,NULL
9648,9648,Delivered,2024-12-13
9649,9649,Delivered,2026-06-10
9650,9650,Delivered,2023-08-25
9651,9651,In Transit,NULL
9652,9652,Delayed,NULL
9653,9653,In Transit,NULL
9654,9654,Delayed,NULL
9655,9655,Delayed,NULL
9656,9656,In Transit,NULL
9657,9657,Delayed,NULL
9658,9658,Delayed,NULL
9659,9659,Delivered,2026-08-01
9660,9660,Delivered,2026-01-26
9661,9661,In Transit,NULL
9662,9662,Delivered,2025-06-30
9663,9663,Delayed,NULL
9664,9664,Delivered,2025-10-23
9665,9665,In Transit,NULL
9666,9666,Delivered,2026-05-24
9667,9667,Delayed,NULL
9668,9668,In Transit,NULL
9669,9669,Delivered,2023-06-07
9670,9670,Delivered,2026-08-31
9671,9671,Delivered,2024-02-29
9672,9672,Delivered,2026-06-20
9673,9673,Delivered,2024-08-11
9674,9674,Delivered,2026-01-16
9675,9675,Delivered,2024-11-13
9676,9676,Delivered,2025-05-15
9677,9677,Delivered,2026-01-14
9678,9678,In Transit,NULL
9679,9679,In Transit,NULL
9680,9680,Delayed,NULL
9681,9681,In Transit,NULL
9682,9682,In Transit,NULL
9683,9683,In Transit,NULL
9684,9684,In Transit,NULL
9685,9685,Delivered,2024-02-10
9686,9686,Delayed,NULL
9687,9687,In Transit,NULL
9688,9688,Delivered,2024-04-01
9689,9689,Delivered,2024-01-14
9690,9690,Delivered,2025-01-10
9691,9691,Delivered,2025-09-18
9692,9692,Delivered,2023-08-26
9693,9693,Delivered,2023-02-27
9694,9694,In Transit,NULL
9695,9695,Delivered,2024-09-29
9696,9696,Delivered,2024-06-03
9697,9697,In Transit,NULL
9698,9698,Delivered,2024-01-10
9699,9699,In Transit,NULL
9700,9700,Delivered,2024-11-17
9701,9701,In Transit,NULL
9702,9702,Delivered,2026-02-05
9703,9703,Delivered,2025-07-28
9704,9704,Delayed,NULL
9705,9705,Delayed,NULL
9706,9706,In Transit,NULL
9707,9707,In Transit,NULL
9708,9708,Delivered,2023-10-28
9709,9709,Delayed,NULL
9710,9710,Delayed,NULL
9711,9711,Delivered,2023-10-17
9712,9712,Delivered,2023-04-10
9713,9713,Delivered,2026-08-26
9714,9714,In Transit,NULL
9715,9715,In Transit,NULL
9716,9716,Delivered,2025-10-30
9717,9717,Delivered,2024-03-08
9718,9718,Delivered,2025-06-12
9719,9719,Delivered,2025-09-16
9720,9720,Returned,NULL
9721,9721,In Transit,NULL
9722,9722,Delivered,2023-08-15
9723,9723,Delivered,2026-01-02
9724,9724,Delivered,2025-02-04
9725,9725,Delivered,2024-02-29
9726,9726,Delayed,NULL
9727,9727,Delivered,2025-09-16
9728,9728,Delivered,2023-07-28
9729,9729,Delivered,2023-04-28
9730,9730,Delivered,2024-11-12
9731,9731,In Transit,NULL
9732,9732,In Transit,NULL
9733,9733,Delivered,2025-06-15
9734,9734,Delayed,NULL
9735,9735,Delivered,2023-08-23
9736,9736,Delivered,2023-01-31
9737,9737,Delivered,2025-05-19
9738,9738,Delivered,2025-07-31
9739,9739,Delivered,2023-10-18
9740,9740,Delayed,NULL
9741,9741,Delivered,2024-06-07
9742,9742,In Transit,NULL
9743,9743,Delivered,2023-07-24
9744,9744,Delayed,NULL
9745,9745,Delayed,NULL
9746,9746,Returned,NULL
9747,9747,Delivered,2025-07-03
9748,9748,In Transit,NULL
9749,9749,Delivered,2025-05-11
9750,9750,Returned,NULL
9751,9751,In Transit,NULL
9752,9752,Delayed,NULL
9753,9753,Delivered,2023-09-22
9754,9754,Delivered,2024-04-14
9755,9755,Delayed,NULL
9756,9756,Delivered,2024-11-29
9757,9757,Delivered,2025-10-01
9758,9758,In Transit,NULL
9759,9759,Delivered,2024-02-02
9760,9760,In Transit,NULL
9761,9761,In Transit,NULL
9762,9762,Delivered,2026-07-15
9763,9763,Delivered,2024-06-08
9764,9764,Delivered,2026-05-16
9765,9765,Returned,NULL
9766,9766,In Transit,NULL
9767,9767,In Transit,NULL
9768,9768,Delivered,2023-12-19
9769,9769,Delivered,2024-08-28
9770,9770,Delivered,2026-05-22
9771,9771,Delivered,2025-01-01
9772,9772,Delayed,NULL
9773,9773,Delivered,2026-04-05
9774,9774,Delivered,2024-01-27
9775,9775,Delivered,2026-07-29
9776,9776,Delivered,2025-05-26
9777,9777,Delivered,2025-10-07
9778,9778,Delivered,2026-05-09
9779,9779,In Transit,NULL
9780,9780,Delayed,NULL
9781,9781,Delivered,2023-09-16
9782,9782,Delivered,2023-02-03
9783,9783,Delivered,2024-10-24
9784,9784,Delivered,2024-10-09
9785,9785,In Transit,NULL
9786,9786,Returned,NULL
9787,9787,Delivered,2023-10-22
9788,9788,Delivered,2024-08-21
9789,9789,In Transit,NULL
9790,9790,Delivered,2026-04-13
9791,9791,In Transit,NULL
9792,9792,In Transit,NULL
9793,9793,Delivered,2024-05-30
9794,9794,In Transit,NULL
9795,9795,Delivered,2026-01-23
9796,9796,Delayed,NULL
9797,9797,Delayed,NULL
9798,9798,In Transit,NULL
9799,9799,In Transit,NULL
9800,9800,In Transit,NULL
9801,9801,Delivered,2025-02-04
9802,9802,In Transit,NULL
9803,9803,Lost,NULL
9804,9804,Delivered,2025-09-05
9805,9805,In Transit,NULL
9806,9806,Delivered,2026-05-07
9807,9807,Delayed,NULL
9808,9808,Delivered,2023-10-28
9809,9809,Delivered,2023-07-09
9810,9810,In Transit,NULL
9811,9811,Delivered,2024-08-20
9812,9812,In Transit,NULL
9813,9813,Delivered,2026-05-26
9814,9814,Returned,NULL
9815,9815,Delivered,2023-11-28
9816,9816,In Transit,NULL
9817,9817,Delivered,2024-05-11
9818,9818,Delivered,2025-01-30
9819,9819,In Transit,NULL
9820,9820,Delivered,2023-10-18
9821,9821,Delivered,2024-06-09
9822,9822,Delayed,NULL
9823,9823,Delivered,2026-07-25
9824,9824,Delivered,2024-03-31
9825,9825,Delivered,2026-05-13
9826,9826,Delivered,2024-10-08
9827,9827,Delayed,NULL
9828,9828,Delivered,2024-01-20
9829,9829,Delayed,NULL
9830,9830,Delivered,2025-05-23
9831,9831,Returned,NULL
9832,9832,Delivered,2025-08-27
9833,9833,In Transit,NULL
9834,9834,Delivered,2024-04-24
9835,9835,Delayed,NULL
9836,9836,Delivered,2023-03-25
9837,9837,Delivered,2023-11-15
9838,9838,Delivered,2025-10-30
9839,9839,Delivered,2024-04-22
9840,9840,Delivered,2024-04-01
9841,9841,Delivered,2025-03-14
9842,9842,In Transit,NULL
9843,9843,Delivered,2024-03-10
9844,9844,Delayed,NULL
9845,9845,Delivered,2023-01-11
9846,9846,In Transit,NULL
9847,9847,Delivered,2026-04-06
9848,9848,In Transit,NULL
9849,9849,Delayed,NULL
9850,9850,Delivered,2026-01-17
9851,9851,Delivered,2025-06-17
9852,9852,Delivered,2025-06-14
9853,9853,In Transit,NULL
9854,9854,Delivered,2023-09-23
9855,9855,In Transit,NULL
9856,9856,Delivered,2026-05-29
9857,9857,Delivered,2023-08-22
9858,9858,Delivered,2024-11-21
9859,9859,Delivered,2024-07-01
9860,9860,In Transit,NULL
9861,9861,In Transit,NULL
9862,9862,Delivered,2026-03-23
9863,9863,Delivered,2025-07-04
9864,9864,Delayed,NULL
9865,9865,In Transit,NULL
9866,9866,Returned,NULL
9867,9867,In Transit,NULL
9868,9868,Delivered,2026-01-27
9869,9869,Delivered,2023-03-09
9870,9870,In Transit,NULL
9871,9871,Delivered,2025-10-28
9872,9872,Delivered,2025-02-21
9873,9873,Delayed,NULL
9874,9874,Delivered,2023-04-03
9875,9875,Delivered,2024-07-10
9876,9876,Delivered,2025-04-19
9877,9877,Delivered,2023-09-14
9878,9878,Delivered,2025-08-06
9879,9879,Delivered,2025-05-20
9880,9880,In Transit,NULL
9881,9881,In Transit,NULL
9882,9882,Returned,NULL
9883,9883,Delayed,NULL
9884,9884,Delivered,2023-09-25
9885,9885,In Transit,NULL
9886,9886,Delivered,2025-10-22
9887,9887,Delivered,2025-05-29
9888,9888,Delivered,2023-10-03
9889,9889,In Transit,NULL
9890,9890,In Transit,NULL
9891,9891,Delivered,2023-05-11
9892,9892,Delivered,2025-12-27
9893,9893,Delivered,2025-06-10
9894,9894,In Transit,NULL
9895,9895,Delayed,NULL
9896,9896,Delivered,2023-07-09
9897,9897,Delivered,2023-09-26
9898,9898,In Transit,NULL
9899,9899,In Transit,NULL
9900,9900,Delivered,2024-04-03
9901,9901,Delivered,2024-12-11
9902,9902,Delayed,NULL
9903,9903,Delivered,2026-03-23
9904,9904,In Transit,NULL
9905,9905,Delivered,2024-09-09
9906,9906,Delivered,2024-11-20
9907,9907,Delivered,2025-09-03
9908,9908,Delivered,2023-05-12
9909,9909,In Transit,NULL
9910,9910,Delivered,2024-09-13
9911,9911,Delivered,2026-07-29
9912,9912,Delayed,NULL
9913,9913,In Transit,NULL
9914,9914,Delivered,2025-03-04
9915,9915,In Transit,NULL
9916,9916,Delivered,2025-05-17
9917,9917,In Transit,NULL
9918,9918,Delayed,NULL
9919,9919,Delivered,2025-12-25
9920,9920,Delivered,2026-02-08
9921,9921,Delivered,2026-05-21
9922,9922,Delivered,2023-06-08
9923,9923,Delivered,2026-06-02
9924,9924,Delivered,2023-06-16
9925,9925,Delivered,2025-07-14
9926,9926,In Transit,NULL
9927,9927,Delivered,2026-03-28
9928,9928,In Transit,NULL
9929,9929,Delivered,2024-02-03
9930,9930,Delivered,2023-01-28
9931,9931,Delivered,2024-05-26
9932,9932,In Transit,NULL
9933,9933,Delayed,NULL
9934,9934,Delivered,2023-12-20
9935,9935,Delivered,2023-04-09
9936,9936,In Transit,NULL
9937,9937,Delivered,2024-03-25
9938,9938,Delivered,2026-01-25
9939,9939,Delivered,2025-06-13
9940,9940,Delivered,2024-03-07
9941,9941,Delivered,2024-01-04
9942,9942,Delivered,2024-05-07
9943,9943,Delivered,2024-09-14
9944,9944,Delivered,2025-01-09
9945,9945,In Transit,NULL
9946,9946,In Transit,NULL
9947,9947,Delivered,2025-10-08
9948,9948,Delivered,2026-05-30
9949,9949,Delivered,2024-01-06
9950,9950,Delivered,2024-02-04
9951,9951,Delivered,2023-12-11
9952,9952,Delayed,NULL
9953,9953,Delivered,2023-07-30
9954,9954,Delivered,2023-12-27
9955,9955,Delivered,2026-01-21
9956,9956,Delivered,2024-03-15
9957,9957,Delayed,NULL
9958,9958,Delivered,2026-01-19
9959,9959,Delivered,2023-04-22
9960,9960,Delivered,2024-03-29
9961,9961,Delivered,2023-12-05
9962,9962,Delivered,2025-12-24
9963,9963,Delivered,2023-04-08
9964,9964,Delivered,2025-01-29
9965,9965,Delivered,2024-12-26
9966,9966,In Transit,NULL
9967,9967,Delivered,2023-07-27
9968,9968,Delivered,2024-01-12
9969,9969,Delivered,2024-07-19
9970,9970,In Transit,NULL
9971,9971,In Transit,NULL
9972,9972,In Transit,NULL
9973,9973,In Transit,NULL
9974,9974,Delivered,2023-08-30
9975,9975,Returned,NULL
9976,9976,Delivered,2025-06-03
9977,9977,Delivered,2026-07-10
9978,9978,Delayed,NULL
9979,9979,Delivered,2023-04-24
9980,9980,Delivered,2023-03-31
9981,9981,In Transit,NULL
9982,9982,Delivered,2026-08-15
9983,9983,Delivered,2023-12-07
9984,9984,Delivered,2024-02-21
9985,9985,Delayed,NULL
9986,9986,In Transit,NULL
9987,9987,Delivered,2025-05-04
9988,9988,In Transit,NULL
9989,9989,Delivered,2023-02-02
9990,9990,In Transit,NULL
9991,9991,Delivered,2025-05-31
9992,9992,In Transit,NULL
9993,9993,Returned,NULL
9994,9994,In Transit,NULL
9995,9995,Delivered,2026-03-08
9996,9996,Delivered,2026-01-29
9997,9997,Delivered,2024-06-04
9998,9998,Delivered,2023-04-16
9999,9999,Delayed,NULL
10000,10000,Delivered,2025-12-24
10001,10001,Delivered,2024-10-12
10002,10002,Delivered,2023-08-31
10003,10003,Delivered,2025-06-06
10004,10004,In Transit,NULL
10005,10005,Lost,NULL
10006,10006,Returned,NULL
10007,10007,Delivered,2026-01-08
10008,10008,Delivered,2023-03-11
10009,10009,Delivered,2024-04-27
10010,10010,Delivered,2025-01-31
10011,10011,Returned,NULL
10012,10012,Delivered,2024-06-23
10013,10013,Delivered,2025-10-30
10014,10014,Delivered,2024-11-29
10015,10015,Delivered,2023-08-16
10016,10016,Delivered,2023-09-08
10017,10017,Delivered,2026-04-25
10018,10018,Returned,NULL
10019,10019,Delivered,2023-10-31
10020,10020,Delayed,NULL
10021,10021,In Transit,NULL
10022,10022,Delivered,2025-04-29
10023,10023,In Transit,NULL
10024,10024,Delivered,2026-05-24
10025,10025,Delivered,2024-04-16
10026,10026,In Transit,NULL
10027,10027,Delivered,2024-06-18
10028,10028,Delivered,2023-07-04
10029,10029,Delivered,2023-12-21
10030,10030,Delayed,NULL
10031,10031,Delivered,2023-11-21
10032,10032,In Transit,NULL
10033,10033,In Transit,NULL
10034,10034,Delivered,2023-11-02
10035,10035,Delayed,NULL
10036,10036,Delivered,2024-10-13
10037,10037,Delayed,NULL
10038,10038,Delayed,NULL
10039,10039,Delivered,2024-10-15
10040,10040,Delivered,2025-01-06
10041,10041,Delivered,2026-06-28
10042,10042,Delivered,2025-08-19
10043,10043,Delivered,2025-02-11
10044,10044,Delivered,2023-04-25
10045,10045,Delivered,2023-10-14
10046,10046,Delivered,2023-06-06
10047,10047,Delivered,2025-06-16
10048,10048,Delivered,2023-05-20
10049,10049,Delayed,NULL
10050,10050,Delivered,2024-10-19
10051,10051,Delivered,2023-10-17
10052,10052,Delivered,2024-01-23
10053,10053,Lost,NULL
10054,10054,Delivered,2026-03-08
10055,10055,Delivered,2023-12-10
10056,10056,In Transit,NULL
10057,10057,Delivered,2026-03-04
10058,10058,In Transit,NULL
10059,10059,Delivered,2026-08-14
10060,10060,Delayed,NULL
10061,10061,Delivered,2026-04-23
10062,10062,Lost,NULL
10063,10063,Delivered,2025-11-09
10064,10064,Delivered,2025-03-23
10065,10065,Delivered,2025-07-01
10066,10066,Delivered,2026-07-09
10067,10067,Delivered,2024-07-16
10068,10068,Delivered,2025-12-26
10069,10069,Delivered,2023-08-02
10070,10070,Delivered,2024-10-08
10071,10071,Delivered,2023-07-23
10072,10072,Delivered,2023-03-28
10073,10073,Delivered,2023-06-09
10074,10074,Delayed,NULL
10075,10075,In Transit,NULL
10076,10076,Delivered,2023-03-25
10077,10077,Delivered,2024-10-13
10078,10078,Delivered,2025-02-02
10079,10079,Delayed,NULL
10080,10080,Delivered,2025-11-16
10081,10081,Delivered,2024-12-06
10082,10082,Delivered,2025-07-01
10083,10083,Delivered,2025-12-15
10084,10084,In Transit,NULL
10085,10085,Delivered,2023-08-07
10086,10086,Delivered,2025-12-24
10087,10087,In Transit,NULL
10088,10088,In Transit,NULL
10089,10089,Delivered,2023-12-28
10090,10090,Delivered,2025-04-14
10091,10091,In Transit,NULL
10092,10092,Delivered,2025-09-27
10093,10093,In Transit,NULL
10094,10094,Delayed,NULL
10095,10095,Delivered,2026-06-14
10096,10096,Delivered,2023-04-29
10097,10097,Delivered,2025-11-10
10098,10098,Delivered,2024-11-27
10099,10099,In Transit,NULL
10100,10100,Delivered,2026-06-16
10101,10101,In Transit,NULL
10102,10102,Delivered,2023-10-07
10103,10103,Delivered,2026-05-03
10104,10104,In Transit,NULL
10105,10105,Delivered,2024-10-15
10106,10106,In Transit,NULL
10107,10107,Delivered,2024-08-24
10108,10108,Delivered,2025-04-01
10109,10109,Delivered,2024-10-26
10110,10110,In Transit,NULL
10111,10111,Delivered,2024-08-08
10112,10112,Delivered,2025-05-02
10113,10113,Delivered,2023-10-12
10114,10114,Delivered,2024-12-29
10115,10115,Delivered,2023-10-13
10116,10116,In Transit,NULL
10117,10117,Delivered,2025-02-20
10118,10118,Delivered,2024-10-11
10119,10119,In Transit,NULL
10120,10120,Delivered,2023-06-06
10121,10121,Delivered,2026-05-24
10122,10122,Delivered,2025-03-10
10123,10123,In Transit,NULL
10124,10124,Delivered,2024-10-06
10125,10125,In Transit,NULL
10126,10126,Delivered,2023-07-21
10127,10127,Delivered,2025-04-20
10128,10128,Delivered,2025-07-02
10129,10129,Delivered,2025-03-08
10130,10130,Delayed,NULL
10131,10131,Delivered,2026-02-25
10132,10132,Delivered,2023-09-04
10133,10133,Returned,NULL
10134,10134,Delivered,2023-02-28
10135,10135,Delivered,2025-03-24
10136,10136,Delayed,NULL
10137,10137,In Transit,NULL
10138,10138,Delivered,2024-06-23
10139,10139,In Transit,NULL
10140,10140,Delivered,2024-07-21
10141,10141,Delivered,2025-03-28
10142,10142,Delivered,2024-08-07
10143,10143,In Transit,NULL
10144,10144,Delivered,2024-09-07
10145,10145,Delivered,2024-01-26
10146,10146,Delivered,2024-05-31
10147,10147,Returned,NULL
10148,10148,In Transit,NULL
10149,10149,Delivered,2024-12-16
10150,10150,Delivered,2025-08-21
10151,10151,Delivered,2025-04-28
10152,10152,Delivered,2023-08-09
10153,10153,Returned,NULL
10154,10154,Delivered,2025-11-16
10155,10155,Delivered,2025-06-06
10156,10156,Delivered,2025-07-01
10157,10157,In Transit,NULL
10158,10158,Delivered,2025-06-01
10159,10159,Delivered,2025-11-13
10160,10160,Delayed,NULL
10161,10161,Delayed,NULL
10162,10162,In Transit,NULL
10163,10163,Delivered,2024-04-29
10164,10164,Delayed,NULL
10165,10165,Delivered,2024-10-20
10166,10166,Delivered,2026-02-26
10167,10167,Delivered,2023-05-04
10168,10168,Delayed,NULL
10169,10169,Delayed,NULL
10170,10170,Delivered,2024-11-22
10171,10171,Delivered,2025-02-04
10172,10172,Delayed,NULL
10173,10173,Delivered,2024-11-17
10174,10174,Delivered,2023-06-26
10175,10175,Delivered,2024-05-25
10176,10176,Delayed,NULL
10177,10177,Delivered,2023-08-10
10178,10178,Delivered,2024-05-30
10179,10179,Delivered,2026-01-25
10180,10180,Delayed,NULL
10181,10181,Delivered,2025-01-03
10182,10182,In Transit,NULL
10183,10183,Delivered,2024-01-24
10184,10184,Delivered,2025-06-11
10185,10185,In Transit,NULL
10186,10186,Delivered,2024-09-07
10187,10187,Delivered,2023-10-24
10188,10188,Delivered,2025-03-31
10189,10189,In Transit,NULL
10190,10190,Delivered,2026-06-11
10191,10191,Delivered,2024-11-01
10192,10192,Returned,NULL
10193,10193,Delivered,2024-04-15
10194,10194,Delivered,2024-06-19
10195,10195,Delivered,2023-05-09
10196,10196,In Transit,NULL
10197,10197,Delivered,2023-06-30
10198,10198,Delivered,2023-04-14
10199,10199,Delivered,2024-09-07
10200,10200,Delivered,2026-07-16
10201,10201,Delivered,2023-09-22
10202,10202,Delivered,2025-06-01
10203,10203,Delayed,NULL
10204,10204,Delivered,2026-05-02
10205,10205,Delivered,2023-03-21
10206,10206,Delivered,2023-03-17
10207,10207,Delivered,2024-07-05
10208,10208,Delivered,2025-11-18
10209,10209,Returned,NULL
10210,10210,Delivered,2023-12-17
10211,10211,Delivered,2024-06-12
10212,10212,Delivered,2025-10-24
10213,10213,In Transit,NULL
10214,10214,Delivered,2025-11-12
10215,10215,In Transit,NULL
10216,10216,Delivered,2025-11-19
10217,10217,Delivered,2025-04-29
10218,10218,Delivered,2026-06-05
10219,10219,Delivered,2025-07-08
10220,10220,Returned,NULL
10221,10221,In Transit,NULL
10222,10222,Delivered,2025-02-18
10223,10223,Delivered,2024-03-25
10224,10224,Delivered,2024-08-23
10225,10225,Delayed,NULL
10226,10226,Delivered,2025-08-17
10227,10227,Delivered,2026-01-18
10228,10228,Delivered,2023-02-17
10229,10229,In Transit,NULL
10230,10230,Delayed,NULL
10231,10231,Delayed,NULL
10232,10232,In Transit,NULL
10233,10233,In Transit,NULL
10234,10234,In Transit,NULL
10235,10235,Delivered,2023-02-16
10236,10236,In Transit,NULL
10237,10237,Delivered,2025-01-29
10238,10238,Delivered,2024-01-15
10239,10239,Delivered,2023-11-25
10240,10240,Delivered,2026-07-26
10241,10241,Delivered,2026-02-16
10242,10242,Returned,NULL
10243,10243,Returned,NULL
10244,10244,Delayed,NULL
10245,10245,Delivered,2023-12-05
10246,10246,Delivered,2026-01-02
10247,10247,Delivered,2026-05-17
10248,10248,Delivered,2025-09-30
10249,10249,Delayed,NULL
10250,10250,In Transit,NULL
10251,10251,In Transit,NULL
10252,10252,Delivered,2025-05-29
10253,10253,Delivered,2023-08-12
10254,10254,Delivered,2025-04-21
10255,10255,Delivered,2024-01-14
10256,10256,In Transit,NULL
10257,10257,Returned,NULL
10258,10258,Delivered,2023-06-09
10259,10259,In Transit,NULL
10260,10260,Delivered,2024-07-03
10261,10261,Delivered,2024-09-20
10262,10262,Delivered,2023-08-14
10263,10263,Delivered,2025-08-29
10264,10264,Delivered,2024-10-16
10265,10265,Delivered,2023-05-17
10266,10266,Delayed,NULL
10267,10267,Delivered,2025-06-12
10268,10268,Delivered,2023-07-02
10269,10269,Delivered,2025-05-19
10270,10270,In Transit,NULL
10271,10271,Delivered,2023-10-20
10272,10272,In Transit,NULL
10273,10273,Delivered,2024-02-29
10274,10274,Delivered,2023-09-09
10275,10275,Delivered,2023-05-07
10276,10276,Delivered,2026-03-30
10277,10277,Delivered,2024-12-28
10278,10278,Returned,NULL
10279,10279,In Transit,NULL
10280,10280,Delayed,NULL
10281,10281,Delivered,2026-06-14
10282,10282,In Transit,NULL
10283,10283,Delayed,NULL
10284,10284,Delayed,NULL
10285,10285,In Transit,NULL
10286,10286,Delivered,2023-07-14
10287,10287,In Transit,NULL
10288,10288,Delivered,2023-01-27
10289,10289,Delayed,NULL
10290,10290,In Transit,NULL
10291,10291,Delayed,NULL
10292,10292,Delivered,2023-07-05
10293,10293,Delivered,2024-07-24
10294,10294,Delivered,2023-03-31
10295,10295,Delivered,2023-12-14
10296,10296,Delivered,2025-05-22
10297,10297,Delayed,NULL
10298,10298,Delayed,NULL
10299,10299,Delivered,2023-05-26
10300,10300,Delivered,2025-12-31
10301,10301,Delivered,2025-11-11
10302,10302,Delivered,2023-02-03
10303,10303,In Transit,NULL
10304,10304,Delivered,2024-11-06
10305,10305,Delivered,2024-10-15
10306,10306,Delivered,2024-06-29
10307,10307,Delivered,2026-06-24
10308,10308,Delivered,2023-05-07
10309,10309,In Transit,NULL
10310,10310,Delivered,2023-09-25
10311,10311,Delivered,2024-09-05
10312,10312,Delivered,2023-08-06
10313,10313,Delayed,NULL
10314,10314,Delivered,2023-06-22
10315,10315,Delivered,2025-01-08
10316,10316,Returned,NULL
10317,10317,Delivered,2024-08-14
10318,10318,Delivered,2023-05-31
10319,10319,Delayed,NULL
10320,10320,Delivered,2025-05-22
10321,10321,In Transit,NULL
10322,10322,Delivered,2023-08-09
10323,10323,Delivered,2024-09-21
10324,10324,Delivered,2025-06-26
10325,10325,Delivered,2023-10-28
10326,10326,Delivered,2026-04-21
10327,10327,Lost,NULL
10328,10328,Delivered,2025-10-20
10329,10329,Delivered,2025-03-04
10330,10330,Delivered,2025-03-04
10331,10331,Delivered,2024-05-14
10332,10332,Delayed,NULL
10333,10333,Delivered,2024-10-21
10334,10334,Delivered,2026-02-03
10335,10335,Delayed,NULL
10336,10336,Delivered,2024-08-22
10337,10337,Delayed,NULL
10338,10338,In Transit,NULL
10339,10339,In Transit,NULL
10340,10340,Delivered,2024-11-07
10341,10341,Delivered,2023-10-03
10342,10342,Delivered,2025-05-16
10343,10343,Delivered,2026-02-16
10344,10344,Delivered,2025-09-21
10345,10345,Delivered,2023-12-15
10346,10346,Delivered,2023-10-16
10347,10347,In Transit,NULL
10348,10348,In Transit,NULL
10349,10349,In Transit,NULL
10350,10350,Delivered,2025-02-09
10351,10351,Delayed,NULL
10352,10352,Delivered,2025-05-11
10353,10353,In Transit,NULL
10354,10354,Delivered,2025-04-04
10355,10355,In Transit,NULL
10356,10356,Delivered,2024-09-17
10357,10357,Delivered,2023-08-22
10358,10358,Delivered,2024-09-16
10359,10359,In Transit,NULL
10360,10360,Delivered,2023-11-13
10361,10361,Lost,NULL
10362,10362,Delivered,2023-03-23
10363,10363,Delivered,2023-05-26
10364,10364,Delayed,NULL
10365,10365,Delivered,2025-10-14
10366,10366,In Transit,NULL
10367,10367,In Transit,NULL
10368,10368,Delayed,NULL
10369,10369,Delivered,2023-03-28
10370,10370,Delivered,2025-08-10
10371,10371,Delivered,2025-11-01
10372,10372,In Transit,NULL
10373,10373,In Transit,NULL
10374,10374,Delayed,NULL
10375,10375,Delivered,2024-03-13
10376,10376,In Transit,NULL
10377,10377,Delivered,2023-02-11
10378,10378,Delivered,2025-02-10
10379,10379,In Transit,NULL
10380,10380,Delivered,2025-05-28
10381,10381,Delayed,NULL
10382,10382,In Transit,NULL
10383,10383,Delivered,2025-01-01
10384,10384,Delivered,2025-10-28
10385,10385,Delayed,NULL
10386,10386,Delivered,2023-04-14
10387,10387,Delivered,2026-03-16
10388,10388,In Transit,NULL
10389,10389,In Transit,NULL
10390,10390,In Transit,NULL
10391,10391,Delivered,2024-03-22
10392,10392,In Transit,NULL
10393,10393,Delivered,2023-08-31
10394,10394,In Transit,NULL
10395,10395,Delivered,2025-11-08
10396,10396,Delivered,2026-01-29
10397,10397,In Transit,NULL
10398,10398,Delivered,2024-03-31
10399,10399,In Transit,NULL
10400,10400,Delivered,2025-03-20
10401,10401,In Transit,NULL
10402,10402,In Transit,NULL
10403,10403,Delivered,2025-01-03
10404,10404,Delivered,2025-01-15
10405,10405,Lost,NULL
10406,10406,Delivered,2025-07-23
10407,10407,In Transit,NULL
10408,10408,Delayed,NULL
10409,10409,In Transit,NULL
10410,10410,Delivered,2024-08-15
10411,10411,Delayed,NULL
10412,10412,In Transit,NULL
10413,10413,Delivered,2026-06-29
10414,10414,Delivered,2025-09-23
10415,10415,In Transit,NULL
10416,10416,Delivered,2025-12-15
10417,10417,Delivered,2025-06-25
10418,10418,Delivered,2025-10-14
10419,10419,In Transit,NULL
10420,10420,Delivered,2025-04-23
10421,10421,Delivered,2026-01-23
10422,10422,Delayed,NULL
10423,10423,In Transit,NULL
10424,10424,Delivered,2023-07-02
10425,10425,Delivered,2024-05-18
10426,10426,Delivered,2026-05-17
10427,10427,Returned,NULL
10428,10428,Lost,NULL
10429,10429,Delivered,2024-03-27
10430,10430,Delivered,2025-01-02
10431,10431,Lost,NULL
10432,10432,In Transit,NULL
10433,10433,In Transit,NULL
10434,10434,Delivered,2024-08-31
10435,10435,Delayed,NULL
10436,10436,Delayed,NULL
10437,10437,Delayed,NULL
10438,10438,In Transit,NULL
10439,10439,Delivered,2025-06-24
10440,10440,Delivered,2024-06-15
10441,10441,Delivered,2025-07-16
10442,10442,Delivered,2023-02-22
10443,10443,Delayed,NULL
10444,10444,Delayed,NULL
10445,10445,Delivered,2024-04-05
10446,10446,Returned,NULL
10447,10447,In Transit,NULL
10448,10448,Delivered,2026-05-09
10449,10449,Delivered,2026-03-09
10450,10450,Delivered,2023-03-29
10451,10451,Delivered,2026-01-07
10452,10452,Delivered,2025-01-08
10453,10453,Delivered,2025-02-04
10454,10454,In Transit,NULL
10455,10455,In Transit,NULL
10456,10456,Delayed,NULL
10457,10457,Delayed,NULL
10458,10458,Delivered,2023-07-10
10459,10459,Delivered,2023-01-27
10460,10460,Delivered,2024-08-07
10461,10461,Delivered,2025-06-20
10462,10462,Delivered,2025-03-22
10463,10463,Delivered,2024-09-07
10464,10464,Delayed,NULL
10465,10465,Delivered,2025-04-23
10466,10466,Delivered,2024-01-26
10467,10467,Delivered,2024-03-09
10468,10468,Delivered,2025-09-19
10469,10469,Delayed,NULL
10470,10470,Delivered,2024-06-16
10471,10471,Delayed,NULL
10472,10472,Delivered,2025-06-04
10473,10473,Delivered,2026-06-05
10474,10474,Delivered,2024-07-27
10475,10475,In Transit,NULL
10476,10476,Delivered,2026-01-18
10477,10477,In Transit,NULL
10478,10478,Delivered,2026-06-15
10479,10479,Delivered,2025-07-03
10480,10480,Delayed,NULL
10481,10481,Delivered,2023-06-11
10482,10482,In Transit,NULL
10483,10483,Delivered,2024-08-17
10484,10484,Delivered,2026-02-19
10485,10485,Delivered,2024-07-27
10486,10486,Delivered,2026-03-30
10487,10487,Delivered,2025-02-23
10488,10488,Delivered,2024-08-31
10489,10489,Delivered,2023-07-10
10490,10490,In Transit,NULL
10491,10491,Delivered,2024-10-14
10492,10492,In Transit,NULL
10493,10493,Delayed,NULL
10494,10494,In Transit,NULL
10495,10495,Delivered,2025-12-05
10496,10496,Delivered,2026-04-03
10497,10497,In Transit,NULL
10498,10498,In Transit,NULL
10499,10499,Delivered,2024-07-02
10500,10500,Delivered,2025-07-28
10501,10501,Delayed,NULL
10502,10502,Delivered,2026-05-02
10503,10503,Delivered,2023-06-17
10504,10504,In Transit,NULL
10505,10505,Delivered,2025-11-07
10506,10506,Delivered,2024-06-27
10507,10507,In Transit,NULL
10508,10508,Returned,NULL
10509,10509,Delivered,2024-12-29
10510,10510,Delivered,2025-02-14
10511,10511,Returned,NULL
10512,10512,In Transit,NULL
10513,10513,Delivered,2025-03-28
10514,10514,Delivered,2024-04-04
10515,10515,Delivered,2025-08-09
10516,10516,Delivered,2024-03-05
10517,10517,Delivered,2023-03-23
10518,10518,Delivered,2026-01-11
10519,10519,Returned,NULL
10520,10520,Delivered,2024-05-30
10521,10521,Delivered,2024-12-19
10522,10522,Delayed,NULL
10523,10523,Delivered,2023-07-30
10524,10524,Delivered,2026-08-08
10525,10525,In Transit,NULL
10526,10526,Delivered,2026-02-16
10527,10527,Delivered,2024-11-20
10528,10528,Delivered,2025-08-05
10529,10529,Lost,NULL
10530,10530,Delivered,2025-11-26
10531,10531,Delivered,2025-12-02
10532,10532,Delivered,2025-04-08
10533,10533,Delayed,NULL
10534,10534,Delivered,2023-11-18
10535,10535,Delivered,2025-11-22
10536,10536,Delivered,2023-05-14
10537,10537,In Transit,NULL
10538,10538,Delivered,2024-08-05
10539,10539,Delivered,2024-06-28
10540,10540,Delivered,2025-09-06
10541,10541,Delivered,2024-12-23
10542,10542,Delivered,2024-11-12
10543,10543,Delivered,2026-03-23
10544,10544,Delivered,2026-08-04
10545,10545,Delayed,NULL
10546,10546,Delivered,2025-09-28
10547,10547,Delayed,NULL
10548,10548,Delivered,2024-02-08
10549,10549,Delivered,2024-02-15
10550,10550,In Transit,NULL
10551,10551,Delivered,2025-04-17
10552,10552,In Transit,NULL
10553,10553,In Transit,NULL
10554,10554,Delivered,2023-03-17
10555,10555,In Transit,NULL
10556,10556,Delivered,2023-09-12
10557,10557,In Transit,NULL
10558,10558,Delivered,2026-06-30
10559,10559,Delayed,NULL
10560,10560,Delivered,2023-03-10
10561,10561,Delivered,2025-10-30
10562,10562,Delivered,2024-02-29
10563,10563,Delivered,2024-10-05
10564,10564,Delivered,2023-08-03
10565,10565,Delivered,2024-11-23
10566,10566,Delivered,2023-09-16
10567,10567,Delivered,2023-07-07
10568,10568,Delivered,2026-01-20
10569,10569,Delivered,2023-12-12
10570,10570,Delivered,2025-12-18
10571,10571,Delivered,2026-07-03
10572,10572,Delivered,2024-02-01
10573,10573,Lost,NULL
10574,10574,Delivered,2023-11-10
10575,10575,Delivered,2025-12-19
10576,10576,In Transit,NULL
10577,10577,Delivered,2025-05-29
10578,10578,Delivered,2024-04-21
10579,10579,In Transit,NULL
10580,10580,Delivered,2026-05-09
10581,10581,Delivered,2024-04-26
10582,10582,In Transit,NULL
10583,10583,Delivered,2024-01-23
10584,10584,Returned,NULL
10585,10585,Returned,NULL
10586,10586,Delivered,2026-04-18
10587,10587,Delivered,2023-12-07
10588,10588,In Transit,NULL
10589,10589,Delivered,2025-10-23
10590,10590,Delivered,2023-11-25
10591,10591,Delivered,2025-10-12
10592,10592,Delivered,2023-02-07
10593,10593,Delivered,2026-06-09
10594,10594,Delivered,2023-09-05
10595,10595,Delivered,2025-08-06
10596,10596,Delivered,2023-04-30
10597,10597,Delivered,2026-04-20
10598,10598,Delayed,NULL
10599,10599,Delivered,2023-06-23
10600,10600,Delayed,NULL
10601,10601,In Transit,NULL
10602,10602,Delivered,2026-07-08
10603,10603,In Transit,NULL
10604,10604,In Transit,NULL
10605,10605,Delivered,2024-09-25
10606,10606,Delivered,2024-03-29
10607,10607,Delivered,2026-03-21
10608,10608,Delivered,2024-07-29
10609,10609,Delivered,2026-08-02
10610,10610,Delivered,2023-06-15
10611,10611,Delivered,2025-01-09
10612,10612,Delivered,2025-12-28
10613,10613,Delivered,2023-07-17
10614,10614,Lost,NULL
10615,10615,Delivered,2025-01-09
10616,10616,In Transit,NULL
10617,10617,Delivered,2024-07-07
10618,10618,Delivered,2024-05-04
10619,10619,Delivered,2024-09-23
10620,10620,In Transit,NULL
10621,10621,Delivered,2025-12-05
10622,10622,Delivered,2024-01-09
10623,10623,Delayed,NULL
10624,10624,Delivered,2026-06-22
10625,10625,Delivered,2024-02-22
10626,10626,Delivered,2025-01-17
10627,10627,Delivered,2023-06-05
10628,10628,Delivered,2025-09-25
10629,10629,In Transit,NULL
10630,10630,Delivered,2026-01-23
10631,10631,Delivered,2023-03-20
10632,10632,In Transit,NULL
10633,10633,Delivered,2025-01-24
10634,10634,In Transit,NULL
10635,10635,Delivered,2023-07-11
10636,10636,Delivered,2023-03-15
10637,10637,In Transit,NULL
10638,10638,Delivered,2023-03-07
10639,10639,Delivered,2023-06-26
10640,10640,Delivered,2023-12-16
10641,10641,In Transit,NULL
10642,10642,Delivered,2025-12-11
10643,10643,Delivered,2024-10-27
10644,10644,In Transit,NULL
10645,10645,Delivered,2026-01-01
10646,10646,In Transit,NULL
10647,10647,In Transit,NULL
10648,10648,In Transit,NULL
10649,10649,Delivered,2026-02-12
10650,10650,Delivered,2024-11-17
10651,10651,Delivered,2023-08-07
10652,10652,Delivered,2024-11-18
10653,10653,Delivered,2026-03-22
10654,10654,Delivered,2026-03-13
10655,10655,Delivered,2024-01-25
10656,10656,Delivered,2025-09-30
10657,10657,Delayed,NULL
10658,10658,Delivered,2026-04-20
10659,10659,Delivered,2023-08-19
10660,10660,Delivered,2026-04-08
10661,10661,In Transit,NULL
10662,10662,Lost,NULL
10663,10663,Delivered,2026-05-18
10664,10664,In Transit,NULL
10665,10665,Delivered,2025-07-07
10666,10666,Delayed,NULL
10667,10667,Delivered,2025-08-31
10668,10668,Delivered,2024-04-16
10669,10669,Returned,NULL
10670,10670,Delivered,2025-09-06
10671,10671,Delivered,2024-05-15
10672,10672,Delivered,2025-04-04
10673,10673,Delivered,2025-01-25
10674,10674,Delivered,2023-02-08
10675,10675,In Transit,NULL
10676,10676,Delayed,NULL
10677,10677,Delivered,2024-09-09
10678,10678,In Transit,NULL
10679,10679,Delivered,2025-11-15
10680,10680,Delivered,2023-09-27
10681,10681,In Transit,NULL
10682,10682,Delivered,2024-11-18
10683,10683,In Transit,NULL
10684,10684,Delivered,2025-06-01
10685,10685,Delivered,2026-04-06
10686,10686,Delivered,2026-06-08
10687,10687,Delivered,2026-07-30
10688,10688,Returned,NULL
10689,10689,Delivered,2023-04-15
10690,10690,Delivered,2024-01-07
10691,10691,In Transit,NULL
10692,10692,Delivered,2023-09-20
10693,10693,Delivered,2025-02-14
10694,10694,In Transit,NULL
10695,10695,Delivered,2025-08-24
10696,10696,In Transit,NULL
10697,10697,Delayed,NULL
10698,10698,Delivered,2024-11-29
10699,10699,Delivered,2023-05-23
10700,10700,Delivered,2023-08-28
10701,10701,Delayed,NULL
10702,10702,Delivered,2023-04-15
10703,10703,Delivered,2026-05-04
10704,10704,Delivered,2024-05-12
10705,10705,In Transit,NULL
10706,10706,Delivered,2025-06-14
10707,10707,In Transit,NULL
10708,10708,Returned,NULL
10709,10709,Delivered,2025-11-02
10710,10710,Delivered,2024-01-01
10711,10711,Delivered,2023-09-02
10712,10712,Delivered,2026-04-28
10713,10713,Delayed,NULL
10714,10714,Delivered,2023-12-13
10715,10715,Delivered,2024-04-03
10716,10716,In Transit,NULL
10717,10717,In Transit,NULL
10718,10718,Delivered,2024-06-05
10719,10719,Delivered,2024-07-27
10720,10720,Delivered,2024-05-26
10721,10721,In Transit,NULL
10722,10722,Delivered,2025-09-08
10723,10723,Delivered,2025-11-18
10724,10724,Delivered,2026-06-17
10725,10725,Delivered,2025-01-07
10726,10726,Delivered,2023-08-29
10727,10727,Delivered,2023-09-21
10728,10728,Delivered,2025-10-30
10729,10729,Delivered,2025-06-09
10730,10730,Delivered,2025-04-29
10731,10731,Delivered,2024-01-10
10732,10732,Delivered,2026-02-14
10733,10733,Delivered,2026-02-27
10734,10734,Delivered,2023-09-13
10735,10735,Delivered,2024-08-21
10736,10736,Delivered,2025-05-31
10737,10737,Delivered,2023-10-08
10738,10738,Delayed,NULL
10739,10739,Delivered,2023-10-24
10740,10740,Delayed,NULL
10741,10741,Delivered,2025-01-03
10742,10742,Delayed,NULL
10743,10743,Delivered,2024-10-03
10744,10744,Delivered,2023-04-03
10745,10745,Delivered,2024-01-26
10746,10746,In Transit,NULL
10747,10747,Delayed,NULL
10748,10748,In Transit,NULL
10749,10749,In Transit,NULL
10750,10750,Lost,NULL
10751,10751,Delivered,2024-08-22
10752,10752,Delivered,2026-06-24
10753,10753,In Transit,NULL
10754,10754,Delivered,2024-04-04
10755,10755,Delivered,2025-05-17
10756,10756,Delivered,2025-05-10
10757,10757,Delivered,2025-07-11
10758,10758,Delivered,2026-02-21
10759,10759,Delivered,2023-12-07
10760,10760,In Transit,NULL
10761,10761,Delivered,2024-08-28
10762,10762,Delivered,2025-01-20
10763,10763,Delivered,2024-08-10
10764,10764,In Transit,NULL
10765,10765,Delayed,NULL
10766,10766,Delayed,NULL
10767,10767,Delivered,2024-12-22
10768,10768,In Transit,NULL
10769,10769,Returned,NULL
10770,10770,Returned,NULL
10771,10771,Delivered,2026-07-25
10772,10772,Delivered,2024-02-18
10773,10773,Delivered,2024-10-13
10774,10774,Delivered,2025-09-04
10775,10775,Delivered,2024-03-16
10776,10776,Delivered,2024-12-13
10777,10777,Delayed,NULL
10778,10778,In Transit,NULL
10779,10779,Delivered,2023-09-13
10780,10780,Delivered,2024-06-01
10781,10781,In Transit,NULL
10782,10782,In Transit,NULL
10783,10783,In Transit,NULL
10784,10784,Delivered,2023-02-19
10785,10785,Delayed,NULL
10786,10786,Delayed,NULL
10787,10787,Delivered,2024-06-13
10788,10788,Delivered,2023-11-22
10789,10789,Delivered,2025-03-22
10790,10790,Delivered,2025-01-03
10791,10791,Returned,NULL
10792,10792,Delivered,2023-03-26
10793,10793,Delayed,NULL
10794,10794,Delivered,2025-08-17
10795,10795,Delivered,2023-12-10
10796,10796,Delivered,2025-08-28
10797,10797,Delivered,2025-05-17
10798,10798,Delivered,2025-05-03
10799,10799,In Transit,NULL
10800,10800,Delivered,2024-06-29
10801,10801,Delivered,2025-07-01
10802,10802,Delivered,2023-01-09
10803,10803,In Transit,NULL
10804,10804,Delivered,2024-01-14
10805,10805,Delivered,2023-02-19
10806,10806,Delivered,2023-10-13
10807,10807,In Transit,NULL
10808,10808,In Transit,NULL
10809,10809,Delivered,2024-01-10
10810,10810,Delivered,2023-09-06
10811,10811,Delayed,NULL
10812,10812,Delivered,2024-07-05
10813,10813,In Transit,NULL
10814,10814,In Transit,NULL
10815,10815,Delivered,2025-03-14
10816,10816,Delivered,2024-06-15
10817,10817,In Transit,NULL
10818,10818,In Transit,NULL
10819,10819,Delayed,NULL
10820,10820,Delivered,2026-03-31
10821,10821,In Transit,NULL
10822,10822,In Transit,NULL
10823,10823,Delayed,NULL
10824,10824,Delivered,2024-04-26
10825,10825,Delivered,2023-12-30
10826,10826,Delivered,2025-04-29
10827,10827,Delivered,2025-07-22
10828,10828,Delivered,2024-04-11
10829,10829,Delivered,2024-06-16
10830,10830,Delivered,2025-12-07
10831,10831,Delayed,NULL
10832,10832,Delivered,2026-06-27
10833,10833,Delivered,2026-06-11
10834,10834,Delivered,2025-04-03
10835,10835,Delivered,2024-12-22
10836,10836,Delivered,2024-04-03
10837,10837,Delivered,2026-05-02
10838,10838,Delivered,2025-08-03
10839,10839,Delivered,2024-05-16
10840,10840,Delivered,2024-07-08
10841,10841,Delayed,NULL
10842,10842,Delivered,2023-08-25
10843,10843,Delivered,2023-12-17
10844,10844,In Transit,NULL
10845,10845,Delayed,NULL
10846,10846,Delivered,2023-06-27
10847,10847,Delivered,2023-06-10
10848,10848,In Transit,NULL
10849,10849,Delivered,2023-05-15
10850,10850,In Transit,NULL
10851,10851,Delivered,2023-04-04
10852,10852,Delivered,2025-09-22
10853,10853,Delivered,2023-06-17
10854,10854,Delivered,2024-08-05
10855,10855,In Transit,NULL
10856,10856,Delivered,2025-05-23
10857,10857,Delivered,2026-08-10
10858,10858,In Transit,NULL
10859,10859,Returned,NULL
10860,10860,Delivered,2026-06-20
10861,10861,In Transit,NULL
10862,10862,Delivered,2025-09-16
10863,10863,In Transit,NULL
10864,10864,Delivered,2026-02-13
10865,10865,Delivered,2026-06-11
10866,10866,Delivered,2023-09-05
10867,10867,Delayed,NULL
10868,10868,In Transit,NULL
10869,10869,Delivered,2023-12-11
10870,10870,Lost,NULL
10871,10871,In Transit,NULL
10872,10872,Delivered,2026-09-06
10873,10873,In Transit,NULL
10874,10874,Delivered,2025-07-01
10875,10875,Delivered,2025-09-03
10876,10876,Delayed,NULL
10877,10877,In Transit,NULL
10878,10878,Delivered,2025-08-21
10879,10879,Delayed,NULL
10880,10880,Delivered,2024-10-30
10881,10881,Delivered,2026-07-05
10882,10882,In Transit,NULL
10883,10883,Delivered,2024-10-02
10884,10884,Delivered,2024-04-18
10885,10885,Delivered,2025-09-18
10886,10886,Delivered,2025-07-09
10887,10887,Delivered,2023-04-26
10888,10888,In Transit,NULL
10889,10889,Delivered,2026-06-30
10890,10890,In Transit,NULL
10891,10891,Delivered,2023-07-07
10892,10892,Delivered,2023-12-07
10893,10893,Delivered,2023-08-10
10894,10894,In Transit,NULL
10895,10895,Lost,NULL
10896,10896,Delivered,2023-09-25
10897,10897,Returned,NULL
10898,10898,Delivered,2026-01-01
10899,10899,In Transit,NULL
10900,10900,Delivered,2023-02-28
10901,10901,In Transit,NULL
10902,10902,In Transit,NULL
10903,10903,In Transit,NULL
10904,10904,Delayed,NULL
10905,10905,Returned,NULL
10906,10906,Delivered,2024-11-01
10907,10907,Delivered,2025-01-29
10908,10908,Delivered,2024-08-23
10909,10909,Delivered,2024-12-23
10910,10910,In Transit,NULL
10911,10911,Delivered,2026-04-13
10912,10912,Delivered,2026-04-19
10913,10913,Delivered,2023-07-24
10914,10914,Delayed,NULL
10915,10915,Delivered,2025-02-04
10916,10916,Delivered,2024-09-01
10917,10917,Delivered,2023-10-08
10918,10918,Delivered,2024-05-01
10919,10919,Delivered,2025-05-23
10920,10920,Delivered,2026-05-07
10921,10921,Delivered,2024-12-12
10922,10922,Delivered,2025-12-05
10923,10923,In Transit,NULL
10924,10924,Delivered,2023-09-12
10925,10925,Delivered,2025-07-28
10926,10926,Delivered,2025-03-31
10927,10927,Delivered,2024-11-18
10928,10928,Delivered,2023-03-04
10929,10929,Delayed,NULL
10930,10930,Delivered,2025-09-07
10931,10931,Delivered,2023-07-17
10932,10932,Delivered,2023-08-31
10933,10933,In Transit,NULL
10934,10934,Delivered,2025-01-20
10935,10935,In Transit,NULL
10936,10936,Delivered,2023-08-23
10937,10937,Delivered,2026-03-25
10938,10938,Delivered,2023-02-23
10939,10939,In Transit,NULL
10940,10940,Delivered,2026-09-01
10941,10941,Delivered,2025-03-28
10942,10942,In Transit,NULL
10943,10943,Delivered,2023-08-30
10944,10944,Delivered,2026-04-21
10945,10945,Delivered,2024-05-30
10946,10946,Delivered,2023-09-10
10947,10947,Delayed,NULL
10948,10948,Delivered,2024-01-08
10949,10949,Delivered,2024-06-03
10950,10950,In Transit,NULL
10951,10951,In Transit,NULL
10952,10952,Lost,NULL
10953,10953,Delayed,NULL
10954,10954,Delivered,2026-02-19
10955,10955,Delivered,2025-10-24
10956,10956,Delivered,2023-07-07
10957,10957,Lost,NULL
10958,10958,Delayed,NULL
10959,10959,In Transit,NULL
10960,10960,In Transit,NULL
10961,10961,In Transit,NULL
10962,10962,In Transit,NULL
10963,10963,Delivered,2023-12-09
10964,10964,Delivered,2026-08-14
10965,10965,Delivered,2024-08-11
10966,10966,Delivered,2025-09-03
10967,10967,Delivered,2025-09-28
10968,10968,Delivered,2023-03-22
10969,10969,Delivered,2023-09-13
10970,10970,In Transit,NULL
10971,10971,In Transit,NULL
10972,10972,Delivered,2026-07-20
10973,10973,Delivered,2024-01-18
10974,10974,In Transit,NULL
10975,10975,Delivered,2026-08-17
10976,10976,Delivered,2023-03-02
10977,10977,Delivered,2026-02-28
10978,10978,In Transit,NULL
10979,10979,Delivered,2025-09-15
10980,10980,In Transit,NULL
10981,10981,In Transit,NULL
10982,10982,Delivered,2025-06-13
10983,10983,Delivered,2023-10-13
10984,10984,Delivered,2025-01-08
10985,10985,Delivered,2023-11-12
10986,10986,Delivered,2023-03-21
10987,10987,Delivered,2024-10-29
10988,10988,Delivered,2025-10-25
10989,10989,Delivered,2026-04-18
10990,10990,In Transit,NULL
10991,10991,Delivered,2023-01-28
10992,10992,Delivered,2024-11-02
10993,10993,Delivered,2025-01-29
10994,10994,Delivered,2023-03-12
10995,10995,Delivered,2025-12-17
10996,10996,Delivered,2025-04-19
10997,10997,Delayed,NULL
10998,10998,Delivered,2026-08-07
10999,10999,Delivered,2025-01-31
11000,11000,In Transit,NULL
11001,11001,Delivered,2025-09-21
11002,11002,In Transit,NULL
11003,11003,Delayed,NULL
11004,11004,Delivered,2025-11-02
11005,11005,Delayed,NULL
11006,11006,Delivered,2023-02-11
11007,11007,Delivered,2023-06-07
11008,11008,In Transit,NULL
11009,11009,Delayed,NULL
11010,11010,Delivered,2023-12-04
11011,11011,Delivered,2024-03-26
11012,11012,In Transit,NULL
11013,11013,In Transit,NULL
11014,11014,Delivered,2025-08-20
11015,11015,In Transit,NULL
11016,11016,In Transit,NULL
11017,11017,Delivered,2026-03-03
11018,11018,In Transit,NULL
11019,11019,In Transit,NULL
11020,11020,Delivered,2025-04-17
11021,11021,Delivered,2025-03-21
11022,11022,In Transit,NULL
11023,11023,Delivered,2025-12-26
11024,11024,In Transit,NULL
11025,11025,Delivered,2026-04-19
11026,11026,In Transit,NULL
11027,11027,Delivered,2025-02-20
11028,11028,Delayed,NULL
11029,11029,Delivered,2025-12-01
11030,11030,Delivered,2026-03-01
11031,11031,Returned,NULL
11032,11032,Delivered,2026-03-20
11033,11033,Delayed,NULL
11034,11034,In Transit,NULL
11035,11035,Delayed,NULL
11036,11036,Delayed,NULL
11037,11037,Delivered,2026-03-29
11038,11038,In Transit,NULL
11039,11039,Delivered,2025-12-27
11040,11040,Delivered,2024-02-01
11041,11041,In Transit,NULL
11042,11042,Delivered,2024-02-06
11043,11043,Delivered,2026-01-08
11044,11044,Delivered,2024-05-05
11045,11045,Delivered,2024-04-19
11046,11046,Delivered,2024-01-13
11047,11047,Delivered,2026-06-29
11048,11048,Delivered,2023-06-16
11049,11049,In Transit,NULL
11050,11050,Delivered,2025-09-22
11051,11051,Delivered,2024-09-18
11052,11052,In Transit,NULL
11053,11053,Delivered,2026-03-03
11054,11054,Delayed,NULL
11055,11055,Delivered,2025-10-12
11056,11056,Delivered,2025-07-03
11057,11057,Delayed,NULL
11058,11058,Delivered,2026-05-02
11059,11059,Delivered,2026-03-02
11060,11060,Delivered,2025-06-21
11061,11061,Delivered,2026-08-10
11062,11062,Delayed,NULL
11063,11063,Delayed,NULL
11064,11064,In Transit,NULL
11065,11065,Delivered,2025-01-24
11066,11066,Lost,NULL
11067,11067,Delivered,2026-05-01
11068,11068,Delivered,2026-07-27
11069,11069,Delivered,2025-10-03
11070,11070,Returned,NULL
11071,11071,In Transit,NULL
11072,11072,Delivered,2026-01-15
11073,11073,In Transit,NULL
11074,11074,Delayed,NULL
11075,11075,In Transit,NULL
11076,11076,Delayed,NULL
11077,11077,Returned,NULL
11078,11078,In Transit,NULL
11079,11079,Delivered,2025-04-23
11080,11080,Delivered,2024-08-26
11081,11081,Delivered,2024-07-01
11082,11082,In Transit,NULL
11083,11083,Delayed,NULL
11084,11084,In Transit,NULL
11085,11085,In Transit,NULL
11086,11086,Delivered,2023-11-14
11087,11087,Delivered,2025-09-21
11088,11088,In Transit,NULL
11089,11089,Delivered,2026-06-06
11090,11090,Delivered,2025-09-10
11091,11091,Delivered,2025-07-04
11092,11092,Delivered,2023-09-07
11093,11093,Delivered,2024-02-25
11094,11094,In Transit,NULL
11095,11095,Delivered,2024-05-08
11096,11096,Delivered,2025-04-28
11097,11097,Delivered,2026-06-27
11098,11098,Delivered,2025-04-02
11099,11099,Returned,NULL
11100,11100,Delayed,NULL
11101,11101,Delivered,2024-05-02
11102,11102,Delayed,NULL
11103,11103,In Transit,NULL
11104,11104,Delayed,NULL
11105,11105,Delivered,2024-08-15
11106,11106,Delivered,2023-05-05
11107,11107,Delivered,2023-10-24
11108,11108,In Transit,NULL
11109,11109,Delivered,2023-10-26
11110,11110,Delivered,2025-03-03
11111,11111,Delivered,2025-06-06
11112,11112,Delivered,2024-11-27
11113,11113,Delivered,2023-10-05
11114,11114,Delivered,2026-07-05
11115,11115,Delivered,2025-01-05
11116,11116,Delivered,2025-11-13
11117,11117,Delivered,2024-06-06
11118,11118,Delivered,2026-01-30
11119,11119,Delivered,2023-05-01
11120,11120,Delivered,2025-07-19
11121,11121,In Transit,NULL
11122,11122,Delivered,2023-05-20
11123,11123,In Transit,NULL
11124,11124,Delivered,2026-07-30
11125,11125,Delivered,2023-06-02
11126,11126,Delivered,2024-02-19
11127,11127,Delivered,2024-10-02
11128,11128,Delivered,2023-02-20
11129,11129,Delivered,2025-01-22
11130,11130,Delivered,2023-12-16
11131,11131,In Transit,NULL
11132,11132,Delivered,2023-03-26
11133,11133,Lost,NULL
11134,11134,Delivered,2025-02-05
11135,11135,In Transit,NULL
11136,11136,In Transit,NULL
11137,11137,Delivered,2024-12-11
11138,11138,Delivered,2025-08-01
11139,11139,In Transit,NULL
11140,11140,Delivered,2023-12-05
11141,11141,Delayed,NULL
11142,11142,Delivered,2023-05-04
11143,11143,Delivered,2024-06-27
11144,11144,Delayed,NULL
11145,11145,Delivered,2023-02-16
11146,11146,Returned,NULL
11147,11147,Delivered,2025-07-27
11148,11148,Delayed,NULL
11149,11149,Delivered,2025-05-05
11150,11150,Returned,NULL
11151,11151,In Transit,NULL
11152,11152,In Transit,NULL
11153,11153,Delivered,2026-07-22
11154,11154,Delivered,2025-09-09
11155,11155,Lost,NULL
11156,11156,Delivered,2026-01-09
11157,11157,In Transit,NULL
11158,11158,In Transit,NULL
11159,11159,Delivered,2026-04-11
11160,11160,Delivered,2023-06-10
11161,11161,Delivered,2026-01-10
11162,11162,Delivered,2023-11-24
11163,11163,Returned,NULL
11164,11164,Delivered,2023-05-13
11165,11165,Delivered,2025-04-19
11166,11166,Delayed,NULL
11167,11167,Delayed,NULL
11168,11168,Delivered,2023-11-29
11169,11169,Delivered,2025-09-07
11170,11170,In Transit,NULL
11171,11171,Delivered,2026-04-08
11172,11172,Delivered,2023-07-30
11173,11173,Delivered,2024-11-09
11174,11174,Delivered,2024-10-10
11175,11175,Delivered,2025-07-16
11176,11176,Delivered,2025-09-04
11177,11177,Delivered,2025-06-07
11178,11178,Delivered,2024-01-07
11179,11179,Delivered,2023-03-11
11180,11180,Delivered,2025-03-27
11181,11181,Delivered,2024-02-19
11182,11182,Delivered,2025-11-26
11183,11183,Delivered,2025-05-09
11184,11184,Delayed,NULL
11185,11185,Delivered,2023-03-22
11186,11186,Delayed,NULL
11187,11187,Delivered,2025-09-18
11188,11188,Delivered,2025-04-01
11189,11189,Delayed,NULL
11190,11190,In Transit,NULL
11191,11191,Delivered,2023-02-16
11192,11192,Lost,NULL
11193,11193,Delayed,NULL
11194,11194,Delivered,2026-03-19
11195,11195,Delivered,2023-03-11
11196,11196,Delivered,2026-01-15
11197,11197,In Transit,NULL
11198,11198,Delivered,2023-10-15
11199,11199,Returned,NULL
11200,11200,Delivered,2025-03-10
11201,11201,Delivered,2023-05-12
11202,11202,Delivered,2025-05-19
11203,11203,Delivered,2023-06-08
11204,11204,Delivered,2025-08-04
11205,11205,Delayed,NULL
11206,11206,In Transit,NULL
11207,11207,Delivered,2023-10-13
11208,11208,In Transit,NULL
11209,11209,Delayed,NULL
11210,11210,In Transit,NULL
11211,11211,Delivered,2023-08-20
11212,11212,Delayed,NULL
11213,11213,Delivered,2026-01-18
11214,11214,Delivered,2025-03-15
11215,11215,Delivered,2025-01-02
11216,11216,Delivered,2025-09-15
11217,11217,Returned,NULL
11218,11218,Delivered,2026-04-02
11219,11219,Delivered,2024-06-15
11220,11220,Delivered,2023-08-11
11221,11221,Returned,NULL
11222,11222,Delivered,2023-05-06
11223,11223,Delivered,2024-03-28
11224,11224,Delivered,2024-03-05
11225,11225,Delivered,2025-10-02
11226,11226,Delivered,2025-08-22
11227,11227,Delivered,2024-01-19
11228,11228,Delivered,2024-01-25
11229,11229,In Transit,NULL
11230,11230,Delivered,2025-07-11
11231,11231,Delayed,NULL
11232,11232,In Transit,NULL
11233,11233,Delivered,2023-10-20
11234,11234,In Transit,NULL
11235,11235,Delayed,NULL
11236,11236,Delivered,2025-11-03
11237,11237,Delivered,2025-02-05
11238,11238,In Transit,NULL
11239,11239,Delivered,2025-07-13
11240,11240,Delivered,2025-12-24
11241,11241,Delivered,2024-02-29
11242,11242,Delivered,2026-07-14
11243,11243,Delivered,2023-02-21
11244,11244,Delivered,2024-03-08
11245,11245,Delivered,2026-05-03
11246,11246,In Transit,NULL
11247,11247,Delivered,2024-07-04
11248,11248,Delivered,2024-07-24
11249,11249,In Transit,NULL
11250,11250,Delivered,2024-11-29
11251,11251,Delivered,2023-06-28
11252,11252,Delivered,2025-04-11
11253,11253,In Transit,NULL
11254,11254,Delivered,2024-05-31
11255,11255,In Transit,NULL
11256,11256,In Transit,NULL
11257,11257,Delayed,NULL
11258,11258,In Transit,NULL
11259,11259,In Transit,NULL
11260,11260,In Transit,NULL
11261,11261,Delivered,2023-12-26
11262,11262,In Transit,NULL
11263,11263,Delivered,2026-06-20
11264,11264,Delayed,NULL
11265,11265,Delivered,2023-11-08
11266,11266,Delivered,2024-08-16
11267,11267,Delivered,2025-08-05
11268,11268,In Transit,NULL
11269,11269,In Transit,NULL
11270,11270,Delivered,2024-08-08
11271,11271,Delivered,2023-12-31
11272,11272,Delivered,2025-10-13
11273,11273,Delivered,2024-04-06
11274,11274,Delivered,2024-01-06
11275,11275,Delivered,2026-06-21
11276,11276,Delivered,2023-12-12
11277,11277,Delivered,2024-01-21
11278,11278,Delivered,2024-04-03
11279,11279,Delayed,NULL
11280,11280,Delivered,2023-07-28
11281,11281,Delivered,2023-11-14
11282,11282,Delivered,2025-12-15
11283,11283,In Transit,NULL
11284,11284,Delivered,2025-01-28
11285,11285,Delayed,NULL
11286,11286,Delivered,2023-09-03
11287,11287,Delayed,NULL
11288,11288,Delivered,2024-01-24
11289,11289,Delivered,2026-02-18
11290,11290,In Transit,NULL
11291,11291,In Transit,NULL
11292,11292,In Transit,NULL
11293,11293,In Transit,NULL
11294,11294,Delivered,2026-01-25
11295,11295,Delivered,2023-08-08
11296,11296,Delivered,2024-05-23
11297,11297,Delayed,NULL
11298,11298,Delivered,2024-10-18
11299,11299,Delayed,NULL
11300,11300,Delivered,2025-12-12
11301,11301,Delayed,NULL
11302,11302,In Transit,NULL
11303,11303,Delivered,2026-01-16
11304,11304,Delivered,2024-05-10
11305,11305,Delivered,2026-02-15
11306,11306,Delivered,2024-10-11
11307,11307,Delivered,2024-04-14
11308,11308,Delivered,2025-07-30
11309,11309,Delivered,2026-08-04
11310,11310,Delivered,2026-03-21
11311,11311,Delivered,2024-03-14
11312,11312,Delivered,2023-10-16
11313,11313,Delivered,2023-12-11
11314,11314,Returned,NULL
11315,11315,Delivered,2023-05-24
11316,11316,Delivered,2025-10-17
11317,11317,Delivered,2026-01-06
11318,11318,Lost,NULL
11319,11319,Delivered,2024-11-08
11320,11320,In Transit,NULL
11321,11321,Delivered,2024-10-08
11322,11322,Delivered,2024-12-07
11323,11323,In Transit,NULL
11324,11324,Delivered,2023-04-11
11325,11325,In Transit,NULL
11326,11326,Returned,NULL
11327,11327,Delivered,2024-11-03
11328,11328,Delayed,NULL
11329,11329,Delivered,2024-10-20
11330,11330,In Transit,NULL
11331,11331,Delivered,2023-11-06
11332,11332,Delivered,2024-09-11
11333,11333,Delivered,2023-02-17
11334,11334,In Transit,NULL
11335,11335,Delayed,NULL
11336,11336,Delivered,2024-02-29
11337,11337,In Transit,NULL
11338,11338,In Transit,NULL
11339,11339,Delivered,2023-04-10
11340,11340,In Transit,NULL
11341,11341,In Transit,NULL
11342,11342,Delivered,2024-10-10
11343,11343,Delivered,2025-12-03
11344,11344,Delivered,2024-02-14
11345,11345,Returned,NULL
11346,11346,Delivered,2025-06-03
11347,11347,Delivered,2024-05-18
11348,11348,Delivered,2025-01-24
11349,11349,Delivered,2024-05-26
11350,11350,Delivered,2023-03-20
11351,11351,Delivered,2025-07-25
11352,11352,Delivered,2024-08-05
11353,11353,Delivered,2024-07-25
11354,11354,Delivered,2024-04-27
11355,11355,In Transit,NULL
11356,11356,In Transit,NULL
11357,11357,Delivered,2026-02-28
11358,11358,Delivered,2023-04-15
11359,11359,In Transit,NULL
11360,11360,Delivered,2026-06-22
11361,11361,Delayed,NULL
11362,11362,Delivered,2024-06-09
11363,11363,Delayed,NULL
11364,11364,Delivered,2025-04-04
11365,11365,Delayed,NULL
11366,11366,Delivered,2023-07-18
11367,11367,Delivered,2025-07-03
11368,11368,Delayed,NULL
11369,11369,Delivered,2026-02-22
11370,11370,Delayed,NULL
11371,11371,Delivered,2025-11-13
11372,11372,In Transit,NULL
11373,11373,Delivered,2023-08-12
11374,11374,Delivered,2023-02-12
11375,11375,In Transit,NULL
11376,11376,Delivered,2026-01-09
11377,11377,Delivered,2024-11-12
11378,11378,Delivered,2025-01-24
11379,11379,In Transit,NULL
11380,11380,Delivered,2025-12-20
11381,11381,Delayed,NULL
11382,11382,Delayed,NULL
11383,11383,In Transit,NULL
11384,11384,Delivered,2024-08-23
11385,11385,Delivered,2023-06-12
11386,11386,Lost,NULL
11387,11387,Delayed,NULL
11388,11388,Delivered,2023-02-25
11389,11389,In Transit,NULL
11390,11390,Delivered,2023-05-11
11391,11391,In Transit,NULL
11392,11392,Delivered,2025-05-13
11393,11393,Delivered,2024-08-24
11394,11394,Returned,NULL
11395,11395,Delayed,NULL
11396,11396,In Transit,NULL
11397,11397,Delayed,NULL
11398,11398,In Transit,NULL
11399,11399,Delivered,2024-11-08
11400,11400,Delivered,2025-10-18
11401,11401,Delivered,2023-11-14
11402,11402,In Transit,NULL
11403,11403,Delivered,2026-06-22
11404,11404,Delayed,NULL
11405,11405,Delivered,2025-05-24
11406,11406,Delivered,2026-01-08
11407,11407,Delayed,NULL
11408,11408,Delayed,NULL
11409,11409,Delivered,2026-07-04
11410,11410,Delivered,2025-12-16
11411,11411,Delayed,NULL
11412,11412,In Transit,NULL
11413,11413,In Transit,NULL
11414,11414,Delivered,2023-02-17
11415,11415,Delivered,2024-05-08
11416,11416,In Transit,NULL
11417,11417,Delayed,NULL
11418,11418,Delivered,2023-08-27
11419,11419,In Transit,NULL
11420,11420,Delayed,NULL
11421,11421,Delivered,2024-11-15
11422,11422,Delivered,2026-06-04
11423,11423,Delivered,2023-11-30
11424,11424,Delayed,NULL
11425,11425,Delivered,2023-03-13
11426,11426,Delayed,NULL
11427,11427,Delivered,2025-07-09
11428,11428,Delivered,2025-05-30
11429,11429,Delivered,2026-01-22
11430,11430,Delivered,2024-01-01
11431,11431,Delivered,2025-06-06
11432,11432,Delayed,NULL
11433,11433,Delivered,2025-10-06
11434,11434,Delivered,2025-05-02
11435,11435,Returned,NULL
11436,11436,In Transit,NULL
11437,11437,In Transit,NULL
11438,11438,Delivered,2023-05-18
11439,11439,In Transit,NULL
11440,11440,In Transit,NULL
11441,11441,Delivered,2024-11-20
11442,11442,Delivered,2025-11-17
11443,11443,In Transit,NULL
11444,11444,Delivered,2026-02-17
11445,11445,Delivered,2026-07-12
11446,11446,Delivered,2023-09-19
11447,11447,In Transit,NULL
11448,11448,In Transit,NULL
11449,11449,Delivered,2025-01-26
11450,11450,In Transit,NULL
11451,11451,Delivered,2024-01-05
11452,11452,In Transit,NULL
11453,11453,Delivered,2023-08-19
11454,11454,Delivered,2023-03-03
11455,11455,In Transit,NULL
11456,11456,Delayed,NULL
11457,11457,In Transit,NULL
11458,11458,Delivered,2025-11-16
11459,11459,Lost,NULL
11460,11460,Lost,NULL
11461,11461,Delivered,2023-09-28
11462,11462,Delivered,2023-03-02
11463,11463,Returned,NULL
11464,11464,Delayed,NULL
11465,11465,In Transit,NULL
11466,11466,Delayed,NULL
11467,11467,Delivered,2025-06-23
11468,11468,Delivered,2025-11-24
11469,11469,In Transit,NULL
11470,11470,Delivered,2024-03-26
11471,11471,Delivered,2023-09-03
11472,11472,In Transit,NULL
11473,11473,Delivered,2023-09-14
11474,11474,Delivered,2025-03-31
11475,11475,Delivered,2024-05-08
11476,11476,Delivered,2024-08-09
11477,11477,Delivered,2023-09-09
11478,11478,Delivered,2024-12-30
11479,11479,In Transit,NULL
11480,11480,Delivered,2023-05-23
11481,11481,Delivered,2024-11-22
11482,11482,In Transit,NULL
11483,11483,In Transit,NULL
11484,11484,Delivered,2026-08-12
11485,11485,In Transit,NULL
11486,11486,Delivered,2024-08-06
11487,11487,Delivered,2023-10-06
11488,11488,Delivered,2024-11-19
11489,11489,Delivered,2025-10-12
11490,11490,In Transit,NULL
11491,11491,Returned,NULL
11492,11492,Delivered,2025-04-25
11493,11493,Lost,NULL
11494,11494,In Transit,NULL
11495,11495,Delivered,2023-03-09
11496,11496,Delivered,2024-05-23
11497,11497,Delivered,2025-03-10
11498,11498,Delivered,2023-09-13
11499,11499,Delivered,2025-10-18
11500,11500,Delivered,2026-01-13
11501,11501,Delivered,2023-07-09
11502,11502,Delivered,2024-08-28
11503,11503,Returned,NULL
11504,11504,Delivered,2024-10-17
11505,11505,In Transit,NULL
11506,11506,Delayed,NULL
11507,11507,Delivered,2025-10-09
11508,11508,In Transit,NULL
11509,11509,In Transit,NULL
11510,11510,Delivered,2024-05-09
11511,11511,Delayed,NULL
11512,11512,In Transit,NULL
11513,11513,Delivered,2023-09-02
11514,11514,Delivered,2024-05-15
11515,11515,In Transit,NULL
11516,11516,Delivered,2023-09-01
11517,11517,Delayed,NULL
11518,11518,Delayed,NULL
11519,11519,Delivered,2025-07-07
11520,11520,Delayed,NULL
11521,11521,Delivered,2023-05-28
11522,11522,Returned,NULL
11523,11523,Delivered,2025-08-27
11524,11524,Delivered,2026-05-23
11525,11525,Delivered,2025-01-11
11526,11526,Delivered,2026-04-03
11527,11527,Delivered,2023-04-20
11528,11528,Delivered,2025-01-08
11529,11529,Delivered,2024-04-26
11530,11530,Delivered,2025-05-12
11531,11531,Delivered,2026-01-05
11532,11532,In Transit,NULL
11533,11533,In Transit,NULL
11534,11534,Delivered,2023-09-15
11535,11535,Delayed,NULL
11536,11536,Delivered,2023-08-24
11537,11537,Delivered,2023-12-23
11538,11538,Delivered,2023-06-06
11539,11539,Delivered,2025-04-10
11540,11540,Delivered,2024-09-26
11541,11541,In Transit,NULL
11542,11542,Delivered,2025-01-09
11543,11543,Delivered,2026-01-19
11544,11544,Delivered,2025-08-01
11545,11545,Delivered,2026-05-10
11546,11546,In Transit,NULL
11547,11547,In Transit,NULL
11548,11548,Delivered,2025-11-26
11549,11549,Delayed,NULL
11550,11550,Delayed,NULL
11551,11551,Delivered,2025-11-05
11552,11552,Delayed,NULL
11553,11553,Delivered,2024-05-30
11554,11554,Delivered,2023-11-20
11555,11555,Delivered,2023-10-15
11556,11556,Delivered,2023-04-24
11557,11557,Delayed,NULL
11558,11558,Delivered,2023-11-15
11559,11559,Delayed,NULL
11560,11560,Delayed,NULL
11561,11561,Delivered,2023-12-28
11562,11562,Delivered,2026-06-09
11563,11563,Delivered,2024-01-04
11564,11564,Delivered,2025-12-03
11565,11565,In Transit,NULL
11566,11566,Delayed,NULL
11567,11567,Delivered,2023-11-09
11568,11568,Delivered,2025-04-03
11569,11569,In Transit,NULL
11570,11570,In Transit,NULL
11571,11571,Delivered,2024-06-02
11572,11572,Delayed,NULL
11573,11573,In Transit,NULL
11574,11574,Delivered,2025-12-14
11575,11575,Delayed,NULL
11576,11576,Delivered,2023-09-14
11577,11577,In Transit,NULL
11578,11578,In Transit,NULL
11579,11579,Delayed,NULL
11580,11580,Delivered,2023-05-04
11581,11581,In Transit,NULL
11582,11582,Delivered,2024-09-09
11583,11583,Delayed,NULL
11584,11584,Returned,NULL
11585,11585,Delivered,2026-03-28
11586,11586,Delivered,2023-10-23
11587,11587,Delivered,2024-04-09
11588,11588,Delivered,2025-01-18
11589,11589,Delivered,2026-04-12
11590,11590,Delivered,2024-11-23
11591,11591,Delivered,2023-07-31
11592,11592,Delivered,2024-05-24
11593,11593,Delivered,2025-08-22
11594,11594,In Transit,NULL
11595,11595,In Transit,NULL
11596,11596,Delivered,2026-05-15
11597,11597,Delivered,2024-02-03
11598,11598,In Transit,NULL
11599,11599,Delivered,2026-05-21
11600,11600,Delivered,2024-03-12
11601,11601,In Transit,NULL
11602,11602,In Transit,NULL
11603,11603,Delayed,NULL
11604,11604,In Transit,NULL
11605,11605,In Transit,NULL
11606,11606,Delivered,2024-07-02
11607,11607,Delivered,2024-06-07
11608,11608,Delivered,2024-08-10
11609,11609,Delayed,NULL
11610,11610,In Transit,NULL
11611,11611,Delivered,2023-09-19
11612,11612,Delivered,2023-08-19
11613,11613,Delayed,NULL
11614,11614,Delayed,NULL
11615,11615,Delayed,NULL
11616,11616,Delivered,2024-02-13
11617,11617,Delivered,2024-11-12
11618,11618,Delivered,2026-05-27
11619,11619,Delivered,2026-05-23
11620,11620,Delivered,2025-02-22
11621,11621,Delayed,NULL
11622,11622,Delivered,2023-03-10
11623,11623,In Transit,NULL
11624,11624,Delivered,2025-03-10
11625,11625,In Transit,NULL
11626,11626,Delivered,2023-08-05
11627,11627,Delivered,2025-06-15
11628,11628,In Transit,NULL
11629,11629,Lost,NULL
11630,11630,Delivered,2025-03-09
11631,11631,Delivered,2024-09-28
11632,11632,In Transit,NULL
11633,11633,Delivered,2026-07-17
11634,11634,Delivered,2024-11-15
11635,11635,Delivered,2025-08-15
11636,11636,Delayed,NULL
11637,11637,In Transit,NULL
11638,11638,Delivered,2024-12-04
11639,11639,Returned,NULL
11640,11640,Delivered,2024-05-09
11641,11641,Delivered,2025-03-24
11642,11642,Delivered,2026-07-14
11643,11643,Delivered,2026-04-22
11644,11644,Delivered,2023-12-23
11645,11645,In Transit,NULL
11646,11646,Returned,NULL
11647,11647,Delivered,2023-09-04
11648,11648,Delivered,2023-11-18
11649,11649,Delivered,2025-07-18
11650,11650,In Transit,NULL
11651,11651,In Transit,NULL
11652,11652,In Transit,NULL
11653,11653,Delivered,2026-08-17
11654,11654,Delayed,NULL
11655,11655,Delayed,NULL
11656,11656,In Transit,NULL
11657,11657,Delivered,2024-11-13
11658,11658,Delivered,2025-10-06
11659,11659,Delayed,NULL
11660,11660,Delivered,2023-10-26
11661,11661,Delivered,2023-08-19
11662,11662,Delayed,NULL
11663,11663,In Transit,NULL
11664,11664,Delivered,2023-11-22
11665,11665,In Transit,NULL
11666,11666,Delivered,2024-02-10
11667,11667,Delivered,2025-12-10
11668,11668,Returned,NULL
11669,11669,Delivered,2024-04-30
11670,11670,In Transit,NULL
11671,11671,Delayed,NULL
11672,11672,In Transit,NULL
11673,11673,Delivered,2025-09-05
11674,11674,Delayed,NULL
11675,11675,In Transit,NULL
11676,11676,Delivered,2023-02-06
11677,11677,Delivered,2023-02-01
11678,11678,Delivered,2026-08-03
11679,11679,Delayed,NULL
11680,11680,Delivered,2024-07-13
11681,11681,Delivered,2024-05-15
11682,11682,Delivered,2024-10-20
11683,11683,Delivered,2025-06-19
11684,11684,Delayed,NULL
11685,11685,Delivered,2023-07-22
11686,11686,Delivered,2023-06-26
11687,11687,In Transit,NULL
11688,11688,Delivered,2025-02-14
11689,11689,Delivered,2026-05-14
11690,11690,Delivered,2024-12-05
11691,11691,In Transit,NULL
11692,11692,Delivered,2023-10-20
11693,11693,Returned,NULL
11694,11694,Delivered,2023-10-16
11695,11695,In Transit,NULL
11696,11696,In Transit,NULL
11697,11697,Delivered,2025-03-29
11698,11698,Delivered,2024-02-07
11699,11699,Delivered,2023-05-28
11700,11700,Delivered,2025-11-18
11701,11701,In Transit,NULL
11702,11702,Delivered,2023-07-30
11703,11703,Lost,NULL
11704,11704,Delivered,2023-04-14
11705,11705,Delayed,NULL
11706,11706,In Transit,NULL
11707,11707,Delivered,2024-01-14
11708,11708,Delivered,2025-12-07
11709,11709,Delivered,2023-04-07
11710,11710,Delivered,2025-10-10
11711,11711,Delivered,2026-06-28
11712,11712,Returned,NULL
11713,11713,Delayed,NULL
11714,11714,Delivered,2024-07-31
11715,11715,Delivered,2026-06-01
11716,11716,Delivered,2024-12-04
11717,11717,In Transit,NULL
11718,11718,Delivered,2025-07-15
11719,11719,In Transit,NULL
11720,11720,In Transit,NULL
11721,11721,Delivered,2025-03-15
11722,11722,In Transit,NULL
11723,11723,Delivered,2024-04-11
11724,11724,Delivered,2024-02-29
11725,11725,Delivered,2023-10-16
11726,11726,Delivered,2024-12-10
11727,11727,In Transit,NULL
11728,11728,Delivered,2024-07-17
11729,11729,Delivered,2025-04-06
11730,11730,Delivered,2026-08-06
11731,11731,In Transit,NULL
11732,11732,Delivered,2023-04-07
11733,11733,Delayed,NULL
11734,11734,Delivered,2026-01-03
11735,11735,Delayed,NULL
11736,11736,In Transit,NULL
11737,11737,Delivered,2024-06-28
11738,11738,Delivered,2023-09-17
11739,11739,In Transit,NULL
11740,11740,In Transit,NULL
11741,11741,Delivered,2024-12-16
11742,11742,Delivered,2024-09-27
11743,11743,In Transit,NULL
11744,11744,Delivered,2025-04-23
11745,11745,Delayed,NULL
11746,11746,Delivered,2026-07-15
11747,11747,In Transit,NULL
11748,11748,Delivered,2024-02-26
11749,11749,Delivered,2026-01-30
11750,11750,Delayed,NULL
11751,11751,Delivered,2023-05-16
11752,11752,Delivered,2023-07-23
11753,11753,Delivered,2023-02-21
11754,11754,Delivered,2023-11-11
11755,11755,Delivered,2025-03-07
11756,11756,Delivered,2025-08-17
11757,11757,Delivered,2023-08-29
11758,11758,Delivered,2025-08-22
11759,11759,Delivered,2023-09-09
11760,11760,Delivered,2023-08-27
11761,11761,Delivered,2025-09-19
11762,11762,Delivered,2025-11-28
11763,11763,In Transit,NULL
11764,11764,Delivered,2023-05-01
11765,11765,In Transit,NULL
11766,11766,Delivered,2024-04-19
11767,11767,In Transit,NULL
11768,11768,In Transit,NULL
11769,11769,Returned,NULL
11770,11770,In Transit,NULL
11771,11771,Delivered,2024-11-07
11772,11772,Delayed,NULL
11773,11773,Delivered,2023-12-22
11774,11774,Delayed,NULL
11775,11775,Delayed,NULL
11776,11776,Delivered,2026-08-17
11777,11777,In Transit,NULL
11778,11778,Delivered,2025-05-22
11779,11779,Delivered,2025-03-15
11780,11780,Delayed,NULL
11781,11781,Delivered,2025-09-23
11782,11782,Delayed,NULL
11783,11783,In Transit,NULL
11784,11784,Delayed,NULL
11785,11785,Delivered,2023-10-03
11786,11786,In Transit,NULL
11787,11787,Returned,NULL
11788,11788,Delivered,2023-03-03
11789,11789,Delivered,2026-07-21
11790,11790,Delivered,2025-01-24
11791,11791,Delivered,2024-11-03
11792,11792,In Transit,NULL
11793,11793,Delivered,2025-07-28
11794,11794,Delivered,2025-12-08
11795,11795,Delivered,2023-08-16
11796,11796,Delivered,2025-01-01
11797,11797,Delayed,NULL
11798,11798,Delayed,NULL
11799,11799,In Transit,NULL
11800,11800,Delivered,2025-07-29
11801,11801,Delayed,NULL
11802,11802,Delayed,NULL
11803,11803,Delayed,NULL
11804,11804,Delivered,2024-08-04
11805,11805,Delivered,2023-03-08
11806,11806,Delivered,2024-06-04
11807,11807,Delivered,2025-03-06
11808,11808,In Transit,NULL
11809,11809,Delivered,2024-12-04
11810,11810,Delivered,2025-11-03
11811,11811,Delivered,2026-01-07
11812,11812,Delivered,2025-08-04
11813,11813,In Transit,NULL
11814,11814,In Transit,NULL
11815,11815,Delivered,2025-03-10
11816,11816,Delivered,2024-08-17
11817,11817,Delivered,2025-06-04
11818,11818,Delivered,2026-04-04
11819,11819,Delivered,2023-04-29
11820,11820,Delayed,NULL
11821,11821,Delivered,2026-03-10
11822,11822,Delivered,2024-01-02
11823,11823,Delivered,2024-11-17
11824,11824,Delivered,2023-04-21
11825,11825,Delivered,2024-10-21
11826,11826,Delivered,2025-10-30
11827,11827,Delivered,2023-10-19
11828,11828,Delivered,2023-08-30
11829,11829,Delivered,2025-03-26
11830,11830,Delayed,NULL
11831,11831,In Transit,NULL
11832,11832,Delivered,2024-07-25
11833,11833,Delivered,2024-08-05
11834,11834,Returned,NULL
11835,11835,Delivered,2023-03-06
11836,11836,In Transit,NULL
11837,11837,Delivered,2025-04-12
11838,11838,Delivered,2026-05-16
11839,11839,Delivered,2023-10-13
11840,11840,Delayed,NULL
11841,11841,Delivered,2024-02-09
11842,11842,Delivered,2024-07-02
11843,11843,In Transit,NULL
11844,11844,Delivered,2024-08-14
11845,11845,Delivered,2025-09-20
11846,11846,Delivered,2026-08-18
11847,11847,Delivered,2025-01-02
11848,11848,Delivered,2026-06-07
11849,11849,Delivered,2025-10-04
11850,11850,Delayed,NULL
11851,11851,In Transit,NULL
11852,11852,Delivered,2024-08-07
11853,11853,In Transit,NULL
11854,11854,Delivered,2025-06-05
11855,11855,Delayed,NULL
11856,11856,Delayed,NULL
11857,11857,Delivered,2025-05-21
11858,11858,In Transit,NULL
11859,11859,Delivered,2024-05-26
11860,11860,Delayed,NULL
11861,11861,Returned,NULL
11862,11862,Delivered,2025-06-14
11863,11863,In Transit,NULL
11864,11864,Delivered,2026-04-17
11865,11865,Delayed,NULL
11866,11866,Delivered,2025-11-04
11867,11867,Delivered,2025-05-22
11868,11868,Delivered,2024-06-09
11869,11869,Delivered,2023-09-09
11870,11870,Delivered,2024-02-21
11871,11871,Delivered,2026-04-11
11872,11872,Delivered,2026-01-23
11873,11873,Delivered,2023-06-15
11874,11874,Delivered,2025-10-31
11875,11875,Delivered,2026-03-23
11876,11876,In Transit,NULL
11877,11877,Delivered,2023-10-10
11878,11878,In Transit,NULL
11879,11879,Returned,NULL
11880,11880,Delayed,NULL
11881,11881,Delivered,2026-08-29
11882,11882,Delayed,NULL
11883,11883,In Transit,NULL
11884,11884,Delivered,2023-07-14
11885,11885,Delayed,NULL
11886,11886,In Transit,NULL
11887,11887,In Transit,NULL
11888,11888,Delivered,2024-08-23
11889,11889,In Transit,NULL
11890,11890,Delivered,2024-09-14
11891,11891,Returned,NULL
11892,11892,Delivered,2025-12-05
11893,11893,Delivered,2025-02-20
11894,11894,Delivered,2024-06-12
11895,11895,In Transit,NULL
11896,11896,In Transit,NULL
11897,11897,Delivered,2023-04-19
11898,11898,Delayed,NULL
11899,11899,Delivered,2025-11-14
11900,11900,Delivered,2024-04-18
11901,11901,Delivered,2024-07-17
11902,11902,Delivered,2024-10-24
11903,11903,Delivered,2024-11-10
11904,11904,Delivered,2024-09-24
11905,11905,Delivered,2025-08-10
11906,11906,In Transit,NULL
11907,11907,Delivered,2026-01-24
11908,11908,Delivered,2024-06-23
11909,11909,Delivered,2023-07-01
11910,11910,In Transit,NULL
11911,11911,Delivered,2023-11-26
11912,11912,Delivered,2023-11-13
11913,11913,In Transit,NULL
11914,11914,Delivered,2025-07-19
11915,11915,In Transit,NULL
11916,11916,Delayed,NULL
11917,11917,Delivered,2023-02-22
11918,11918,Delivered,2024-05-28
11919,11919,Delayed,NULL
11920,11920,Delivered,2026-02-16
11921,11921,In Transit,NULL
11922,11922,Delivered,2024-09-07
11923,11923,Delivered,2025-06-23
11924,11924,Delivered,2023-02-21
11925,11925,Delivered,2023-05-24
11926,11926,Delayed,NULL
11927,11927,In Transit,NULL
11928,11928,Delivered,2024-03-12
11929,11929,Delivered,2024-09-07
11930,11930,Delivered,2025-05-15
11931,11931,Returned,NULL
11932,11932,Delivered,2024-08-11
11933,11933,In Transit,NULL
11934,11934,In Transit,NULL
11935,11935,Delivered,2025-12-02
11936,11936,Delivered,2026-01-29
11937,11937,Delivered,2026-05-26
11938,11938,In Transit,NULL
11939,11939,Delivered,2026-08-26
11940,11940,Delivered,2023-03-15
11941,11941,Delivered,2025-07-27
11942,11942,Delayed,NULL
11943,11943,In Transit,NULL
11944,11944,Delivered,2024-02-07
11945,11945,Delivered,2024-02-05
11946,11946,In Transit,NULL
11947,11947,Delivered,2025-12-05
11948,11948,Delivered,2024-07-03
11949,11949,Returned,NULL
11950,11950,In Transit,NULL
11951,11951,In Transit,NULL
11952,11952,Delivered,2025-04-23
11953,11953,Delivered,2025-03-13
11954,11954,Delivered,2024-01-06
11955,11955,Delivered,2024-12-24
11956,11956,In Transit,NULL
11957,11957,Delivered,2024-07-20
11958,11958,In Transit,NULL
11959,11959,Delivered,2024-01-22
11960,11960,In Transit,NULL
11961,11961,Delivered,2025-03-16
11962,11962,Delivered,2026-03-16
11963,11963,In Transit,NULL
11964,11964,Delivered,2024-06-08
11965,11965,Delivered,2025-02-11
11966,11966,In Transit,NULL
11967,11967,Delivered,2024-06-10
11968,11968,Delivered,2025-04-09
11969,11969,In Transit,NULL
11970,11970,Delivered,2026-02-03
11971,11971,Delivered,2026-06-25
11972,11972,In Transit,NULL
11973,11973,Delivered,2023-09-06
11974,11974,In Transit,NULL
11975,11975,Delayed,NULL
11976,11976,Delivered,2023-04-06
11977,11977,Delayed,NULL
11978,11978,Delivered,2026-08-17
11979,11979,Delivered,2023-08-01
11980,11980,Delayed,NULL
11981,11981,Delivered,2025-03-17
11982,11982,Delivered,2023-06-05
11983,11983,Delayed,NULL
11984,11984,In Transit,NULL
11985,11985,Delivered,2023-10-22
11986,11986,Delayed,NULL
11987,11987,Delivered,2023-05-23
11988,11988,Delivered,2023-04-14
11989,11989,In Transit,NULL
11990,11990,Delivered,2024-10-21
11991,11991,Delayed,NULL
11992,11992,In Transit,NULL
11993,11993,Delivered,2023-05-21
11994,11994,In Transit,NULL
11995,11995,Delivered,2024-09-25
11996,11996,Delivered,2024-02-07
11997,11997,Delayed,NULL
11998,11998,Delivered,2024-09-08
11999,11999,Delivered,2026-03-08
12000,12000,Delivered,2025-05-15
12001,12001,Delivered,2023-10-23
12002,12002,Delivered,2023-11-06
12003,12003,Delivered,2023-12-16
12004,12004,Delayed,NULL
12005,12005,Returned,NULL
12006,12006,Delivered,2023-06-17
12007,12007,Delivered,2023-02-18
12008,12008,Delivered,2025-09-23
12009,12009,In Transit,NULL
12010,12010,Delivered,2026-08-09
12011,12011,Delivered,2024-10-10
12012,12012,In Transit,NULL
12013,12013,Delivered,2023-11-30
12014,12014,Delivered,2025-05-31
12015,12015,Delivered,2023-04-17
12016,12016,In Transit,NULL
12017,12017,Delivered,2024-04-13
12018,12018,Delivered,2026-03-17
12019,12019,Delivered,2023-05-06
12020,12020,Delivered,2024-06-23
12021,12021,In Transit,NULL
12022,12022,In Transit,NULL
12023,12023,Delivered,2024-02-02
12024,12024,Delayed,NULL
12025,12025,Delivered,2025-04-15
12026,12026,Delivered,2024-04-08
12027,12027,Delivered,2023-07-09
12028,12028,Delivered,2023-04-16
12029,12029,Delivered,2023-05-07
12030,12030,Delivered,2024-03-17
12031,12031,Delivered,2026-01-18
12032,12032,In Transit,NULL
12033,12033,In Transit,NULL
12034,12034,Delivered,2023-10-22
12035,12035,Lost,NULL
12036,12036,Delivered,2024-08-18
12037,12037,Delivered,2024-07-06
12038,12038,Delivered,2023-10-23
12039,12039,Delivered,2024-04-17
12040,12040,Delivered,2025-01-27
12041,12041,Lost,NULL
12042,12042,Delayed,NULL
12043,12043,Delivered,2024-12-30
12044,12044,In Transit,NULL
12045,12045,Delivered,2024-09-27
12046,12046,Delivered,2025-03-12
12047,12047,Delivered,2026-02-05
12048,12048,Delivered,2026-03-30
12049,12049,Delivered,2023-11-25
12050,12050,Delivered,2023-09-12
12051,12051,Delivered,2023-12-29
12052,12052,Delivered,2026-07-31
12053,12053,Delivered,2023-11-01
12054,12054,In Transit,NULL
12055,12055,In Transit,NULL
12056,12056,In Transit,NULL
12057,12057,Delivered,2025-12-17
12058,12058,Delivered,2023-03-25
12059,12059,Delayed,NULL
12060,12060,In Transit,NULL
12061,12061,Delivered,2026-08-02
12062,12062,In Transit,NULL
12063,12063,Delivered,2024-02-25
12064,12064,Delivered,2024-05-24
12065,12065,Delivered,2023-04-05
12066,12066,Delayed,NULL
12067,12067,Delayed,NULL
12068,12068,Delivered,2026-02-09
12069,12069,Delivered,2025-03-02
12070,12070,Delayed,NULL
12071,12071,Delivered,2026-03-03
12072,12072,Delivered,2024-10-09
12073,12073,In Transit,NULL
12074,12074,Delivered,2024-10-05
12075,12075,Returned,NULL
12076,12076,Delayed,NULL
12077,12077,Delayed,NULL
12078,12078,Returned,NULL
12079,12079,Delivered,2024-08-21
12080,12080,In Transit,NULL
12081,12081,Delayed,NULL
12082,12082,In Transit,NULL
12083,12083,In Transit,NULL
12084,12084,Delivered,2023-12-17
12085,12085,Delivered,2023-07-27
12086,12086,In Transit,NULL
12087,12087,Returned,NULL
12088,12088,Delivered,2026-07-10
12089,12089,Delivered,2025-12-18
12090,12090,Delivered,2024-05-30
12091,12091,Delayed,NULL
12092,12092,Delayed,NULL
12093,12093,In Transit,NULL
12094,12094,Returned,NULL
12095,12095,Delivered,2025-09-25
12096,12096,In Transit,NULL
12097,12097,Delivered,2024-10-18
12098,12098,Delayed,NULL
12099,12099,Delivered,2023-11-04
12100,12100,In Transit,NULL
12101,12101,Delivered,2024-05-23
12102,12102,Delivered,2026-06-16
12103,12103,Delivered,2024-06-13
12104,12104,Delivered,2026-06-17
12105,12105,In Transit,NULL
12106,12106,Delayed,NULL
12107,12107,Delivered,2023-12-24
12108,12108,Delivered,2025-05-12
12109,12109,Delivered,2023-04-24
12110,12110,In Transit,NULL
12111,12111,Delivered,2023-01-30
12112,12112,Delivered,2025-11-16
12113,12113,In Transit,NULL
12114,12114,In Transit,NULL
12115,12115,Delivered,2023-06-01
12116,12116,Lost,NULL
12117,12117,In Transit,NULL
12118,12118,Delivered,2023-12-10
12119,12119,Delivered,2024-05-09
12120,12120,Delivered,2023-07-15
12121,12121,Delayed,NULL
12122,12122,Delivered,2023-11-27
12123,12123,Delayed,NULL
12124,12124,Delayed,NULL
12125,12125,Returned,NULL
12126,12126,In Transit,NULL
12127,12127,Delivered,2023-12-24
12128,12128,Delivered,2025-12-21
12129,12129,Delayed,NULL
12130,12130,In Transit,NULL
12131,12131,Delivered,2025-05-28
12132,12132,In Transit,NULL
12133,12133,Delivered,2026-03-14
12134,12134,In Transit,NULL
12135,12135,Delivered,2023-09-08
12136,12136,Delivered,2026-06-14
12137,12137,Delivered,2025-04-28
12138,12138,In Transit,NULL
12139,12139,Delivered,2024-04-13
12140,12140,In Transit,NULL
12141,12141,Delivered,2025-03-09
12142,12142,Delivered,2024-07-18
12143,12143,Delivered,2025-08-28
12144,12144,In Transit,NULL
12145,12145,In Transit,NULL
12146,12146,Delayed,NULL
12147,12147,Delivered,2025-01-06
12148,12148,Delivered,2025-09-26
12149,12149,Delivered,2023-10-04
12150,12150,Lost,NULL
12151,12151,Delayed,NULL
12152,12152,Delivered,2025-02-17
12153,12153,In Transit,NULL
12154,12154,Delivered,2024-11-16
12155,12155,Delivered,2025-10-07
12156,12156,Delivered,2024-06-18
12157,12157,Delivered,2026-01-29
12158,12158,In Transit,NULL
12159,12159,Delivered,2025-02-22
12160,12160,Delivered,2025-12-01
12161,12161,Delayed,NULL
12162,12162,Delivered,2023-05-16
12163,12163,Delayed,NULL
12164,12164,Returned,NULL
12165,12165,Delivered,2025-04-19
12166,12166,Delivered,2024-08-17
12167,12167,Delivered,2025-01-06
12168,12168,Delivered,2026-04-11
12169,12169,Delivered,2024-09-08
12170,12170,Delivered,2025-06-29
12171,12171,Delayed,NULL
12172,12172,Delivered,2023-08-04
12173,12173,In Transit,NULL
12174,12174,Delivered,2024-09-06
12175,12175,Delayed,NULL
12176,12176,In Transit,NULL
12177,12177,Delayed,NULL
12178,12178,Delivered,2024-06-22
12179,12179,Delivered,2026-02-01
12180,12180,Delivered,2024-10-19
12181,12181,Delayed,NULL
12182,12182,Delayed,NULL
12183,12183,Delivered,2025-10-12
12184,12184,In Transit,NULL
12185,12185,Delivered,2025-09-18
12186,12186,In Transit,NULL
12187,12187,Delivered,2025-11-09
12188,12188,Delivered,2023-05-19
12189,12189,Delivered,2023-02-02
12190,12190,Delivered,2024-09-08
12191,12191,Delivered,2023-08-30
12192,12192,Delivered,2024-07-25
12193,12193,In Transit,NULL
12194,12194,In Transit,NULL
12195,12195,Delivered,2023-10-12
12196,12196,In Transit,NULL
12197,12197,Returned,NULL
12198,12198,In Transit,NULL
12199,12199,In Transit,NULL
12200,12200,Delivered,2024-03-12
12201,12201,Delivered,2024-05-03
12202,12202,Delivered,2024-08-19
12203,12203,Delayed,NULL
12204,12204,Delivered,2026-02-03
12205,12205,Delivered,2023-04-01
12206,12206,Delivered,2026-02-25
12207,12207,Delivered,2023-02-26
12208,12208,Delivered,2025-08-09
12209,12209,Delivered,2024-03-06
12210,12210,Delivered,2025-11-12
12211,12211,Delayed,NULL
12212,12212,Delayed,NULL
12213,12213,Delivered,2025-11-12
12214,12214,In Transit,NULL
12215,12215,Delayed,NULL
12216,12216,In Transit,NULL
12217,12217,In Transit,NULL
12218,12218,Delivered,2025-07-09
12219,12219,Delayed,NULL
12220,12220,Delivered,2023-03-29
12221,12221,Delivered,2026-02-10
12222,12222,Delivered,2025-06-05
12223,12223,Delayed,NULL
12224,12224,Delivered,2023-10-10
12225,12225,Delivered,2026-07-15
12226,12226,Delivered,2024-03-26
12227,12227,Delivered,2023-09-22
12228,12228,Delivered,2025-11-10
12229,12229,Delivered,2023-02-14
12230,12230,In Transit,NULL
12231,12231,Delivered,2023-10-30
12232,12232,Delayed,NULL
12233,12233,Delivered,2023-01-19
12234,12234,Delivered,2025-11-03
12235,12235,Delivered,2023-03-06
12236,12236,In Transit,NULL
12237,12237,Delayed,NULL
12238,12238,Delivered,2024-06-18
12239,12239,Delivered,2024-09-29
12240,12240,Delivered,2024-06-10
12241,12241,Delivered,2025-12-01
12242,12242,Delivered,2024-05-27
12243,12243,Delivered,2026-05-04
12244,12244,In Transit,NULL
12245,12245,Delivered,2024-11-12
12246,12246,In Transit,NULL
12247,12247,In Transit,NULL
12248,12248,In Transit,NULL
12249,12249,Delivered,2025-08-26
12250,12250,Delivered,2023-08-24
12251,12251,Delivered,2023-07-13
12252,12252,Delivered,2025-02-09
12253,12253,In Transit,NULL
12254,12254,In Transit,NULL
12255,12255,Delivered,2024-02-27
12256,12256,Delivered,2026-07-23
12257,12257,Delivered,2024-03-17
12258,12258,Delivered,2025-06-11
12259,12259,Delivered,2025-12-30
12260,12260,Delivered,2023-01-14
12261,12261,Delivered,2026-02-28
12262,12262,Delayed,NULL
12263,12263,Delayed,NULL
12264,12264,Delivered,2023-06-22
12265,12265,Delivered,2024-08-22
12266,12266,In Transit,NULL
12267,12267,Delivered,2023-04-21
12268,12268,In Transit,NULL
12269,12269,Delivered,2025-12-24
12270,12270,Delivered,2023-09-23
12271,12271,Delayed,NULL
12272,12272,Delivered,2023-07-16
12273,12273,Delivered,2025-07-31
12274,12274,In Transit,NULL
12275,12275,Delivered,2025-12-27
12276,12276,In Transit,NULL
12277,12277,In Transit,NULL
12278,12278,Delivered,2026-03-24
12279,12279,In Transit,NULL
12280,12280,Delayed,NULL
12281,12281,Delivered,2023-03-11
12282,12282,Delivered,2023-11-17
12283,12283,Delivered,2026-07-18
12284,12284,Delayed,NULL
12285,12285,Delivered,2024-01-07
12286,12286,In Transit,NULL
12287,12287,In Transit,NULL
12288,12288,Delivered,2024-06-26
12289,12289,Delivered,2023-03-02
12290,12290,Delayed,NULL
12291,12291,Delivered,2024-01-03
12292,12292,In Transit,NULL
12293,12293,Delivered,2025-11-27
12294,12294,Delivered,2023-06-30
12295,12295,Delivered,2026-08-26
12296,12296,Delivered,2025-09-27
12297,12297,Delayed,NULL
12298,12298,In Transit,NULL
12299,12299,In Transit,NULL
12300,12300,In Transit,NULL
12301,12301,Delivered,2023-05-07
12302,12302,Delivered,2025-01-13
12303,12303,In Transit,NULL
12304,12304,Delayed,NULL
12305,12305,Delivered,2026-04-08
12306,12306,Delivered,2025-01-16
12307,12307,Delayed,NULL
12308,12308,In Transit,NULL
12309,12309,Delayed,NULL
12310,12310,In Transit,NULL
12311,12311,Delivered,2024-01-15
12312,12312,Delayed,NULL
12313,12313,Delayed,NULL
12314,12314,In Transit,NULL
12315,12315,In Transit,NULL
12316,12316,Delivered,2024-12-01
12317,12317,Delivered,2025-11-11
12318,12318,Delivered,2023-07-28
12319,12319,Delivered,2025-11-21
12320,12320,In Transit,NULL
12321,12321,In Transit,NULL
12322,12322,Delivered,2024-02-11
12323,12323,In Transit,NULL
12324,12324,In Transit,NULL
12325,12325,Delayed,NULL
12326,12326,In Transit,NULL
12327,12327,Delivered,2023-09-03
12328,12328,In Transit,NULL
12329,12329,Delayed,NULL
12330,12330,Delivered,2026-06-05
12331,12331,Delivered,2024-01-27
12332,12332,Delivered,2023-10-06
12333,12333,Returned,NULL
12334,12334,In Transit,NULL
12335,12335,Delivered,2024-12-05
12336,12336,Returned,NULL
12337,12337,Delivered,2025-11-14
12338,12338,Delivered,2024-12-25
12339,12339,Delivered,2025-01-23
12340,12340,In Transit,NULL
12341,12341,Delayed,NULL
12342,12342,Delivered,2025-11-21
12343,12343,Delivered,2026-05-25
12344,12344,Delivered,2023-05-19
12345,12345,Delivered,2024-09-07
12346,12346,Delayed,NULL
12347,12347,Delivered,2024-11-20
12348,12348,Delivered,2023-06-29
12349,12349,Delayed,NULL
12350,12350,In Transit,NULL
12351,12351,Delivered,2023-12-21
12352,12352,Delivered,2025-05-08
12353,12353,Delivered,2024-07-11
12354,12354,Delivered,2023-09-13
12355,12355,Delivered,2023-06-11
12356,12356,Delivered,2023-02-19
12357,12357,Delivered,2026-08-21
12358,12358,Delivered,2023-05-07
12359,12359,Delayed,NULL
12360,12360,Delivered,2023-09-08
12361,12361,Delivered,2024-11-21
12362,12362,Delivered,2025-09-15
12363,12363,Delivered,2023-10-11
12364,12364,In Transit,NULL
12365,12365,Delivered,2023-02-18
12366,12366,Delivered,2025-06-21
12367,12367,In Transit,NULL
12368,12368,Delayed,NULL
12369,12369,Delivered,2023-07-26
12370,12370,In Transit,NULL
12371,12371,Delivered,2024-05-21
12372,12372,Delivered,2026-07-23
12373,12373,Delivered,2026-05-04
12374,12374,Delivered,2025-05-25
12375,12375,Delivered,2025-09-25
12376,12376,Delivered,2024-04-22
12377,12377,Delivered,2026-04-12
12378,12378,Delivered,2023-08-07
12379,12379,Delivered,2026-02-20
12380,12380,Delayed,NULL
12381,12381,Delivered,2023-12-03
12382,12382,Delivered,2024-11-30
12383,12383,Delivered,2025-05-10
12384,12384,In Transit,NULL
12385,12385,Delivered,2026-02-15
12386,12386,Delivered,2025-11-18
12387,12387,In Transit,NULL
12388,12388,In Transit,NULL
12389,12389,Returned,NULL
12390,12390,Delivered,2024-07-02
12391,12391,Delivered,2025-09-04
12392,12392,Delayed,NULL
12393,12393,Delivered,2023-09-15
12394,12394,Delayed,NULL
12395,12395,Delivered,2025-06-14
12396,12396,Delivered,2025-09-30
12397,12397,Delivered,2024-10-17
12398,12398,Delivered,2025-03-23
12399,12399,Delivered,2024-11-02
12400,12400,Delivered,2023-06-27
12401,12401,In Transit,NULL
12402,12402,Delivered,2025-01-17
12403,12403,Returned,NULL
12404,12404,In Transit,NULL
12405,12405,Delivered,2023-02-01
12406,12406,Delivered,2024-03-11
12407,12407,Delivered,2023-11-12
12408,12408,Delivered,2024-10-27
12409,12409,Delivered,2023-06-11
12410,12410,Delivered,2025-08-15
12411,12411,Delivered,2026-03-10
12412,12412,Delivered,2023-09-30
12413,12413,Delivered,2023-07-13
12414,12414,In Transit,NULL
12415,12415,Delayed,NULL
12416,12416,Delayed,NULL
12417,12417,Delivered,2025-08-08
12418,12418,In Transit,NULL
12419,12419,In Transit,NULL
12420,12420,Delivered,2024-09-05
12421,12421,Delivered,2026-03-24
12422,12422,Delayed,NULL
12423,12423,Delivered,2024-03-08
12424,12424,Delivered,2026-07-06
12425,12425,Delivered,2025-12-28
12426,12426,Delivered,2024-06-30
12427,12427,Delivered,2025-09-07
12428,12428,Delivered,2025-01-08
12429,12429,In Transit,NULL
12430,12430,In Transit,NULL
12431,12431,Delayed,NULL
12432,12432,Delivered,2024-02-26
12433,12433,Delivered,2024-05-29
12434,12434,Delivered,2026-01-31
12435,12435,Delivered,2023-05-04
12436,12436,Returned,NULL
12437,12437,Delivered,2025-08-18
12438,12438,Delivered,2025-12-28
12439,12439,In Transit,NULL
12440,12440,Delivered,2026-01-15
12441,12441,Delivered,2024-05-05
12442,12442,Delivered,2024-07-22
12443,12443,Delayed,NULL
12444,12444,Delivered,2024-11-15
12445,12445,Delivered,2024-01-26
12446,12446,In Transit,NULL
12447,12447,Delivered,2026-01-29
12448,12448,Delivered,2023-12-13
12449,12449,Delivered,2026-02-10
12450,12450,Delivered,2026-02-10
12451,12451,In Transit,NULL
12452,12452,Delivered,2024-09-06
12453,12453,In Transit,NULL
12454,12454,Delayed,NULL
12455,12455,In Transit,NULL
12456,12456,Delayed,NULL
12457,12457,Delayed,NULL
12458,12458,Delivered,2025-01-27
12459,12459,Delivered,2025-10-18
12460,12460,Delivered,2023-11-08
12461,12461,In Transit,NULL
12462,12462,Delivered,2024-06-08
12463,12463,Delivered,2025-06-07
12464,12464,Delayed,NULL
12465,12465,Returned,NULL
12466,12466,Delivered,2023-03-11
12467,12467,Delivered,2023-07-03
12468,12468,Delayed,NULL
12469,12469,Delivered,2023-12-01
12470,12470,Delivered,2026-05-22
12471,12471,In Transit,NULL
12472,12472,Delivered,2025-06-21
12473,12473,Delivered,2025-10-16
12474,12474,Delivered,2026-07-21
12475,12475,Delivered,2026-02-06
12476,12476,Delivered,2026-03-19
12477,12477,Delivered,2023-10-08
12478,12478,Delivered,2026-08-26
12479,12479,Lost,NULL
12480,12480,Delivered,2026-05-14
12481,12481,Delivered,2025-08-22
12482,12482,Delivered,2025-10-08
12483,12483,Delivered,2024-12-12
12484,12484,Delivered,2026-02-18
12485,12485,Delivered,2023-10-19
12486,12486,Delivered,2025-12-28
12487,12487,Delivered,2023-12-12
12488,12488,Delivered,2023-11-26
12489,12489,Delivered,2024-01-22
12490,12490,In Transit,NULL
12491,12491,Delayed,NULL
12492,12492,Delivered,2026-06-18
12493,12493,Delivered,2025-10-09
12494,12494,Delivered,2025-12-21
12495,12495,Delayed,NULL
12496,12496,Delivered,2023-11-08
12497,12497,In Transit,NULL
12498,12498,In Transit,NULL
12499,12499,Delivered,2025-02-25
12500,12500,Delayed,NULL
12501,12501,Delivered,2025-09-04
12502,12502,In Transit,NULL
12503,12503,Delivered,2024-05-21
12504,12504,Delivered,2026-03-31
12505,12505,Delivered,2023-02-22
12506,12506,Delivered,2024-01-31
12507,12507,Delivered,2024-05-04
12508,12508,In Transit,NULL
12509,12509,In Transit,NULL
12510,12510,Lost,NULL
12511,12511,Delivered,2026-01-16
12512,12512,Lost,NULL
12513,12513,In Transit,NULL
12514,12514,Delayed,NULL
12515,12515,Delivered,2025-09-29
12516,12516,Delivered,2025-05-14
12517,12517,Delayed,NULL
12518,12518,Delivered,2024-05-14
12519,12519,Delivered,2025-08-03
12520,12520,Delivered,2025-05-21
12521,12521,Delivered,2026-07-23
12522,12522,Returned,NULL
12523,12523,In Transit,NULL
12524,12524,Delivered,2025-05-13
12525,12525,Delivered,2023-01-27
12526,12526,Delivered,2025-02-16
12527,12527,Delivered,2026-03-02
12528,12528,In Transit,NULL
12529,12529,Delivered,2024-06-11
12530,12530,Delivered,2025-08-21
12531,12531,In Transit,NULL
12532,12532,Delivered,2023-12-29
12533,12533,Delivered,2024-05-03
12534,12534,In Transit,NULL
12535,12535,Delivered,2023-06-18
12536,12536,Delivered,2025-04-17
12537,12537,In Transit,NULL
12538,12538,Delivered,2023-07-11
12539,12539,Delivered,2023-06-24
12540,12540,Delivered,2023-06-19
12541,12541,Delivered,2023-08-14
12542,12542,Delivered,2025-02-08
12543,12543,In Transit,NULL
12544,12544,In Transit,NULL
12545,12545,In Transit,NULL
12546,12546,Delayed,NULL
12547,12547,Delivered,2025-01-04
12548,12548,In Transit,NULL
12549,12549,Delayed,NULL
12550,12550,Delivered,2024-01-15
12551,12551,Delivered,2025-02-22
12552,12552,Delivered,2025-07-29
12553,12553,In Transit,NULL
12554,12554,Delivered,2026-05-17
12555,12555,Delivered,2026-06-19
12556,12556,In Transit,NULL
12557,12557,In Transit,NULL
12558,12558,Delivered,2025-10-03
12559,12559,Delivered,2025-09-27
12560,12560,Delivered,2025-07-29
12561,12561,Delivered,2023-04-29
12562,12562,Delivered,2025-08-16
12563,12563,Delivered,2025-06-21
12564,12564,In Transit,NULL
12565,12565,Delivered,2024-12-28
12566,12566,Delivered,2024-05-14
12567,12567,In Transit,NULL
12568,12568,In Transit,NULL
12569,12569,Returned,NULL
12570,12570,Delivered,2024-06-03
12571,12571,Returned,NULL
12572,12572,Delivered,2024-05-23
12573,12573,Delivered,2023-02-23
12574,12574,Returned,NULL
12575,12575,In Transit,NULL
12576,12576,In Transit,NULL
12577,12577,Delayed,NULL
12578,12578,Delivered,2023-07-11
12579,12579,In Transit,NULL
12580,12580,Delivered,2023-03-30
12581,12581,Delayed,NULL
12582,12582,Delivered,2023-07-31
12583,12583,Delivered,2024-08-15
12584,12584,Delivered,2024-05-21
12585,12585,Delivered,2024-10-18
12586,12586,Delivered,2024-10-14
12587,12587,Delivered,2024-06-10
12588,12588,Delivered,2026-04-01
12589,12589,Delivered,2025-10-14
12590,12590,Delivered,2025-03-02
12591,12591,Delivered,2026-07-01
12592,12592,Delivered,2024-03-12
12593,12593,Delivered,2026-04-20
12594,12594,Delivered,2023-08-14
12595,12595,Delivered,2026-03-03
12596,12596,Delivered,2023-11-09
12597,12597,Delayed,NULL
12598,12598,In Transit,NULL
12599,12599,Delivered,2023-02-19
12600,12600,Delivered,2025-06-07
12601,12601,Delivered,2023-07-18
12602,12602,Delayed,NULL
12603,12603,Delivered,2026-04-19
12604,12604,Delivered,2023-09-29
12605,12605,Delivered,2024-09-14
12606,12606,Delivered,2023-06-15
12607,12607,Delivered,2024-01-23
12608,12608,In Transit,NULL
12609,12609,Delayed,NULL
12610,12610,Returned,NULL
12611,12611,Delivered,2024-12-15
12612,12612,In Transit,NULL
12613,12613,Delivered,2024-08-29
12614,12614,Delayed,NULL
12615,12615,Delivered,2024-08-27
12616,12616,Delayed,NULL
12617,12617,Delivered,2024-02-01
12618,12618,Delivered,2024-10-19
12619,12619,Delivered,2024-05-11
12620,12620,Delivered,2026-07-14
12621,12621,In Transit,NULL
12622,12622,Delivered,2024-07-24
12623,12623,In Transit,NULL
12624,12624,Delivered,2023-12-07
12625,12625,Delivered,2026-01-05
12626,12626,In Transit,NULL
12627,12627,Delivered,2024-04-13
12628,12628,Delayed,NULL
12629,12629,Delivered,2023-11-19
12630,12630,Delivered,2023-04-20
12631,12631,Delivered,2025-01-23
12632,12632,In Transit,NULL
12633,12633,Delivered,2024-05-03
12634,12634,Delivered,2023-05-14
12635,12635,Delayed,NULL
12636,12636,Lost,NULL
12637,12637,Delivered,2025-08-13
12638,12638,Delivered,2025-02-24
12639,12639,Delivered,2025-01-21
12640,12640,Delivered,2026-01-01
12641,12641,Delayed,NULL
12642,12642,Delivered,2025-04-25
12643,12643,In Transit,NULL
12644,12644,Delivered,2023-07-23
12645,12645,Delivered,2024-03-20
12646,12646,In Transit,NULL
12647,12647,Delivered,2025-12-19
12648,12648,In Transit,NULL
12649,12649,Delivered,2026-07-08
12650,12650,In Transit,NULL
12651,12651,Delivered,2024-04-01
12652,12652,In Transit,NULL
12653,12653,Delayed,NULL
12654,12654,Delayed,NULL
12655,12655,Delivered,2025-01-31
12656,12656,Delivered,2024-01-30
12657,12657,Delivered,2026-05-26
12658,12658,Delivered,2024-05-02
12659,12659,Delivered,2024-07-27
12660,12660,Delayed,NULL
12661,12661,Delayed,NULL
12662,12662,Delivered,2026-01-09
12663,12663,Delayed,NULL
12664,12664,In Transit,NULL
12665,12665,In Transit,NULL
12666,12666,Delivered,2023-11-18
12667,12667,Delayed,NULL
12668,12668,In Transit,NULL
12669,12669,Delivered,2025-05-14
12670,12670,In Transit,NULL
12671,12671,Delivered,2023-11-03
12672,12672,Delivered,2025-10-04
12673,12673,Delivered,2023-06-20
12674,12674,Delivered,2025-06-14
12675,12675,Delayed,NULL
12676,12676,Delivered,2023-05-25
12677,12677,Delivered,2023-10-22
12678,12678,Delivered,2023-03-17
12679,12679,Delayed,NULL
12680,12680,Delayed,NULL
12681,12681,Delivered,2023-11-17
12682,12682,Delayed,NULL
12683,12683,Delivered,2023-07-05
12684,12684,Delivered,2024-10-11
12685,12685,Delivered,2023-11-29
12686,12686,Delivered,2026-08-18
12687,12687,Delivered,2024-01-05
12688,12688,Delayed,NULL
12689,12689,Delayed,NULL
12690,12690,Delivered,2026-02-04
12691,12691,Delivered,2026-03-03
12692,12692,Delivered,2025-04-05
12693,12693,In Transit,NULL
12694,12694,Delivered,2026-04-11
12695,12695,Delivered,2024-08-22
12696,12696,Delivered,2023-07-24
12697,12697,Delivered,2025-10-14
12698,12698,Delivered,2026-06-28
12699,12699,Returned,NULL
12700,12700,Delivered,2025-06-17
12701,12701,Delayed,NULL
12702,12702,Delayed,NULL
12703,12703,Delivered,2024-03-16
12704,12704,Delivered,2026-03-03
12705,12705,In Transit,NULL
12706,12706,Delivered,2026-02-22
12707,12707,Delayed,NULL
12708,12708,In Transit,NULL
12709,12709,Delivered,2025-11-23
12710,12710,Delivered,2026-05-08
12711,12711,Delivered,2025-08-21
12712,12712,Delivered,2023-08-03
12713,12713,Delivered,2025-04-06
12714,12714,Delivered,2024-12-18
12715,12715,In Transit,NULL
12716,12716,Delivered,2026-02-16
12717,12717,Delivered,2024-06-23
12718,12718,In Transit,NULL
12719,12719,Delayed,NULL
12720,12720,Delivered,2023-10-08
12721,12721,Delivered,2023-05-18
12722,12722,Delivered,2023-07-05
12723,12723,Delivered,2026-05-05
12724,12724,In Transit,NULL
12725,12725,Delivered,2026-05-20
12726,12726,Delayed,NULL
12727,12727,In Transit,NULL
12728,12728,Delivered,2023-11-05
12729,12729,Delayed,NULL
12730,12730,Delivered,2024-09-28
12731,12731,Delayed,NULL
12732,12732,Delayed,NULL
12733,12733,Delivered,2023-11-23
12734,12734,Delayed,NULL
12735,12735,Delivered,2025-07-01
12736,12736,In Transit,NULL
12737,12737,Delivered,2023-04-21
12738,12738,Delivered,2025-11-16
12739,12739,Delivered,2025-07-06
12740,12740,Delivered,2024-11-28
12741,12741,In Transit,NULL
12742,12742,Delivered,2023-05-27
12743,12743,Delivered,2023-09-12
12744,12744,In Transit,NULL
12745,12745,In Transit,NULL
12746,12746,In Transit,NULL
12747,12747,In Transit,NULL
12748,12748,Delivered,2024-12-29
12749,12749,Delivered,2025-07-31
12750,12750,Delivered,2023-06-09
12751,12751,Delivered,2025-03-18
12752,12752,Delivered,2025-01-20
12753,12753,Delivered,2026-03-03
12754,12754,In Transit,NULL
12755,12755,Delayed,NULL
12756,12756,Delayed,NULL
12757,12757,Delivered,2024-05-09
12758,12758,Returned,NULL
12759,12759,Delivered,2024-02-24
12760,12760,Delayed,NULL
12761,12761,Delivered,2023-03-16
12762,12762,Delivered,2025-12-30
12763,12763,In Transit,NULL
12764,12764,Delivered,2023-09-05
12765,12765,Delivered,2024-05-27
12766,12766,Delayed,NULL
12767,12767,Delivered,2024-04-08
12768,12768,Returned,NULL
12769,12769,Delivered,2024-12-03
12770,12770,Delivered,2023-04-23
12771,12771,Delivered,2025-09-08
12772,12772,Delayed,NULL
12773,12773,Delivered,2024-11-03
12774,12774,Delivered,2024-06-19
12775,12775,In Transit,NULL
12776,12776,In Transit,NULL
12777,12777,Delivered,2026-01-10
12778,12778,Delivered,2024-03-13
12779,12779,Delivered,2023-02-19
12780,12780,Delayed,NULL
12781,12781,Delivered,2026-04-21
12782,12782,Delivered,2023-09-26
12783,12783,In Transit,NULL
12784,12784,Returned,NULL
12785,12785,Delivered,2023-07-27
12786,12786,Delivered,2024-09-23
12787,12787,In Transit,NULL
12788,12788,Delivered,2024-05-18
12789,12789,Returned,NULL
12790,12790,Delivered,2025-05-31
12791,12791,Delivered,2024-11-21
12792,12792,In Transit,NULL
12793,12793,Delivered,2023-08-01
12794,12794,Delivered,2025-09-02
12795,12795,Delivered,2025-10-14
12796,12796,Delivered,2023-07-27
12797,12797,In Transit,NULL
12798,12798,In Transit,NULL
12799,12799,Delivered,2025-05-22
12800,12800,In Transit,NULL
12801,12801,Delivered,2024-09-19
12802,12802,Delivered,2025-02-07
12803,12803,Delivered,2025-03-25
12804,12804,Delivered,2025-01-18
12805,12805,Delivered,2025-06-06
12806,12806,Delivered,2023-12-14
12807,12807,Delivered,2024-02-26
12808,12808,Delivered,2026-05-20
12809,12809,In Transit,NULL
12810,12810,Delivered,2023-08-05
12811,12811,Delivered,2024-12-11
12812,12812,Delivered,2024-09-24
12813,12813,Delivered,2025-10-22
12814,12814,In Transit,NULL
12815,12815,In Transit,NULL
12816,12816,Delayed,NULL
12817,12817,Delayed,NULL
12818,12818,Delivered,2025-02-01
12819,12819,In Transit,NULL
12820,12820,In Transit,NULL
12821,12821,Delivered,2025-01-28
12822,12822,Delivered,2025-03-12
12823,12823,Delayed,NULL
12824,12824,Delivered,2025-12-25
12825,12825,Lost,NULL
12826,12826,In Transit,NULL
12827,12827,Delivered,2026-01-05
12828,12828,Delivered,2026-08-01
12829,12829,In Transit,NULL
12830,12830,In Transit,NULL
12831,12831,Delayed,NULL
12832,12832,Delivered,2025-01-28
12833,12833,Delivered,2026-02-22
12834,12834,In Transit,NULL
12835,12835,Delivered,2023-03-09
12836,12836,Delivered,2024-09-27
12837,12837,In Transit,NULL
12838,12838,Delivered,2024-01-13
12839,12839,Delivered,2024-06-25
12840,12840,Delivered,2023-02-28
12841,12841,Delivered,2023-02-24
12842,12842,Delivered,2025-07-02
12843,12843,Delivered,2024-05-25
12844,12844,In Transit,NULL
12845,12845,Delivered,2025-05-17
12846,12846,Delivered,2025-01-15
12847,12847,Delivered,2024-04-24
12848,12848,Delivered,2026-06-13
12849,12849,Delivered,2025-09-12
12850,12850,Returned,NULL
12851,12851,Delayed,NULL
12852,12852,In Transit,NULL
12853,12853,In Transit,NULL
12854,12854,In Transit,NULL
12855,12855,Delivered,2024-04-16
12856,12856,In Transit,NULL
12857,12857,Delivered,2023-02-19
12858,12858,Delivered,2023-08-26
12859,12859,Delivered,2024-03-20
12860,12860,Delivered,2023-09-18
12861,12861,Delivered,2025-08-07
12862,12862,Delayed,NULL
12863,12863,Returned,NULL
12864,12864,Delivered,2023-09-18
12865,12865,Delivered,2024-02-19
12866,12866,Delivered,2025-04-29
12867,12867,Delivered,2023-12-25
12868,12868,In Transit,NULL
12869,12869,Delivered,2023-02-16
12870,12870,In Transit,NULL
12871,12871,Delivered,2023-04-09
12872,12872,In Transit,NULL
12873,12873,Delivered,2025-03-31
12874,12874,In Transit,NULL
12875,12875,Delivered,2023-06-25
12876,12876,In Transit,NULL
12877,12877,Delivered,2024-12-11
12878,12878,In Transit,NULL
12879,12879,Lost,NULL
12880,12880,Delivered,2023-09-28
12881,12881,Delivered,2025-05-29
12882,12882,Delayed,NULL
12883,12883,Delayed,NULL
12884,12884,Delivered,2025-03-31
12885,12885,Delivered,2025-02-14
12886,12886,Delayed,NULL
12887,12887,Delivered,2023-03-22
12888,12888,Delivered,2024-09-20
12889,12889,Delivered,2023-03-19
12890,12890,Delivered,2024-03-03
12891,12891,Delivered,2023-10-14
12892,12892,Delivered,2023-02-19
12893,12893,Delivered,2023-03-26
12894,12894,Delivered,2024-07-26
12895,12895,Delivered,2023-04-19
12896,12896,In Transit,NULL
12897,12897,Delivered,2024-06-06
12898,12898,Delivered,2024-10-20
12899,12899,Delayed,NULL
12900,12900,Delivered,2025-07-05
12901,12901,Delivered,2024-08-08
12902,12902,Delivered,2024-07-11
12903,12903,In Transit,NULL
12904,12904,In Transit,NULL
12905,12905,Delivered,2025-01-05
12906,12906,Delayed,NULL
12907,12907,Delayed,NULL
12908,12908,Delivered,2023-03-02
12909,12909,Delivered,2023-05-20
12910,12910,Delivered,2023-10-30
12911,12911,Delivered,2025-05-11
12912,12912,Delivered,2025-10-24
12913,12913,Delivered,2024-11-26
12914,12914,Delivered,2024-09-03
12915,12915,In Transit,NULL
12916,12916,Delivered,2024-11-23
12917,12917,Delivered,2026-07-10
12918,12918,In Transit,NULL
12919,12919,Returned,NULL
12920,12920,In Transit,NULL
12921,12921,Delivered,2025-02-10
12922,12922,Delivered,2023-02-05
12923,12923,Delivered,2025-04-11
12924,12924,Delayed,NULL
12925,12925,Delivered,2024-12-08
12926,12926,Delivered,2026-02-17
12927,12927,Delivered,2024-03-05
12928,12928,Delivered,2026-01-12
12929,12929,Delayed,NULL
12930,12930,Delivered,2024-11-02
12931,12931,Delivered,2024-12-01
12932,12932,Delivered,2025-11-16
12933,12933,Delivered,2023-09-27
12934,12934,Delivered,2023-10-05
12935,12935,Delivered,2026-04-24
12936,12936,Delivered,2024-10-03
12937,12937,Returned,NULL
12938,12938,Delivered,2024-06-18
12939,12939,Delivered,2023-03-06
12940,12940,Delivered,2026-05-07
12941,12941,Delivered,2023-03-05
12942,12942,Delivered,2026-03-24
12943,12943,Delivered,2025-07-24
12944,12944,Delayed,NULL
12945,12945,In Transit,NULL
12946,12946,In Transit,NULL
12947,12947,Delivered,2024-09-12
12948,12948,Delivered,2023-04-27
12949,12949,Delivered,2025-06-28
12950,12950,Delivered,2026-04-17
12951,12951,Delivered,2026-01-02
12952,12952,Returned,NULL
12953,12953,Delivered,2025-05-22
12954,12954,Delivered,2023-09-18
12955,12955,In Transit,NULL
12956,12956,Delivered,2024-09-05
12957,12957,In Transit,NULL
12958,12958,Delivered,2025-12-10
12959,12959,Delivered,2025-06-06
12960,12960,Delivered,2023-05-03
12961,12961,In Transit,NULL
12962,12962,Delivered,2024-02-28
12963,12963,Delivered,2025-10-23
12964,12964,Delivered,2024-10-21
12965,12965,In Transit,NULL
12966,12966,Delivered,2025-03-11
12967,12967,Delivered,2026-03-18
12968,12968,Delivered,2026-05-03
12969,12969,Delivered,2025-05-01
12970,12970,Delayed,NULL
12971,12971,Delivered,2024-07-24
12972,12972,Delivered,2024-02-07
12973,12973,Delayed,NULL
12974,12974,Delivered,2025-06-20
12975,12975,Delivered,2025-02-01
12976,12976,Delivered,2026-07-19
12977,12977,In Transit,NULL
12978,12978,Delivered,2024-06-26
12979,12979,Delayed,NULL
12980,12980,Delivered,2024-03-06
12981,12981,Delivered,2025-06-20
12982,12982,Delivered,2026-08-08
12983,12983,Delivered,2026-02-13
12984,12984,Delivered,2025-08-26
12985,12985,Returned,NULL
12986,12986,Delivered,2023-12-11
12987,12987,Delivered,2026-02-02
12988,12988,Delivered,2025-02-08
12989,12989,Delivered,2026-06-21
12990,12990,Delivered,2024-11-19
12991,12991,Delivered,2023-07-05
12992,12992,Delivered,2023-08-17
12993,12993,Delivered,2024-12-16
12994,12994,Delivered,2025-02-21
12995,12995,Delivered,2026-02-09
12996,12996,Delayed,NULL
12997,12997,In Transit,NULL
12998,12998,Delivered,2023-09-30
12999,12999,Delayed,NULL
13000,13000,Delayed,NULL
13001,13001,Delivered,2023-12-20
13002,13002,Delivered,2024-04-11
13003,13003,Delivered,2023-09-09
13004,13004,Delivered,2026-07-03
13005,13005,Delivered,2025-11-02
13006,13006,Delivered,2023-07-23
13007,13007,Delivered,2023-02-28
13008,13008,Delivered,2026-04-15
13009,13009,Delivered,2024-05-24
13010,13010,Delivered,2025-12-02
13011,13011,Delivered,2025-10-12
13012,13012,Delivered,2025-02-15
13013,13013,Delivered,2023-06-03
13014,13014,In Transit,NULL
13015,13015,Delivered,2025-06-06
13016,13016,In Transit,NULL
13017,13017,Delayed,NULL
13018,13018,Delivered,2024-05-02
13019,13019,Delivered,2024-08-06
13020,13020,Delayed,NULL
13021,13021,Returned,NULL
13022,13022,Delivered,2026-02-25
13023,13023,Delivered,2024-08-13
13024,13024,Delivered,2023-02-17
13025,13025,Delivered,2024-04-27
13026,13026,Delivered,2024-09-06
13027,13027,Delivered,2025-09-27
13028,13028,In Transit,NULL
13029,13029,Delivered,2025-03-12
13030,13030,In Transit,NULL
13031,13031,In Transit,NULL
13032,13032,Delivered,2024-01-03
13033,13033,Delivered,2025-12-16
13034,13034,Delivered,2024-03-30
13035,13035,Delivered,2024-12-01
13036,13036,Delivered,2025-01-28
13037,13037,In Transit,NULL
13038,13038,Delivered,2023-09-12
13039,13039,Delivered,2025-01-12
13040,13040,Delivered,2024-08-20
13041,13041,Delivered,2023-03-23
13042,13042,Delivered,2023-09-08
13043,13043,In Transit,NULL
13044,13044,Delivered,2025-12-05
13045,13045,Delivered,2023-08-13
13046,13046,Delivered,2026-02-23
13047,13047,Delivered,2023-12-01
13048,13048,Delivered,2025-09-17
13049,13049,Delivered,2025-02-06
13050,13050,Delivered,2023-05-04
13051,13051,Delivered,2026-06-01
13052,13052,Delivered,2023-04-24
13053,13053,Delayed,NULL
13054,13054,Delivered,2025-09-14
13055,13055,Returned,NULL
13056,13056,In Transit,NULL
13057,13057,In Transit,NULL
13058,13058,Delivered,2025-10-08
13059,13059,Delivered,2023-08-07
13060,13060,In Transit,NULL
13061,13061,Delivered,2024-11-26
13062,13062,Delivered,2025-08-12
13063,13063,In Transit,NULL
13064,13064,Returned,NULL
13065,13065,Delayed,NULL
13066,13066,In Transit,NULL
13067,13067,Delayed,NULL
13068,13068,Delivered,2024-05-20
13069,13069,Delivered,2023-10-09
13070,13070,Delayed,NULL
13071,13071,In Transit,NULL
13072,13072,In Transit,NULL
13073,13073,Delivered,2025-06-07
13074,13074,Delivered,2023-02-15
13075,13075,Delivered,2026-06-10
13076,13076,Delivered,2023-10-07
13077,13077,In Transit,NULL
13078,13078,Delivered,2024-09-15
13079,13079,In Transit,NULL
13080,13080,Delayed,NULL
13081,13081,Delivered,2024-12-28
13082,13082,Delivered,2026-06-17
13083,13083,In Transit,NULL
13084,13084,In Transit,NULL
13085,13085,In Transit,NULL
13086,13086,Delivered,2024-09-04
13087,13087,Delivered,2025-07-12
13088,13088,Delivered,2026-04-04
13089,13089,Returned,NULL
13090,13090,In Transit,NULL
13091,13091,Delivered,2025-10-12
13092,13092,Delayed,NULL
13093,13093,Delivered,2025-09-30
13094,13094,Delivered,2025-05-19
13095,13095,Delivered,2023-02-25
13096,13096,Delivered,2026-05-25
13097,13097,Returned,NULL
13098,13098,Delivered,2025-11-20
13099,13099,Delivered,2025-10-17
13100,13100,Delivered,2026-08-14
13101,13101,Delivered,2024-04-03
13102,13102,Delivered,2024-02-15
13103,13103,In Transit,NULL
13104,13104,Delivered,2023-05-15
13105,13105,Delivered,2024-07-06
13106,13106,In Transit,NULL
13107,13107,Delivered,2025-08-29
13108,13108,Delayed,NULL
13109,13109,Delivered,2024-08-27
13110,13110,Delivered,2024-12-31
13111,13111,Delivered,2023-03-17
13112,13112,In Transit,NULL
13113,13113,Delivered,2023-11-15
13114,13114,In Transit,NULL
13115,13115,Delayed,NULL
13116,13116,Delivered,2025-03-01
13117,13117,In Transit,NULL
13118,13118,Delivered,2025-10-03
13119,13119,In Transit,NULL
13120,13120,In Transit,NULL
13121,13121,Delivered,2023-03-06
13122,13122,Delivered,2025-10-14
13123,13123,Delivered,2024-04-20
13124,13124,Delivered,2026-06-08
13125,13125,Delayed,NULL
13126,13126,Delivered,2023-08-05
13127,13127,In Transit,NULL
13128,13128,Delivered,2024-02-18
13129,13129,Delivered,2025-02-14
13130,13130,In Transit,NULL
13131,13131,Delayed,NULL
13132,13132,Delivered,2026-02-20
13133,13133,In Transit,NULL
13134,13134,Delivered,2026-06-05
13135,13135,Delayed,NULL
13136,13136,Delayed,NULL
13137,13137,In Transit,NULL
13138,13138,Delivered,2024-06-15
13139,13139,Delivered,2025-02-24
13140,13140,Delivered,2026-06-03
13141,13141,Delivered,2025-06-07
13142,13142,Delivered,2024-08-29
13143,13143,Delayed,NULL
13144,13144,Delivered,2023-04-14
13145,13145,Delivered,2023-05-03
13146,13146,In Transit,NULL
13147,13147,Delayed,NULL
13148,13148,Returned,NULL
13149,13149,In Transit,NULL
13150,13150,Delayed,NULL
13151,13151,Delivered,2026-08-07
13152,13152,Delivered,2024-08-26
13153,13153,In Transit,NULL
13154,13154,Delivered,2023-04-02
13155,13155,Delivered,2025-08-14
13156,13156,Delivered,2023-04-07
13157,13157,Delivered,2023-05-10
13158,13158,Returned,NULL
13159,13159,Delivered,2023-06-08
13160,13160,In Transit,NULL
13161,13161,Delivered,2025-09-24
13162,13162,Delivered,2024-04-18
13163,13163,Delayed,NULL
13164,13164,Delivered,2024-04-17
13165,13165,In Transit,NULL
13166,13166,Delivered,2025-10-08
13167,13167,In Transit,NULL
13168,13168,Delivered,2025-09-15
13169,13169,In Transit,NULL
13170,13170,Delivered,2023-06-12
13171,13171,Delivered,2024-03-01
13172,13172,Delivered,2023-06-17
13173,13173,Delivered,2024-11-24
13174,13174,In Transit,NULL
13175,13175,Delivered,2025-07-27
13176,13176,In Transit,NULL
13177,13177,Delivered,2024-04-02
13178,13178,Delivered,2025-06-24
13179,13179,In Transit,NULL
13180,13180,Delivered,2026-07-12
13181,13181,Delivered,2025-02-06
13182,13182,Delayed,NULL
13183,13183,Delayed,NULL
13184,13184,Delivered,2025-10-12
13185,13185,In Transit,NULL
13186,13186,Delivered,2025-01-30
13187,13187,Delivered,2025-08-06
13188,13188,Lost,NULL
13189,13189,Delivered,2024-01-18
13190,13190,Delivered,2025-02-01
13191,13191,Delayed,NULL
13192,13192,Lost,NULL
13193,13193,Delayed,NULL
13194,13194,Delivered,2023-11-26
13195,13195,In Transit,NULL
13196,13196,Delivered,2026-06-16
13197,13197,Delivered,2024-12-12
13198,13198,In Transit,NULL
13199,13199,Delivered,2024-05-24
13200,13200,Delivered,2025-09-16
13201,13201,Delivered,2026-05-08
13202,13202,Delivered,2024-01-22
13203,13203,In Transit,NULL
13204,13204,In Transit,NULL
13205,13205,Delayed,NULL
13206,13206,Delivered,2024-07-11
13207,13207,Delivered,2024-11-02
13208,13208,Delivered,2025-10-09
13209,13209,Delayed,NULL
13210,13210,In Transit,NULL
13211,13211,Delivered,2025-04-23
13212,13212,Delivered,2024-11-23
13213,13213,In Transit,NULL
13214,13214,Lost,NULL
13215,13215,Returned,NULL
13216,13216,In Transit,NULL
13217,13217,Delivered,2023-08-10
13218,13218,In Transit,NULL
13219,13219,Delivered,2024-02-09
13220,13220,Delivered,2025-01-12
13221,13221,In Transit,NULL
13222,13222,Delivered,2024-10-28
13223,13223,Delivered,2025-04-05
13224,13224,Delivered,2023-02-10
13225,13225,In Transit,NULL
13226,13226,Delivered,2026-01-28
13227,13227,Delayed,NULL
13228,13228,Delivered,2024-09-04
13229,13229,In Transit,NULL
13230,13230,Returned,NULL
13231,13231,Returned,NULL
13232,13232,Delivered,2025-05-09
13233,13233,Delivered,2024-12-14
13234,13234,Delayed,NULL
13235,13235,Delivered,2023-08-25
13236,13236,In Transit,NULL
13237,13237,Delivered,2024-10-27
13238,13238,Delivered,2024-09-28
13239,13239,Delivered,2025-04-06
13240,13240,Delivered,2024-04-08
13241,13241,Delivered,2026-04-05
13242,13242,Returned,NULL
13243,13243,Delivered,2024-02-07
13244,13244,Delivered,2025-11-16
13245,13245,In Transit,NULL
13246,13246,Delivered,2025-04-07
13247,13247,Delivered,2024-07-09
13248,13248,Delayed,NULL
13249,13249,Delivered,2024-03-03
13250,13250,Delayed,NULL
13251,13251,In Transit,NULL
13252,13252,Delivered,2025-01-11
13253,13253,In Transit,NULL
13254,13254,In Transit,NULL
13255,13255,Delayed,NULL
13256,13256,Delivered,2026-04-10
13257,13257,Delivered,2026-03-16
13258,13258,Delayed,NULL
13259,13259,Returned,NULL
13260,13260,In Transit,NULL
13261,13261,In Transit,NULL
13262,13262,Delivered,2026-04-02
13263,13263,Delivered,2024-01-18
13264,13264,Delivered,2025-06-25
13265,13265,In Transit,NULL
13266,13266,Delivered,2025-02-16
13267,13267,In Transit,NULL
13268,13268,Returned,NULL
13269,13269,Delivered,2025-07-01
13270,13270,Delivered,2024-11-02
13271,13271,Delivered,2025-03-09
13272,13272,Lost,NULL
13273,13273,Lost,NULL
13274,13274,Delivered,2024-03-15
13275,13275,Delivered,2026-01-28
13276,13276,In Transit,NULL
13277,13277,Delivered,2025-06-04
13278,13278,Delivered,2023-09-02
13279,13279,In Transit,NULL
13280,13280,In Transit,NULL
13281,13281,Delivered,2023-12-24
13282,13282,Lost,NULL
13283,13283,Delivered,2023-10-27
13284,13284,Delivered,2023-10-20
13285,13285,Delayed,NULL
13286,13286,Delayed,NULL
13287,13287,Delivered,2025-04-18
13288,13288,Delivered,2024-12-06
13289,13289,Delivered,2023-06-01
13290,13290,Delayed,NULL
13291,13291,Delivered,2023-03-04
13292,13292,Delivered,2025-09-17
13293,13293,Returned,NULL
13294,13294,Delivered,2025-12-14
13295,13295,In Transit,NULL
13296,13296,In Transit,NULL
13297,13297,In Transit,NULL
13298,13298,In Transit,NULL
13299,13299,Delivered,2026-04-22
13300,13300,Returned,NULL
13301,13301,Delivered,2025-02-17
13302,13302,Delayed,NULL
13303,13303,Delayed,NULL
13304,13304,Delivered,2025-11-09
13305,13305,In Transit,NULL
13306,13306,Delivered,2024-10-02
13307,13307,Delivered,2026-07-12
13308,13308,Delayed,NULL
13309,13309,In Transit,NULL
13310,13310,In Transit,NULL
13311,13311,Delivered,2026-03-07
13312,13312,Delivered,2024-01-24
13313,13313,Delivered,2023-12-22
13314,13314,Delayed,NULL
13315,13315,Delivered,2023-03-24
13316,13316,Delivered,2025-03-06
13317,13317,In Transit,NULL
13318,13318,Delivered,2025-10-03
13319,13319,In Transit,NULL
13320,13320,Delivered,2024-10-31
13321,13321,Delivered,2024-08-17
13322,13322,Delivered,2025-04-13
13323,13323,Delivered,2023-03-13
13324,13324,Delivered,2026-03-01
13325,13325,Delayed,NULL
13326,13326,In Transit,NULL
13327,13327,Delivered,2024-10-01
13328,13328,In Transit,NULL
13329,13329,In Transit,NULL
13330,13330,Delivered,2024-04-26
13331,13331,Delivered,2025-08-30
13332,13332,Delivered,2023-05-03
13333,13333,Delivered,2025-02-26
13334,13334,Delivered,2024-03-05
13335,13335,In Transit,NULL
13336,13336,Delivered,2025-01-20
13337,13337,Delivered,2025-07-10
13338,13338,In Transit,NULL
13339,13339,Delivered,2025-06-12
13340,13340,Delivered,2024-05-06
13341,13341,Delivered,2024-12-23
13342,13342,In Transit,NULL
13343,13343,Delivered,2023-12-22
13344,13344,Delivered,2024-11-14
13345,13345,Delivered,2025-12-30
13346,13346,Delivered,2024-09-25
13347,13347,In Transit,NULL
13348,13348,Delivered,2024-02-24
13349,13349,Delayed,NULL
13350,13350,Delivered,2023-11-19
13351,13351,In Transit,NULL
13352,13352,Delivered,2025-10-15
13353,13353,Delivered,2023-03-31
13354,13354,Delivered,2026-03-29
13355,13355,Delivered,2023-02-20
13356,13356,Delivered,2024-03-09
13357,13357,In Transit,NULL
13358,13358,In Transit,NULL
13359,13359,In Transit,NULL
13360,13360,Delivered,2025-03-03
13361,13361,Delivered,2024-10-04
13362,13362,In Transit,NULL
13363,13363,Delivered,2024-01-17
13364,13364,Returned,NULL
13365,13365,Delivered,2025-04-30
13366,13366,Delivered,2023-11-28
13367,13367,In Transit,NULL
13368,13368,Delivered,2024-09-26
13369,13369,In Transit,NULL
13370,13370,Delivered,2024-03-04
13371,13371,In Transit,NULL
13372,13372,In Transit,NULL
13373,13373,Delivered,2023-11-18
13374,13374,Delivered,2025-10-18
13375,13375,Delivered,2024-10-15
13376,13376,Delivered,2024-09-19
13377,13377,In Transit,NULL
13378,13378,Delayed,NULL
13379,13379,In Transit,NULL
13380,13380,In Transit,NULL
13381,13381,Delivered,2023-03-06
13382,13382,In Transit,NULL
13383,13383,Delivered,2025-03-04
13384,13384,Delivered,2025-03-21
13385,13385,Delivered,2024-05-09
13386,13386,In Transit,NULL
13387,13387,Delivered,2024-04-20
13388,13388,Delivered,2024-01-11
13389,13389,Delayed,NULL
13390,13390,In Transit,NULL
13391,13391,Delivered,2023-10-17
13392,13392,Delivered,2024-05-26
13393,13393,In Transit,NULL
13394,13394,In Transit,NULL
13395,13395,Delivered,2025-07-25
13396,13396,In Transit,NULL
13397,13397,In Transit,NULL
13398,13398,Delivered,2024-02-24
13399,13399,Delivered,2025-11-19
13400,13400,Delivered,2025-09-10
13401,13401,Delivered,2024-06-06
13402,13402,Delayed,NULL
13403,13403,Returned,NULL
13404,13404,In Transit,NULL
13405,13405,Delivered,2025-11-14
13406,13406,Delivered,2025-07-22
13407,13407,Delivered,2025-05-18
13408,13408,Delayed,NULL
13409,13409,Delayed,NULL
13410,13410,Delivered,2024-02-28
13411,13411,Delayed,NULL
13412,13412,Delivered,2024-10-28
13413,13413,In Transit,NULL
13414,13414,Delayed,NULL
13415,13415,Delivered,2025-05-24
13416,13416,Delivered,2026-01-30
13417,13417,Delayed,NULL
13418,13418,Delivered,2025-11-02
13419,13419,Delayed,NULL
13420,13420,Delivered,2024-06-17
13421,13421,Delivered,2023-05-03
13422,13422,Delivered,2025-09-01
13423,13423,In Transit,NULL
13424,13424,Delayed,NULL
13425,13425,Lost,NULL
13426,13426,In Transit,NULL
13427,13427,Delivered,2024-07-11
13428,13428,In Transit,NULL
13429,13429,Delivered,2026-01-08
13430,13430,Delivered,2025-02-14
13431,13431,In Transit,NULL
13432,13432,Delivered,2024-04-02
13433,13433,Delivered,2026-07-23
13434,13434,Delivered,2025-04-19
13435,13435,Delayed,NULL
13436,13436,Delayed,NULL
13437,13437,Delivered,2024-09-14
13438,13438,Delivered,2024-03-28
13439,13439,Delivered,2023-05-14
13440,13440,Delayed,NULL
13441,13441,In Transit,NULL
13442,13442,Delivered,2023-10-29
13443,13443,Delayed,NULL
13444,13444,In Transit,NULL
13445,13445,Delivered,2023-11-30
13446,13446,Delivered,2024-05-12
13447,13447,Delivered,2024-06-11
13448,13448,Delivered,2023-03-30
13449,13449,In Transit,NULL
13450,13450,Returned,NULL
13451,13451,In Transit,NULL
13452,13452,Delivered,2025-01-07
13453,13453,Delivered,2025-06-04
13454,13454,Delivered,2023-08-05
13455,13455,In Transit,NULL
13456,13456,Delayed,NULL
13457,13457,In Transit,NULL
13458,13458,Delivered,2024-10-31
13459,13459,Returned,NULL
13460,13460,Delayed,NULL
13461,13461,Delivered,2024-09-06
13462,13462,In Transit,NULL
13463,13463,In Transit,NULL
13464,13464,Delivered,2023-04-21
13465,13465,Delivered,2026-05-07
13466,13466,Delayed,NULL
13467,13467,Delayed,NULL
13468,13468,Delivered,2023-09-03
13469,13469,In Transit,NULL
13470,13470,Delivered,2023-07-25
13471,13471,Delivered,2023-03-28
13472,13472,In Transit,NULL
13473,13473,Returned,NULL
13474,13474,In Transit,NULL
13475,13475,Delivered,2023-11-06
13476,13476,Delivered,2024-01-17
13477,13477,Delivered,2025-04-17
13478,13478,Delivered,2024-02-29
13479,13479,Delivered,2025-07-29
13480,13480,Delayed,NULL
13481,13481,Delivered,2023-05-16
13482,13482,In Transit,NULL
13483,13483,Delivered,2025-10-24
13484,13484,Delivered,2025-11-15
13485,13485,Delivered,2024-09-01
13486,13486,Delivered,2025-11-20
13487,13487,In Transit,NULL
13488,13488,Delivered,2024-06-20
13489,13489,Delivered,2026-04-13
13490,13490,Delivered,2023-03-07
13491,13491,Delivered,2026-01-21
13492,13492,In Transit,NULL
13493,13493,Delivered,2023-10-15
13494,13494,Delivered,2023-11-26
13495,13495,In Transit,NULL
13496,13496,Returned,NULL
13497,13497,In Transit,NULL
13498,13498,Delivered,2026-02-27
13499,13499,Delivered,2025-07-16
13500,13500,In Transit,NULL
13501,13501,Delivered,2024-04-22
13502,13502,Delayed,NULL
13503,13503,Delivered,2024-06-23
13504,13504,Delivered,2023-12-27
13505,13505,Delivered,2023-04-10
13506,13506,Delivered,2023-04-30
13507,13507,In Transit,NULL
13508,13508,Delivered,2025-11-19
13509,13509,Delivered,2023-02-28
13510,13510,In Transit,NULL
13511,13511,Delivered,2026-06-29
13512,13512,Delivered,2024-02-06
13513,13513,In Transit,NULL
13514,13514,In Transit,NULL
13515,13515,Returned,NULL
13516,13516,Delivered,2026-06-06
13517,13517,In Transit,NULL
13518,13518,In Transit,NULL
13519,13519,In Transit,NULL
13520,13520,Delivered,2024-10-14
13521,13521,In Transit,NULL
13522,13522,Delivered,2024-09-18
13523,13523,Delivered,2025-03-03
13524,13524,Delivered,2023-07-15
13525,13525,Delivered,2024-02-02
13526,13526,In Transit,NULL
13527,13527,Delayed,NULL
13528,13528,Delivered,2026-06-02
13529,13529,In Transit,NULL
13530,13530,Delivered,2024-04-06
13531,13531,Delayed,NULL
13532,13532,In Transit,NULL
13533,13533,Delivered,2023-12-11
13534,13534,Delivered,2025-10-26
13535,13535,Delivered,2023-02-10
13536,13536,In Transit,NULL
13537,13537,Delivered,2023-12-08
13538,13538,In Transit,NULL
13539,13539,In Transit,NULL
13540,13540,Delivered,2025-06-19
13541,13541,Delivered,2025-05-13
13542,13542,In Transit,NULL
13543,13543,Delayed,NULL
13544,13544,Delivered,2025-04-07
13545,13545,Delivered,2024-08-26
13546,13546,Delivered,2023-05-17
13547,13547,Delayed,NULL
13548,13548,Delivered,2026-06-15
13549,13549,Delivered,2025-09-19
13550,13550,Delivered,2026-03-23
13551,13551,Delayed,NULL
13552,13552,In Transit,NULL
13553,13553,Delivered,2025-03-17
13554,13554,Delivered,2024-04-19
13555,13555,Delivered,2024-10-06
13556,13556,In Transit,NULL
13557,13557,Delivered,2024-06-22
13558,13558,Delivered,2023-06-17
13559,13559,In Transit,NULL
13560,13560,Delivered,2025-09-13
13561,13561,Delivered,2026-05-16
13562,13562,Lost,NULL
13563,13563,Delivered,2026-04-21
13564,13564,Delivered,2023-08-20
13565,13565,In Transit,NULL
13566,13566,In Transit,NULL
13567,13567,In Transit,NULL
13568,13568,Delivered,2025-09-22
13569,13569,In Transit,NULL
13570,13570,Delivered,2024-08-11
13571,13571,Delivered,2025-05-25
13572,13572,In Transit,NULL
13573,13573,Delivered,2023-04-08
13574,13574,Delivered,2025-09-09
13575,13575,Delivered,2023-06-08
13576,13576,Delivered,2023-07-23
13577,13577,Delivered,2023-11-23
13578,13578,Delivered,2024-10-03
13579,13579,Delivered,2024-01-08
13580,13580,In Transit,NULL
13581,13581,In Transit,NULL
13582,13582,In Transit,NULL
13583,13583,Delivered,2025-09-05
13584,13584,In Transit,NULL
13585,13585,Delivered,2023-09-22
13586,13586,Returned,NULL
13587,13587,In Transit,NULL
13588,13588,Delayed,NULL
13589,13589,Delayed,NULL
13590,13590,Delivered,2025-06-15
13591,13591,Delivered,2024-04-28
13592,13592,Delivered,2026-05-23
13593,13593,Delivered,2023-12-13
13594,13594,In Transit,NULL
13595,13595,Delivered,2023-05-25
13596,13596,In Transit,NULL
13597,13597,Delivered,2023-08-06
13598,13598,Delivered,2025-01-02
13599,13599,In Transit,NULL
13600,13600,In Transit,NULL
13601,13601,Delivered,2023-03-03
13602,13602,Delivered,2026-04-05
13603,13603,In Transit,NULL
13604,13604,Delivered,2024-11-23
13605,13605,Delivered,2026-04-13
13606,13606,Delivered,2024-06-19
13607,13607,Delivered,2023-10-04
13608,13608,Delivered,2023-07-05
13609,13609,Delivered,2024-05-03
13610,13610,Delayed,NULL
13611,13611,Delayed,NULL
13612,13612,Delayed,NULL
13613,13613,Delivered,2024-02-21
13614,13614,In Transit,NULL
13615,13615,In Transit,NULL
13616,13616,Delivered,2023-03-25
13617,13617,Delivered,2025-09-04
13618,13618,Delivered,2024-10-31
13619,13619,Delivered,2025-10-05
13620,13620,In Transit,NULL
13621,13621,In Transit,NULL
13622,13622,Delivered,2025-01-18
13623,13623,Delivered,2025-01-03
13624,13624,Delayed,NULL
13625,13625,Delivered,2026-03-10
13626,13626,Delivered,2024-08-15
13627,13627,In Transit,NULL
13628,13628,In Transit,NULL
13629,13629,Delivered,2023-11-09
13630,13630,Delivered,2026-03-26
13631,13631,Delivered,2024-03-19
13632,13632,Delivered,2024-08-07
13633,13633,Delivered,2026-01-28
13634,13634,Delayed,NULL
13635,13635,Delivered,2025-11-01
13636,13636,Delivered,2024-12-28
13637,13637,Delivered,2025-08-10
13638,13638,Delivered,2023-06-29
13639,13639,Lost,NULL
13640,13640,Delayed,NULL
13641,13641,Delivered,2025-01-16
13642,13642,Delivered,2023-03-24
13643,13643,Delivered,2023-07-02
13644,13644,Returned,NULL
13645,13645,Delivered,2026-06-06
13646,13646,In Transit,NULL
13647,13647,Delivered,2023-05-23
13648,13648,In Transit,NULL
13649,13649,Lost,NULL
13650,13650,Delivered,2025-01-02
13651,13651,Delivered,2024-11-16
13652,13652,Delayed,NULL
13653,13653,Delivered,2023-03-30
13654,13654,Delayed,NULL
13655,13655,Delayed,NULL
13656,13656,Delivered,2024-11-27
13657,13657,In Transit,NULL
13658,13658,In Transit,NULL
13659,13659,Delivered,2024-02-28
13660,13660,In Transit,NULL
13661,13661,Delayed,NULL
13662,13662,Delivered,2023-09-20
13663,13663,Delayed,NULL
13664,13664,Delivered,2026-01-18
13665,13665,Delayed,NULL
13666,13666,Delivered,2025-10-10
13667,13667,Delivered,2025-09-20
13668,13668,Delayed,NULL
13669,13669,Delivered,2024-08-27
13670,13670,Delayed,NULL
13671,13671,Delivered,2023-11-25
13672,13672,Delivered,2024-03-08
13673,13673,Delayed,NULL
13674,13674,Delivered,2024-02-04
13675,13675,In Transit,NULL
13676,13676,In Transit,NULL
13677,13677,Delivered,2023-08-15
13678,13678,Delivered,2024-01-04
13679,13679,Delivered,2023-05-03
13680,13680,Delivered,2025-02-23
13681,13681,Delivered,2025-10-02
13682,13682,Lost,NULL
13683,13683,Delayed,NULL
13684,13684,In Transit,NULL
13685,13685,Delivered,2024-05-21
13686,13686,Delivered,2023-08-15
13687,13687,Delayed,NULL
13688,13688,In Transit,NULL
13689,13689,In Transit,NULL
13690,13690,In Transit,NULL
13691,13691,Delivered,2025-04-24
13692,13692,In Transit,NULL
13693,13693,Delivered,2023-03-16
13694,13694,Delivered,2025-04-02
13695,13695,Delayed,NULL
13696,13696,Delivered,2025-05-24
13697,13697,In Transit,NULL
13698,13698,Delayed,NULL
13699,13699,Delivered,2026-04-18
13700,13700,Delivered,2026-02-06
13701,13701,Delayed,NULL
13702,13702,Delivered,2025-04-21
13703,13703,Delivered,2024-07-28
13704,13704,Delivered,2024-07-18
13705,13705,Delivered,2026-07-17
13706,13706,Delivered,2024-12-12
13707,13707,Delivered,2025-02-04
13708,13708,Delivered,2025-12-05
13709,13709,In Transit,NULL
13710,13710,In Transit,NULL
13711,13711,Delivered,2023-07-18
13712,13712,Delayed,NULL
13713,13713,In Transit,NULL
13714,13714,Delivered,2024-06-27
13715,13715,Delivered,2023-10-29
13716,13716,Delivered,2024-05-19
13717,13717,Delayed,NULL
13718,13718,Delivered,2025-07-05
13719,13719,Delivered,2025-01-06
13720,13720,Delivered,2023-08-16
13721,13721,Lost,NULL
13722,13722,Delayed,NULL
13723,13723,Delivered,2023-05-23
13724,13724,Delivered,2024-08-26
13725,13725,Delivered,2023-03-10
13726,13726,Delivered,2025-07-19
13727,13727,Delivered,2026-04-17
13728,13728,Delayed,NULL
13729,13729,In Transit,NULL
13730,13730,Delayed,NULL
13731,13731,Delivered,2026-03-25
13732,13732,In Transit,NULL
13733,13733,Delivered,2023-12-30
13734,13734,Delivered,2023-07-24
13735,13735,In Transit,NULL
13736,13736,Delivered,2023-10-01
13737,13737,Delayed,NULL
13738,13738,In Transit,NULL
13739,13739,Delayed,NULL
13740,13740,Delivered,2023-12-30
13741,13741,In Transit,NULL
13742,13742,Delivered,2024-08-27
13743,13743,Delivered,2024-07-23
13744,13744,In Transit,NULL
13745,13745,Delayed,NULL
13746,13746,Delayed,NULL
13747,13747,Returned,NULL
13748,13748,In Transit,NULL
13749,13749,In Transit,NULL
13750,13750,Delayed,NULL
13751,13751,Delivered,2024-06-16
13752,13752,Delivered,2023-09-28
13753,13753,In Transit,NULL
13754,13754,In Transit,NULL
13755,13755,Delayed,NULL
13756,13756,Delayed,NULL
13757,13757,Returned,NULL
13758,13758,Delivered,2025-08-18
13759,13759,In Transit,NULL
13760,13760,Delivered,2026-05-23
13761,13761,Delivered,2026-07-05
13762,13762,Delivered,2026-05-25
13763,13763,In Transit,NULL
13764,13764,Delivered,2023-07-03
13765,13765,Delayed,NULL
13766,13766,In Transit,NULL
13767,13767,Delivered,2023-12-11
13768,13768,Delivered,2025-11-10
13769,13769,Delayed,NULL
13770,13770,Delivered,2024-04-20
13771,13771,Delivered,2023-07-24
13772,13772,Delivered,2024-07-18
13773,13773,In Transit,NULL
13774,13774,Delayed,NULL
13775,13775,Delivered,2025-02-25
13776,13776,Delivered,2025-11-04
13777,13777,In Transit,NULL
13778,13778,In Transit,NULL
13779,13779,Delivered,2025-04-17
13780,13780,Delivered,2024-10-21
13781,13781,Delivered,2023-09-03
13782,13782,Delivered,2025-01-01
13783,13783,In Transit,NULL
13784,13784,In Transit,NULL
13785,13785,In Transit,NULL
13786,13786,Delivered,2026-05-21
13787,13787,Delivered,2023-09-15
13788,13788,Returned,NULL
13789,13789,Delivered,2024-02-17
13790,13790,Delivered,2026-07-27
13791,13791,Delivered,2024-09-06
13792,13792,Delivered,2024-08-07
13793,13793,Delivered,2026-03-30
13794,13794,Delivered,2023-12-03
13795,13795,In Transit,NULL
13796,13796,Delivered,2024-01-11
13797,13797,Delivered,2026-01-27
13798,13798,Delivered,2026-08-11
13799,13799,Delivered,2025-09-05
13800,13800,In Transit,NULL
13801,13801,Delivered,2025-08-01
13802,13802,Delivered,2023-07-15
13803,13803,Returned,NULL
13804,13804,Returned,NULL
13805,13805,Delivered,2025-01-22
13806,13806,In Transit,NULL
13807,13807,Returned,NULL
13808,13808,Delivered,2023-04-29
13809,13809,Delivered,2023-12-02
13810,13810,Delivered,2023-07-04
13811,13811,In Transit,NULL
13812,13812,Delayed,NULL
13813,13813,Delivered,2026-06-30
13814,13814,Delivered,2025-08-24
13815,13815,Delayed,NULL
13816,13816,Delivered,2026-04-19
13817,13817,Delivered,2026-05-18
13818,13818,Delivered,2026-04-28
13819,13819,Delivered,2025-09-17
13820,13820,Returned,NULL
13821,13821,In Transit,NULL
13822,13822,Delivered,2025-05-04
13823,13823,Delivered,2026-03-22
13824,13824,Delayed,NULL
13825,13825,Delivered,2026-07-03
13826,13826,Delayed,NULL
13827,13827,Delayed,NULL
13828,13828,Delivered,2025-05-26
13829,13829,Delayed,NULL
13830,13830,Delivered,2025-07-30
13831,13831,Delivered,2025-12-07
13832,13832,Delivered,2023-12-07
13833,13833,In Transit,NULL
13834,13834,Delivered,2024-03-20
13835,13835,Delivered,2025-06-06
13836,13836,In Transit,NULL
13837,13837,Delayed,NULL
13838,13838,Delivered,2024-03-11
13839,13839,Delayed,NULL
13840,13840,Delivered,2023-11-22
13841,13841,Delayed,NULL
13842,13842,In Transit,NULL
13843,13843,Delivered,2024-11-20
13844,13844,Delivered,2025-12-05
13845,13845,In Transit,NULL
13846,13846,Delivered,2023-09-01
13847,13847,Delivered,2023-04-25
13848,13848,Delayed,NULL
13849,13849,Delivered,2024-08-28
13850,13850,Delivered,2024-02-11
13851,13851,Delivered,2023-05-04
13852,13852,Delivered,2023-08-01
13853,13853,Delivered,2025-05-02
13854,13854,Delivered,2023-04-03
13855,13855,In Transit,NULL
13856,13856,Delivered,2024-01-17
13857,13857,Delivered,2026-05-02
13858,13858,Delivered,2026-01-11
13859,13859,In Transit,NULL
13860,13860,Delivered,2023-04-01
13861,13861,Delivered,2024-10-24
13862,13862,In Transit,NULL
13863,13863,Delivered,2024-06-29
13864,13864,Delayed,NULL
13865,13865,Delivered,2024-12-20
13866,13866,In Transit,NULL
13867,13867,Delivered,2024-06-30
13868,13868,Delayed,NULL
13869,13869,In Transit,NULL
13870,13870,In Transit,NULL
13871,13871,In Transit,NULL
13872,13872,Delivered,2026-04-17
13873,13873,Lost,NULL
13874,13874,In Transit,NULL
13875,13875,Delivered,2025-08-28
13876,13876,Delivered,2024-01-05
13877,13877,Delivered,2024-09-23
13878,13878,Delivered,2024-10-03
13879,13879,Delivered,2023-12-16
13880,13880,Delivered,2025-11-28
13881,13881,Delivered,2024-12-07
13882,13882,Delivered,2023-07-02
13883,13883,Delivered,2023-02-11
13884,13884,Delayed,NULL
13885,13885,Delivered,2024-12-14
13886,13886,In Transit,NULL
13887,13887,In Transit,NULL
13888,13888,Delivered,2024-08-12
13889,13889,Delivered,2023-02-12
13890,13890,Delivered,2023-12-14
13891,13891,Delayed,NULL
13892,13892,In Transit,NULL
13893,13893,Delivered,2023-05-14
13894,13894,Delayed,NULL
13895,13895,In Transit,NULL
13896,13896,Delivered,2026-06-13
13897,13897,Returned,NULL
13898,13898,Delayed,NULL
13899,13899,Delivered,2023-08-07
13900,13900,Delivered,2023-11-22
13901,13901,In Transit,NULL
13902,13902,Delivered,2025-11-19
13903,13903,Delivered,2025-03-03
13904,13904,Delivered,2023-02-18
13905,13905,Delivered,2023-09-26
13906,13906,Delivered,2025-01-02
13907,13907,Delivered,2026-05-25
13908,13908,In Transit,NULL
13909,13909,Delivered,2025-04-16
13910,13910,Returned,NULL
13911,13911,Delivered,2026-07-21
13912,13912,Delivered,2026-03-09
13913,13913,Delivered,2025-08-20
13914,13914,Returned,NULL
13915,13915,Delayed,NULL
13916,13916,Delivered,2026-01-06
13917,13917,Delivered,2023-06-01
13918,13918,Delivered,2026-08-17
13919,13919,In Transit,NULL
13920,13920,Delivered,2024-01-11
13921,13921,Delayed,NULL
13922,13922,In Transit,NULL
13923,13923,Delivered,2024-12-09
13924,13924,In Transit,NULL
13925,13925,Delivered,2023-09-08
13926,13926,Delivered,2024-08-08
13927,13927,Delivered,2026-04-09
13928,13928,In Transit,NULL
13929,13929,Delivered,2024-10-21
13930,13930,Delivered,2026-06-01
13931,13931,Delivered,2025-02-16
13932,13932,Delivered,2023-07-24
13933,13933,Delivered,2025-05-20
13934,13934,Returned,NULL
13935,13935,Delivered,2026-07-10
13936,13936,Delivered,2023-08-18
13937,13937,Delayed,NULL
13938,13938,Delayed,NULL
13939,13939,Delayed,NULL
13940,13940,Delivered,2025-08-24
13941,13941,Delayed,NULL
13942,13942,In Transit,NULL
13943,13943,Delivered,2023-02-22
13944,13944,Delivered,2026-02-06
13945,13945,Delivered,2023-05-15
13946,13946,In Transit,NULL
13947,13947,Delayed,NULL
13948,13948,Delivered,2024-11-15
13949,13949,Delivered,2023-06-15
13950,13950,In Transit,NULL
13951,13951,Delayed,NULL
13952,13952,Delivered,2025-03-11
13953,13953,Delivered,2026-04-05
13954,13954,In Transit,NULL
13955,13955,Delivered,2024-08-05
13956,13956,Delivered,2026-04-02
13957,13957,Delivered,2026-01-17
13958,13958,Delayed,NULL
13959,13959,In Transit,NULL
13960,13960,Delivered,2024-09-06
13961,13961,In Transit,NULL
13962,13962,Delivered,2024-07-20
13963,13963,Delivered,2023-04-25
13964,13964,Delivered,2024-06-23
13965,13965,In Transit,NULL
13966,13966,Delayed,NULL
13967,13967,Lost,NULL
13968,13968,In Transit,NULL
13969,13969,Delivered,2026-03-30
13970,13970,In Transit,NULL
13971,13971,In Transit,NULL
13972,13972,Delivered,2023-10-31
13973,13973,Delivered,2024-11-19
13974,13974,Delivered,2024-09-05
13975,13975,Delivered,2024-10-10
13976,13976,Delivered,2024-07-29
13977,13977,Delivered,2024-10-06
13978,13978,Delivered,2026-03-13
13979,13979,Delayed,NULL
13980,13980,Delivered,2023-03-29
13981,13981,Delivered,2023-10-10
13982,13982,Delivered,2025-03-19
13983,13983,Delivered,2023-03-16
13984,13984,Delivered,2025-07-08
13985,13985,Delivered,2026-01-26
13986,13986,Delivered,2024-12-26
13987,13987,Delivered,2024-09-16
13988,13988,Delivered,2023-09-25
13989,13989,Delivered,2026-06-22
13990,13990,Lost,NULL
13991,13991,Delivered,2024-02-02
13992,13992,Delivered,2023-04-23
13993,13993,Delivered,2024-11-24
13994,13994,Delayed,NULL
13995,13995,Delivered,2023-09-01
13996,13996,Delivered,2023-06-19
13997,13997,Delivered,2024-03-28
13998,13998,Delivered,2024-06-07
13999,13999,Delivered,2025-10-04
14000,14000,Delivered,2025-03-18
14001,14001,Delivered,2023-05-03
14002,14002,In Transit,NULL
14003,14003,Delivered,2024-12-23
14004,14004,Delayed,NULL
14005,14005,In Transit,NULL
14006,14006,Delivered,2025-05-08
14007,14007,In Transit,NULL
14008,14008,Delivered,2023-04-27
14009,14009,Delayed,NULL
14010,14010,Delayed,NULL
14011,14011,Delivered,2026-06-01
14012,14012,Delayed,NULL
14013,14013,Delayed,NULL
14014,14014,In Transit,NULL
14015,14015,Delivered,2026-03-21
14016,14016,Delivered,2024-03-06
14017,14017,Delivered,2025-09-27
14018,14018,Delivered,2024-09-06
14019,14019,Delivered,2023-11-17
14020,14020,Delivered,2023-04-28
14021,14021,Delivered,2026-08-07
14022,14022,Delivered,2023-09-05
14023,14023,Delivered,2023-04-06
14024,14024,Delivered,2023-08-18
14025,14025,In Transit,NULL
14026,14026,Delivered,2025-11-18
14027,14027,Delivered,2023-05-04
14028,14028,Delivered,2024-08-08
14029,14029,Delayed,NULL
14030,14030,Delivered,2023-10-02
14031,14031,Delayed,NULL
14032,14032,Delivered,2025-06-20
14033,14033,Delivered,2023-05-09
14034,14034,In Transit,NULL
14035,14035,Delivered,2026-05-02
14036,14036,Delivered,2024-04-30
14037,14037,In Transit,NULL
14038,14038,Delivered,2024-01-02
14039,14039,Delivered,2025-03-09
14040,14040,Returned,NULL
14041,14041,Delivered,2024-12-03
14042,14042,Delayed,NULL
14043,14043,Delivered,2023-07-10
14044,14044,In Transit,NULL
14045,14045,Delivered,2023-09-10
14046,14046,Delivered,2023-03-14
14047,14047,Returned,NULL
14048,14048,Delayed,NULL
14049,14049,In Transit,NULL
14050,14050,Returned,NULL
14051,14051,Delivered,2023-12-17
14052,14052,Delivered,2025-03-30
14053,14053,Delayed,NULL
14054,14054,In Transit,NULL
14055,14055,Delivered,2023-03-28
14056,14056,Delivered,2026-01-07
14057,14057,Delivered,2023-04-09
14058,14058,Delivered,2024-10-16
14059,14059,Delayed,NULL
14060,14060,Delivered,2024-03-13
14061,14061,In Transit,NULL
14062,14062,Delayed,NULL
14063,14063,Delivered,2024-01-17
14064,14064,Delivered,2023-02-03
14065,14065,In Transit,NULL
14066,14066,Delayed,NULL
14067,14067,Delivered,2024-08-03
14068,14068,Delivered,2025-06-30
14069,14069,Delivered,2026-08-08
14070,14070,Delivered,2023-08-20
14071,14071,In Transit,NULL
14072,14072,In Transit,NULL
14073,14073,Delivered,2025-10-29
14074,14074,Delivered,2024-08-23
14075,14075,Delivered,2023-12-08
14076,14076,Delivered,2023-05-07
14077,14077,Delivered,2023-04-22
14078,14078,Delayed,NULL
14079,14079,Delivered,2023-05-26
14080,14080,Returned,NULL
14081,14081,Delayed,NULL
14082,14082,Delivered,2025-01-17
14083,14083,Delivered,2024-10-28
14084,14084,Delivered,2025-09-20
14085,14085,Delivered,2024-02-24
14086,14086,In Transit,NULL
14087,14087,In Transit,NULL
14088,14088,In Transit,NULL
14089,14089,Delayed,NULL
14090,14090,Delivered,2025-12-17
14091,14091,Delivered,2023-12-31
14092,14092,In Transit,NULL
14093,14093,Delivered,2025-06-12
14094,14094,In Transit,NULL
14095,14095,Delivered,2023-10-28
14096,14096,Delivered,2025-03-23
14097,14097,Delivered,2024-06-28
14098,14098,Delivered,2023-12-10
14099,14099,Delivered,2024-10-05
14100,14100,Delivered,2023-09-20
14101,14101,Delivered,2026-03-06
14102,14102,Delivered,2025-09-06
14103,14103,Delivered,2023-05-08
14104,14104,Delayed,NULL
14105,14105,Delayed,NULL
14106,14106,Returned,NULL
14107,14107,Delivered,2024-01-30
14108,14108,Returned,NULL
14109,14109,Delivered,2024-02-17
14110,14110,Delivered,2025-10-12
14111,14111,Delivered,2023-10-21
14112,14112,Delivered,2025-11-16
14113,14113,Delivered,2023-12-25
14114,14114,Delivered,2025-07-19
14115,14115,Delivered,2026-01-12
14116,14116,Delivered,2023-11-16
14117,14117,In Transit,NULL
14118,14118,Delivered,2024-10-08
14119,14119,Delivered,2023-08-05
14120,14120,Delayed,NULL
14121,14121,Delayed,NULL
14122,14122,In Transit,NULL
14123,14123,In Transit,NULL
14124,14124,In Transit,NULL
14125,14125,In Transit,NULL
14126,14126,In Transit,NULL
14127,14127,Delivered,2026-04-19
14128,14128,Delivered,2023-03-23
14129,14129,Delivered,2023-05-16
14130,14130,In Transit,NULL
14131,14131,Delivered,2025-02-19
14132,14132,Delivered,2025-05-30
14133,14133,Delivered,2024-02-18
14134,14134,Delivered,2023-05-23
14135,14135,Delivered,2025-07-03
14136,14136,Delivered,2025-04-16
14137,14137,Delivered,2026-05-30
14138,14138,Delivered,2024-03-24
14139,14139,Delivered,2024-07-17
14140,14140,Delivered,2025-10-03
14141,14141,Delivered,2024-04-29
14142,14142,In Transit,NULL
14143,14143,In Transit,NULL
14144,14144,Delivered,2023-05-30
14145,14145,Delivered,2025-01-08
14146,14146,Delayed,NULL
14147,14147,Delivered,2024-11-26
14148,14148,Delivered,2026-03-04
14149,14149,In Transit,NULL
14150,14150,Delivered,2024-06-03
14151,14151,In Transit,NULL
14152,14152,Delivered,2023-09-01
14153,14153,In Transit,NULL
14154,14154,Delivered,2025-11-22
14155,14155,Delivered,2026-06-16
14156,14156,In Transit,NULL
14157,14157,In Transit,NULL
14158,14158,Delivered,2024-10-05
14159,14159,In Transit,NULL
14160,14160,Delayed,NULL
14161,14161,Delivered,2025-01-24
14162,14162,Delayed,NULL
14163,14163,Delivered,2023-08-18
14164,14164,Delivered,2025-04-25
14165,14165,Delivered,2023-07-03
14166,14166,Delivered,2023-11-24
14167,14167,Delivered,2026-07-14
14168,14168,In Transit,NULL
14169,14169,Delivered,2023-04-30
14170,14170,In Transit,NULL
14171,14171,Delivered,2024-07-03
14172,14172,Delayed,NULL
14173,14173,Delivered,2026-04-30
14174,14174,Delayed,NULL
14175,14175,Delivered,2025-11-13
14176,14176,In Transit,NULL
14177,14177,Delayed,NULL
14178,14178,Delivered,2026-08-07
14179,14179,Delivered,2024-04-12
14180,14180,In Transit,NULL
14181,14181,In Transit,NULL
14182,14182,In Transit,NULL
14183,14183,Delivered,2026-07-31
14184,14184,Returned,NULL
14185,14185,In Transit,NULL
14186,14186,In Transit,NULL
14187,14187,Delayed,NULL
14188,14188,In Transit,NULL
14189,14189,Delivered,2025-03-07
14190,14190,Delayed,NULL
14191,14191,Delivered,2024-08-14
14192,14192,Delivered,2023-03-11
14193,14193,Delayed,NULL
14194,14194,Delivered,2025-10-23
14195,14195,In Transit,NULL
14196,14196,In Transit,NULL
14197,14197,In Transit,NULL
14198,14198,Delivered,2024-04-08
14199,14199,Delivered,2023-06-21
14200,14200,Delayed,NULL
14201,14201,Delivered,2026-03-08
14202,14202,Delivered,2023-10-24
14203,14203,Delivered,2023-05-25
14204,14204,Delivered,2024-11-06
14205,14205,Delivered,2024-12-13
14206,14206,Returned,NULL
14207,14207,Delayed,NULL
14208,14208,Delivered,2023-03-02
14209,14209,Delivered,2025-12-04
14210,14210,Delivered,2025-02-24
14211,14211,Delivered,2025-11-27
14212,14212,In Transit,NULL
14213,14213,In Transit,NULL
14214,14214,Delayed,NULL
14215,14215,Delivered,2024-09-11
14216,14216,Delivered,2026-04-08
14217,14217,Delivered,2025-08-29
14218,14218,Returned,NULL
14219,14219,Delivered,2024-08-06
14220,14220,Delivered,2026-01-08
14221,14221,Delivered,2025-07-24
14222,14222,Delivered,2024-08-13
14223,14223,In Transit,NULL
14224,14224,Delivered,2026-07-02
14225,14225,Delivered,2025-03-26
14226,14226,In Transit,NULL
14227,14227,Delivered,2025-09-07
14228,14228,Delayed,NULL
14229,14229,Delivered,2023-10-25
14230,14230,Delivered,2026-01-30
14231,14231,In Transit,NULL
14232,14232,In Transit,NULL
14233,14233,Delivered,2024-04-29
14234,14234,Delivered,2025-07-24
14235,14235,In Transit,NULL
14236,14236,In Transit,NULL
14237,14237,In Transit,NULL
14238,14238,Delivered,2026-05-24
14239,14239,Delivered,2025-07-14
14240,14240,In Transit,NULL
14241,14241,Delayed,NULL
14242,14242,Delivered,2026-03-04
14243,14243,In Transit,NULL
14244,14244,Delayed,NULL
14245,14245,In Transit,NULL
14246,14246,In Transit,NULL
14247,14247,Delivered,2025-05-11
14248,14248,Delivered,2026-03-26
14249,14249,Delivered,2025-02-24
14250,14250,In Transit,NULL
14251,14251,Delivered,2024-06-24
14252,14252,Delivered,2023-06-16
14253,14253,Delivered,2025-11-07
14254,14254,Delivered,2024-09-23
14255,14255,In Transit,NULL
14256,14256,In Transit,NULL
14257,14257,In Transit,NULL
14258,14258,Lost,NULL
14259,14259,Delivered,2025-02-06
14260,14260,In Transit,NULL
14261,14261,Delivered,2024-11-08
14262,14262,Delivered,2025-10-16
14263,14263,Delivered,2024-06-17
14264,14264,Delivered,2025-05-04
14265,14265,Delivered,2024-06-06
14266,14266,Delayed,NULL
14267,14267,In Transit,NULL
14268,14268,Delayed,NULL
14269,14269,Delivered,2023-08-25
14270,14270,In Transit,NULL
14271,14271,In Transit,NULL
14272,14272,Delivered,2025-04-12
14273,14273,Delivered,2023-12-16
14274,14274,In Transit,NULL
14275,14275,Delivered,2024-07-12
14276,14276,Delayed,NULL
14277,14277,Delivered,2024-05-22
14278,14278,In Transit,NULL
14279,14279,Delayed,NULL
14280,14280,Delivered,2026-02-19
14281,14281,Delivered,2025-09-24
14282,14282,Delivered,2026-05-17
14283,14283,In Transit,NULL
14284,14284,Delayed,NULL
14285,14285,Delivered,2023-11-03
14286,14286,Delivered,2025-08-07
14287,14287,Delivered,2023-08-14
14288,14288,Delivered,2025-12-16
14289,14289,Delivered,2024-05-15
14290,14290,Delayed,NULL
14291,14291,Delivered,2025-12-25
14292,14292,Delivered,2024-02-09
14293,14293,In Transit,NULL
14294,14294,Delivered,2026-05-06
14295,14295,Delivered,2023-07-21
14296,14296,In Transit,NULL
14297,14297,Delivered,2024-03-30
14298,14298,In Transit,NULL
14299,14299,In Transit,NULL
14300,14300,In Transit,NULL
14301,14301,In Transit,NULL
14302,14302,Delivered,2024-11-30
14303,14303,Delayed,NULL
14304,14304,Delayed,NULL
14305,14305,Delivered,2025-06-20
14306,14306,Delayed,NULL
14307,14307,Delayed,NULL
14308,14308,In Transit,NULL
14309,14309,In Transit,NULL
14310,14310,Delivered,2023-06-05
14311,14311,Delivered,2026-06-30
14312,14312,Delivered,2023-01-31
14313,14313,Delivered,2025-11-05
14314,14314,In Transit,NULL
14315,14315,In Transit,NULL
14316,14316,Delayed,NULL
14317,14317,Delivered,2025-05-11
14318,14318,In Transit,NULL
14319,14319,Delayed,NULL
14320,14320,In Transit,NULL
14321,14321,Delivered,2025-11-27
14322,14322,Delayed,NULL
14323,14323,Delivered,2024-12-30
14324,14324,Delayed,NULL
14325,14325,Delivered,2024-10-14
14326,14326,Delivered,2025-03-30
14327,14327,Delivered,2023-10-14
14328,14328,Delivered,2025-03-02
14329,14329,Delivered,2025-01-26
14330,14330,Delivered,2026-04-20
14331,14331,Delivered,2024-10-22
14332,14332,In Transit,NULL
14333,14333,Delivered,2023-11-01
14334,14334,In Transit,NULL
14335,14335,Delivered,2026-08-20
14336,14336,Delivered,2026-02-16
14337,14337,Delivered,2023-02-24
14338,14338,Delivered,2025-11-22
14339,14339,Delivered,2024-10-16
14340,14340,Delivered,2023-07-14
14341,14341,Delayed,NULL
14342,14342,Delivered,2025-12-15
14343,14343,Delivered,2024-06-14
14344,14344,In Transit,NULL
14345,14345,Delivered,2026-04-01
14346,14346,Delivered,2025-08-11
14347,14347,In Transit,NULL
14348,14348,Delivered,2024-06-09
14349,14349,In Transit,NULL
14350,14350,Delivered,2023-08-30
14351,14351,Delayed,NULL
14352,14352,Delivered,2025-01-06
14353,14353,Delivered,2024-10-03
14354,14354,Delivered,2024-10-07
14355,14355,Delivered,2025-01-09
14356,14356,In Transit,NULL
14357,14357,In Transit,NULL
14358,14358,In Transit,NULL
14359,14359,Delivered,2023-09-09
14360,14360,Delivered,2023-08-10
14361,14361,Delivered,2026-03-25
14362,14362,Delivered,2024-01-11
14363,14363,Delivered,2025-10-14
14364,14364,Delivered,2024-06-16
14365,14365,Lost,NULL
14366,14366,Delivered,2026-05-30
14367,14367,Delayed,NULL
14368,14368,Delivered,2026-03-25
14369,14369,Delivered,2026-03-10
14370,14370,Delivered,2024-09-21
14371,14371,In Transit,NULL
14372,14372,Delivered,2025-01-25
14373,14373,Delayed,NULL
14374,14374,Delivered,2026-07-18
14375,14375,Delivered,2023-04-04
14376,14376,Delivered,2024-02-01
14377,14377,In Transit,NULL
14378,14378,Delayed,NULL
14379,14379,Delayed,NULL
14380,14380,Delivered,2024-01-12
14381,14381,In Transit,NULL
14382,14382,Delivered,2023-08-30
14383,14383,Delivered,2024-06-02
14384,14384,Delivered,2023-05-14
14385,14385,Delivered,2024-12-22
14386,14386,Delivered,2023-10-16
14387,14387,Delivered,2024-09-05
14388,14388,In Transit,NULL
14389,14389,Delayed,NULL
14390,14390,Delivered,2024-07-03
14391,14391,Delivered,2024-05-17
14392,14392,Delivered,2023-11-07
14393,14393,Delivered,2024-11-17
14394,14394,Delivered,2023-04-25
14395,14395,Delivered,2024-07-26
14396,14396,Delivered,2026-02-22
14397,14397,Delivered,2024-05-28
14398,14398,Delivered,2024-11-15
14399,14399,Delivered,2024-04-16
14400,14400,Delivered,2025-05-22
14401,14401,Delayed,NULL
14402,14402,Delivered,2023-03-14
14403,14403,In Transit,NULL
14404,14404,Delivered,2025-01-13
14405,14405,Delivered,2025-05-24
14406,14406,Delayed,NULL
14407,14407,Delivered,2026-02-11
14408,14408,Delivered,2025-09-01
14409,14409,Delivered,2026-07-12
14410,14410,Delivered,2023-09-05
14411,14411,Delivered,2026-05-03
14412,14412,Delivered,2024-03-17
14413,14413,In Transit,NULL
14414,14414,Lost,NULL
14415,14415,Delivered,2023-02-17
14416,14416,Delivered,2025-02-11
14417,14417,Delivered,2026-04-25
14418,14418,In Transit,NULL
14419,14419,Delivered,2023-04-12
14420,14420,Delivered,2024-12-10
14421,14421,Delivered,2025-09-30
14422,14422,Delivered,2024-11-27
14423,14423,Delivered,2023-09-08
14424,14424,Delivered,2026-05-31
14425,14425,Returned,NULL
14426,14426,Delivered,2025-10-21
14427,14427,In Transit,NULL
14428,14428,Delivered,2026-01-19
14429,14429,Delivered,2026-02-12
14430,14430,In Transit,NULL
14431,14431,In Transit,NULL
14432,14432,Delayed,NULL
14433,14433,Delivered,2026-04-06
14434,14434,In Transit,NULL
14435,14435,Delayed,NULL
14436,14436,Delivered,2025-06-30
14437,14437,In Transit,NULL
14438,14438,Returned,NULL
14439,14439,Delivered,2024-08-20
14440,14440,Delivered,2025-01-28
14441,14441,Delivered,2023-09-08
14442,14442,Delivered,2023-07-30
14443,14443,In Transit,NULL
14444,14444,Delayed,NULL
14445,14445,Delivered,2026-01-13
14446,14446,Delivered,2026-06-06
14447,14447,Delivered,2025-09-26
14448,14448,Delayed,NULL
14449,14449,Delivered,2025-07-05
14450,14450,Delivered,2025-04-06
14451,14451,Delivered,2023-07-31
14452,14452,Delayed,NULL
14453,14453,Delayed,NULL
14454,14454,In Transit,NULL
14455,14455,In Transit,NULL
14456,14456,Delivered,2023-09-21
14457,14457,Delayed,NULL
14458,14458,Delivered,2025-10-21
14459,14459,In Transit,NULL
14460,14460,Delivered,2023-07-05
14461,14461,Delivered,2025-09-21
14462,14462,In Transit,NULL
14463,14463,Delivered,2025-05-17
14464,14464,Delivered,2023-12-01
14465,14465,Delayed,NULL
14466,14466,Delivered,2023-08-10
14467,14467,In Transit,NULL
14468,14468,Delayed,NULL
14469,14469,Delivered,2025-04-04
14470,14470,Delivered,2023-09-16
14471,14471,In Transit,NULL
14472,14472,Delayed,NULL
14473,14473,Delivered,2023-04-23
14474,14474,Delivered,2025-02-11
14475,14475,Delivered,2023-05-13
14476,14476,In Transit,NULL
14477,14477,Delayed,NULL
14478,14478,In Transit,NULL
14479,14479,Delivered,2026-06-01
14480,14480,Delivered,2026-04-22
14481,14481,Delivered,2024-07-16
14482,14482,Delivered,2024-04-29
14483,14483,Delivered,2024-06-06
14484,14484,Delivered,2025-04-11
14485,14485,Delivered,2023-07-25
14486,14486,Delivered,2026-06-02
14487,14487,In Transit,NULL
14488,14488,Delayed,NULL
14489,14489,Delayed,NULL
14490,14490,Delivered,2023-10-05
14491,14491,Delivered,2026-06-14
14492,14492,Delayed,NULL
14493,14493,Delivered,2025-12-13
14494,14494,Delivered,2026-07-24
14495,14495,Lost,NULL
14496,14496,Delivered,2024-11-05
14497,14497,Delivered,2025-10-24
14498,14498,Delayed,NULL
14499,14499,Delivered,2024-06-13
14500,14500,Returned,NULL
14501,14501,In Transit,NULL
14502,14502,Delivered,2023-02-14
14503,14503,In Transit,NULL
14504,14504,In Transit,NULL
14505,14505,In Transit,NULL
14506,14506,Delivered,2024-01-09
14507,14507,Delivered,2026-06-21
14508,14508,In Transit,NULL
14509,14509,Delivered,2023-05-01
14510,14510,Delivered,2026-03-04
14511,14511,In Transit,NULL
14512,14512,Delivered,2025-04-15
14513,14513,Delivered,2026-04-30
14514,14514,Delivered,2026-02-03
14515,14515,Delivered,2025-08-31
14516,14516,Delivered,2026-07-27
14517,14517,In Transit,NULL
14518,14518,Delayed,NULL
14519,14519,Delivered,2025-08-14
14520,14520,Delivered,2023-09-24
14521,14521,Delivered,2024-09-28
14522,14522,Delivered,2025-04-29
14523,14523,Delivered,2023-06-30
14524,14524,In Transit,NULL
14525,14525,Delivered,2024-01-26
14526,14526,Delivered,2026-05-20
14527,14527,Delayed,NULL
14528,14528,Delivered,2024-03-24
14529,14529,Delivered,2025-04-10
14530,14530,Delayed,NULL
14531,14531,Delivered,2025-04-21
14532,14532,Lost,NULL
14533,14533,Delivered,2026-07-14
14534,14534,Delivered,2025-11-25
14535,14535,In Transit,NULL
14536,14536,Delayed,NULL
14537,14537,Delivered,2026-07-02
14538,14538,Delivered,2024-11-21
14539,14539,In Transit,NULL
14540,14540,Delivered,2024-08-11
14541,14541,Lost,NULL
14542,14542,Delayed,NULL
14543,14543,Delivered,2025-03-11
14544,14544,Delivered,2023-08-31
14545,14545,Delivered,2025-03-16
14546,14546,Delivered,2023-12-09
14547,14547,In Transit,NULL
14548,14548,Delayed,NULL
14549,14549,Delivered,2024-02-02
14550,14550,Delivered,2024-12-04
14551,14551,In Transit,NULL
14552,14552,Delivered,2025-03-10
14553,14553,Delivered,2023-08-21
14554,14554,In Transit,NULL
14555,14555,Delivered,2024-08-09
14556,14556,Delayed,NULL
14557,14557,Delivered,2025-01-01
14558,14558,Delivered,2025-01-19
14559,14559,Delivered,2023-05-19
14560,14560,Delivered,2025-08-08
14561,14561,In Transit,NULL
14562,14562,Delivered,2024-11-17
14563,14563,Delivered,2023-04-30
14564,14564,Delivered,2023-07-04
14565,14565,Delivered,2024-03-13
14566,14566,Delivered,2023-10-17
14567,14567,Delivered,2024-10-27
14568,14568,Delayed,NULL
14569,14569,Delivered,2025-01-19
14570,14570,Delivered,2025-09-26
14571,14571,Delivered,2026-02-11
14572,14572,Delivered,2023-09-06
14573,14573,Delivered,2024-03-11
14574,14574,In Transit,NULL
14575,14575,Delivered,2025-07-04
14576,14576,Delivered,2024-11-15
14577,14577,Delivered,2024-08-12
14578,14578,Delayed,NULL
14579,14579,Delivered,2024-10-02
14580,14580,Delivered,2025-11-15
14581,14581,In Transit,NULL
14582,14582,Delivered,2024-08-06
14583,14583,Delivered,2023-03-19
14584,14584,Lost,NULL
14585,14585,In Transit,NULL
14586,14586,Delivered,2024-02-28
14587,14587,Delivered,2025-03-27
14588,14588,In Transit,NULL
14589,14589,Returned,NULL
14590,14590,Delayed,NULL
14591,14591,Delivered,2025-04-25
14592,14592,Delivered,2023-03-19
14593,14593,Delivered,2023-03-29
14594,14594,Delivered,2024-10-13
14595,14595,Delivered,2026-08-09
14596,14596,Delivered,2023-09-03
14597,14597,Delivered,2025-08-25
14598,14598,Delivered,2024-05-18
14599,14599,In Transit,NULL
14600,14600,Delayed,NULL
14601,14601,Delivered,2025-04-11
14602,14602,Delayed,NULL
14603,14603,Delivered,2025-03-27
14604,14604,Delivered,2023-11-24
14605,14605,Delayed,NULL
14606,14606,Delivered,2023-07-30
14607,14607,Delayed,NULL
14608,14608,In Transit,NULL
14609,14609,Lost,NULL
14610,14610,Delivered,2025-06-29
14611,14611,Delivered,2026-06-27
14612,14612,Delayed,NULL
14613,14613,Delivered,2026-05-06
14614,14614,Delivered,2026-04-05
14615,14615,Delayed,NULL
14616,14616,Delivered,2025-11-02
14617,14617,In Transit,NULL
14618,14618,In Transit,NULL
14619,14619,Delivered,2024-12-23
14620,14620,In Transit,NULL
14621,14621,In Transit,NULL
14622,14622,Delivered,2025-05-18
14623,14623,Lost,NULL
14624,14624,Delivered,2023-08-23
14625,14625,Delivered,2026-06-23
14626,14626,Delivered,2023-01-20
14627,14627,Delivered,2025-02-04
14628,14628,Delivered,2023-05-07
14629,14629,Delivered,2025-05-15
14630,14630,Delayed,NULL
14631,14631,Delivered,2026-01-22
14632,14632,In Transit,NULL
14633,14633,In Transit,NULL
14634,14634,Delayed,NULL
14635,14635,Delivered,2026-03-24
14636,14636,Delivered,2026-01-21
14637,14637,Delivered,2023-04-17
14638,14638,Delivered,2023-11-01
14639,14639,Delivered,2024-08-05
14640,14640,Delayed,NULL
14641,14641,Delayed,NULL
14642,14642,Delivered,2024-11-23
14643,14643,In Transit,NULL
14644,14644,Delayed,NULL
14645,14645,In Transit,NULL
14646,14646,Delivered,2026-04-10
14647,14647,Delivered,2025-02-17
14648,14648,In Transit,NULL
14649,14649,In Transit,NULL
14650,14650,In Transit,NULL
14651,14651,Delivered,2023-11-10
14652,14652,Delivered,2023-07-16
14653,14653,Delivered,2026-07-01
14654,14654,Delivered,2024-11-14
14655,14655,Returned,NULL
14656,14656,Delivered,2023-05-23
14657,14657,Delivered,2025-01-02
14658,14658,In Transit,NULL
14659,14659,Delayed,NULL
14660,14660,In Transit,NULL
14661,14661,Delayed,NULL
14662,14662,Delivered,2025-12-14
14663,14663,Returned,NULL
14664,14664,Returned,NULL
14665,14665,In Transit,NULL
14666,14666,Delivered,2023-09-22
14667,14667,Delayed,NULL
14668,14668,In Transit,NULL
14669,14669,In Transit,NULL
14670,14670,Delayed,NULL
14671,14671,Delivered,2024-05-20
14672,14672,Delivered,2023-03-16
14673,14673,Delivered,2026-06-16
14674,14674,Delivered,2026-05-25
14675,14675,Delivered,2025-02-20
14676,14676,Delivered,2024-01-02
14677,14677,Delivered,2023-11-27
14678,14678,In Transit,NULL
14679,14679,Returned,NULL
14680,14680,Delivered,2024-04-09
14681,14681,Delivered,2023-04-19
14682,14682,Delivered,2025-12-15
14683,14683,In Transit,NULL
14684,14684,Delivered,2024-09-24
14685,14685,Delivered,2025-11-28
14686,14686,In Transit,NULL
14687,14687,Delivered,2026-01-12
14688,14688,Delivered,2025-01-29
14689,14689,In Transit,NULL
14690,14690,Delivered,2023-04-25
14691,14691,Delivered,2025-01-03
14692,14692,Delivered,2025-02-26
14693,14693,Delivered,2024-12-24
14694,14694,Delivered,2026-04-22
14695,14695,Delayed,NULL
14696,14696,Delivered,2023-10-10
14697,14697,Delivered,2023-08-11
14698,14698,Delayed,NULL
14699,14699,In Transit,NULL
14700,14700,In Transit,NULL
14701,14701,Delivered,2025-05-02
14702,14702,Delivered,2026-05-22
14703,14703,In Transit,NULL
14704,14704,In Transit,NULL
14705,14705,Delivered,2024-03-09
14706,14706,Delivered,2025-02-04
14707,14707,In Transit,NULL
14708,14708,Delivered,2024-04-10
14709,14709,In Transit,NULL
14710,14710,Delivered,2023-08-21
14711,14711,Delivered,2025-04-21
14712,14712,Delivered,2023-12-27
14713,14713,Delivered,2024-03-30
14714,14714,Delivered,2026-03-18
14715,14715,In Transit,NULL
14716,14716,Delivered,2024-06-07
14717,14717,Delayed,NULL
14718,14718,Delivered,2025-07-25
14719,14719,Delivered,2024-09-23
14720,14720,In Transit,NULL
14721,14721,In Transit,NULL
14722,14722,Delivered,2023-06-06
14723,14723,Delivered,2023-02-05
14724,14724,Delivered,2025-03-02
14725,14725,In Transit,NULL
14726,14726,Delivered,2024-12-23
14727,14727,Lost,NULL
14728,14728,In Transit,NULL
14729,14729,Delayed,NULL
14730,14730,Delivered,2023-12-22
14731,14731,In Transit,NULL
14732,14732,In Transit,NULL
14733,14733,Delivered,2026-07-05
14734,14734,Delivered,2024-05-09
14735,14735,Delivered,2025-09-20
14736,14736,Delayed,NULL
14737,14737,In Transit,NULL
14738,14738,Delivered,2024-03-25
14739,14739,Delivered,2024-03-02
14740,14740,Delayed,NULL
14741,14741,Delayed,NULL
14742,14742,Delivered,2025-07-21
14743,14743,Delivered,2024-09-28
14744,14744,Delivered,2026-08-19
14745,14745,Delivered,2025-07-14
14746,14746,Delayed,NULL
14747,14747,Delivered,2024-05-17
14748,14748,Delivered,2025-01-14
14749,14749,In Transit,NULL
14750,14750,In Transit,NULL
14751,14751,In Transit,NULL
14752,14752,In Transit,NULL
14753,14753,In Transit,NULL
14754,14754,Delivered,2024-03-06
14755,14755,Delivered,2024-10-07
14756,14756,Delivered,2024-07-28
14757,14757,Delivered,2024-05-05
14758,14758,Delivered,2024-02-08
14759,14759,In Transit,NULL
14760,14760,Delivered,2023-02-24
14761,14761,Delivered,2023-09-08
14762,14762,In Transit,NULL
14763,14763,Delivered,2026-01-08
14764,14764,Delivered,2024-01-22
14765,14765,Delivered,2023-10-27
14766,14766,In Transit,NULL
14767,14767,Delivered,2026-04-01
14768,14768,Delivered,2023-03-04
14769,14769,Delivered,2025-12-05
14770,14770,In Transit,NULL
14771,14771,Delayed,NULL
14772,14772,Delayed,NULL
14773,14773,Delivered,2026-03-29
14774,14774,In Transit,NULL
14775,14775,In Transit,NULL
14776,14776,Delivered,2023-08-15
14777,14777,In Transit,NULL
14778,14778,Delivered,2025-08-28
14779,14779,Delivered,2026-07-12
14780,14780,Delivered,2025-08-14
14781,14781,Delivered,2024-05-06
14782,14782,In Transit,NULL
14783,14783,Delivered,2023-05-28
14784,14784,Delivered,2026-03-02
14785,14785,Delivered,2025-09-19
14786,14786,Delivered,2024-08-06
14787,14787,Delivered,2023-11-26
14788,14788,In Transit,NULL
14789,14789,Delayed,NULL
14790,14790,Delivered,2026-02-16
14791,14791,Delivered,2023-08-07
14792,14792,In Transit,NULL
14793,14793,Delivered,2023-05-13
14794,14794,Delivered,2023-03-20
14795,14795,Delivered,2023-08-04
14796,14796,Delivered,2024-12-10
14797,14797,Delivered,2023-11-27
14798,14798,Delivered,2024-02-22
14799,14799,In Transit,NULL
14800,14800,Delivered,2026-04-08
14801,14801,In Transit,NULL
14802,14802,In Transit,NULL
14803,14803,Delivered,2023-06-22
14804,14804,Delivered,2023-04-10
14805,14805,Delivered,2024-01-30
14806,14806,Returned,NULL
14807,14807,In Transit,NULL
14808,14808,Delayed,NULL
14809,14809,In Transit,NULL
14810,14810,Returned,NULL
14811,14811,Delayed,NULL
14812,14812,Delayed,NULL
14813,14813,Delivered,2024-07-17
14814,14814,Delivered,2025-05-13
14815,14815,Delivered,2026-03-02
14816,14816,Delayed,NULL
14817,14817,Delivered,2023-06-30
14818,14818,Delivered,2024-01-12
14819,14819,In Transit,NULL
14820,14820,In Transit,NULL
14821,14821,Delivered,2026-05-15
14822,14822,In Transit,NULL
14823,14823,In Transit,NULL
14824,14824,Delivered,2023-04-20
14825,14825,In Transit,NULL
14826,14826,Delivered,2026-07-21
14827,14827,Delivered,2024-01-30
14828,14828,Delayed,NULL
14829,14829,In Transit,NULL
14830,14830,Delivered,2026-03-10
14831,14831,Delivered,2024-09-10
14832,14832,Delivered,2026-07-30
14833,14833,Delivered,2023-08-29
14834,14834,In Transit,NULL
14835,14835,Delivered,2024-08-28
14836,14836,Delivered,2024-03-28
14837,14837,Delivered,2023-10-23
14838,14838,Returned,NULL
14839,14839,Delivered,2023-07-02
14840,14840,Returned,NULL
14841,14841,Delivered,2024-05-20
14842,14842,Delivered,2024-06-09
14843,14843,Delivered,2025-03-08
14844,14844,Delayed,NULL
14845,14845,Delayed,NULL
14846,14846,In Transit,NULL
14847,14847,Delivered,2026-03-23
14848,14848,In Transit,NULL
14849,14849,Delivered,2025-01-15
14850,14850,Delivered,2023-05-11
14851,14851,Delivered,2026-02-12
14852,14852,Delayed,NULL
14853,14853,Delivered,2024-01-06
14854,14854,Delivered,2025-01-11
14855,14855,Delivered,2023-02-13
14856,14856,Delivered,2025-08-30
14857,14857,In Transit,NULL
14858,14858,Delivered,2026-01-13
14859,14859,Returned,NULL
14860,14860,Delivered,2023-11-18
14861,14861,Delivered,2025-12-02
14862,14862,Delivered,2024-03-08
14863,14863,Delivered,2025-12-28
14864,14864,In Transit,NULL
14865,14865,Delivered,2023-01-13
14866,14866,Delayed,NULL
14867,14867,Delivered,2023-01-16
14868,14868,Delivered,2023-07-31
14869,14869,Delivered,2025-04-20
14870,14870,Delivered,2026-03-15
14871,14871,In Transit,NULL
14872,14872,Delivered,2024-06-18
14873,14873,Delivered,2023-12-04
14874,14874,Delivered,2024-05-02
14875,14875,Delivered,2025-08-01
14876,14876,Delivered,2023-08-11
14877,14877,Delivered,2025-05-21
14878,14878,Delivered,2026-02-04
14879,14879,In Transit,NULL
14880,14880,Delayed,NULL
14881,14881,Delayed,NULL
14882,14882,In Transit,NULL
14883,14883,Delayed,NULL
14884,14884,Delivered,2025-07-22
14885,14885,In Transit,NULL
14886,14886,Delivered,2025-11-17
14887,14887,Delivered,2024-08-20
14888,14888,Returned,NULL
14889,14889,Delivered,2025-12-11
14890,14890,In Transit,NULL
14891,14891,Returned,NULL
14892,14892,In Transit,NULL
14893,14893,Delivered,2025-01-15
14894,14894,Delivered,2024-02-22
14895,14895,In Transit,NULL
14896,14896,In Transit,NULL
14897,14897,Delivered,2024-05-20
14898,14898,Delayed,NULL
14899,14899,Delivered,2024-08-26
14900,14900,Delivered,2024-05-09
14901,14901,Delivered,2026-01-25
14902,14902,Delivered,2024-08-29
14903,14903,Delivered,2023-08-27
14904,14904,Delivered,2023-05-10
14905,14905,Delivered,2023-07-03
14906,14906,Lost,NULL
14907,14907,In Transit,NULL
14908,14908,Delivered,2023-04-13
14909,14909,Delivered,2023-06-10
14910,14910,In Transit,NULL
14911,14911,Delivered,2023-04-20
14912,14912,In Transit,NULL
14913,14913,Delivered,2025-04-21
14914,14914,Delivered,2026-05-04
14915,14915,Delivered,2024-02-04
14916,14916,Delivered,2025-06-23
14917,14917,Returned,NULL
14918,14918,Delivered,2025-04-09
14919,14919,In Transit,NULL
14920,14920,Delayed,NULL
14921,14921,Delivered,2023-04-24
14922,14922,In Transit,NULL
14923,14923,Delivered,2025-09-03
14924,14924,In Transit,NULL
14925,14925,Delivered,2024-09-19
14926,14926,Delivered,2025-03-16
14927,14927,Delivered,2023-07-05
14928,14928,Delivered,2025-04-01
14929,14929,Delivered,2024-07-02
14930,14930,In Transit,NULL
14931,14931,Delivered,2024-10-14
14932,14932,Delayed,NULL
14933,14933,Delivered,2023-03-28
14934,14934,Delivered,2024-07-24
14935,14935,Delivered,2026-06-01
14936,14936,Delivered,2025-04-22
14937,14937,In Transit,NULL
14938,14938,Delivered,2024-11-21
14939,14939,In Transit,NULL
14940,14940,In Transit,NULL
14941,14941,Delivered,2026-04-13
14942,14942,Delivered,2024-10-27
14943,14943,Delivered,2024-08-28
14944,14944,Returned,NULL
14945,14945,Delayed,NULL
14946,14946,Delivered,2023-10-21
14947,14947,In Transit,NULL
14948,14948,Delivered,2024-12-26
14949,14949,Delivered,2026-04-22
14950,14950,Delivered,2024-08-19
14951,14951,In Transit,NULL
14952,14952,Delayed,NULL
14953,14953,In Transit,NULL
14954,14954,Returned,NULL
14955,14955,Delivered,2025-11-19
14956,14956,Delivered,2024-02-15
14957,14957,Delivered,2026-07-07
14958,14958,In Transit,NULL
14959,14959,Delivered,2023-01-25
14960,14960,Delivered,2025-04-26
14961,14961,Delayed,NULL
14962,14962,Delivered,2023-06-08
14963,14963,Delivered,2023-04-22
14964,14964,Delayed,NULL
14965,14965,Delivered,2025-03-26
14966,14966,Delayed,NULL
14967,14967,Delayed,NULL
14968,14968,Delivered,2024-05-13
14969,14969,Delivered,2023-10-21
14970,14970,Delivered,2023-12-19
14971,14971,Delivered,2024-10-28
14972,14972,In Transit,NULL
14973,14973,Delivered,2024-04-10
14974,14974,Delayed,NULL
14975,14975,In Transit,NULL
14976,14976,Returned,NULL
14977,14977,In Transit,NULL
14978,14978,Delivered,2024-01-16
14979,14979,In Transit,NULL
14980,14980,Delayed,NULL
14981,14981,Delivered,2025-02-13
14982,14982,Delivered,2025-11-27
14983,14983,Delayed,NULL
14984,14984,Delayed,NULL
14985,14985,Delivered,2023-08-25
14986,14986,Delivered,2025-09-10
14987,14987,Delivered,2026-02-27
14988,14988,Delayed,NULL
14989,14989,Delivered,2023-09-13
14990,14990,In Transit,NULL
14991,14991,In Transit,NULL
14992,14992,Delivered,2023-11-26
14993,14993,Delayed,NULL
14994,14994,Returned,NULL
14995,14995,Delivered,2025-02-09
14996,14996,In Transit,NULL
14997,14997,Returned,NULL
14998,14998,Delivered,2024-07-10
14999,14999,Delivered,2023-03-03
15000,15000,Delivered,2025-11-06
15001,15001,In Transit,NULL
15002,15002,Delivered,2025-06-04
15003,15003,Delivered,2025-04-10
15004,15004,Delivered,2025-07-11
15005,15005,In Transit,NULL
15006,15006,In Transit,NULL
15007,15007,Delivered,2025-06-29
15008,15008,Delayed,NULL
15009,15009,Delayed,NULL
15010,15010,Delivered,2025-09-09
15011,15011,Delivered,2025-08-25
15012,15012,Delivered,2025-08-26
15013,15013,Delivered,2025-05-24
15014,15014,Delivered,2023-05-22
15015,15015,Delivered,2023-09-10
15016,15016,Delayed,NULL
15017,15017,Delivered,2025-07-30
15018,15018,Delivered,2023-10-30
15019,15019,Delivered,2023-05-14
15020,15020,In Transit,NULL
15021,15021,Delivered,2023-04-18
15022,15022,Delivered,2026-08-21
15023,15023,In Transit,NULL
15024,15024,In Transit,NULL
15025,15025,In Transit,NULL
15026,15026,Delivered,2026-08-10
15027,15027,Delivered,2024-04-11
15028,15028,In Transit,NULL
15029,15029,In Transit,NULL
15030,15030,Delivered,2023-10-08
15031,15031,Delivered,2025-06-07
15032,15032,In Transit,NULL
15033,15033,Delivered,2023-03-07
15034,15034,In Transit,NULL
15035,15035,Delivered,2026-07-07
15036,15036,Delayed,NULL
15037,15037,In Transit,NULL
15038,15038,In Transit,NULL
15039,15039,Delayed,NULL
15040,15040,Delivered,2026-04-20
15041,15041,Delayed,NULL
15042,15042,Delivered,2024-05-29
15043,15043,Delivered,2024-12-24
15044,15044,Returned,NULL
15045,15045,Delivered,2024-12-19
15046,15046,Delayed,NULL
15047,15047,Delivered,2023-10-07
15048,15048,Delivered,2024-09-16
15049,15049,In Transit,NULL
15050,15050,Delivered,2023-03-28
15051,15051,Delivered,2023-10-25
15052,15052,Delayed,NULL
15053,15053,Delivered,2025-09-22
15054,15054,Delivered,2025-04-26
15055,15055,Delivered,2025-05-19
15056,15056,Delivered,2024-01-06
15057,15057,Delivered,2025-05-23
15058,15058,Delivered,2023-09-20
15059,15059,Delivered,2024-11-14
15060,15060,Delivered,2026-04-07
15061,15061,Delayed,NULL
15062,15062,Delivered,2025-10-18
15063,15063,Delayed,NULL
15064,15064,In Transit,NULL
15065,15065,Delivered,2024-01-12
15066,15066,Delivered,2024-08-20
15067,15067,In Transit,NULL
15068,15068,Delivered,2024-11-13
15069,15069,Delivered,2024-10-16
15070,15070,Delivered,2026-02-25
15071,15071,Delivered,2024-12-18
15072,15072,Delivered,2024-07-11
15073,15073,Returned,NULL
15074,15074,Delivered,2025-04-06
15075,15075,Delivered,2026-07-16
15076,15076,In Transit,NULL
15077,15077,Delivered,2025-04-28
15078,15078,Delivered,2025-03-15
15079,15079,Delayed,NULL
15080,15080,Delivered,2026-05-24
15081,15081,Delivered,2023-03-16
15082,15082,Delivered,2024-01-04
15083,15083,Delivered,2024-04-02
15084,15084,Delayed,NULL
15085,15085,Delivered,2026-05-14
15086,15086,In Transit,NULL
15087,15087,Delivered,2026-05-21
15088,15088,Delivered,2023-05-26
15089,15089,In Transit,NULL
15090,15090,In Transit,NULL
15091,15091,Delivered,2025-12-05
15092,15092,Delivered,2026-08-12
15093,15093,In Transit,NULL
15094,15094,Delivered,2025-01-29
15095,15095,Delivered,2026-08-25
15096,15096,In Transit,NULL
15097,15097,Delayed,NULL
15098,15098,Delivered,2025-07-23
15099,15099,Delivered,2025-12-15
15100,15100,In Transit,NULL
15101,15101,In Transit,NULL
15102,15102,In Transit,NULL
15103,15103,Delivered,2024-01-29
15104,15104,In Transit,NULL
15105,15105,Delivered,2025-04-12
15106,15106,Delivered,2023-12-29
15107,15107,Delayed,NULL
15108,15108,Delivered,2025-01-15
15109,15109,Delayed,NULL
15110,15110,Delayed,NULL
15111,15111,In Transit,NULL
15112,15112,Lost,NULL
15113,15113,Delivered,2023-04-03
15114,15114,Delivered,2026-08-11
15115,15115,Delivered,2025-01-28
15116,15116,Delivered,2023-09-26
15117,15117,In Transit,NULL
15118,15118,Delivered,2024-01-14
15119,15119,Delivered,2025-04-18
15120,15120,Delivered,2024-06-08
15121,15121,Delivered,2024-05-20
15122,15122,Delivered,2025-03-03
15123,15123,Delivered,2025-06-26
15124,15124,Delivered,2023-06-21
15125,15125,Delivered,2025-01-16
15126,15126,Delivered,2023-01-27
15127,15127,Delayed,NULL
15128,15128,Delayed,NULL
15129,15129,In Transit,NULL
15130,15130,Delivered,2024-11-02
15131,15131,Delivered,2023-11-02
15132,15132,In Transit,NULL
15133,15133,Delivered,2024-03-04
15134,15134,Delivered,2024-11-23
15135,15135,Delivered,2023-06-19
15136,15136,Delivered,2023-05-23
15137,15137,Delivered,2024-02-22
15138,15138,Delivered,2024-05-18
15139,15139,Delivered,2026-07-29
15140,15140,Returned,NULL
15141,15141,Delivered,2026-02-04
15142,15142,Delivered,2023-01-25
15143,15143,Delayed,NULL
15144,15144,Delivered,2024-04-09
15145,15145,Delivered,2023-12-15
15146,15146,In Transit,NULL
15147,15147,In Transit,NULL
15148,15148,Delivered,2025-10-24
15149,15149,In Transit,NULL
15150,15150,Delivered,2024-04-12
15151,15151,Delayed,NULL
15152,15152,Delivered,2024-11-15
15153,15153,Delivered,2023-09-02
15154,15154,Delivered,2023-05-08
15155,15155,Delivered,2024-08-06
15156,15156,Delivered,2023-08-06
15157,15157,Delivered,2023-03-07
15158,15158,Delivered,2024-08-04
15159,15159,Delivered,2023-08-25
15160,15160,Delayed,NULL
15161,15161,Delivered,2025-03-19
15162,15162,Delivered,2025-12-18
15163,15163,Delivered,2024-06-09
15164,15164,Delayed,NULL
15165,15165,Delivered,2024-07-28
15166,15166,Delivered,2024-02-18
15167,15167,Delivered,2026-08-25
15168,15168,In Transit,NULL
15169,15169,Delivered,2024-09-10
15170,15170,Delivered,2023-01-29
15171,15171,Delivered,2024-03-15
15172,15172,In Transit,NULL
15173,15173,Delivered,2024-03-14
15174,15174,Delivered,2023-09-26
15175,15175,Delayed,NULL
15176,15176,Delivered,2023-04-25
15177,15177,In Transit,NULL
15178,15178,Delivered,2024-11-14
15179,15179,Delivered,2025-09-18
15180,15180,Delivered,2026-03-05
15181,15181,Delivered,2024-05-14
15182,15182,In Transit,NULL
15183,15183,Returned,NULL
15184,15184,Delivered,2025-10-16
15185,15185,Delayed,NULL
15186,15186,Delivered,2025-11-29
15187,15187,Delivered,2023-09-01
15188,15188,Delayed,NULL
15189,15189,Delivered,2025-03-10
15190,15190,Delayed,NULL
15191,15191,Delivered,2026-06-04
15192,15192,Delivered,2023-10-26
15193,15193,Delivered,2024-01-21
15194,15194,Delivered,2025-11-07
15195,15195,In Transit,NULL
15196,15196,Delivered,2026-02-22
15197,15197,In Transit,NULL
15198,15198,Lost,NULL
15199,15199,Delivered,2025-01-08
15200,15200,Delivered,2025-01-18
15201,15201,Delivered,2023-11-06
15202,15202,Delivered,2025-07-18
15203,15203,Delivered,2024-11-16
15204,15204,Delayed,NULL
15205,15205,Delivered,2023-10-01
15206,15206,Delivered,2026-03-11
15207,15207,Returned,NULL
15208,15208,Delivered,2023-09-21
15209,15209,Delivered,2024-03-05
15210,15210,Delivered,2024-11-01
15211,15211,Delivered,2026-06-01
15212,15212,In Transit,NULL
15213,15213,Delivered,2024-07-23
15214,15214,In Transit,NULL
15215,15215,Delivered,2024-11-14
15216,15216,Delivered,2024-01-08
15217,15217,In Transit,NULL
15218,15218,Delivered,2026-07-10
15219,15219,In Transit,NULL
15220,15220,Delivered,2024-08-04
15221,15221,Delivered,2026-04-01
15222,15222,Returned,NULL
15223,15223,Delayed,NULL
15224,15224,Delivered,2023-12-22
15225,15225,Delivered,2025-05-29
15226,15226,Delivered,2024-10-09
15227,15227,Delivered,2023-02-05
15228,15228,Delivered,2024-11-28
15229,15229,Delayed,NULL
15230,15230,Delivered,2023-05-20
15231,15231,Delivered,2025-04-05
15232,15232,Lost,NULL
15233,15233,Delivered,2025-04-16
15234,15234,Delivered,2023-10-19
15235,15235,Delivered,2023-05-26
15236,15236,Delayed,NULL
15237,15237,Delayed,NULL
15238,15238,Delivered,2025-07-14
15239,15239,Delivered,2026-05-30
15240,15240,In Transit,NULL
15241,15241,In Transit,NULL
15242,15242,In Transit,NULL
15243,15243,Delivered,2023-09-25
15244,15244,Returned,NULL
15245,15245,In Transit,NULL
15246,15246,Delivered,2026-02-15
15247,15247,Delivered,2023-09-03
15248,15248,Delivered,2025-11-15
15249,15249,In Transit,NULL
15250,15250,Delivered,2025-05-27
15251,15251,Delayed,NULL
15252,15252,In Transit,NULL
15253,15253,Delivered,2025-04-23
15254,15254,Delivered,2024-04-24
15255,15255,Delivered,2026-05-27
15256,15256,Delivered,2024-06-02
15257,15257,Delivered,2024-09-16
15258,15258,Delivered,2024-11-26
15259,15259,Delayed,NULL
15260,15260,In Transit,NULL
15261,15261,Delivered,2024-09-22
15262,15262,Delivered,2025-09-13
15263,15263,Delivered,2024-02-02
15264,15264,Delivered,2023-08-18
15265,15265,In Transit,NULL
15266,15266,Delivered,2023-07-24
15267,15267,Delayed,NULL
15268,15268,Delivered,2024-09-27
15269,15269,Delivered,2024-08-03
15270,15270,Delivered,2025-03-12
15271,15271,Delayed,NULL
15272,15272,Delivered,2024-08-27
15273,15273,Delivered,2025-12-15
15274,15274,Delivered,2026-04-02
15275,15275,In Transit,NULL
15276,15276,Delivered,2023-07-09
15277,15277,In Transit,NULL
15278,15278,Delayed,NULL
15279,15279,Delivered,2026-05-24
15280,15280,Delivered,2024-09-30
15281,15281,In Transit,NULL
15282,15282,In Transit,NULL
15283,15283,In Transit,NULL
15284,15284,Delayed,NULL
15285,15285,Delivered,2023-04-02
15286,15286,Delivered,2023-11-03
15287,15287,Delivered,2025-05-02
15288,15288,Delivered,2026-03-29
15289,15289,Delivered,2023-08-21
15290,15290,Delivered,2023-03-28
15291,15291,In Transit,NULL
15292,15292,Delivered,2023-04-11
15293,15293,In Transit,NULL
15294,15294,In Transit,NULL
15295,15295,Delayed,NULL
15296,15296,Delivered,2025-05-21
15297,15297,Delayed,NULL
15298,15298,Delivered,2025-11-28
15299,15299,Delivered,2024-09-04
15300,15300,Delivered,2023-07-11
15301,15301,Delivered,2024-08-14
15302,15302,Delayed,NULL
15303,15303,In Transit,NULL
15304,15304,Delivered,2025-10-11
15305,15305,Delivered,2023-05-04
15306,15306,Delivered,2024-08-25
15307,15307,Delivered,2024-12-28
15308,15308,In Transit,NULL
15309,15309,Delivered,2024-09-01
15310,15310,Delivered,2023-03-22
15311,15311,In Transit,NULL
15312,15312,Delivered,2024-07-20
15313,15313,Delivered,2024-05-25
15314,15314,Returned,NULL
15315,15315,Delivered,2023-06-05
15316,15316,In Transit,NULL
15317,15317,Delivered,2024-09-09
15318,15318,Delivered,2024-03-24
15319,15319,Returned,NULL
15320,15320,In Transit,NULL
15321,15321,Delivered,2025-09-22
15322,15322,Delivered,2025-12-12
15323,15323,Delivered,2024-11-15
15324,15324,In Transit,NULL
15325,15325,In Transit,NULL
15326,15326,Delivered,2024-10-10
15327,15327,Delayed,NULL
15328,15328,In Transit,NULL
15329,15329,In Transit,NULL
15330,15330,Delivered,2023-12-01
15331,15331,In Transit,NULL
15332,15332,Delivered,2023-04-15
15333,15333,In Transit,NULL
15334,15334,Delivered,2023-09-28
15335,15335,Delivered,2023-04-14
15336,15336,Delivered,2024-07-11
15337,15337,Delivered,2024-10-27
15338,15338,Delivered,2024-04-25
15339,15339,Delivered,2023-05-04
15340,15340,Delivered,2023-11-14
15341,15341,Delivered,2023-02-13
15342,15342,Delayed,NULL
15343,15343,Delivered,2025-01-21
15344,15344,Delivered,2026-07-10
15345,15345,Delivered,2026-04-09
15346,15346,Delivered,2025-03-26
15347,15347,In Transit,NULL
15348,15348,Delivered,2024-02-06
15349,15349,In Transit,NULL
15350,15350,Delivered,2024-01-17
15351,15351,Delivered,2025-10-07
15352,15352,Delivered,2023-08-11
15353,15353,Delivered,2024-03-20
15354,15354,Delivered,2025-10-14
15355,15355,In Transit,NULL
15356,15356,Delivered,2024-04-10
15357,15357,Delivered,2024-11-20
15358,15358,In Transit,NULL
15359,15359,Delayed,NULL
15360,15360,Delivered,2024-06-04
15361,15361,Delivered,2024-05-31
15362,15362,Delivered,2025-09-29
15363,15363,Delivered,2024-11-03
15364,15364,Delivered,2024-01-09
15365,15365,Lost,NULL
15366,15366,Delivered,2023-03-19
15367,15367,Delivered,2026-03-10
15368,15368,Delivered,2023-12-27
15369,15369,Delivered,2024-01-11
15370,15370,In Transit,NULL
15371,15371,Delivered,2026-03-25
15372,15372,Delivered,2025-03-24
15373,15373,Delivered,2025-04-28
15374,15374,Delivered,2025-04-11
15375,15375,Delivered,2025-09-09
15376,15376,Delivered,2025-09-23
15377,15377,Returned,NULL
15378,15378,Delivered,2025-01-02
15379,15379,Delivered,2023-12-02
15380,15380,Delivered,2025-09-21
15381,15381,In Transit,NULL
15382,15382,Delivered,2026-02-14
15383,15383,Delivered,2024-04-28
15384,15384,Delivered,2025-12-19
15385,15385,Delivered,2024-12-12
15386,15386,Delivered,2026-04-03
15387,15387,Delivered,2024-02-03
15388,15388,Delivered,2023-11-23
15389,15389,In Transit,NULL
15390,15390,Delivered,2026-04-13
15391,15391,Delivered,2023-07-16
15392,15392,Delivered,2023-04-21
15393,15393,Delivered,2026-01-30
15394,15394,In Transit,NULL
15395,15395,Delivered,2025-07-21
15396,15396,Delivered,2023-05-24
15397,15397,In Transit,NULL
15398,15398,In Transit,NULL
15399,15399,Returned,NULL
15400,15400,In Transit,NULL
15401,15401,In Transit,NULL
15402,15402,Delayed,NULL
15403,15403,Delayed,NULL
15404,15404,Delayed,NULL
15405,15405,Delivered,2025-01-31
15406,15406,Delivered,2023-07-16
15407,15407,In Transit,NULL
15408,15408,Delivered,2025-10-20
15409,15409,Delivered,2025-04-25
15410,15410,Delivered,2025-10-31
15411,15411,Returned,NULL
15412,15412,Delivered,2023-04-28
15413,15413,In Transit,NULL
15414,15414,Delivered,2025-05-03
15415,15415,In Transit,NULL
15416,15416,In Transit,NULL
15417,15417,Delivered,2024-10-23
15418,15418,Delayed,NULL
15419,15419,Delivered,2024-11-26
15420,15420,Delayed,NULL
15421,15421,Delivered,2023-02-24
15422,15422,Delivered,2023-05-21
15423,15423,In Transit,NULL
15424,15424,Delivered,2024-05-20
15425,15425,In Transit,NULL
15426,15426,Returned,NULL
15427,15427,Delivered,2024-07-05
15428,15428,Delivered,2025-10-24
15429,15429,In Transit,NULL
15430,15430,Delivered,2023-02-25
15431,15431,Delivered,2024-06-30
15432,15432,Delayed,NULL
15433,15433,Delivered,2023-05-13
15434,15434,Delivered,2025-06-18
15435,15435,Delivered,2023-04-28
15436,15436,Delivered,2025-01-30
15437,15437,Delivered,2024-12-13
15438,15438,Delivered,2023-10-12
15439,15439,Delayed,NULL
15440,15440,In Transit,NULL
15441,15441,Delivered,2026-06-15
15442,15442,Lost,NULL
15443,15443,Delayed,NULL
15444,15444,In Transit,NULL
15445,15445,In Transit,NULL
15446,15446,Delivered,2023-02-09
15447,15447,In Transit,NULL
15448,15448,In Transit,NULL
15449,15449,Delivered,2024-11-29
15450,15450,In Transit,NULL
15451,15451,In Transit,NULL
15452,15452,Delivered,2024-06-14
15453,15453,In Transit,NULL
15454,15454,Delivered,2025-06-17
15455,15455,Delivered,2023-12-19
15456,15456,In Transit,NULL
15457,15457,Delivered,2023-07-13
15458,15458,Delivered,2025-06-03
15459,15459,Delivered,2024-04-04
15460,15460,Delivered,2024-03-23
15461,15461,In Transit,NULL
15462,15462,In Transit,NULL
15463,15463,Delayed,NULL
15464,15464,In Transit,NULL
15465,15465,Delayed,NULL
15466,15466,Delivered,2024-01-12
15467,15467,Delayed,NULL
15468,15468,Delayed,NULL
15469,15469,In Transit,NULL
15470,15470,In Transit,NULL
15471,15471,Delayed,NULL
15472,15472,Delivered,2026-08-20
15473,15473,Delivered,2026-07-20
15474,15474,Delayed,NULL
15475,15475,Delivered,2024-11-24
15476,15476,Delivered,2024-11-01
15477,15477,Delivered,2023-10-05
15478,15478,Delivered,2023-09-21
15479,15479,Delivered,2025-10-29
15480,15480,Delivered,2025-06-01
15481,15481,In Transit,NULL
15482,15482,In Transit,NULL
15483,15483,Delivered,2024-12-26
15484,15484,Delivered,2025-07-22
15485,15485,Delivered,2025-12-04
15486,15486,In Transit,NULL
15487,15487,Delivered,2025-06-26
15488,15488,In Transit,NULL
15489,15489,Delayed,NULL
15490,15490,Delivered,2025-10-01
15491,15491,Delivered,2025-09-12
15492,15492,Delivered,2024-05-07
15493,15493,Delivered,2026-04-28
15494,15494,Delivered,2024-03-23
15495,15495,Delivered,2023-10-08
15496,15496,Delayed,NULL
15497,15497,Delivered,2025-09-16
15498,15498,In Transit,NULL
15499,15499,Delivered,2023-10-03
15500,15500,Returned,NULL
15501,15501,Delivered,2023-02-15
15502,15502,Delivered,2026-07-11
15503,15503,Delivered,2025-01-26
15504,15504,Delivered,2024-06-21
15505,15505,Delivered,2024-12-06
15506,15506,Delivered,2023-05-24
15507,15507,Delivered,2024-07-19
15508,15508,Delayed,NULL
15509,15509,Delivered,2023-09-22
15510,15510,In Transit,NULL
15511,15511,Delivered,2025-01-24
15512,15512,Delivered,2023-05-21
15513,15513,Delivered,2023-03-08
15514,15514,Delivered,2023-04-26
15515,15515,In Transit,NULL
15516,15516,Delivered,2026-02-28
15517,15517,Delivered,2023-03-22
15518,15518,Delivered,2024-06-01
15519,15519,Delivered,2026-03-15
15520,15520,In Transit,NULL
15521,15521,Delayed,NULL
15522,15522,Delivered,2023-11-18
15523,15523,Delivered,2025-11-17
15524,15524,Delivered,2024-02-21
15525,15525,Delivered,2025-10-10
15526,15526,Returned,NULL
15527,15527,In Transit,NULL
15528,15528,Delayed,NULL
15529,15529,In Transit,NULL
15530,15530,Delivered,2024-07-25
15531,15531,Delivered,2025-03-27
15532,15532,In Transit,NULL
15533,15533,Delivered,2025-02-10
15534,15534,Delivered,2024-03-01
15535,15535,Delivered,2023-04-17
15536,15536,In Transit,NULL
15537,15537,Delivered,2024-01-31
15538,15538,Delivered,2024-01-02
15539,15539,Delivered,2024-05-12
15540,15540,Delayed,NULL
15541,15541,Delivered,2024-12-24
15542,15542,In Transit,NULL
15543,15543,In Transit,NULL
15544,15544,Delivered,2024-03-31
15545,15545,In Transit,NULL
15546,15546,In Transit,NULL
15547,15547,Delivered,2026-05-18
15548,15548,Delayed,NULL
15549,15549,Delivered,2025-11-24
15550,15550,Delivered,2023-12-07
15551,15551,Delivered,2023-04-19
15552,15552,Delivered,2024-07-14
15553,15553,Returned,NULL
15554,15554,In Transit,NULL
15555,15555,Delivered,2023-06-02
15556,15556,Delivered,2023-06-29
15557,15557,In Transit,NULL
15558,15558,Returned,NULL
15559,15559,Delivered,2026-06-18
15560,15560,Delivered,2023-09-21
15561,15561,Delivered,2025-05-21
15562,15562,Delivered,2026-01-06
15563,15563,Delivered,2023-03-24
15564,15564,Delayed,NULL
15565,15565,Delayed,NULL
15566,15566,In Transit,NULL
15567,15567,Delivered,2025-08-16
15568,15568,In Transit,NULL
15569,15569,In Transit,NULL
15570,15570,Delivered,2026-05-08
15571,15571,Delayed,NULL
15572,15572,Delivered,2025-03-29
15573,15573,Delayed,NULL
15574,15574,Returned,NULL
15575,15575,Delivered,2024-08-14
15576,15576,In Transit,NULL
15577,15577,In Transit,NULL
15578,15578,Delivered,2023-10-13
15579,15579,Delivered,2025-08-31
15580,15580,Delivered,2026-06-02
15581,15581,Delivered,2025-09-19
15582,15582,In Transit,NULL
15583,15583,Delivered,2025-09-25
15584,15584,In Transit,NULL
15585,15585,Delivered,2026-07-15
15586,15586,Delivered,2026-06-29
15587,15587,Delivered,2026-01-09
15588,15588,Delivered,2026-05-24
15589,15589,Delivered,2024-01-16
15590,15590,Delivered,2024-01-01
15591,15591,In Transit,NULL
15592,15592,Delivered,2024-05-01
15593,15593,Delivered,2026-01-14
15594,15594,Delayed,NULL
15595,15595,In Transit,NULL
15596,15596,Delivered,2025-05-04
15597,15597,Delivered,2024-12-06
15598,15598,Delivered,2025-11-05
15599,15599,Delivered,2023-06-28
15600,15600,Delayed,NULL
15601,15601,In Transit,NULL
15602,15602,Delivered,2023-09-14
15603,15603,In Transit,NULL
15604,15604,Delivered,2025-07-20
15605,15605,Delivered,2023-03-16
15606,15606,Delivered,2024-01-12
15607,15607,Delivered,2026-07-15
15608,15608,In Transit,NULL
15609,15609,Delivered,2023-05-21
15610,15610,Delivered,2024-12-29
15611,15611,Delivered,2023-10-25
15612,15612,Delivered,2024-03-07
15613,15613,Delayed,NULL
15614,15614,In Transit,NULL
15615,15615,In Transit,NULL
15616,15616,In Transit,NULL
15617,15617,Delivered,2023-09-15
15618,15618,In Transit,NULL
15619,15619,Delivered,2025-09-20
15620,15620,Delivered,2025-03-18
15621,15621,Delivered,2023-12-21
15622,15622,Delivered,2025-11-28
15623,15623,Delivered,2024-08-27
15624,15624,Delivered,2025-05-19
15625,15625,Delayed,NULL
15626,15626,Delivered,2025-03-06
15627,15627,Delivered,2026-01-20
15628,15628,Delivered,2023-03-16
15629,15629,Delivered,2024-12-03
15630,15630,Delivered,2024-07-06
15631,15631,Delivered,2024-10-26
15632,15632,In Transit,NULL
15633,15633,Delivered,2025-11-03
15634,15634,Delivered,2024-05-25
15635,15635,In Transit,NULL
15636,15636,Delivered,2025-12-29
15637,15637,In Transit,NULL
15638,15638,Delivered,2025-09-24
15639,15639,Delivered,2024-01-31
15640,15640,Delivered,2023-07-04
15641,15641,In Transit,NULL
15642,15642,Delivered,2023-06-01
15643,15643,In Transit,NULL
15644,15644,Delivered,2026-06-06
15645,15645,Delivered,2024-10-20
15646,15646,Delivered,2023-09-10
15647,15647,Delivered,2025-12-27
15648,15648,Returned,NULL
15649,15649,Delivered,2023-02-21
15650,15650,Delivered,2024-08-16
15651,15651,Delayed,NULL
15652,15652,In Transit,NULL
15653,15653,Delivered,2026-06-13
15654,15654,Delivered,2026-05-11
15655,15655,Delivered,2025-07-15
15656,15656,Delivered,2025-12-06
15657,15657,In Transit,NULL
15658,15658,In Transit,NULL
15659,15659,In Transit,NULL
15660,15660,Delivered,2024-12-21
15661,15661,Delivered,2025-07-30
15662,15662,Delivered,2025-03-21
15663,15663,Delivered,2023-11-11
15664,15664,In Transit,NULL
15665,15665,Delivered,2024-05-22
15666,15666,Delivered,2023-05-22
15667,15667,Delivered,2023-08-15
15668,15668,Delayed,NULL
15669,15669,In Transit,NULL
15670,15670,In Transit,NULL
15671,15671,In Transit,NULL
15672,15672,Delivered,2026-07-22
15673,15673,Delivered,2025-12-09
15674,15674,Delivered,2025-01-15
15675,15675,Delivered,2024-04-22
15676,15676,Delayed,NULL
15677,15677,Delivered,2025-02-25
15678,15678,In Transit,NULL
15679,15679,In Transit,NULL
15680,15680,Delivered,2023-05-30
15681,15681,In Transit,NULL
15682,15682,Delivered,2023-12-31
15683,15683,Delayed,NULL
15684,15684,In Transit,NULL
15685,15685,In Transit,NULL
15686,15686,Delivered,2023-05-15
15687,15687,Delivered,2023-12-25
15688,15688,Delivered,2026-07-03
15689,15689,In Transit,NULL
15690,15690,Delivered,2023-07-10
15691,15691,In Transit,NULL
15692,15692,Delivered,2023-08-25
15693,15693,Delayed,NULL
15694,15694,Delivered,2023-05-24
15695,15695,Delayed,NULL
15696,15696,Delivered,2024-02-23
15697,15697,Delivered,2024-11-15
15698,15698,Delivered,2025-04-15
15699,15699,In Transit,NULL
15700,15700,Delayed,NULL
15701,15701,Delivered,2025-02-15
15702,15702,Delivered,2023-07-19
15703,15703,Delivered,2026-01-25
15704,15704,Delivered,2025-06-20
15705,15705,In Transit,NULL
15706,15706,In Transit,NULL
15707,15707,Delivered,2026-03-05
15708,15708,Delivered,2023-04-20
15709,15709,Delivered,2025-01-28
15710,15710,Lost,NULL
15711,15711,Delivered,2025-12-10
15712,15712,In Transit,NULL
15713,15713,In Transit,NULL
15714,15714,Delivered,2023-09-11
15715,15715,In Transit,NULL
15716,15716,Delivered,2026-04-06
15717,15717,Delivered,2024-08-24
15718,15718,Delayed,NULL
15719,15719,Delivered,2026-05-22
15720,15720,Delivered,2024-06-04
15721,15721,Delivered,2024-05-24
15722,15722,Delivered,2024-03-27
15723,15723,Delivered,2023-12-03
15724,15724,Delivered,2024-04-30
15725,15725,In Transit,NULL
15726,15726,In Transit,NULL
15727,15727,Delivered,2025-12-11
15728,15728,Delivered,2025-08-02
15729,15729,In Transit,NULL
15730,15730,Delivered,2025-07-01
15731,15731,Delayed,NULL
15732,15732,Delivered,2025-12-13
15733,15733,Delivered,2024-01-23
15734,15734,Delayed,NULL
15735,15735,In Transit,NULL
15736,15736,Delayed,NULL
15737,15737,In Transit,NULL
15738,15738,Delivered,2025-12-03
15739,15739,Delivered,2024-02-03
15740,15740,Delivered,2026-02-06
15741,15741,Delivered,2024-01-30
15742,15742,Delivered,2023-04-14
15743,15743,Delivered,2024-04-03
15744,15744,Returned,NULL
15745,15745,Delivered,2024-04-20
15746,15746,Delivered,2025-05-01
15747,15747,In Transit,NULL
15748,15748,Delayed,NULL
15749,15749,In Transit,NULL
15750,15750,Delivered,2024-05-13
15751,15751,Delivered,2026-03-05
15752,15752,Delivered,2024-11-14
15753,15753,Delivered,2025-03-12
15754,15754,Delayed,NULL
15755,15755,Delivered,2026-01-23
15756,15756,In Transit,NULL
15757,15757,Delivered,2023-05-30
15758,15758,Delayed,NULL
15759,15759,In Transit,NULL
15760,15760,Delivered,2024-07-20
15761,15761,In Transit,NULL
15762,15762,Delivered,2026-06-20
15763,15763,Delayed,NULL
15764,15764,Delivered,2023-06-08
15765,15765,Delayed,NULL
15766,15766,Delivered,2025-02-17
15767,15767,Delivered,2024-03-08
15768,15768,Delivered,2025-04-30
15769,15769,Delivered,2024-06-18
15770,15770,Delayed,NULL
15771,15771,In Transit,NULL
15772,15772,Delivered,2024-01-19
15773,15773,Delivered,2025-05-10
15774,15774,Delayed,NULL
15775,15775,In Transit,NULL
15776,15776,Delivered,2024-01-02
15777,15777,In Transit,NULL
15778,15778,Delivered,2024-10-19
15779,15779,Delivered,2023-02-12
15780,15780,Delivered,2023-11-02
15781,15781,In Transit,NULL
15782,15782,In Transit,NULL
15783,15783,Delivered,2025-07-26
15784,15784,Delivered,2025-11-13
15785,15785,Delivered,2025-10-29
15786,15786,Delivered,2023-08-27
15787,15787,Delivered,2024-10-22
15788,15788,Delivered,2026-07-16
15789,15789,Delivered,2025-02-12
15790,15790,Delayed,NULL
15791,15791,Delivered,2023-05-10
15792,15792,In Transit,NULL
15793,15793,Delivered,2026-01-15
15794,15794,Delivered,2025-01-02
15795,15795,Delayed,NULL
15796,15796,Delivered,2024-12-17
15797,15797,Delivered,2026-01-06
15798,15798,Delivered,2026-01-25
15799,15799,Delivered,2023-03-12
15800,15800,In Transit,NULL
15801,15801,Delayed,NULL
15802,15802,In Transit,NULL
15803,15803,Delayed,NULL
15804,15804,Delivered,2025-09-27
15805,15805,Delayed,NULL
15806,15806,Delivered,2025-03-09
15807,15807,In Transit,NULL
15808,15808,Delivered,2026-06-20
15809,15809,Delivered,2026-04-17
15810,15810,In Transit,NULL
15811,15811,Delivered,2024-10-31
15812,15812,Delayed,NULL
15813,15813,Delivered,2023-11-03
15814,15814,Delivered,2024-11-14
15815,15815,In Transit,NULL
15816,15816,In Transit,NULL
15817,15817,In Transit,NULL
15818,15818,Delivered,2025-11-09
15819,15819,Delayed,NULL
15820,15820,Delivered,2025-01-06
15821,15821,In Transit,NULL
15822,15822,Delivered,2025-11-24
15823,15823,Delivered,2024-10-03
15824,15824,In Transit,NULL
15825,15825,Delivered,2023-11-26
15826,15826,Delayed,NULL
15827,15827,Delayed,NULL
15828,15828,In Transit,NULL
15829,15829,Delivered,2026-05-03
15830,15830,Delivered,2026-04-25
15831,15831,Delayed,NULL
15832,15832,Delivered,2026-04-11
15833,15833,Delivered,2024-06-13
15834,15834,Delivered,2023-04-13
15835,15835,Delivered,2025-06-22
15836,15836,Delayed,NULL
15837,15837,In Transit,NULL
15838,15838,Delivered,2025-05-21
15839,15839,Lost,NULL
15840,15840,In Transit,NULL
15841,15841,Delivered,2023-06-17
15842,15842,Delivered,2026-02-24
15843,15843,Delivered,2023-10-19
15844,15844,Delivered,2025-04-28
15845,15845,In Transit,NULL
15846,15846,Delivered,2025-08-13
15847,15847,Delivered,2025-10-16
15848,15848,Delivered,2023-08-31
15849,15849,Delivered,2024-09-23
15850,15850,In Transit,NULL
15851,15851,Delivered,2025-01-06
15852,15852,Delivered,2023-10-11
15853,15853,Returned,NULL
15854,15854,Returned,NULL
15855,15855,Delivered,2025-09-16
15856,15856,Delivered,2024-04-09
15857,15857,Delivered,2025-07-17
15858,15858,Delivered,2025-04-14
15859,15859,Delivered,2024-08-10
15860,15860,Delivered,2024-01-20
15861,15861,Delivered,2026-05-20
15862,15862,Delayed,NULL
15863,15863,Delivered,2024-04-13
15864,15864,In Transit,NULL
15865,15865,Delivered,2025-08-28
15866,15866,Delivered,2024-05-09
15867,15867,In Transit,NULL
15868,15868,Delayed,NULL
15869,15869,Delivered,2023-11-25
15870,15870,Delivered,2024-09-09
15871,15871,Delivered,2025-06-10
15872,15872,In Transit,NULL
15873,15873,Delayed,NULL
15874,15874,Delivered,2023-01-04
15875,15875,Delivered,2023-08-01
15876,15876,Delivered,2023-04-22
15877,15877,Delivered,2026-01-25
15878,15878,Delayed,NULL
15879,15879,Delivered,2025-06-24
15880,15880,Delivered,2023-12-30
15881,15881,Returned,NULL
15882,15882,Delivered,2025-02-07
15883,15883,Delivered,2025-03-28
15884,15884,Delivered,2025-09-19
15885,15885,Delayed,NULL
15886,15886,Delivered,2026-06-15
15887,15887,Delivered,2025-08-10
15888,15888,Delivered,2025-04-21
15889,15889,Delivered,2024-11-19
15890,15890,Delayed,NULL
15891,15891,Delivered,2024-03-06
15892,15892,Delivered,2024-09-04
15893,15893,Delivered,2026-07-14
15894,15894,Delivered,2026-03-06
15895,15895,Delivered,2024-11-28
15896,15896,In Transit,NULL
15897,15897,Delivered,2025-12-31
15898,15898,Delayed,NULL
15899,15899,Delivered,2025-09-29
15900,15900,Delivered,2024-10-13
15901,15901,Delivered,2026-07-17
15902,15902,Delivered,2025-12-17
15903,15903,Delayed,NULL
15904,15904,Delivered,2026-03-06
15905,15905,Returned,NULL
15906,15906,In Transit,NULL
15907,15907,Delivered,2026-05-02
15908,15908,Delivered,2025-12-29
15909,15909,Delivered,2024-01-20
15910,15910,Delivered,2026-04-23
15911,15911,Delivered,2023-04-13
15912,15912,Delayed,NULL
15913,15913,Delivered,2023-07-23
15914,15914,Delivered,2024-04-13
15915,15915,Delivered,2023-03-10
15916,15916,Delivered,2026-04-02
15917,15917,In Transit,NULL
15918,15918,Delivered,2023-12-22
15919,15919,Delivered,2026-02-05
15920,15920,In Transit,NULL
15921,15921,In Transit,NULL
15922,15922,Delivered,2026-04-07
15923,15923,In Transit,NULL
15924,15924,Delivered,2023-01-17
15925,15925,Delivered,2023-06-26
15926,15926,In Transit,NULL
15927,15927,Delivered,2023-06-17
15928,15928,Delivered,2024-09-06
15929,15929,Delivered,2024-02-05
15930,15930,Delivered,2026-06-22
15931,15931,In Transit,NULL
15932,15932,Delivered,2026-04-09
15933,15933,Delivered,2025-07-31
15934,15934,Delivered,2024-09-24
15935,15935,In Transit,NULL
15936,15936,In Transit,NULL
15937,15937,Delivered,2026-02-04
15938,15938,Returned,NULL
15939,15939,Delivered,2026-04-06
15940,15940,Delivered,2026-01-16
15941,15941,Delivered,2024-06-08
15942,15942,Delivered,2025-01-31
15943,15943,In Transit,NULL
15944,15944,In Transit,NULL
15945,15945,Delivered,2024-09-18
15946,15946,Delivered,2026-06-11
15947,15947,Delivered,2025-02-09
15948,15948,Delivered,2025-06-28
15949,15949,Delivered,2025-12-02
15950,15950,Delayed,NULL
15951,15951,Delayed,NULL
15952,15952,Delivered,2024-10-24
15953,15953,Delayed,NULL
15954,15954,Delivered,2024-06-21
15955,15955,Delivered,2026-03-22
15956,15956,Delivered,2025-05-09
15957,15957,Delivered,2023-12-31
15958,15958,In Transit,NULL
15959,15959,Delivered,2024-08-12
15960,15960,Delivered,2024-05-27
15961,15961,Delivered,2024-01-15
15962,15962,Delivered,2023-06-16
15963,15963,Delivered,2024-06-07
15964,15964,Delivered,2023-04-06
15965,15965,Delivered,2025-12-30
15966,15966,Delivered,2023-12-21
15967,15967,Delivered,2025-05-05
15968,15968,Delivered,2025-05-09
15969,15969,Delayed,NULL
15970,15970,Delayed,NULL
15971,15971,Delayed,NULL
15972,15972,Delivered,2024-02-02
15973,15973,Delayed,NULL
15974,15974,Delivered,2024-01-21
15975,15975,In Transit,NULL
15976,15976,In Transit,NULL
15977,15977,Delivered,2026-05-31
15978,15978,Delivered,2024-08-08
15979,15979,Delivered,2025-10-20
15980,15980,Delayed,NULL
15981,15981,Delayed,NULL
15982,15982,In Transit,NULL
15983,15983,Delivered,2026-01-25
15984,15984,Delivered,2023-03-23
15985,15985,Delivered,2025-04-16
15986,15986,Delivered,2025-11-30
15987,15987,In Transit,NULL
15988,15988,In Transit,NULL
15989,15989,In Transit,NULL
15990,15990,Delivered,2026-05-25
15991,15991,Delivered,2025-08-22
15992,15992,Returned,NULL
15993,15993,Delivered,2025-03-11
15994,15994,Delivered,2026-05-23
15995,15995,Returned,NULL
15996,15996,Delivered,2024-09-04
15997,15997,Delivered,2023-10-04
15998,15998,In Transit,NULL
15999,15999,In Transit,NULL
16000,16000,Delayed,NULL
16001,16001,Delivered,2024-06-10
16002,16002,Delivered,2024-01-29
16003,16003,Delivered,2025-04-12
16004,16004,Delivered,2025-03-04
16005,16005,Delayed,NULL
16006,16006,In Transit,NULL
16007,16007,Delivered,2023-06-20
16008,16008,Delivered,2025-01-22
16009,16009,Delivered,2023-04-17
16010,16010,Delayed,NULL
16011,16011,Delivered,2024-05-04
16012,16012,In Transit,NULL
16013,16013,In Transit,NULL
16014,16014,Delivered,2023-04-20
16015,16015,Delivered,2025-06-07
16016,16016,Delayed,NULL
16017,16017,Lost,NULL
16018,16018,In Transit,NULL
16019,16019,Delivered,2026-06-03
16020,16020,Delivered,2023-09-14
16021,16021,Delayed,NULL
16022,16022,In Transit,NULL
16023,16023,Delivered,2025-11-02
16024,16024,Delivered,2026-03-16
16025,16025,In Transit,NULL
16026,16026,Delivered,2024-08-16
16027,16027,In Transit,NULL
16028,16028,Delivered,2023-07-21
16029,16029,Delivered,2025-03-01
16030,16030,Delayed,NULL
16031,16031,Delivered,2024-11-10
16032,16032,Delivered,2025-08-09
16033,16033,Delivered,2026-01-02
16034,16034,In Transit,NULL
16035,16035,Delivered,2023-08-26
16036,16036,Delayed,NULL
16037,16037,Delivered,2024-07-13
16038,16038,Delayed,NULL
16039,16039,Delayed,NULL
16040,16040,Delivered,2024-08-30
16041,16041,Delivered,2023-09-07
16042,16042,Delayed,NULL
16043,16043,Delivered,2024-01-08
16044,16044,Delivered,2024-12-29
16045,16045,Delivered,2024-04-20
16046,16046,Delivered,2023-12-01
16047,16047,In Transit,NULL
16048,16048,Delivered,2023-10-26
16049,16049,Delivered,2023-10-13
16050,16050,In Transit,NULL
16051,16051,Delivered,2025-02-09
16052,16052,In Transit,NULL
16053,16053,In Transit,NULL
16054,16054,Delivered,2024-05-24
16055,16055,Delivered,2023-07-10
16056,16056,Delivered,2025-04-06
16057,16057,Delivered,2024-12-20
16058,16058,Delivered,2024-09-29
16059,16059,Delivered,2024-03-25
16060,16060,Delivered,2023-10-31
16061,16061,Delivered,2025-09-20
16062,16062,Delivered,2025-10-17
16063,16063,Delivered,2026-02-01
16064,16064,Delivered,2026-01-26
16065,16065,Delivered,2026-05-31
16066,16066,Delivered,2026-01-08
16067,16067,Delivered,2024-06-21
16068,16068,Delivered,2026-07-02
16069,16069,In Transit,NULL
16070,16070,Delivered,2024-05-13
16071,16071,Delivered,2023-10-17
16072,16072,Lost,NULL
16073,16073,Delivered,2023-05-31
16074,16074,Delayed,NULL
16075,16075,Delivered,2026-06-10
16076,16076,In Transit,NULL
16077,16077,Delivered,2025-03-26
16078,16078,In Transit,NULL
16079,16079,In Transit,NULL
16080,16080,In Transit,NULL
16081,16081,In Transit,NULL
16082,16082,In Transit,NULL
16083,16083,In Transit,NULL
16084,16084,In Transit,NULL
16085,16085,Delivered,2026-05-19
16086,16086,In Transit,NULL
16087,16087,Delivered,2025-03-13
16088,16088,Delivered,2026-06-21
16089,16089,Delayed,NULL
16090,16090,Delivered,2024-09-01
16091,16091,Delivered,2024-10-07
16092,16092,Delivered,2025-12-06
16093,16093,Delivered,2026-02-19
16094,16094,Delivered,2025-11-26
16095,16095,In Transit,NULL
16096,16096,Delivered,2025-03-17
16097,16097,Lost,NULL
16098,16098,Delivered,2023-11-16
16099,16099,Delivered,2024-09-25
16100,16100,Delivered,2026-04-28
16101,16101,Delivered,2025-12-25
16102,16102,Delivered,2024-08-03
16103,16103,In Transit,NULL
16104,16104,Delayed,NULL
16105,16105,Delivered,2026-06-19
16106,16106,Delivered,2024-06-12
16107,16107,Delivered,2023-04-14
16108,16108,Delayed,NULL
16109,16109,Delayed,NULL
16110,16110,Delivered,2024-05-22
16111,16111,Delivered,2025-06-17
16112,16112,In Transit,NULL
16113,16113,In Transit,NULL
16114,16114,Delivered,2024-09-25
16115,16115,Delivered,2025-06-25
16116,16116,Delivered,2023-04-14
16117,16117,Delayed,NULL
16118,16118,In Transit,NULL
16119,16119,Delayed,NULL
16120,16120,Delivered,2025-06-13
16121,16121,Delivered,2026-01-04
16122,16122,Delivered,2026-04-22
16123,16123,Delayed,NULL
16124,16124,Delivered,2025-03-10
16125,16125,Delivered,2025-12-25
16126,16126,In Transit,NULL
16127,16127,Delivered,2024-08-01
16128,16128,Delayed,NULL
16129,16129,Delivered,2023-10-24
16130,16130,Returned,NULL
16131,16131,Delivered,2023-03-12
16132,16132,In Transit,NULL
16133,16133,Delayed,NULL
16134,16134,Delivered,2023-10-04
16135,16135,Delivered,2023-04-19
16136,16136,Returned,NULL
16137,16137,Delivered,2025-10-24
16138,16138,Delivered,2026-01-18
16139,16139,Delivered,2024-06-05
16140,16140,Delivered,2023-04-17
16141,16141,Delayed,NULL
16142,16142,Lost,NULL
16143,16143,Delivered,2025-08-09
16144,16144,Delayed,NULL
16145,16145,Delayed,NULL
16146,16146,In Transit,NULL
16147,16147,Delivered,2023-08-14
16148,16148,Delivered,2023-09-22
16149,16149,In Transit,NULL
16150,16150,In Transit,NULL
16151,16151,Lost,NULL
16152,16152,Delivered,2025-11-10
16153,16153,Returned,NULL
16154,16154,Returned,NULL
16155,16155,Delivered,2026-03-21
16156,16156,Delivered,2025-06-09
16157,16157,Returned,NULL
16158,16158,In Transit,NULL
16159,16159,Delayed,NULL
16160,16160,Delivered,2024-12-09
16161,16161,Delivered,2025-12-09
16162,16162,Delivered,2024-09-21
16163,16163,Delayed,NULL
16164,16164,Delivered,2026-03-07
16165,16165,Delivered,2025-09-20
16166,16166,In Transit,NULL
16167,16167,Delivered,2024-03-10
16168,16168,Delivered,2025-04-27
16169,16169,Delivered,2023-12-16
16170,16170,Delivered,2024-10-28
16171,16171,Delivered,2023-10-21
16172,16172,Delivered,2025-12-14
16173,16173,Delivered,2025-05-20
16174,16174,Delivered,2026-04-23
16175,16175,Delivered,2024-04-30
16176,16176,Delayed,NULL
16177,16177,Delivered,2025-07-18
16178,16178,Delivered,2025-11-18
16179,16179,Delivered,2024-02-07
16180,16180,In Transit,NULL
16181,16181,Delivered,2023-05-20
16182,16182,Delivered,2025-10-19
16183,16183,Delivered,2023-09-30
16184,16184,Delayed,NULL
16185,16185,Delivered,2024-10-14
16186,16186,In Transit,NULL
16187,16187,In Transit,NULL
16188,16188,Delivered,2023-11-20
16189,16189,Delivered,2023-02-19
16190,16190,Delivered,2025-12-22
16191,16191,Delivered,2025-08-08
16192,16192,Delivered,2025-04-14
16193,16193,In Transit,NULL
16194,16194,In Transit,NULL
16195,16195,Delayed,NULL
16196,16196,Delivered,2026-02-27
16197,16197,Delivered,2025-04-29
16198,16198,In Transit,NULL
16199,16199,Delivered,2026-07-13
16200,16200,In Transit,NULL
16201,16201,Delivered,2025-04-25
16202,16202,Returned,NULL
16203,16203,Delivered,2023-08-13
16204,16204,Delayed,NULL
16205,16205,In Transit,NULL
16206,16206,Delivered,2024-06-18
16207,16207,Delivered,2023-04-27
16208,16208,Delivered,2024-05-18
16209,16209,Delivered,2023-05-25
16210,16210,In Transit,NULL
16211,16211,Delivered,2023-07-29
16212,16212,In Transit,NULL
16213,16213,Delivered,2025-07-02
16214,16214,Delivered,2025-06-25
16215,16215,In Transit,NULL
16216,16216,In Transit,NULL
16217,16217,Delayed,NULL
16218,16218,Delivered,2025-12-07
16219,16219,In Transit,NULL
16220,16220,Delivered,2023-02-23
16221,16221,In Transit,NULL
16222,16222,Delivered,2026-02-20
16223,16223,Delivered,2024-12-04
16224,16224,Delayed,NULL
16225,16225,In Transit,NULL
16226,16226,Delivered,2025-01-06
16227,16227,Delayed,NULL
16228,16228,Delivered,2026-06-22
16229,16229,Delivered,2026-07-04
16230,16230,In Transit,NULL
16231,16231,Delivered,2026-07-26
16232,16232,Delivered,2023-05-01
16233,16233,Delivered,2024-04-12
16234,16234,In Transit,NULL
16235,16235,Delivered,2025-12-06
16236,16236,In Transit,NULL
16237,16237,In Transit,NULL
16238,16238,Delivered,2025-08-21
16239,16239,Delivered,2026-05-10
16240,16240,Delivered,2025-01-19
16241,16241,Delivered,2024-05-24
16242,16242,In Transit,NULL
16243,16243,In Transit,NULL
16244,16244,Delivered,2024-12-15
16245,16245,In Transit,NULL
16246,16246,In Transit,NULL
16247,16247,Delivered,2025-05-07
16248,16248,In Transit,NULL
16249,16249,Delivered,2023-11-08
16250,16250,Delivered,2026-01-22
16251,16251,Delivered,2025-07-20
16252,16252,Delivered,2025-12-09
16253,16253,Delivered,2024-03-15
16254,16254,Delivered,2023-12-07
16255,16255,Delivered,2025-05-11
16256,16256,Delayed,NULL
16257,16257,Delayed,NULL
16258,16258,In Transit,NULL
16259,16259,Delivered,2025-08-15
16260,16260,Delivered,2025-05-19
16261,16261,Delayed,NULL
16262,16262,Delayed,NULL
16263,16263,Delivered,2024-01-15
16264,16264,In Transit,NULL
16265,16265,In Transit,NULL
16266,16266,Delivered,2025-06-30
16267,16267,Delivered,2024-11-29
16268,16268,Delivered,2025-05-26
16269,16269,Delivered,2026-01-04
16270,16270,Delivered,2025-08-30
16271,16271,In Transit,NULL
16272,16272,Delayed,NULL
16273,16273,Delayed,NULL
16274,16274,Delivered,2026-06-01
16275,16275,Delivered,2023-03-12
16276,16276,Delivered,2025-03-30
16277,16277,In Transit,NULL
16278,16278,Delivered,2024-11-24
16279,16279,Delivered,2024-03-02
16280,16280,Delivered,2023-11-25
16281,16281,Delivered,2026-01-09
16282,16282,Delivered,2025-08-06
16283,16283,Delivered,2023-12-11
16284,16284,Delayed,NULL
16285,16285,Delivered,2026-01-25
16286,16286,Delivered,2026-02-16
16287,16287,In Transit,NULL
16288,16288,Delivered,2025-11-13
16289,16289,Delayed,NULL
16290,16290,Delivered,2026-06-17
16291,16291,In Transit,NULL
16292,16292,In Transit,NULL
16293,16293,Delayed,NULL
16294,16294,Delivered,2026-01-18
16295,16295,In Transit,NULL
16296,16296,Delivered,2024-12-04
16297,16297,Delivered,2025-07-18
16298,16298,Delivered,2023-05-18
16299,16299,Returned,NULL
16300,16300,In Transit,NULL
16301,16301,In Transit,NULL
16302,16302,Delivered,2023-06-08
16303,16303,Delivered,2024-09-22
16304,16304,In Transit,NULL
16305,16305,Delivered,2025-01-23
16306,16306,In Transit,NULL
16307,16307,Delayed,NULL
16308,16308,Delivered,2024-11-28
16309,16309,Delivered,2026-05-02
16310,16310,Delayed,NULL
16311,16311,In Transit,NULL
16312,16312,In Transit,NULL
16313,16313,Delivered,2023-09-29
16314,16314,In Transit,NULL
16315,16315,Delayed,NULL
16316,16316,In Transit,NULL
16317,16317,Delivered,2023-02-19
16318,16318,Delivered,2024-02-22
16319,16319,In Transit,NULL
16320,16320,In Transit,NULL
16321,16321,In Transit,NULL
16322,16322,Delivered,2026-04-08
16323,16323,In Transit,NULL
16324,16324,In Transit,NULL
16325,16325,Delivered,2025-10-26
16326,16326,Delayed,NULL
16327,16327,Delivered,2024-05-31
16328,16328,In Transit,NULL
16329,16329,Delivered,2026-04-27
16330,16330,Delivered,2026-01-08
16331,16331,Delivered,2026-03-05
16332,16332,Delivered,2026-02-04
16333,16333,Delivered,2024-03-04
16334,16334,Delivered,2025-01-10
16335,16335,Delayed,NULL
16336,16336,In Transit,NULL
16337,16337,Delayed,NULL
16338,16338,Delayed,NULL
16339,16339,Delayed,NULL
16340,16340,Delayed,NULL
16341,16341,Delayed,NULL
16342,16342,Delivered,2026-03-28
16343,16343,Delivered,2025-01-31
16344,16344,Delivered,2023-10-23
16345,16345,Delivered,2024-12-08
16346,16346,Delivered,2024-02-18
16347,16347,Delivered,2025-05-13
16348,16348,Delivered,2026-03-23
16349,16349,In Transit,NULL
16350,16350,Delivered,2023-06-19
16351,16351,Delivered,2026-02-24
16352,16352,Lost,NULL
16353,16353,Returned,NULL
16354,16354,Delivered,2026-07-09
16355,16355,Delivered,2023-10-20
16356,16356,Delivered,2024-12-07
16357,16357,Delivered,2025-09-23
16358,16358,Delivered,2023-11-30
16359,16359,Delivered,2024-01-22
16360,16360,Delivered,2026-06-18
16361,16361,In Transit,NULL
16362,16362,Delivered,2025-06-18
16363,16363,Delayed,NULL
16364,16364,In Transit,NULL
16365,16365,Delayed,NULL
16366,16366,Delivered,2026-01-10
16367,16367,Delivered,2025-07-31
16368,16368,In Transit,NULL
16369,16369,Delivered,2023-09-12
16370,16370,Delivered,2024-12-12
16371,16371,Delivered,2023-11-12
16372,16372,Delivered,2025-12-23
16373,16373,Delivered,2025-08-04
16374,16374,In Transit,NULL
16375,16375,Delivered,2024-03-25
16376,16376,Delivered,2023-12-13
16377,16377,Delivered,2025-09-06
16378,16378,In Transit,NULL
16379,16379,Delivered,2024-09-23
16380,16380,In Transit,NULL
16381,16381,Delivered,2025-07-14
16382,16382,In Transit,NULL
16383,16383,In Transit,NULL
16384,16384,Delivered,2024-03-04
16385,16385,Delivered,2023-10-09
16386,16386,Delivered,2023-11-20
16387,16387,In Transit,NULL
16388,16388,Delivered,2024-11-07
16389,16389,Delivered,2026-05-28
16390,16390,Delivered,2025-12-08
16391,16391,Delivered,2023-05-19
16392,16392,In Transit,NULL
16393,16393,Delivered,2025-02-19
16394,16394,In Transit,NULL
16395,16395,Delivered,2024-09-03
16396,16396,In Transit,NULL
16397,16397,Lost,NULL
16398,16398,Delayed,NULL
16399,16399,Delivered,2024-07-06
16400,16400,Delivered,2024-04-17
16401,16401,Delivered,2026-06-26
16402,16402,Delivered,2025-11-22
16403,16403,Delivered,2025-12-29
16404,16404,In Transit,NULL
16405,16405,In Transit,NULL
16406,16406,Delivered,2025-08-30
16407,16407,In Transit,NULL
16408,16408,Delivered,2023-04-21
16409,16409,In Transit,NULL
16410,16410,Delayed,NULL
16411,16411,Delayed,NULL
16412,16412,Delivered,2024-02-28
16413,16413,Delayed,NULL
16414,16414,Delivered,2026-06-21
16415,16415,In Transit,NULL
16416,16416,Delivered,2024-05-16
16417,16417,Delivered,2026-01-05
16418,16418,Delivered,2024-09-17
16419,16419,In Transit,NULL
16420,16420,Delivered,2024-12-30
16421,16421,Returned,NULL
16422,16422,Delivered,2024-05-07
16423,16423,In Transit,NULL
16424,16424,Delivered,2024-11-02
16425,16425,In Transit,NULL
16426,16426,Delivered,2024-05-31
16427,16427,In Transit,NULL
16428,16428,Delivered,2023-10-15
16429,16429,Delivered,2023-09-27
16430,16430,Returned,NULL
16431,16431,Delivered,2024-04-07
16432,16432,Delivered,2025-03-16
16433,16433,Delivered,2025-05-29
16434,16434,Delivered,2023-08-29
16435,16435,Delivered,2024-12-26
16436,16436,In Transit,NULL
16437,16437,In Transit,NULL
16438,16438,Delivered,2023-08-26
16439,16439,Delivered,2026-05-21
16440,16440,In Transit,NULL
16441,16441,Delivered,2024-02-25
16442,16442,Delivered,2025-02-21
16443,16443,Delayed,NULL
16444,16444,In Transit,NULL
16445,16445,Delivered,2025-02-11
16446,16446,Delayed,NULL
16447,16447,Delivered,2024-07-06
16448,16448,Delivered,2023-04-12
16449,16449,In Transit,NULL
16450,16450,Delivered,2024-03-16
16451,16451,Delivered,2023-05-26
16452,16452,Delivered,2025-11-11
16453,16453,Delayed,NULL
16454,16454,Delivered,2024-08-15
16455,16455,Delivered,2024-12-23
16456,16456,In Transit,NULL
16457,16457,Delayed,NULL
16458,16458,Delivered,2024-06-05
16459,16459,In Transit,NULL
16460,16460,In Transit,NULL
16461,16461,Delivered,2023-09-17
16462,16462,Delivered,2023-11-26
16463,16463,Returned,NULL
16464,16464,Delivered,2025-08-12
16465,16465,In Transit,NULL
16466,16466,Delayed,NULL
16467,16467,Delivered,2026-06-16
16468,16468,Delayed,NULL
16469,16469,Delivered,2025-09-11
16470,16470,Delayed,NULL
16471,16471,Delivered,2023-10-12
16472,16472,In Transit,NULL
16473,16473,Delivered,2023-07-20
16474,16474,In Transit,NULL
16475,16475,In Transit,NULL
16476,16476,In Transit,NULL
16477,16477,Delivered,2023-02-27
16478,16478,Delivered,2025-11-22
16479,16479,Delivered,2023-11-12
16480,16480,Delayed,NULL
16481,16481,Delivered,2024-12-18
16482,16482,Returned,NULL
16483,16483,Returned,NULL
16484,16484,Delivered,2025-03-19
16485,16485,In Transit,NULL
16486,16486,Lost,NULL
16487,16487,Returned,NULL
16488,16488,Delivered,2025-04-11
16489,16489,Delivered,2024-12-02
16490,16490,Delayed,NULL
16491,16491,In Transit,NULL
16492,16492,Lost,NULL
16493,16493,Delivered,2025-04-22
16494,16494,In Transit,NULL
16495,16495,Delayed,NULL
16496,16496,Delivered,2025-08-17
16497,16497,Delivered,2024-07-31
16498,16498,In Transit,NULL
16499,16499,Delivered,2024-08-14
16500,16500,Delivered,2025-03-19
16501,16501,Delivered,2024-06-27
16502,16502,Delayed,NULL
16503,16503,Returned,NULL
16504,16504,Delivered,2025-02-26
16505,16505,Delivered,2025-01-22
16506,16506,Returned,NULL
16507,16507,Delayed,NULL
16508,16508,In Transit,NULL
16509,16509,Delayed,NULL
16510,16510,Delivered,2024-07-31
16511,16511,Delivered,2024-08-18
16512,16512,Delivered,2023-06-11
16513,16513,In Transit,NULL
16514,16514,Delivered,2024-03-28
16515,16515,Delivered,2024-03-21
16516,16516,Delivered,2025-08-17
16517,16517,Delivered,2025-08-10
16518,16518,Delivered,2026-07-13
16519,16519,Delivered,2023-06-17
16520,16520,Delivered,2025-08-11
16521,16521,Delivered,2024-11-20
16522,16522,Delivered,2026-07-09
16523,16523,In Transit,NULL
16524,16524,Delivered,2023-06-28
16525,16525,Delivered,2025-10-03
16526,16526,Returned,NULL
16527,16527,In Transit,NULL
16528,16528,In Transit,NULL
16529,16529,Delivered,2026-02-23
16530,16530,Delayed,NULL
16531,16531,In Transit,NULL
16532,16532,Delivered,2023-11-23
16533,16533,Delivered,2024-03-27
16534,16534,Delivered,2023-10-03
16535,16535,Delivered,2025-09-08
16536,16536,Delivered,2023-11-30
16537,16537,Delivered,2024-05-18
16538,16538,Delivered,2023-05-08
16539,16539,Delivered,2024-08-05
16540,16540,In Transit,NULL
16541,16541,Delayed,NULL
16542,16542,Delayed,NULL
16543,16543,Delivered,2026-02-04
16544,16544,Delivered,2024-03-08
16545,16545,Delivered,2023-05-26
16546,16546,Delivered,2024-09-17
16547,16547,Returned,NULL
16548,16548,Delayed,NULL
16549,16549,Delivered,2023-12-02
16550,16550,In Transit,NULL
16551,16551,Delivered,2023-08-19
16552,16552,Delivered,2024-06-12
16553,16553,Delivered,2025-10-06
16554,16554,In Transit,NULL
16555,16555,Delivered,2024-07-30
16556,16556,In Transit,NULL
16557,16557,Delivered,2024-04-11
16558,16558,Delivered,2025-12-05
16559,16559,In Transit,NULL
16560,16560,Delivered,2024-10-06
16561,16561,Delivered,2023-07-15
16562,16562,Delivered,2025-07-08
16563,16563,Delivered,2023-10-24
16564,16564,In Transit,NULL
16565,16565,Delivered,2026-06-06
16566,16566,Delayed,NULL
16567,16567,In Transit,NULL
16568,16568,In Transit,NULL
16569,16569,Delivered,2024-03-04
16570,16570,Delivered,2026-01-03
16571,16571,Delivered,2023-12-04
16572,16572,Delivered,2024-10-15
16573,16573,Delayed,NULL
16574,16574,Delivered,2025-07-09
16575,16575,Delivered,2026-05-06
16576,16576,Delivered,2025-12-17
16577,16577,Delayed,NULL
16578,16578,Returned,NULL
16579,16579,Delivered,2025-03-23
16580,16580,In Transit,NULL
16581,16581,Delivered,2024-12-02
16582,16582,Delivered,2023-08-10
16583,16583,In Transit,NULL
16584,16584,In Transit,NULL
16585,16585,Delivered,2024-04-20
16586,16586,In Transit,NULL
16587,16587,In Transit,NULL
16588,16588,Delayed,NULL
16589,16589,Delivered,2023-08-15
16590,16590,Delivered,2023-09-06
16591,16591,Delivered,2024-06-21
16592,16592,Returned,NULL
16593,16593,Delivered,2023-12-12
16594,16594,In Transit,NULL
16595,16595,Delivered,2025-05-05
16596,16596,Delivered,2024-06-30
16597,16597,Delivered,2024-07-27
16598,16598,Delayed,NULL
16599,16599,Delivered,2025-08-17
16600,16600,Delivered,2024-06-08
16601,16601,Delivered,2026-04-16
16602,16602,In Transit,NULL
16603,16603,Delivered,2023-07-16
16604,16604,Delivered,2025-05-08
16605,16605,Delivered,2023-04-30
16606,16606,Delivered,2025-05-21
16607,16607,Delivered,2024-12-15
16608,16608,Delivered,2025-03-30
16609,16609,Delivered,2025-12-09
16610,16610,Delivered,2025-12-04
16611,16611,Lost,NULL
16612,16612,Delivered,2024-08-08
16613,16613,In Transit,NULL
16614,16614,Delivered,2026-07-25
16615,16615,Delayed,NULL
16616,16616,Delivered,2024-09-22
16617,16617,Delivered,2024-11-15
16618,16618,Delivered,2024-05-11
16619,16619,Returned,NULL
16620,16620,Delivered,2025-08-18
16621,16621,In Transit,NULL
16622,16622,In Transit,NULL
16623,16623,Delivered,2023-11-12
16624,16624,Returned,NULL
16625,16625,Delivered,2025-02-18
16626,16626,Delivered,2026-01-07
16627,16627,In Transit,NULL
16628,16628,Delivered,2025-06-10
16629,16629,Delivered,2024-12-24
16630,16630,Delivered,2023-05-30
16631,16631,Delayed,NULL
16632,16632,Delivered,2025-05-09
16633,16633,Delayed,NULL
16634,16634,Delayed,NULL
16635,16635,Delayed,NULL
16636,16636,Delivered,2023-03-24
16637,16637,Delivered,2023-11-03
16638,16638,Delayed,NULL
16639,16639,Delivered,2026-08-20
16640,16640,Delivered,2023-06-29
16641,16641,Delayed,NULL
16642,16642,Delayed,NULL
16643,16643,Delivered,2025-05-14
16644,16644,In Transit,NULL
16645,16645,Delayed,NULL
16646,16646,In Transit,NULL
16647,16647,In Transit,NULL
16648,16648,Delivered,2025-01-26
16649,16649,Delayed,NULL
16650,16650,Delayed,NULL
16651,16651,Delivered,2026-03-25
16652,16652,In Transit,NULL
16653,16653,Delivered,2026-07-03
16654,16654,Delivered,2025-10-23
16655,16655,Delivered,2025-08-28
16656,16656,In Transit,NULL
16657,16657,Delivered,2025-12-26
16658,16658,Delivered,2024-01-01
16659,16659,Delivered,2026-01-13
16660,16660,Delayed,NULL
16661,16661,In Transit,NULL
16662,16662,In Transit,NULL
16663,16663,Delivered,2026-07-25
16664,16664,Delivered,2025-09-03
16665,16665,In Transit,NULL
16666,16666,Delivered,2023-07-22
16667,16667,Returned,NULL
16668,16668,Delivered,2024-08-02
16669,16669,Delivered,2026-02-05
16670,16670,Delivered,2026-07-11
16671,16671,In Transit,NULL
16672,16672,In Transit,NULL
16673,16673,Delivered,2023-10-02
16674,16674,In Transit,NULL
16675,16675,Lost,NULL
16676,16676,In Transit,NULL
16677,16677,Delivered,2023-06-16
16678,16678,Returned,NULL
16679,16679,Returned,NULL
16680,16680,Delivered,2024-10-21
16681,16681,Delivered,2023-07-16
16682,16682,Delivered,2023-07-13
16683,16683,Delivered,2023-02-26
16684,16684,In Transit,NULL
16685,16685,Delivered,2026-04-02
16686,16686,Delivered,2026-04-29
16687,16687,Delivered,2025-04-24
16688,16688,Delivered,2025-11-27
16689,16689,Delivered,2026-05-10
16690,16690,Returned,NULL
16691,16691,Delivered,2026-04-20
16692,16692,In Transit,NULL
16693,16693,In Transit,NULL
16694,16694,Delivered,2025-03-28
16695,16695,Delivered,2023-02-13
16696,16696,In Transit,NULL
16697,16697,Delivered,2023-09-11
16698,16698,In Transit,NULL
16699,16699,Delivered,2025-08-29
16700,16700,Delayed,NULL
16701,16701,Delivered,2025-02-20
16702,16702,Delayed,NULL
16703,16703,Delivered,2024-12-04
16704,16704,Delivered,2023-12-02
16705,16705,In Transit,NULL
16706,16706,Delivered,2024-08-06
16707,16707,Delayed,NULL
16708,16708,Delivered,2025-08-23
16709,16709,In Transit,NULL
16710,16710,Delivered,2025-11-30
16711,16711,Delayed,NULL
16712,16712,Delivered,2024-02-10
16713,16713,In Transit,NULL
16714,16714,Delivered,2025-03-21
16715,16715,Delivered,2025-09-30
16716,16716,Delivered,2023-05-15
16717,16717,Delivered,2025-03-22
16718,16718,Lost,NULL
16719,16719,Delivered,2024-05-06
16720,16720,In Transit,NULL
16721,16721,Delivered,2025-02-19
16722,16722,Delivered,2024-09-02
16723,16723,Delivered,2025-11-07
16724,16724,Delivered,2026-01-20
16725,16725,Delivered,2024-01-23
16726,16726,Delayed,NULL
16727,16727,Lost,NULL
16728,16728,Delivered,2024-03-19
16729,16729,Delivered,2024-07-31
16730,16730,Delivered,2024-07-20
16731,16731,In Transit,NULL
16732,16732,In Transit,NULL
16733,16733,Delayed,NULL
16734,16734,Delivered,2025-08-18
16735,16735,Delivered,2024-05-01
16736,16736,Delivered,2025-09-22
16737,16737,Delivered,2023-12-09
16738,16738,Delivered,2026-03-14
16739,16739,In Transit,NULL
16740,16740,Delivered,2025-08-01
16741,16741,In Transit,NULL
16742,16742,Delivered,2023-10-05
16743,16743,In Transit,NULL
16744,16744,Delivered,2025-09-02
16745,16745,Delivered,2025-03-10
16746,16746,In Transit,NULL
16747,16747,Delayed,NULL
16748,16748,Delivered,2025-10-17
16749,16749,Delivered,2023-09-10
16750,16750,In Transit,NULL
16751,16751,Delivered,2025-01-31
16752,16752,Delivered,2025-12-16
16753,16753,Delivered,2025-04-10
16754,16754,Delayed,NULL
16755,16755,Lost,NULL
16756,16756,In Transit,NULL
16757,16757,Delivered,2025-04-01
16758,16758,Delivered,2023-07-04
16759,16759,Delivered,2023-12-27
16760,16760,Delivered,2026-02-21
16761,16761,In Transit,NULL
16762,16762,Delivered,2026-02-11
16763,16763,Delivered,2025-11-10
16764,16764,Delivered,2024-04-06
16765,16765,Delivered,2026-03-24
16766,16766,Delivered,2023-03-12
16767,16767,Delivered,2023-03-23
16768,16768,In Transit,NULL
16769,16769,Delivered,2023-12-16
16770,16770,Delivered,2025-02-09
16771,16771,In Transit,NULL
16772,16772,In Transit,NULL
16773,16773,Returned,NULL
16774,16774,In Transit,NULL
16775,16775,Delivered,2024-11-03
16776,16776,Delivered,2025-04-09
16777,16777,Delivered,2026-02-17
16778,16778,Delayed,NULL
16779,16779,In Transit,NULL
16780,16780,Delayed,NULL
16781,16781,Delivered,2026-07-10
16782,16782,In Transit,NULL
16783,16783,Delivered,2026-03-14
16784,16784,Delayed,NULL
16785,16785,Delivered,2023-04-27
16786,16786,Delivered,2023-11-18
16787,16787,Delayed,NULL
16788,16788,Delivered,2023-11-25
16789,16789,Delayed,NULL
16790,16790,Delivered,2024-02-14
16791,16791,Delayed,NULL
16792,16792,Returned,NULL
16793,16793,Delivered,2024-03-05
16794,16794,Delayed,NULL
16795,16795,Delivered,2023-08-11
16796,16796,Delivered,2024-01-06
16797,16797,Delivered,2025-05-06
16798,16798,In Transit,NULL
16799,16799,Delivered,2023-11-07
16800,16800,In Transit,NULL
16801,16801,Delivered,2024-11-10
16802,16802,Delivered,2024-01-06
16803,16803,Delayed,NULL
16804,16804,In Transit,NULL
16805,16805,Delivered,2024-12-04
16806,16806,Delivered,2025-02-05
16807,16807,In Transit,NULL
16808,16808,Delayed,NULL
16809,16809,In Transit,NULL
16810,16810,Delayed,NULL
16811,16811,In Transit,NULL
16812,16812,Delivered,2023-07-04
16813,16813,Delivered,2023-04-13
16814,16814,In Transit,NULL
16815,16815,Delivered,2023-11-22
16816,16816,In Transit,NULL
16817,16817,In Transit,NULL
16818,16818,In Transit,NULL
16819,16819,Delivered,2023-03-09
16820,16820,Delivered,2026-04-18
16821,16821,Returned,NULL
16822,16822,Delivered,2023-03-03
16823,16823,Delivered,2023-03-31
16824,16824,Delivered,2023-12-11
16825,16825,Delivered,2024-01-19
16826,16826,Delivered,2026-06-08
16827,16827,In Transit,NULL
16828,16828,In Transit,NULL
16829,16829,In Transit,NULL
16830,16830,Delivered,2025-10-24
16831,16831,Delivered,2026-01-09
16832,16832,Delayed,NULL
16833,16833,Returned,NULL
16834,16834,Delivered,2026-02-05
16835,16835,Delivered,2024-05-29
16836,16836,Delivered,2024-01-21
16837,16837,Delivered,2025-08-28
16838,16838,Delivered,2026-05-03
16839,16839,Delivered,2026-03-26
16840,16840,Delivered,2026-05-30
16841,16841,Delayed,NULL
16842,16842,Delivered,2023-12-14
16843,16843,Delivered,2025-09-17
16844,16844,Delivered,2025-02-25
16845,16845,Delivered,2026-05-19
16846,16846,Delivered,2024-02-11
16847,16847,Delivered,2025-04-06
16848,16848,Returned,NULL
16849,16849,In Transit,NULL
16850,16850,Delivered,2024-12-31
16851,16851,Delivered,2023-05-12
16852,16852,In Transit,NULL
16853,16853,Delivered,2023-07-31
16854,16854,Delivered,2026-02-08
16855,16855,Delivered,2026-05-30
16856,16856,Delayed,NULL
16857,16857,Delivered,2023-08-23
16858,16858,Delivered,2026-01-03
16859,16859,In Transit,NULL
16860,16860,Delivered,2025-06-06
16861,16861,Delivered,2023-05-21
16862,16862,Delivered,2025-01-06
16863,16863,Delivered,2024-03-23
16864,16864,Returned,NULL
16865,16865,Delivered,2026-06-03
16866,16866,Delivered,2023-10-06
16867,16867,Delayed,NULL
16868,16868,Delivered,2024-04-14
16869,16869,Delivered,2023-08-11
16870,16870,Delivered,2024-04-07
16871,16871,Delivered,2023-04-14
16872,16872,Delivered,2024-07-03
16873,16873,In Transit,NULL
16874,16874,Delivered,2023-10-12
16875,16875,Delivered,2023-07-10
16876,16876,Delivered,2024-06-03
16877,16877,Delivered,2023-11-26
16878,16878,In Transit,NULL
16879,16879,In Transit,NULL
16880,16880,Delivered,2023-03-08
16881,16881,Delivered,2023-07-04
16882,16882,Delivered,2024-03-31
16883,16883,Delivered,2024-01-11
16884,16884,Delivered,2024-07-22
16885,16885,In Transit,NULL
16886,16886,Delivered,2023-06-08
16887,16887,In Transit,NULL
16888,16888,In Transit,NULL
16889,16889,Delivered,2024-08-03
16890,16890,Delivered,2024-06-21
16891,16891,Delivered,2024-12-07
16892,16892,Delayed,NULL
16893,16893,Returned,NULL
16894,16894,Delivered,2025-01-26
16895,16895,Lost,NULL
16896,16896,Delayed,NULL
16897,16897,Delivered,2025-07-26
16898,16898,Delivered,2026-05-21
16899,16899,Delivered,2026-05-09
16900,16900,In Transit,NULL
16901,16901,Delivered,2025-08-06
16902,16902,Delivered,2023-01-11
16903,16903,Delayed,NULL
16904,16904,Delivered,2025-02-27
16905,16905,Delivered,2025-05-02
16906,16906,Delivered,2023-04-13
16907,16907,Delivered,2024-05-20
16908,16908,Delivered,2025-02-20
16909,16909,Delivered,2025-04-07
16910,16910,Delivered,2026-07-29
16911,16911,In Transit,NULL
16912,16912,In Transit,NULL
16913,16913,Delivered,2024-02-11
16914,16914,Delivered,2025-02-19
16915,16915,In Transit,NULL
16916,16916,Delayed,NULL
16917,16917,In Transit,NULL
16918,16918,Delivered,2025-09-18
16919,16919,Delivered,2026-06-05
16920,16920,Delivered,2025-11-03
16921,16921,Delivered,2025-08-06
16922,16922,Delivered,2024-05-25
16923,16923,Delivered,2023-06-19
16924,16924,Delivered,2023-09-13
16925,16925,Delivered,2026-06-30
16926,16926,Delivered,2023-12-08
16927,16927,Delayed,NULL
16928,16928,Delivered,2025-06-21
16929,16929,In Transit,NULL
16930,16930,In Transit,NULL
16931,16931,Delivered,2025-12-19
16932,16932,Delivered,2025-10-21
16933,16933,In Transit,NULL
16934,16934,Lost,NULL
16935,16935,Delivered,2026-01-24
16936,16936,Delivered,2025-10-27
16937,16937,Delivered,2025-09-22
16938,16938,Delayed,NULL
16939,16939,Returned,NULL
16940,16940,Delivered,2025-09-27
16941,16941,Delivered,2024-11-18
16942,16942,Delivered,2023-05-17
16943,16943,Delayed,NULL
16944,16944,Delivered,2026-03-14
16945,16945,Delivered,2024-03-24
16946,16946,Delayed,NULL
16947,16947,Delivered,2025-02-12
16948,16948,Returned,NULL
16949,16949,In Transit,NULL
16950,16950,Delivered,2024-04-12
16951,16951,Delivered,2024-05-03
16952,16952,Delivered,2023-04-13
16953,16953,Delivered,2025-10-21
16954,16954,Delayed,NULL
16955,16955,Delivered,2026-01-14
16956,16956,Delivered,2025-05-14
16957,16957,Delivered,2026-02-26
16958,16958,Delivered,2026-05-22
16959,16959,Delivered,2025-06-03
16960,16960,Delivered,2025-10-21
16961,16961,Lost,NULL
16962,16962,Delivered,2026-03-12
16963,16963,Delayed,NULL
16964,16964,Delivered,2023-09-19
16965,16965,Delivered,2024-06-13
16966,16966,Delivered,2025-04-27
16967,16967,In Transit,NULL
16968,16968,Delivered,2025-01-09
16969,16969,Delivered,2024-08-06
16970,16970,Delivered,2026-01-26
16971,16971,Delivered,2024-06-11
16972,16972,Delivered,2024-03-28
16973,16973,Delivered,2024-03-20
16974,16974,Delivered,2025-07-19
16975,16975,Delivered,2023-12-03
16976,16976,Delivered,2026-08-09
16977,16977,Delivered,2026-07-05
16978,16978,Delivered,2023-08-15
16979,16979,Delivered,2026-04-02
16980,16980,Returned,NULL
16981,16981,Delivered,2025-11-18
16982,16982,Delivered,2026-03-28
16983,16983,Delivered,2024-04-27
16984,16984,In Transit,NULL
16985,16985,Delivered,2023-09-10
16986,16986,Delivered,2024-12-18
16987,16987,Delivered,2023-02-25
16988,16988,Delivered,2025-05-26
16989,16989,In Transit,NULL
16990,16990,Delivered,2025-09-23
16991,16991,Delivered,2023-12-09
16992,16992,Delivered,2024-02-29
16993,16993,Delivered,2025-07-09
16994,16994,Delivered,2023-04-13
16995,16995,Delivered,2026-04-04
16996,16996,Delivered,2024-01-20
16997,16997,Delivered,2026-04-17
16998,16998,Delivered,2024-04-20
16999,16999,In Transit,NULL
17000,17000,In Transit,NULL
17001,17001,Delivered,2024-01-22
17002,17002,Delivered,2024-05-26
17003,17003,Delivered,2023-12-06
17004,17004,Delivered,2023-08-09
17005,17005,Delayed,NULL
17006,17006,Delivered,2025-02-28
17007,17007,In Transit,NULL
17008,17008,In Transit,NULL
17009,17009,Delivered,2023-03-01
17010,17010,Delivered,2023-08-22
17011,17011,Delivered,2024-11-15
17012,17012,Delivered,2023-05-01
17013,17013,Delayed,NULL
17014,17014,In Transit,NULL
17015,17015,In Transit,NULL
17016,17016,Delivered,2024-01-19
17017,17017,Delivered,2023-11-03
17018,17018,Delivered,2026-07-13
17019,17019,Delivered,2024-08-01
17020,17020,Delivered,2024-05-04
17021,17021,Delivered,2025-09-07
17022,17022,Delayed,NULL
17023,17023,Delayed,NULL
17024,17024,In Transit,NULL
17025,17025,Delivered,2024-10-31
17026,17026,Delayed,NULL
17027,17027,Returned,NULL
17028,17028,Delayed,NULL
17029,17029,Delivered,2026-01-30
17030,17030,In Transit,NULL
17031,17031,Delivered,2024-02-24
17032,17032,Delivered,2025-10-22
17033,17033,Delivered,2025-09-18
17034,17034,In Transit,NULL
17035,17035,In Transit,NULL
17036,17036,Delivered,2023-05-21
17037,17037,Delivered,2023-07-16
17038,17038,Delivered,2025-04-15
17039,17039,Delivered,2025-03-03
17040,17040,Delivered,2026-04-06
17041,17041,Delivered,2025-03-09
17042,17042,Delivered,2024-01-27
17043,17043,In Transit,NULL
17044,17044,Delayed,NULL
17045,17045,Delivered,2023-03-28
17046,17046,Delivered,2026-05-07
17047,17047,Delayed,NULL
17048,17048,Delivered,2023-02-05
17049,17049,In Transit,NULL
17050,17050,Delivered,2023-04-25
17051,17051,Returned,NULL
17052,17052,Delivered,2025-07-16
17053,17053,In Transit,NULL
17054,17054,Returned,NULL
17055,17055,Delivered,2026-07-05
17056,17056,Delayed,NULL
17057,17057,In Transit,NULL
17058,17058,Delayed,NULL
17059,17059,In Transit,NULL
17060,17060,Delivered,2023-12-21
17061,17061,Delivered,2026-02-28
17062,17062,In Transit,NULL
17063,17063,Delivered,2023-10-12
17064,17064,Delivered,2025-11-02
17065,17065,Delivered,2025-09-04
17066,17066,Delivered,2026-05-22
17067,17067,Returned,NULL
17068,17068,Lost,NULL
17069,17069,Delivered,2025-01-30
17070,17070,In Transit,NULL
17071,17071,Delivered,2025-05-29
17072,17072,Delivered,2023-05-25
17073,17073,In Transit,NULL
17074,17074,Delivered,2023-03-31
17075,17075,Delivered,2023-03-20
17076,17076,Delayed,NULL
17077,17077,Delivered,2024-03-13
17078,17078,Delivered,2025-01-04
17079,17079,Delivered,2025-04-23
17080,17080,Delivered,2025-12-25
17081,17081,Returned,NULL
17082,17082,In Transit,NULL
17083,17083,Delivered,2026-01-14
17084,17084,Delivered,2025-08-12
17085,17085,Returned,NULL
17086,17086,In Transit,NULL
17087,17087,Delivered,2026-05-26
17088,17088,In Transit,NULL
17089,17089,Delivered,2025-03-30
17090,17090,In Transit,NULL
17091,17091,In Transit,NULL
17092,17092,Delivered,2023-04-18
17093,17093,Delivered,2023-04-11
17094,17094,In Transit,NULL
17095,17095,Delivered,2025-07-20
17096,17096,Delivered,2025-04-21
17097,17097,Delayed,NULL
17098,17098,Delivered,2023-03-24
17099,17099,In Transit,NULL
17100,17100,Delivered,2025-10-09
17101,17101,In Transit,NULL
17102,17102,Delayed,NULL
17103,17103,Delivered,2024-10-15
17104,17104,Delivered,2025-04-09
17105,17105,Delivered,2026-02-04
17106,17106,Lost,NULL
17107,17107,In Transit,NULL
17108,17108,Delivered,2023-07-22
17109,17109,Delivered,2026-04-23
17110,17110,Delivered,2024-05-25
17111,17111,Delivered,2024-10-20
17112,17112,Delivered,2023-10-20
17113,17113,Delivered,2026-08-13
17114,17114,Delivered,2024-03-22
17115,17115,In Transit,NULL
17116,17116,In Transit,NULL
17117,17117,Delayed,NULL
17118,17118,In Transit,NULL
17119,17119,Delayed,NULL
17120,17120,Delivered,2024-10-23
17121,17121,Delayed,NULL
17122,17122,Returned,NULL
17123,17123,Delivered,2024-01-14
17124,17124,Delivered,2024-02-13
17125,17125,Delivered,2024-02-09
17126,17126,Delivered,2024-11-04
17127,17127,Delayed,NULL
17128,17128,Delayed,NULL
17129,17129,Delivered,2023-02-03
17130,17130,Delayed,NULL
17131,17131,Delivered,2024-12-15
17132,17132,Delivered,2024-07-28
17133,17133,Delivered,2026-03-11
17134,17134,Delayed,NULL
17135,17135,Delivered,2025-04-03
17136,17136,In Transit,NULL
17137,17137,Delivered,2026-02-23
17138,17138,Delivered,2025-12-12
17139,17139,In Transit,NULL
17140,17140,Delayed,NULL
17141,17141,In Transit,NULL
17142,17142,In Transit,NULL
17143,17143,Delivered,2024-12-26
17144,17144,Delivered,2024-11-29
17145,17145,Delayed,NULL
17146,17146,In Transit,NULL
17147,17147,In Transit,NULL
17148,17148,Delivered,2024-05-02
17149,17149,In Transit,NULL
17150,17150,In Transit,NULL
17151,17151,Returned,NULL
17152,17152,In Transit,NULL
17153,17153,In Transit,NULL
17154,17154,In Transit,NULL
17155,17155,Delayed,NULL
17156,17156,Delayed,NULL
17157,17157,Delivered,2025-05-12
17158,17158,Delivered,2025-08-13
17159,17159,Delivered,2026-06-21
17160,17160,Delivered,2024-03-28
17161,17161,Delivered,2023-03-09
17162,17162,Delivered,2026-05-14
17163,17163,Delivered,2024-01-09
17164,17164,Delivered,2023-09-17
17165,17165,Delayed,NULL
17166,17166,Delivered,2024-06-20
17167,17167,Delivered,2025-06-16
17168,17168,Delivered,2023-04-10
17169,17169,Delivered,2024-07-12
17170,17170,In Transit,NULL
17171,17171,In Transit,NULL
17172,17172,Delayed,NULL
17173,17173,Delivered,2025-10-15
17174,17174,Delivered,2023-10-04
17175,17175,Delayed,NULL
17176,17176,Delivered,2023-08-08
17177,17177,Delivered,2024-06-21
17178,17178,Returned,NULL
17179,17179,Delayed,NULL
17180,17180,Delivered,2025-07-16
17181,17181,In Transit,NULL
17182,17182,Returned,NULL
17183,17183,In Transit,NULL
17184,17184,Delivered,2026-01-12
17185,17185,Delivered,2025-11-07
17186,17186,Delivered,2023-12-24
17187,17187,In Transit,NULL
17188,17188,In Transit,NULL
17189,17189,In Transit,NULL
17190,17190,Delivered,2024-08-10
17191,17191,Lost,NULL
17192,17192,Delivered,2025-01-02
17193,17193,Delivered,2024-06-08
17194,17194,Delivered,2023-09-02
17195,17195,Delivered,2024-07-12
17196,17196,Delivered,2025-06-10
17197,17197,Delayed,NULL
17198,17198,Delivered,2026-01-26
17199,17199,In Transit,NULL
17200,17200,Delivered,2026-06-29
17201,17201,Delivered,2026-06-30
17202,17202,In Transit,NULL
17203,17203,In Transit,NULL
17204,17204,Delivered,2023-08-16
17205,17205,Delivered,2023-05-25
17206,17206,Delivered,2023-04-13
17207,17207,Delivered,2025-12-23
17208,17208,Delivered,2025-12-05
17209,17209,Delivered,2025-09-09
17210,17210,In Transit,NULL
17211,17211,In Transit,NULL
17212,17212,Delivered,2023-04-25
17213,17213,In Transit,NULL
17214,17214,Delivered,2024-03-19
17215,17215,Returned,NULL
17216,17216,Delivered,2024-05-25
17217,17217,Delivered,2024-05-30
17218,17218,In Transit,NULL
17219,17219,Delivered,2025-02-10
17220,17220,Delayed,NULL
17221,17221,Delivered,2023-12-11
17222,17222,Delivered,2026-02-02
17223,17223,Delivered,2025-08-21
17224,17224,Delivered,2025-02-02
17225,17225,Delivered,2025-04-22
17226,17226,Delivered,2023-07-23
17227,17227,Delivered,2026-02-07
17228,17228,Delivered,2023-11-12
17229,17229,Delivered,2024-03-01
17230,17230,In Transit,NULL
17231,17231,Delivered,2025-04-19
17232,17232,In Transit,NULL
17233,17233,Delayed,NULL
17234,17234,Delivered,2024-06-23
17235,17235,In Transit,NULL
17236,17236,Delayed,NULL
17237,17237,Delivered,2025-09-29
17238,17238,Returned,NULL
17239,17239,In Transit,NULL
17240,17240,Delivered,2026-01-26
17241,17241,Delivered,2024-08-18
17242,17242,Returned,NULL
17243,17243,Delivered,2025-06-06
17244,17244,In Transit,NULL
17245,17245,Delivered,2025-08-03
17246,17246,Delivered,2024-05-09
17247,17247,Delivered,2026-03-28
17248,17248,Delivered,2023-12-24
17249,17249,Delivered,2024-12-12
17250,17250,Delivered,2025-05-25
17251,17251,Delivered,2025-08-08
17252,17252,Delivered,2024-07-01
17253,17253,Delivered,2024-11-03
17254,17254,In Transit,NULL
17255,17255,Delivered,2023-02-15
17256,17256,Delivered,2024-07-20
17257,17257,Delivered,2026-01-26
17258,17258,Delivered,2025-02-09
17259,17259,Lost,NULL
17260,17260,In Transit,NULL
17261,17261,Delivered,2024-08-09
17262,17262,Delayed,NULL
17263,17263,In Transit,NULL
17264,17264,Delivered,2025-05-11
17265,17265,Lost,NULL
17266,17266,Delivered,2025-09-19
17267,17267,In Transit,NULL
17268,17268,In Transit,NULL
17269,17269,Delivered,2023-03-25
17270,17270,Delivered,2024-05-27
17271,17271,Returned,NULL
17272,17272,In Transit,NULL
17273,17273,Delayed,NULL
17274,17274,Delivered,2024-11-21
17275,17275,In Transit,NULL
17276,17276,Delivered,2025-06-02
17277,17277,Delivered,2023-07-27
17278,17278,Delivered,2025-01-28
17279,17279,In Transit,NULL
17280,17280,Delivered,2023-07-06
17281,17281,Delayed,NULL
17282,17282,Delivered,2023-03-04
17283,17283,In Transit,NULL
17284,17284,Delivered,2025-01-22
17285,17285,Delivered,2025-09-22
17286,17286,Delivered,2026-03-08
17287,17287,Delivered,2023-05-27
17288,17288,Lost,NULL
17289,17289,In Transit,NULL
17290,17290,Delivered,2025-05-07
17291,17291,Delivered,2024-05-21
17292,17292,Delivered,2025-07-17
17293,17293,Delayed,NULL
17294,17294,Delayed,NULL
17295,17295,Delivered,2026-01-01
17296,17296,In Transit,NULL
17297,17297,Delivered,2025-12-02
17298,17298,Delivered,2023-08-30
17299,17299,Delivered,2024-08-14
17300,17300,Delivered,2023-04-09
17301,17301,Delivered,2024-03-07
17302,17302,Delivered,2025-11-06
17303,17303,Delivered,2026-01-26
17304,17304,Delivered,2026-06-09
17305,17305,Delivered,2024-12-19
17306,17306,Delivered,2026-01-02
17307,17307,Delivered,2025-07-03
17308,17308,Delivered,2024-11-02
17309,17309,Delivered,2025-02-16
17310,17310,Delivered,2026-01-29
17311,17311,Delivered,2024-01-09
17312,17312,Delivered,2025-09-06
17313,17313,In Transit,NULL
17314,17314,In Transit,NULL
17315,17315,Delivered,2025-05-24
17316,17316,Returned,NULL
17317,17317,Delivered,2023-03-04
17318,17318,Delayed,NULL
17319,17319,Delivered,2024-10-20
17320,17320,Delivered,2025-04-03
17321,17321,In Transit,NULL
17322,17322,Delivered,2024-01-07
17323,17323,Delivered,2026-08-16
17324,17324,In Transit,NULL
17325,17325,Lost,NULL
17326,17326,Delivered,2025-07-27
17327,17327,Delayed,NULL
17328,17328,Delivered,2025-04-06
17329,17329,Delivered,2025-02-26
17330,17330,Delayed,NULL
17331,17331,In Transit,NULL
17332,17332,Delivered,2024-02-01
17333,17333,In Transit,NULL
17334,17334,Delivered,2024-05-11
17335,17335,Delivered,2026-08-13
17336,17336,Delayed,NULL
17337,17337,Delivered,2024-09-07
17338,17338,Delivered,2024-09-29
17339,17339,Delivered,2023-09-07
17340,17340,In Transit,NULL
17341,17341,Delivered,2023-09-27
17342,17342,In Transit,NULL
17343,17343,Delivered,2023-04-27
17344,17344,Delivered,2025-02-01
17345,17345,In Transit,NULL
17346,17346,Delivered,2025-03-07
17347,17347,Delayed,NULL
17348,17348,In Transit,NULL
17349,17349,Delayed,NULL
17350,17350,Delivered,2025-12-20
17351,17351,Delivered,2023-05-14
17352,17352,Delivered,2023-07-09
17353,17353,In Transit,NULL
17354,17354,Delayed,NULL
17355,17355,Delivered,2025-02-22
17356,17356,Delivered,2025-01-07
17357,17357,Returned,NULL
17358,17358,In Transit,NULL
17359,17359,Delivered,2023-07-11
17360,17360,Delivered,2024-02-17
17361,17361,Delivered,2023-12-14
17362,17362,Delivered,2024-11-16
17363,17363,Delayed,NULL
17364,17364,Delivered,2024-05-26
17365,17365,Delivered,2025-03-27
17366,17366,In Transit,NULL
17367,17367,Delivered,2025-11-19
17368,17368,Delivered,2026-08-07
17369,17369,In Transit,NULL
17370,17370,Delivered,2024-02-12
17371,17371,Delivered,2025-05-10
17372,17372,Delivered,2023-07-29
17373,17373,In Transit,NULL
17374,17374,Delayed,NULL
17375,17375,In Transit,NULL
17376,17376,Delivered,2025-02-09
17377,17377,In Transit,NULL
17378,17378,Delivered,2023-04-12
17379,17379,Delayed,NULL
17380,17380,Delivered,2024-11-01
17381,17381,Delayed,NULL
17382,17382,Delivered,2024-06-19
17383,17383,Delivered,2025-12-23
17384,17384,Delayed,NULL
17385,17385,Delivered,2023-12-04
17386,17386,Delivered,2025-10-09
17387,17387,Delivered,2025-03-18
17388,17388,Delivered,2026-06-15
17389,17389,Returned,NULL
17390,17390,Delivered,2023-02-23
17391,17391,Delayed,NULL
17392,17392,Delivered,2025-06-19
17393,17393,Delivered,2023-10-28
17394,17394,Delivered,2024-12-28
17395,17395,In Transit,NULL
17396,17396,Lost,NULL
17397,17397,In Transit,NULL
17398,17398,Delivered,2023-06-10
17399,17399,Delivered,2023-11-28
17400,17400,Delivered,2023-05-23
17401,17401,Delivered,2024-05-04
17402,17402,In Transit,NULL
17403,17403,Delivered,2024-06-27
17404,17404,Delayed,NULL
17405,17405,In Transit,NULL
17406,17406,In Transit,NULL
17407,17407,Delivered,2023-05-15
17408,17408,Delivered,2024-01-07
17409,17409,Delayed,NULL
17410,17410,Delivered,2025-02-26
17411,17411,Lost,NULL
17412,17412,Delivered,2023-11-13
17413,17413,In Transit,NULL
17414,17414,Delivered,2026-07-19
17415,17415,Delayed,NULL
17416,17416,In Transit,NULL
17417,17417,Delivered,2025-08-24
17418,17418,Delayed,NULL
17419,17419,Delayed,NULL
17420,17420,Delivered,2024-10-03
17421,17421,Delivered,2026-06-18
17422,17422,In Transit,NULL
17423,17423,Delivered,2024-10-04
17424,17424,Delivered,2026-08-19
17425,17425,Delivered,2024-11-22
17426,17426,Delivered,2025-07-01
17427,17427,Delivered,2026-04-19
17428,17428,Returned,NULL
17429,17429,Returned,NULL
17430,17430,Delivered,2024-03-02
17431,17431,Delivered,2025-03-12
17432,17432,Delivered,2024-04-25
17433,17433,Delivered,2023-02-13
17434,17434,Delivered,2024-07-09
17435,17435,Delivered,2024-10-10
17436,17436,In Transit,NULL
17437,17437,Delivered,2024-04-27
17438,17438,In Transit,NULL
17439,17439,Delayed,NULL
17440,17440,Delivered,2024-12-12
17441,17441,Delivered,2023-12-05
17442,17442,Delivered,2024-02-21
17443,17443,In Transit,NULL
17444,17444,Delivered,2025-05-10
17445,17445,Delivered,2026-03-17
17446,17446,Delivered,2025-07-22
17447,17447,Delivered,2023-08-19
17448,17448,Delivered,2024-08-01
17449,17449,Delayed,NULL
17450,17450,In Transit,NULL
17451,17451,Delivered,2025-02-14
17452,17452,Delivered,2023-09-02
17453,17453,Delivered,2024-01-24
17454,17454,Delivered,2025-08-03
17455,17455,Lost,NULL
17456,17456,Delivered,2026-01-15
17457,17457,In Transit,NULL
17458,17458,Delivered,2026-02-01
17459,17459,In Transit,NULL
17460,17460,Delayed,NULL
17461,17461,Delivered,2023-12-03
17462,17462,Delivered,2025-01-08
17463,17463,In Transit,NULL
17464,17464,Delivered,2024-11-21
17465,17465,In Transit,NULL
17466,17466,Delivered,2025-06-29
17467,17467,Delivered,2026-02-08
17468,17468,In Transit,NULL
17469,17469,Delayed,NULL
17470,17470,Delivered,2025-01-28
17471,17471,Delivered,2024-10-24
17472,17472,Delayed,NULL
17473,17473,In Transit,NULL
17474,17474,Delayed,NULL
17475,17475,Delivered,2025-03-01
17476,17476,Delivered,2025-07-03
17477,17477,Delivered,2026-06-09
17478,17478,Delivered,2026-06-25
17479,17479,Delivered,2023-02-15
17480,17480,Delivered,2023-10-31
17481,17481,Delivered,2023-03-12
17482,17482,Delivered,2025-07-19
17483,17483,In Transit,NULL
17484,17484,In Transit,NULL
17485,17485,Delivered,2026-01-01
17486,17486,Delivered,2023-03-26
17487,17487,Delivered,2026-05-29
17488,17488,Delivered,2024-07-04
17489,17489,Delivered,2024-11-06
17490,17490,In Transit,NULL
17491,17491,In Transit,NULL
17492,17492,Delayed,NULL
17493,17493,Delivered,2024-08-14
17494,17494,Delivered,2024-12-02
17495,17495,Delayed,NULL
17496,17496,Delayed,NULL
17497,17497,Delivered,2023-07-30
17498,17498,Delivered,2026-02-13
17499,17499,In Transit,NULL
17500,17500,Delivered,2026-08-30
17501,17501,Delivered,2023-02-09
17502,17502,Delivered,2023-08-18
17503,17503,Delivered,2025-04-18
17504,17504,In Transit,NULL
17505,17505,Delivered,2026-03-23
17506,17506,In Transit,NULL
17507,17507,In Transit,NULL
17508,17508,Delayed,NULL
17509,17509,Returned,NULL
17510,17510,In Transit,NULL
17511,17511,Returned,NULL
17512,17512,Delayed,NULL
17513,17513,Returned,NULL
17514,17514,Delayed,NULL
17515,17515,Delivered,2026-05-19
17516,17516,In Transit,NULL
17517,17517,Delivered,2024-06-13
17518,17518,Delivered,2023-09-03
17519,17519,Delivered,2025-07-28
17520,17520,Delayed,NULL
17521,17521,Delivered,2025-11-25
17522,17522,In Transit,NULL
17523,17523,Delivered,2026-06-14
17524,17524,In Transit,NULL
17525,17525,Delivered,2026-05-05
17526,17526,In Transit,NULL
17527,17527,Delayed,NULL
17528,17528,Delayed,NULL
17529,17529,Delivered,2023-05-18
17530,17530,Delayed,NULL
17531,17531,Delayed,NULL
17532,17532,In Transit,NULL
17533,17533,Delivered,2025-07-26
17534,17534,In Transit,NULL
17535,17535,Returned,NULL
17536,17536,In Transit,NULL
17537,17537,Delivered,2025-02-10
17538,17538,Delivered,2024-10-15
17539,17539,Delayed,NULL
17540,17540,Delivered,2024-05-23
17541,17541,Delayed,NULL
17542,17542,Delayed,NULL
17543,17543,In Transit,NULL
17544,17544,Delivered,2025-04-04
17545,17545,Delivered,2023-09-22
17546,17546,Delivered,2025-10-15
17547,17547,In Transit,NULL
17548,17548,Delivered,2025-12-16
17549,17549,Delivered,2023-07-05
17550,17550,Delivered,2023-05-03
17551,17551,Delivered,2024-12-27
17552,17552,Delayed,NULL
17553,17553,Delivered,2025-07-30
17554,17554,In Transit,NULL
17555,17555,Delivered,2025-03-15
17556,17556,Delivered,2024-08-19
17557,17557,Delivered,2024-11-16
17558,17558,Delivered,2023-04-29
17559,17559,Delivered,2025-07-09
17560,17560,Delivered,2024-01-13
17561,17561,Delayed,NULL
17562,17562,Delivered,2025-10-12
17563,17563,Delivered,2026-07-02
17564,17564,Delayed,NULL
17565,17565,Delivered,2023-12-21
17566,17566,Delivered,2024-01-21
17567,17567,Delivered,2026-02-28
17568,17568,Delivered,2025-11-19
17569,17569,Delivered,2024-01-03
17570,17570,In Transit,NULL
17571,17571,Delivered,2024-06-05
17572,17572,In Transit,NULL
17573,17573,Delivered,2024-06-18
17574,17574,In Transit,NULL
17575,17575,In Transit,NULL
17576,17576,Delivered,2023-12-22
17577,17577,Delivered,2026-05-15
17578,17578,Delivered,2025-01-28
17579,17579,Delayed,NULL
17580,17580,Delivered,2024-06-28
17581,17581,Delivered,2025-03-14
17582,17582,Delayed,NULL
17583,17583,Lost,NULL
17584,17584,Delivered,2025-12-16
17585,17585,Delivered,2024-07-04
17586,17586,Delivered,2023-09-29
17587,17587,Delivered,2024-12-15
17588,17588,Delivered,2025-07-11
17589,17589,Delivered,2025-11-24
17590,17590,Delayed,NULL
17591,17591,Delivered,2023-04-09
17592,17592,In Transit,NULL
17593,17593,In Transit,NULL
17594,17594,Delivered,2024-11-17
17595,17595,In Transit,NULL
17596,17596,Delayed,NULL
17597,17597,Returned,NULL
17598,17598,Delivered,2025-06-23
17599,17599,Delivered,2023-08-06
17600,17600,Delivered,2025-07-16
17601,17601,Delivered,2024-11-26
17602,17602,Delayed,NULL
17603,17603,Delivered,2024-05-09
17604,17604,Delivered,2025-04-06
17605,17605,Delivered,2024-12-30
17606,17606,Delivered,2025-10-10
17607,17607,Delivered,2026-04-01
17608,17608,In Transit,NULL
17609,17609,Delivered,2024-05-31
17610,17610,Delivered,2025-03-05
17611,17611,In Transit,NULL
17612,17612,Delayed,NULL
17613,17613,Delivered,2024-01-13
17614,17614,Delivered,2026-01-21
17615,17615,Delayed,NULL
17616,17616,In Transit,NULL
17617,17617,Delivered,2026-03-14
17618,17618,Delivered,2024-04-18
17619,17619,Delayed,NULL
17620,17620,Delivered,2024-07-08
17621,17621,Delayed,NULL
17622,17622,Delivered,2025-07-21
17623,17623,In Transit,NULL
17624,17624,Delivered,2023-09-15
17625,17625,Delivered,2024-02-17
17626,17626,In Transit,NULL
17627,17627,Delayed,NULL
17628,17628,In Transit,NULL
17629,17629,Delivered,2025-05-01
17630,17630,Delivered,2024-10-11
17631,17631,Delivered,2023-04-04
17632,17632,Delivered,2026-04-19
17633,17633,Delayed,NULL
17634,17634,Lost,NULL
17635,17635,Delivered,2026-08-17
17636,17636,Delivered,2023-06-14
17637,17637,Delivered,2024-08-18
17638,17638,Lost,NULL
17639,17639,Returned,NULL
17640,17640,In Transit,NULL
17641,17641,Delivered,2023-10-22
17642,17642,Returned,NULL
17643,17643,In Transit,NULL
17644,17644,Delivered,2025-02-04
17645,17645,In Transit,NULL
17646,17646,Delivered,2023-01-28
17647,17647,In Transit,NULL
17648,17648,Returned,NULL
17649,17649,Delivered,2025-08-16
17650,17650,Delivered,2024-10-24
17651,17651,Delivered,2023-05-10
17652,17652,Delivered,2026-07-09
17653,17653,Delivered,2023-08-13
17654,17654,Delivered,2024-03-06
17655,17655,Delivered,2023-10-07
17656,17656,Delayed,NULL
17657,17657,Delivered,2024-08-08
17658,17658,Delivered,2025-06-08
17659,17659,Delivered,2025-07-02
17660,17660,In Transit,NULL
17661,17661,In Transit,NULL
17662,17662,In Transit,NULL
17663,17663,Delayed,NULL
17664,17664,Delivered,2023-05-08
17665,17665,Delivered,2023-04-15
17666,17666,In Transit,NULL
17667,17667,Delivered,2024-01-09
17668,17668,Delivered,2025-02-10
17669,17669,Delivered,2026-06-24
17670,17670,In Transit,NULL
17671,17671,In Transit,NULL
17672,17672,In Transit,NULL
17673,17673,Delivered,2025-10-23
17674,17674,Delivered,2025-06-11
17675,17675,Delivered,2025-01-25
17676,17676,Delivered,2025-04-09
17677,17677,Delivered,2023-05-06
17678,17678,Delivered,2025-05-29
17679,17679,Delivered,2024-01-08
17680,17680,Delayed,NULL
17681,17681,Delivered,2025-08-15
17682,17682,Delayed,NULL
17683,17683,Delivered,2023-09-21
17684,17684,Delayed,NULL
17685,17685,In Transit,NULL
17686,17686,Delayed,NULL
17687,17687,Delayed,NULL
17688,17688,Delivered,2024-10-01
17689,17689,In Transit,NULL
17690,17690,Delivered,2023-10-18
17691,17691,Delivered,2026-03-13
17692,17692,Delivered,2024-07-17
17693,17693,Delivered,2023-05-08
17694,17694,Delivered,2025-10-02
17695,17695,Delivered,2023-08-09
17696,17696,Returned,NULL
17697,17697,Delivered,2026-06-14
17698,17698,Delivered,2026-08-02
17699,17699,Delivered,2026-03-21
17700,17700,Delivered,2023-05-16
17701,17701,Delayed,NULL
17702,17702,Delivered,2024-03-15
17703,17703,Delivered,2026-07-07
17704,17704,Delayed,NULL
17705,17705,In Transit,NULL
17706,17706,Lost,NULL
17707,17707,Delivered,2026-03-24
17708,17708,Delivered,2025-06-08
17709,17709,Delivered,2023-05-21
17710,17710,Delivered,2023-05-28
17711,17711,Delivered,2026-04-29
17712,17712,Returned,NULL
17713,17713,Delivered,2025-05-08
17714,17714,Delivered,2024-04-24
17715,17715,Returned,NULL
17716,17716,Delayed,NULL
17717,17717,Delivered,2023-07-14
17718,17718,Delayed,NULL
17719,17719,Delivered,2026-07-08
17720,17720,Delivered,2024-03-09
17721,17721,In Transit,NULL
17722,17722,Delivered,2023-04-11
17723,17723,Delivered,2024-06-29
17724,17724,Delivered,2023-07-23
17725,17725,Delivered,2024-08-19
17726,17726,Delivered,2023-07-07
17727,17727,Delivered,2024-03-20
17728,17728,Delivered,2025-04-12
17729,17729,In Transit,NULL
17730,17730,Delivered,2024-09-11
17731,17731,Delivered,2023-06-24
17732,17732,In Transit,NULL
17733,17733,Delivered,2023-02-10
17734,17734,Delivered,2026-01-20
17735,17735,In Transit,NULL
17736,17736,Delivered,2024-05-18
17737,17737,Delayed,NULL
17738,17738,Delayed,NULL
17739,17739,In Transit,NULL
17740,17740,Delivered,2024-01-22
17741,17741,Delayed,NULL
17742,17742,Delivered,2025-11-13
17743,17743,In Transit,NULL
17744,17744,Delayed,NULL
17745,17745,Delayed,NULL
17746,17746,Delivered,2024-11-13
17747,17747,Delivered,2024-12-11
17748,17748,Delivered,2026-07-10
17749,17749,Delivered,2025-12-23
17750,17750,In Transit,NULL
17751,17751,Delivered,2023-07-04
17752,17752,Returned,NULL
17753,17753,Delivered,2025-10-12
17754,17754,In Transit,NULL
17755,17755,Delivered,2025-04-26
17756,17756,Delivered,2024-12-13
17757,17757,Returned,NULL
17758,17758,Delivered,2023-11-28
17759,17759,Delivered,2023-08-06
17760,17760,Delivered,2025-12-21
17761,17761,Delivered,2024-03-30
17762,17762,Delivered,2024-06-07
17763,17763,Delayed,NULL
17764,17764,Delivered,2024-02-07
17765,17765,In Transit,NULL
17766,17766,Delivered,2026-06-01
17767,17767,Delivered,2023-07-22
17768,17768,Delayed,NULL
17769,17769,Delivered,2023-02-09
17770,17770,Delayed,NULL
17771,17771,Delivered,2024-12-25
17772,17772,Delivered,2023-12-25
17773,17773,Delivered,2026-03-24
17774,17774,Delivered,2023-05-23
17775,17775,Delivered,2023-12-05
17776,17776,In Transit,NULL
17777,17777,Delivered,2023-12-07
17778,17778,In Transit,NULL
17779,17779,Delivered,2023-11-24
17780,17780,Delivered,2024-06-01
17781,17781,Delayed,NULL
17782,17782,Delivered,2024-11-24
17783,17783,Delivered,2023-12-29
17784,17784,Delivered,2025-12-31
17785,17785,Delivered,2026-08-21
17786,17786,In Transit,NULL
17787,17787,Delivered,2023-03-09
17788,17788,In Transit,NULL
17789,17789,In Transit,NULL
17790,17790,In Transit,NULL
17791,17791,Delivered,2023-05-03
17792,17792,Delivered,2024-08-05
17793,17793,Delivered,2025-06-22
17794,17794,Delivered,2025-08-18
17795,17795,In Transit,NULL
17796,17796,Delivered,2025-08-22
17797,17797,Delivered,2023-05-06
17798,17798,Delayed,NULL
17799,17799,Delivered,2024-10-15
17800,17800,Delivered,2024-04-15
17801,17801,Delivered,2023-10-24
17802,17802,Delivered,2026-06-29
17803,17803,Delivered,2023-07-25
17804,17804,Delivered,2024-07-21
17805,17805,Delivered,2025-10-19
17806,17806,Delivered,2024-06-17
17807,17807,Delivered,2023-06-23
17808,17808,Delivered,2024-01-22
17809,17809,In Transit,NULL
17810,17810,Delivered,2023-08-28
17811,17811,In Transit,NULL
17812,17812,Delivered,2024-07-01
17813,17813,Delivered,2023-09-10
17814,17814,Delivered,2026-01-23
17815,17815,In Transit,NULL
17816,17816,Delivered,2025-02-17
17817,17817,In Transit,NULL
17818,17818,Delivered,2025-11-06
17819,17819,Delivered,2025-06-11
17820,17820,Delayed,NULL
17821,17821,Delivered,2025-09-06
17822,17822,Delivered,2025-12-12
17823,17823,Delivered,2026-04-05
17824,17824,Delivered,2024-06-22
17825,17825,In Transit,NULL
17826,17826,Delivered,2025-01-10
17827,17827,In Transit,NULL
17828,17828,Delivered,2024-03-31
17829,17829,Delivered,2025-12-20
17830,17830,Delayed,NULL
17831,17831,Delivered,2023-09-03
17832,17832,Delayed,NULL
17833,17833,Delivered,2025-10-02
17834,17834,Delivered,2026-03-21
17835,17835,Delivered,2025-09-01
17836,17836,Delivered,2024-07-01
17837,17837,Delivered,2024-05-25
17838,17838,In Transit,NULL
17839,17839,Delivered,2025-02-12
17840,17840,Delivered,2023-07-14
17841,17841,Delivered,2025-12-05
17842,17842,Delivered,2026-07-06
17843,17843,In Transit,NULL
17844,17844,Returned,NULL
17845,17845,In Transit,NULL
17846,17846,Lost,NULL
17847,17847,In Transit,NULL
17848,17848,In Transit,NULL
17849,17849,Delivered,2023-10-06
17850,17850,In Transit,NULL
17851,17851,Delivered,2023-07-02
17852,17852,Delivered,2026-01-18
17853,17853,Delivered,2023-05-03
17854,17854,Lost,NULL
17855,17855,Delivered,2023-12-28
17856,17856,Delivered,2023-01-23
17857,17857,Delivered,2025-03-15
17858,17858,Delivered,2026-02-24
17859,17859,Delivered,2025-03-29
17860,17860,In Transit,NULL
17861,17861,Delayed,NULL
17862,17862,Delivered,2024-10-17
17863,17863,In Transit,NULL
17864,17864,In Transit,NULL
17865,17865,Delivered,2025-12-29
17866,17866,In Transit,NULL
17867,17867,Delivered,2023-06-12
17868,17868,In Transit,NULL
17869,17869,Delayed,NULL
17870,17870,Delivered,2023-03-19
17871,17871,Delivered,2025-03-13
17872,17872,Delayed,NULL
17873,17873,Delivered,2024-01-26
17874,17874,Delivered,2023-07-05
17875,17875,In Transit,NULL
17876,17876,Lost,NULL
17877,17877,Delivered,2024-08-14
17878,17878,Delayed,NULL
17879,17879,Delivered,2025-10-30
17880,17880,In Transit,NULL
17881,17881,Delivered,2024-11-21
17882,17882,Delivered,2026-05-10
17883,17883,Delivered,2024-02-18
17884,17884,Delivered,2025-10-25
17885,17885,Delayed,NULL
17886,17886,Returned,NULL
17887,17887,Delivered,2025-04-10
17888,17888,Delivered,2025-10-16
17889,17889,Delivered,2025-02-20
17890,17890,In Transit,NULL
17891,17891,Delivered,2026-05-13
17892,17892,Delivered,2023-11-02
17893,17893,Delivered,2026-01-03
17894,17894,Delivered,2024-04-26
17895,17895,In Transit,NULL
17896,17896,Delivered,2025-09-08
17897,17897,Delayed,NULL
17898,17898,Delayed,NULL
17899,17899,Delivered,2023-07-19
17900,17900,Delivered,2024-08-02
17901,17901,In Transit,NULL
17902,17902,Returned,NULL
17903,17903,Delivered,2025-11-15
17904,17904,Returned,NULL
17905,17905,Delayed,NULL
17906,17906,Lost,NULL
17907,17907,Delayed,NULL
17908,17908,Delivered,2023-07-17
17909,17909,Delayed,NULL
17910,17910,Delivered,2026-05-19
17911,17911,Delivered,2025-02-07
17912,17912,Delivered,2025-10-14
17913,17913,Delivered,2023-08-24
17914,17914,Delivered,2024-01-26
17915,17915,Delivered,2026-03-28
17916,17916,Delivered,2026-03-11
17917,17917,Delivered,2023-11-20
17918,17918,Delivered,2025-05-15
17919,17919,Delivered,2026-07-07
17920,17920,Returned,NULL
17921,17921,Delivered,2026-02-07
17922,17922,Delayed,NULL
17923,17923,Delayed,NULL
17924,17924,Delivered,2026-04-07
17925,17925,Delivered,2023-10-14
17926,17926,Delivered,2026-03-06
17927,17927,Delayed,NULL
17928,17928,Delivered,2024-03-27
17929,17929,Delivered,2026-07-02
17930,17930,Delivered,2025-08-23
17931,17931,Delivered,2026-01-10
17932,17932,Delivered,2026-01-06
17933,17933,In Transit,NULL
17934,17934,Delivered,2025-08-28
17935,17935,Delivered,2023-04-03
17936,17936,Delayed,NULL
17937,17937,In Transit,NULL
17938,17938,Delivered,2026-06-01
17939,17939,Delivered,2023-07-08
17940,17940,Delivered,2026-05-25
17941,17941,In Transit,NULL
17942,17942,Delivered,2026-05-21
17943,17943,Delivered,2023-02-26
17944,17944,Delayed,NULL
17945,17945,In Transit,NULL
17946,17946,In Transit,NULL
17947,17947,Delivered,2024-02-16
17948,17948,Delivered,2023-10-06
17949,17949,Delivered,2024-03-18
17950,17950,In Transit,NULL
17951,17951,Delayed,NULL
17952,17952,Delayed,NULL
17953,17953,Delivered,2023-04-26
17954,17954,Delivered,2024-05-30
17955,17955,In Transit,NULL
17956,17956,Delivered,2023-07-12
17957,17957,Delivered,2024-10-16
17958,17958,Delivered,2024-04-30
17959,17959,Delivered,2026-01-30
17960,17960,Delivered,2024-05-02
17961,17961,Delivered,2026-05-23
17962,17962,Delivered,2025-10-13
17963,17963,Delivered,2023-07-08
17964,17964,Delivered,2024-01-13
17965,17965,Delivered,2023-08-11
17966,17966,Delayed,NULL
17967,17967,Returned,NULL
17968,17968,Delivered,2026-05-16
17969,17969,Delayed,NULL
17970,17970,Delivered,2023-06-18
17971,17971,Delivered,2026-04-20
17972,17972,Delayed,NULL
17973,17973,Delivered,2025-07-24
17974,17974,Delivered,2023-10-11
17975,17975,Delivered,2026-07-28
17976,17976,Delayed,NULL
17977,17977,Delivered,2024-07-01
17978,17978,Delivered,2024-05-01
17979,17979,Delivered,2023-08-21
17980,17980,In Transit,NULL
17981,17981,Delivered,2026-07-02
17982,17982,Delayed,NULL
17983,17983,In Transit,NULL
17984,17984,Delivered,2023-10-11
17985,17985,Delivered,2026-06-28
17986,17986,In Transit,NULL
17987,17987,Delivered,2024-05-31
17988,17988,Lost,NULL
17989,17989,Delivered,2026-07-24
17990,17990,Delivered,2025-05-04
17991,17991,Delivered,2026-05-17
17992,17992,Delivered,2024-11-01
17993,17993,In Transit,NULL
17994,17994,Delivered,2024-02-19
17995,17995,In Transit,NULL
17996,17996,Delayed,NULL
17997,17997,In Transit,NULL
17998,17998,In Transit,NULL
17999,17999,Delivered,2024-11-24
18000,18000,In Transit,NULL
18001,18001,Delayed,NULL
18002,18002,Delivered,2023-08-07
18003,18003,Delivered,2023-11-25
18004,18004,Lost,NULL
18005,18005,In Transit,NULL
18006,18006,In Transit,NULL
18007,18007,Delivered,2024-01-02
18008,18008,Delivered,2024-10-25
18009,18009,In Transit,NULL
18010,18010,Delivered,2023-03-11
18011,18011,In Transit,NULL
18012,18012,Delivered,2025-10-18
18013,18013,Delivered,2025-12-16
18014,18014,Delayed,NULL
18015,18015,Delivered,2024-01-10
18016,18016,Delivered,2025-03-25
18017,18017,Delivered,2026-02-10
18018,18018,Delivered,2026-02-19
18019,18019,Delivered,2025-07-18
18020,18020,Delivered,2023-03-20
18021,18021,Delivered,2023-11-19
18022,18022,Delivered,2023-11-18
18023,18023,Delivered,2024-10-12
18024,18024,Delayed,NULL
18025,18025,Delivered,2026-05-12
18026,18026,Delivered,2023-01-31
18027,18027,Lost,NULL
18028,18028,Delayed,NULL
18029,18029,Delayed,NULL
18030,18030,Delivered,2026-02-14
18031,18031,Delivered,2024-07-11
18032,18032,Delivered,2024-08-05
18033,18033,Delivered,2024-12-23
18034,18034,Lost,NULL
18035,18035,Delivered,2025-08-02
18036,18036,Delayed,NULL
18037,18037,Delivered,2024-08-24
18038,18038,In Transit,NULL
18039,18039,Delivered,2025-03-22
18040,18040,Delivered,2024-04-26
18041,18041,In Transit,NULL
18042,18042,Delivered,2025-01-09
18043,18043,Delivered,2023-05-04
18044,18044,Returned,NULL
18045,18045,Delivered,2024-02-09
18046,18046,Delivered,2024-09-08
18047,18047,Delivered,2025-03-06
18048,18048,In Transit,NULL
18049,18049,Delivered,2026-02-07
18050,18050,Delayed,NULL
18051,18051,Delivered,2024-11-20
18052,18052,Delivered,2023-05-09
18053,18053,Delivered,2023-10-21
18054,18054,Delivered,2025-04-20
18055,18055,In Transit,NULL
18056,18056,Delivered,2024-03-19
18057,18057,Delayed,NULL
18058,18058,In Transit,NULL
18059,18059,Delayed,NULL
18060,18060,In Transit,NULL
18061,18061,Delivered,2025-10-04
18062,18062,In Transit,NULL
18063,18063,Delivered,2024-12-22
18064,18064,Delivered,2025-03-16
18065,18065,Delivered,2023-07-10
18066,18066,Delivered,2023-09-12
18067,18067,Delayed,NULL
18068,18068,In Transit,NULL
18069,18069,Delayed,NULL
18070,18070,Delivered,2026-07-06
18071,18071,Delivered,2025-09-23
18072,18072,In Transit,NULL
18073,18073,Delivered,2023-05-29
18074,18074,Delivered,2025-10-23
18075,18075,Delivered,2023-03-05
18076,18076,Delivered,2025-05-03
18077,18077,In Transit,NULL
18078,18078,Delivered,2024-07-12
18079,18079,Delivered,2025-06-20
18080,18080,In Transit,NULL
18081,18081,Delayed,NULL
18082,18082,In Transit,NULL
18083,18083,Delivered,2024-11-22
18084,18084,Delivered,2024-02-19
18085,18085,In Transit,NULL
18086,18086,In Transit,NULL
18087,18087,Delivered,2024-06-27
18088,18088,Delivered,2026-02-09
18089,18089,Delivered,2023-06-30
18090,18090,Delayed,NULL
18091,18091,Delivered,2023-07-09
18092,18092,In Transit,NULL
18093,18093,Delayed,NULL
18094,18094,Lost,NULL
18095,18095,In Transit,NULL
18096,18096,Returned,NULL
18097,18097,In Transit,NULL
18098,18098,Delivered,2025-08-17
18099,18099,Delayed,NULL
18100,18100,Delivered,2026-02-17
18101,18101,Delivered,2024-05-24
18102,18102,Delivered,2023-08-19
18103,18103,Returned,NULL
18104,18104,Delivered,2024-02-28
18105,18105,Delivered,2026-08-08
18106,18106,Delayed,NULL
18107,18107,In Transit,NULL
18108,18108,Delivered,2025-01-15
18109,18109,Delivered,2025-12-31
18110,18110,In Transit,NULL
18111,18111,Delayed,NULL
18112,18112,In Transit,NULL
18113,18113,In Transit,NULL
18114,18114,In Transit,NULL
18115,18115,In Transit,NULL
18116,18116,Delayed,NULL
18117,18117,Delivered,2024-10-17
18118,18118,Delivered,2023-09-26
18119,18119,Delivered,2026-07-29
18120,18120,Delivered,2025-10-02
18121,18121,Delivered,2023-11-09
18122,18122,In Transit,NULL
18123,18123,In Transit,NULL
18124,18124,Lost,NULL
18125,18125,In Transit,NULL
18126,18126,Delivered,2025-04-27
18127,18127,In Transit,NULL
18128,18128,In Transit,NULL
18129,18129,In Transit,NULL
18130,18130,Delayed,NULL
18131,18131,Delivered,2025-10-02
18132,18132,Delivered,2026-01-03
18133,18133,Delivered,2026-08-05
18134,18134,Delivered,2026-07-12
18135,18135,Delivered,2024-03-09
18136,18136,Delivered,2025-03-04
18137,18137,Delivered,2024-02-05
18138,18138,Delivered,2026-08-26
18139,18139,Delivered,2026-07-07
18140,18140,Delivered,2025-06-28
18141,18141,In Transit,NULL
18142,18142,Delayed,NULL
18143,18143,Delivered,2025-02-18
18144,18144,Delivered,2026-06-08
18145,18145,In Transit,NULL
18146,18146,Delivered,2023-06-14
18147,18147,In Transit,NULL
18148,18148,Delivered,2025-02-10
18149,18149,Delayed,NULL
18150,18150,Delayed,NULL
18151,18151,Delivered,2025-04-08
18152,18152,In Transit,NULL
18153,18153,Delivered,2025-12-13
18154,18154,Delivered,2025-06-02
18155,18155,Delivered,2025-12-11
18156,18156,Delivered,2025-04-28
18157,18157,In Transit,NULL
18158,18158,Delivered,2023-07-08
18159,18159,Delivered,2025-11-30
18160,18160,Delivered,2026-07-18
18161,18161,In Transit,NULL
18162,18162,Delivered,2023-05-18
18163,18163,Delayed,NULL
18164,18164,In Transit,NULL
18165,18165,Delivered,2024-10-12
18166,18166,Delivered,2024-11-29
18167,18167,Delivered,2025-06-15
18168,18168,Delivered,2026-07-07
18169,18169,Delivered,2024-01-06
18170,18170,Delivered,2024-02-01
18171,18171,Delivered,2024-12-23
18172,18172,Delivered,2026-04-17
18173,18173,Delayed,NULL
18174,18174,In Transit,NULL
18175,18175,Delivered,2023-04-17
18176,18176,In Transit,NULL
18177,18177,Delivered,2024-02-10
18178,18178,Delivered,2025-06-12
18179,18179,In Transit,NULL
18180,18180,Delivered,2025-05-26
18181,18181,Delivered,2024-03-12
18182,18182,Delivered,2024-02-25
18183,18183,Delivered,2026-05-08
18184,18184,Delivered,2023-10-31
18185,18185,Delivered,2024-05-10
18186,18186,Delivered,2025-07-14
18187,18187,Delivered,2023-03-14
18188,18188,Delivered,2026-06-21
18189,18189,Delivered,2025-10-13
18190,18190,Delayed,NULL
18191,18191,Delivered,2026-08-05
18192,18192,Delayed,NULL
18193,18193,Delivered,2025-07-29
18194,18194,Delivered,2023-05-29
18195,18195,Delivered,2023-03-14
18196,18196,In Transit,NULL
18197,18197,Delayed,NULL
18198,18198,Delivered,2025-10-14
18199,18199,Delivered,2024-04-24
18200,18200,Delivered,2025-03-15
18201,18201,Delivered,2026-04-12
18202,18202,Delivered,2026-06-23
18203,18203,Delivered,2023-05-19
18204,18204,Delivered,2024-09-09
18205,18205,In Transit,NULL
18206,18206,Delivered,2026-08-31
18207,18207,Returned,NULL
18208,18208,Delivered,2024-09-15
18209,18209,Delivered,2023-05-27
18210,18210,Delayed,NULL
18211,18211,Delivered,2025-06-01
18212,18212,Delivered,2024-06-13
18213,18213,Returned,NULL
18214,18214,Delivered,2024-08-28
18215,18215,Delayed,NULL
18216,18216,Delivered,2025-07-12
18217,18217,Returned,NULL
18218,18218,In Transit,NULL
18219,18219,Delivered,2023-12-28
18220,18220,Delivered,2025-08-04
18221,18221,Delivered,2024-06-11
18222,18222,Delivered,2025-12-04
18223,18223,Delivered,2023-08-23
18224,18224,In Transit,NULL
18225,18225,In Transit,NULL
18226,18226,Delayed,NULL
18227,18227,In Transit,NULL
18228,18228,Delivered,2026-04-30
18229,18229,In Transit,NULL
18230,18230,Delayed,NULL
18231,18231,Delivered,2023-07-24
18232,18232,Delivered,2024-10-09
18233,18233,Delivered,2026-05-12
18234,18234,Delivered,2024-12-19
18235,18235,Delivered,2026-02-12
18236,18236,Delayed,NULL
18237,18237,Returned,NULL
18238,18238,Delivered,2024-02-15
18239,18239,Delayed,NULL
18240,18240,Delayed,NULL
18241,18241,Delivered,2026-05-07
18242,18242,Delayed,NULL
18243,18243,Delivered,2024-05-04
18244,18244,In Transit,NULL
18245,18245,Delivered,2023-09-10
18246,18246,Delivered,2026-06-03
18247,18247,Delivered,2024-01-15
18248,18248,In Transit,NULL
18249,18249,Delivered,2024-12-18
18250,18250,Delivered,2023-11-28
18251,18251,Delivered,2025-04-09
18252,18252,Delivered,2023-05-14
18253,18253,In Transit,NULL
18254,18254,Delivered,2023-08-20
18255,18255,Delivered,2026-03-23
18256,18256,Delivered,2026-06-15
18257,18257,Returned,NULL
18258,18258,In Transit,NULL
18259,18259,Delivered,2024-04-16
18260,18260,Delivered,2026-05-06
18261,18261,Delivered,2024-06-15
18262,18262,Delivered,2023-09-28
18263,18263,Delivered,2023-05-15
18264,18264,Delivered,2023-06-13
18265,18265,In Transit,NULL
18266,18266,Delivered,2025-08-14
18267,18267,Delivered,2026-07-23
18268,18268,Delivered,2025-12-12
18269,18269,In Transit,NULL
18270,18270,Delivered,2024-02-13
18271,18271,Delivered,2025-10-13
18272,18272,In Transit,NULL
18273,18273,Delivered,2026-06-30
18274,18274,Delivered,2023-03-26
18275,18275,Delivered,2025-03-27
18276,18276,Delivered,2026-05-09
18277,18277,Delayed,NULL
18278,18278,Delivered,2026-05-30
18279,18279,Delivered,2025-01-07
18280,18280,Delivered,2023-10-17
18281,18281,Delayed,NULL
18282,18282,Delivered,2024-05-26
18283,18283,Delivered,2023-09-21
18284,18284,Delivered,2024-09-11
18285,18285,In Transit,NULL
18286,18286,In Transit,NULL
18287,18287,Delivered,2024-03-31
18288,18288,In Transit,NULL
18289,18289,Returned,NULL
18290,18290,In Transit,NULL
18291,18291,Delivered,2023-05-15
18292,18292,Delivered,2025-08-15
18293,18293,Returned,NULL
18294,18294,Delayed,NULL
18295,18295,In Transit,NULL
18296,18296,Delivered,2025-12-07
18297,18297,Delivered,2026-07-28
18298,18298,In Transit,NULL
18299,18299,Delivered,2026-02-01
18300,18300,Delivered,2023-06-28
18301,18301,Delayed,NULL
18302,18302,Delayed,NULL
18303,18303,Delivered,2024-12-27
18304,18304,Delivered,2025-09-27
18305,18305,Delivered,2023-04-22
18306,18306,Delivered,2025-03-28
18307,18307,Delivered,2024-06-28
18308,18308,Delivered,2024-09-18
18309,18309,Delivered,2025-03-06
18310,18310,Delivered,2026-02-07
18311,18311,In Transit,NULL
18312,18312,Delivered,2025-07-23
18313,18313,Delayed,NULL
18314,18314,Delivered,2023-06-26
18315,18315,In Transit,NULL
18316,18316,Delayed,NULL
18317,18317,Delivered,2024-04-27
18318,18318,Delivered,2026-08-08
18319,18319,Delivered,2026-02-13
18320,18320,In Transit,NULL
18321,18321,Delivered,2024-10-28
18322,18322,In Transit,NULL
18323,18323,In Transit,NULL
18324,18324,Delayed,NULL
18325,18325,Delivered,2025-07-25
18326,18326,Delivered,2023-12-09
18327,18327,Delivered,2026-05-07
18328,18328,In Transit,NULL
18329,18329,In Transit,NULL
18330,18330,Delivered,2023-10-28
18331,18331,Returned,NULL
18332,18332,Delivered,2024-04-07
18333,18333,Returned,NULL
18334,18334,Delivered,2023-12-09
18335,18335,Delivered,2024-11-20
18336,18336,Delivered,2026-05-24
18337,18337,Delivered,2023-06-16
18338,18338,Lost,NULL
18339,18339,In Transit,NULL
18340,18340,Delivered,2024-10-22
18341,18341,Delivered,2026-03-20
18342,18342,Delivered,2025-12-05
18343,18343,Delayed,NULL
18344,18344,Lost,NULL
18345,18345,In Transit,NULL
18346,18346,In Transit,NULL
18347,18347,Delivered,2025-10-14
18348,18348,Delivered,2024-06-29
18349,18349,Delivered,2026-01-25
18350,18350,Delivered,2026-02-24
18351,18351,Delivered,2023-04-24
18352,18352,Delivered,2025-09-21
18353,18353,Delivered,2025-10-16
18354,18354,Delivered,2025-02-28
18355,18355,Delivered,2025-09-18
18356,18356,Delayed,NULL
18357,18357,Delivered,2024-07-23
18358,18358,Delivered,2024-06-09
18359,18359,Delayed,NULL
18360,18360,Returned,NULL
18361,18361,Delivered,2024-10-06
18362,18362,In Transit,NULL
18363,18363,Delivered,2026-07-31
18364,18364,Delivered,2023-05-08
18365,18365,Delayed,NULL
18366,18366,Delayed,NULL
18367,18367,Returned,NULL
18368,18368,In Transit,NULL
18369,18369,Delayed,NULL
18370,18370,Delivered,2024-08-27
18371,18371,Delivered,2026-06-05
18372,18372,Delayed,NULL
18373,18373,Delivered,2024-11-27
18374,18374,Delayed,NULL
18375,18375,Delivered,2025-10-22
18376,18376,In Transit,NULL
18377,18377,In Transit,NULL
18378,18378,Delivered,2023-03-02
18379,18379,In Transit,NULL
18380,18380,Delivered,2023-03-14
18381,18381,In Transit,NULL
18382,18382,In Transit,NULL
18383,18383,Delayed,NULL
18384,18384,In Transit,NULL
18385,18385,In Transit,NULL
18386,18386,Delivered,2025-07-09
18387,18387,In Transit,NULL
18388,18388,Returned,NULL
18389,18389,Delayed,NULL
18390,18390,Delayed,NULL
18391,18391,Delayed,NULL
18392,18392,Delayed,NULL
18393,18393,Delivered,2023-05-02
18394,18394,Delivered,2024-03-16
18395,18395,In Transit,NULL
18396,18396,Delivered,2024-04-03
18397,18397,Returned,NULL
18398,18398,In Transit,NULL
18399,18399,Delivered,2024-08-26
18400,18400,Delivered,2026-06-19
18401,18401,In Transit,NULL
18402,18402,Delivered,2025-12-06
18403,18403,In Transit,NULL
18404,18404,In Transit,NULL
18405,18405,Delivered,2025-11-22
18406,18406,In Transit,NULL
18407,18407,Delivered,2023-11-06
18408,18408,In Transit,NULL
18409,18409,In Transit,NULL
18410,18410,Delivered,2025-03-13
18411,18411,In Transit,NULL
18412,18412,Delivered,2023-11-18
18413,18413,In Transit,NULL
18414,18414,Delayed,NULL
18415,18415,Delayed,NULL
18416,18416,Delayed,NULL
18417,18417,In Transit,NULL
18418,18418,Delayed,NULL
18419,18419,Delayed,NULL
18420,18420,Delivered,2024-03-07
18421,18421,Returned,NULL
18422,18422,Delivered,2024-07-25
18423,18423,Delivered,2025-03-29
18424,18424,Delivered,2025-02-13
18425,18425,In Transit,NULL
18426,18426,Delivered,2023-03-05
18427,18427,Delivered,2025-05-30
18428,18428,In Transit,NULL
18429,18429,Delivered,2023-05-07
18430,18430,Delivered,2024-09-06
18431,18431,In Transit,NULL
18432,18432,Delivered,2024-05-16
18433,18433,Delivered,2024-06-30
18434,18434,Delayed,NULL
18435,18435,Delivered,2023-11-28
18436,18436,In Transit,NULL
18437,18437,In Transit,NULL
18438,18438,In Transit,NULL
18439,18439,Delivered,2023-11-19
18440,18440,Delayed,NULL
18441,18441,Delayed,NULL
18442,18442,Delivered,2024-02-01
18443,18443,In Transit,NULL
18444,18444,In Transit,NULL
18445,18445,Delivered,2024-08-15
18446,18446,Delivered,2023-09-21
18447,18447,Delivered,2025-11-16
18448,18448,Delivered,2026-06-03
18449,18449,Delivered,2023-06-30
18450,18450,Delivered,2025-07-30
18451,18451,Delivered,2024-10-01
18452,18452,Delivered,2023-05-30
18453,18453,Delivered,2025-05-25
18454,18454,Delivered,2024-05-04
18455,18455,Delivered,2025-08-03
18456,18456,Delivered,2026-01-28
18457,18457,Delayed,NULL
18458,18458,Delivered,2026-04-22
18459,18459,In Transit,NULL
18460,18460,In Transit,NULL
18461,18461,Delayed,NULL
18462,18462,Delivered,2026-04-29
18463,18463,Delivered,2026-06-20
18464,18464,Delivered,2025-03-05
18465,18465,In Transit,NULL
18466,18466,In Transit,NULL
18467,18467,Delivered,2024-03-19
18468,18468,Delivered,2023-08-30
18469,18469,Delivered,2023-02-12
18470,18470,Delivered,2023-03-04
18471,18471,Delivered,2026-02-25
18472,18472,Delivered,2024-08-04
18473,18473,Delivered,2023-06-23
18474,18474,Delivered,2024-08-25
18475,18475,In Transit,NULL
18476,18476,In Transit,NULL
18477,18477,Lost,NULL
18478,18478,Delivered,2024-03-01
18479,18479,In Transit,NULL
18480,18480,Delivered,2025-04-29
18481,18481,Delivered,2026-06-13
18482,18482,Delayed,NULL
18483,18483,Delayed,NULL
18484,18484,Delivered,2024-07-22
18485,18485,Delivered,2025-01-10
18486,18486,Delayed,NULL
18487,18487,Delivered,2024-02-04
18488,18488,Delivered,2024-08-30
18489,18489,In Transit,NULL
18490,18490,Delayed,NULL
18491,18491,Delivered,2023-06-03
18492,18492,Delivered,2023-02-11
18493,18493,In Transit,NULL
18494,18494,Delivered,2023-09-08
18495,18495,Delivered,2026-05-11
18496,18496,In Transit,NULL
18497,18497,Delivered,2024-11-07
18498,18498,Delivered,2023-04-13
18499,18499,Delivered,2023-04-13
18500,18500,In Transit,NULL
18501,18501,Delivered,2025-09-05
18502,18502,Delayed,NULL
18503,18503,Lost,NULL
18504,18504,Delivered,2026-03-06
18505,18505,Delivered,2024-04-08
18506,18506,Delivered,2026-04-26
18507,18507,In Transit,NULL
18508,18508,Delayed,NULL
18509,18509,Delivered,2026-05-30
18510,18510,In Transit,NULL
18511,18511,Delivered,2024-02-06
18512,18512,Delivered,2023-11-25
18513,18513,Delivered,2026-02-03
18514,18514,Delivered,2024-06-10
18515,18515,Delivered,2026-05-14
18516,18516,In Transit,NULL
18517,18517,Delivered,2025-05-04
18518,18518,In Transit,NULL
18519,18519,In Transit,NULL
18520,18520,Delivered,2025-03-11
18521,18521,Delivered,2025-10-30
18522,18522,Delivered,2025-12-08
18523,18523,Delivered,2023-08-19
18524,18524,In Transit,NULL
18525,18525,In Transit,NULL
18526,18526,Delivered,2024-08-24
18527,18527,Delivered,2023-07-15
18528,18528,In Transit,NULL
18529,18529,Delivered,2025-01-29
18530,18530,In Transit,NULL
18531,18531,In Transit,NULL
18532,18532,Delivered,2023-05-31
18533,18533,Delivered,2024-03-25
18534,18534,In Transit,NULL
18535,18535,Delivered,2025-12-21
18536,18536,Delivered,2025-02-19
18537,18537,In Transit,NULL
18538,18538,Delivered,2025-06-26
18539,18539,Delivered,2024-02-21
18540,18540,Delivered,2026-05-24
18541,18541,Delivered,2026-04-02
18542,18542,In Transit,NULL
18543,18543,Delivered,2023-12-08
18544,18544,Returned,NULL
18545,18545,Delayed,NULL
18546,18546,Delivered,2025-05-15
18547,18547,Delivered,2025-12-06
18548,18548,Delivered,2026-03-27
18549,18549,Delivered,2024-03-16
18550,18550,Delivered,2024-05-06
18551,18551,Delivered,2023-06-20
18552,18552,In Transit,NULL
18553,18553,Delivered,2023-12-03
18554,18554,Delivered,2025-06-28
18555,18555,Delivered,2026-01-09
18556,18556,Delivered,2026-02-16
18557,18557,Delivered,2026-08-09
18558,18558,Delivered,2025-11-17
18559,18559,Delivered,2026-02-18
18560,18560,Returned,NULL
18561,18561,In Transit,NULL
18562,18562,Delivered,2026-05-30
18563,18563,Delivered,2026-04-08
18564,18564,Delivered,2023-02-27
18565,18565,Delivered,2025-03-10
18566,18566,In Transit,NULL
18567,18567,Delivered,2024-03-08
18568,18568,Delivered,2024-10-19
18569,18569,Delayed,NULL
18570,18570,In Transit,NULL
18571,18571,In Transit,NULL
18572,18572,Delayed,NULL
18573,18573,Delivered,2026-03-15
18574,18574,Delivered,2023-08-31
18575,18575,In Transit,NULL
18576,18576,Delivered,2025-09-17
18577,18577,Delivered,2023-07-02
18578,18578,Delivered,2026-02-08
18579,18579,In Transit,NULL
18580,18580,Delivered,2026-04-27
18581,18581,In Transit,NULL
18582,18582,In Transit,NULL
18583,18583,Delivered,2024-07-20
18584,18584,Delivered,2026-03-30
18585,18585,Delivered,2023-10-03
18586,18586,In Transit,NULL
18587,18587,Delayed,NULL
18588,18588,Delivered,2023-12-13
18589,18589,Delivered,2025-07-31
18590,18590,Returned,NULL
18591,18591,In Transit,NULL
18592,18592,In Transit,NULL
18593,18593,Delivered,2026-02-14
18594,18594,Delivered,2026-06-28
18595,18595,Delivered,2026-08-06
18596,18596,In Transit,NULL
18597,18597,Delayed,NULL
18598,18598,In Transit,NULL
18599,18599,In Transit,NULL
18600,18600,Delivered,2026-01-07
18601,18601,In Transit,NULL
18602,18602,Delivered,2023-04-02
18603,18603,Delivered,2024-12-01
18604,18604,Delivered,2024-03-08
18605,18605,Delivered,2025-05-09
18606,18606,Delivered,2024-12-02
18607,18607,Delivered,2026-05-09
18608,18608,In Transit,NULL
18609,18609,Delivered,2024-03-29
18610,18610,Delivered,2023-10-09
18611,18611,Delayed,NULL
18612,18612,Delayed,NULL
18613,18613,In Transit,NULL
18614,18614,Delivered,2025-12-28
18615,18615,Delivered,2025-12-02
18616,18616,Delivered,2023-03-09
18617,18617,Delivered,2025-06-09
18618,18618,In Transit,NULL
18619,18619,Delivered,2024-06-25
18620,18620,In Transit,NULL
18621,18621,In Transit,NULL
18622,18622,In Transit,NULL
18623,18623,Delivered,2026-04-04
18624,18624,Delivered,2023-03-23
18625,18625,Delivered,2024-09-10
18626,18626,Delivered,2023-08-01
18627,18627,Delivered,2025-05-26
18628,18628,Returned,NULL
18629,18629,Delivered,2025-06-18
18630,18630,Delivered,2025-06-19
18631,18631,Delivered,2024-12-31
18632,18632,Delivered,2023-02-21
18633,18633,Delivered,2025-06-16
18634,18634,Returned,NULL
18635,18635,Delivered,2023-06-25
18636,18636,Delayed,NULL
18637,18637,In Transit,NULL
18638,18638,Delivered,2026-03-03
18639,18639,In Transit,NULL
18640,18640,Delivered,2023-09-18
18641,18641,Delivered,2023-10-09
18642,18642,Returned,NULL
18643,18643,In Transit,NULL
18644,18644,Delivered,2025-01-09
18645,18645,In Transit,NULL
18646,18646,Delivered,2025-07-13
18647,18647,Delivered,2025-09-25
18648,18648,Delivered,2024-07-08
18649,18649,Delayed,NULL
18650,18650,In Transit,NULL
18651,18651,Delayed,NULL
18652,18652,Returned,NULL
18653,18653,In Transit,NULL
18654,18654,In Transit,NULL
18655,18655,Returned,NULL
18656,18656,Delivered,2025-05-20
18657,18657,Delivered,2023-09-08
18658,18658,Delayed,NULL
18659,18659,Delivered,2025-09-11
18660,18660,Delayed,NULL
18661,18661,Delivered,2025-04-25
18662,18662,Delayed,NULL
18663,18663,Delivered,2026-08-27
18664,18664,In Transit,NULL
18665,18665,Delivered,2024-12-06
18666,18666,In Transit,NULL
18667,18667,In Transit,NULL
18668,18668,In Transit,NULL
18669,18669,In Transit,NULL
18670,18670,Delivered,2023-10-03
18671,18671,Delivered,2024-05-14
18672,18672,Delayed,NULL
18673,18673,Delivered,2024-08-31
18674,18674,Delivered,2024-02-05
18675,18675,Delivered,2024-07-19
18676,18676,In Transit,NULL
18677,18677,Delivered,2025-01-09
18678,18678,Delayed,NULL
18679,18679,Delivered,2023-12-24
18680,18680,Delivered,2023-12-14
18681,18681,Delivered,2025-05-29
18682,18682,In Transit,NULL
18683,18683,Delivered,2026-06-23
18684,18684,Delivered,2025-04-30
18685,18685,Delivered,2024-08-04
18686,18686,In Transit,NULL
18687,18687,Delivered,2024-07-31
18688,18688,Delivered,2023-03-06
18689,18689,Delivered,2025-10-05
18690,18690,Delivered,2026-03-26
18691,18691,Delivered,2023-10-28
18692,18692,Delayed,NULL
18693,18693,Delivered,2025-07-26
18694,18694,Delivered,2024-07-16
18695,18695,Delivered,2025-07-20
18696,18696,Delivered,2023-12-12
18697,18697,Delivered,2024-12-21
18698,18698,In Transit,NULL
18699,18699,Delivered,2026-03-24
18700,18700,Delivered,2023-12-20
18701,18701,Delivered,2025-01-21
18702,18702,Delivered,2026-05-06
18703,18703,Delivered,2025-07-09
18704,18704,In Transit,NULL
18705,18705,Delivered,2024-01-13
18706,18706,Delayed,NULL
18707,18707,Delivered,2026-02-12
18708,18708,Lost,NULL
18709,18709,Delayed,NULL
18710,18710,Delivered,2024-01-01
18711,18711,Delivered,2024-02-26
18712,18712,Returned,NULL
18713,18713,Delivered,2025-08-28
18714,18714,Delayed,NULL
18715,18715,Delivered,2025-01-20
18716,18716,Delivered,2026-04-29
18717,18717,Delivered,2023-05-27
18718,18718,Delivered,2023-06-23
18719,18719,Delivered,2023-04-07
18720,18720,Delivered,2023-08-31
18721,18721,In Transit,NULL
18722,18722,Delivered,2024-03-01
18723,18723,In Transit,NULL
18724,18724,Delayed,NULL
18725,18725,Delivered,2024-07-10
18726,18726,In Transit,NULL
18727,18727,Delivered,2023-10-20
18728,18728,Delivered,2024-07-23
18729,18729,Delivered,2026-01-30
18730,18730,Delivered,2026-06-01
18731,18731,Delivered,2024-11-14
18732,18732,Returned,NULL
18733,18733,In Transit,NULL
18734,18734,Delivered,2024-11-10
18735,18735,In Transit,NULL
18736,18736,Delivered,2025-06-17
18737,18737,Delivered,2025-07-28
18738,18738,Delivered,2026-07-26
18739,18739,Delivered,2025-12-18
18740,18740,Returned,NULL
18741,18741,Delivered,2024-09-27
18742,18742,Delivered,2024-10-05
18743,18743,Delivered,2024-02-01
18744,18744,Delivered,2025-10-23
18745,18745,Delivered,2024-10-17
18746,18746,Delivered,2026-07-25
18747,18747,Delivered,2024-08-08
18748,18748,Delivered,2023-04-24
18749,18749,Delivered,2023-07-04
18750,18750,Delivered,2024-09-02
18751,18751,In Transit,NULL
18752,18752,Delivered,2024-07-05
18753,18753,Delayed,NULL
18754,18754,In Transit,NULL
18755,18755,Delivered,2023-07-11
18756,18756,Delivered,2023-04-16
18757,18757,Delivered,2026-05-04
18758,18758,In Transit,NULL
18759,18759,Delayed,NULL
18760,18760,Delivered,2024-07-01
18761,18761,Delivered,2025-04-30
18762,18762,Returned,NULL
18763,18763,Delivered,2025-11-14
18764,18764,Delayed,NULL
18765,18765,In Transit,NULL
18766,18766,Delivered,2023-05-30
18767,18767,In Transit,NULL
18768,18768,Delayed,NULL
18769,18769,In Transit,NULL
18770,18770,Delayed,NULL
18771,18771,Delivered,2026-05-12
18772,18772,In Transit,NULL
18773,18773,Delivered,2023-11-18
18774,18774,Delayed,NULL
18775,18775,Delayed,NULL
18776,18776,Delayed,NULL
18777,18777,In Transit,NULL
18778,18778,Delivered,2023-05-09
18779,18779,Returned,NULL
18780,18780,In Transit,NULL
18781,18781,Delivered,2025-07-03
18782,18782,Delivered,2023-08-15
18783,18783,Delivered,2025-04-11
18784,18784,Delivered,2025-11-01
18785,18785,Delivered,2025-12-11
18786,18786,Delivered,2023-10-26
18787,18787,Delivered,2025-11-17
18788,18788,In Transit,NULL
18789,18789,Delivered,2024-06-20
18790,18790,Delivered,2025-05-05
18791,18791,In Transit,NULL
18792,18792,In Transit,NULL
18793,18793,Delivered,2025-10-16
18794,18794,In Transit,NULL
18795,18795,Delivered,2023-10-04
18796,18796,Delivered,2024-07-17
18797,18797,In Transit,NULL
18798,18798,Delivered,2025-09-07
18799,18799,In Transit,NULL
18800,18800,Delivered,2026-06-09
18801,18801,In Transit,NULL
18802,18802,Delivered,2023-05-04
18803,18803,Delivered,2026-02-04
18804,18804,Delivered,2026-08-10
18805,18805,Delivered,2025-07-26
18806,18806,Delivered,2024-12-02
18807,18807,Lost,NULL
18808,18808,In Transit,NULL
18809,18809,Delivered,2024-10-30
18810,18810,Delivered,2023-12-18
18811,18811,Delivered,2026-07-16
18812,18812,In Transit,NULL
18813,18813,Delivered,2024-06-22
18814,18814,In Transit,NULL
18815,18815,Delayed,NULL
18816,18816,Delivered,2023-08-12
18817,18817,In Transit,NULL
18818,18818,Delivered,2023-11-13
18819,18819,Delivered,2023-03-28
18820,18820,Delivered,2024-06-04
18821,18821,Delayed,NULL
18822,18822,Delivered,2023-10-09
18823,18823,Delivered,2024-03-18
18824,18824,Delivered,2025-05-19
18825,18825,Delivered,2025-09-05
18826,18826,In Transit,NULL
18827,18827,Delivered,2024-09-06
18828,18828,In Transit,NULL
18829,18829,Delivered,2024-12-07
18830,18830,In Transit,NULL
18831,18831,Delivered,2023-07-14
18832,18832,Delayed,NULL
18833,18833,Delivered,2024-10-19
18834,18834,Delivered,2024-09-24
18835,18835,Delayed,NULL
18836,18836,In Transit,NULL
18837,18837,Delivered,2025-06-01
18838,18838,Delivered,2024-08-18
18839,18839,In Transit,NULL
18840,18840,Delivered,2025-12-06
18841,18841,Lost,NULL
18842,18842,Delivered,2024-10-05
18843,18843,Delayed,NULL
18844,18844,Returned,NULL
18845,18845,Delayed,NULL
18846,18846,Delivered,2025-12-19
18847,18847,Delivered,2025-12-04
18848,18848,Delivered,2025-01-23
18849,18849,Delivered,2024-08-17
18850,18850,Delivered,2025-09-09
18851,18851,Returned,NULL
18852,18852,Delivered,2023-07-04
18853,18853,Returned,NULL
18854,18854,Delivered,2024-10-01
18855,18855,Delayed,NULL
18856,18856,Delivered,2026-07-02
18857,18857,Delivered,2023-08-02
18858,18858,Returned,NULL
18859,18859,In Transit,NULL
18860,18860,Delivered,2026-04-04
18861,18861,Delivered,2026-06-27
18862,18862,Delayed,NULL
18863,18863,Delivered,2023-06-09
18864,18864,Delivered,2024-02-06
18865,18865,Delivered,2025-03-16
18866,18866,Delivered,2025-12-28
18867,18867,Delivered,2023-04-06
18868,18868,Lost,NULL
18869,18869,Delivered,2024-08-15
18870,18870,Delivered,2025-02-23
18871,18871,Delivered,2023-08-13
18872,18872,Delayed,NULL
18873,18873,Delivered,2026-06-08
18874,18874,In Transit,NULL
18875,18875,Delayed,NULL
18876,18876,Delivered,2023-02-06
18877,18877,Returned,NULL
18878,18878,Delivered,2023-07-03
18879,18879,In Transit,NULL
18880,18880,Delivered,2025-11-26
18881,18881,Delivered,2023-08-04
18882,18882,Delivered,2026-08-05
18883,18883,Delivered,2026-05-04
18884,18884,Delivered,2025-06-24
18885,18885,Delayed,NULL
18886,18886,Delayed,NULL
18887,18887,Delivered,2024-05-25
18888,18888,Delivered,2026-04-19
18889,18889,Delivered,2023-02-19
18890,18890,Lost,NULL
18891,18891,Delivered,2026-05-21
18892,18892,Delivered,2025-05-17
18893,18893,In Transit,NULL
18894,18894,Delayed,NULL
18895,18895,Delivered,2023-04-23
18896,18896,In Transit,NULL
18897,18897,In Transit,NULL
18898,18898,Delivered,2026-02-23
18899,18899,In Transit,NULL
18900,18900,Delivered,2025-03-08
18901,18901,Delivered,2026-02-18
18902,18902,In Transit,NULL
18903,18903,Delivered,2025-09-15
18904,18904,Delivered,2026-04-19
18905,18905,Delivered,2024-03-16
18906,18906,Delivered,2025-04-12
18907,18907,In Transit,NULL
18908,18908,Delivered,2025-02-02
18909,18909,Lost,NULL
18910,18910,Delivered,2023-05-27
18911,18911,Delivered,2026-05-29
18912,18912,Delivered,2023-04-17
18913,18913,Delivered,2025-02-05
18914,18914,Delayed,NULL
18915,18915,In Transit,NULL
18916,18916,Delivered,2023-11-04
18917,18917,Delayed,NULL
18918,18918,Delivered,2026-05-15
18919,18919,Delivered,2024-03-26
18920,18920,In Transit,NULL
18921,18921,In Transit,NULL
18922,18922,Delivered,2026-08-03
18923,18923,Delivered,2024-09-04
18924,18924,Delivered,2023-07-20
18925,18925,Delayed,NULL
18926,18926,Delivered,2024-08-20
18927,18927,Delivered,2024-08-06
18928,18928,Delivered,2025-09-26
18929,18929,Delivered,2023-09-09
18930,18930,Delivered,2023-10-07
18931,18931,Delivered,2025-04-20
18932,18932,In Transit,NULL
18933,18933,Delivered,2024-05-07
18934,18934,Delivered,2023-06-15
18935,18935,Delivered,2023-06-15
18936,18936,Delivered,2026-01-31
18937,18937,Delayed,NULL
18938,18938,Delivered,2025-01-13
18939,18939,In Transit,NULL
18940,18940,In Transit,NULL
18941,18941,Delivered,2023-07-15
18942,18942,Delivered,2026-04-19
18943,18943,Delivered,2025-12-28
18944,18944,Delivered,2025-03-02
18945,18945,In Transit,NULL
18946,18946,In Transit,NULL
18947,18947,Delayed,NULL
18948,18948,In Transit,NULL
18949,18949,Delivered,2024-02-04
18950,18950,Delivered,2024-03-13
18951,18951,Delivered,2023-05-21
18952,18952,In Transit,NULL
18953,18953,Delivered,2026-03-06
18954,18954,In Transit,NULL
18955,18955,Delivered,2025-08-19
18956,18956,Delivered,2026-05-11
18957,18957,Delivered,2026-06-06
18958,18958,Delayed,NULL
18959,18959,Delayed,NULL
18960,18960,Delivered,2024-04-24
18961,18961,Delayed,NULL
18962,18962,Delivered,2024-10-11
18963,18963,Delivered,2026-01-23
18964,18964,Delivered,2024-10-25
18965,18965,In Transit,NULL
18966,18966,Delivered,2025-08-04
18967,18967,Delayed,NULL
18968,18968,Delivered,2024-02-02
18969,18969,Delivered,2024-09-19
18970,18970,Delivered,2025-05-08
18971,18971,In Transit,NULL
18972,18972,In Transit,NULL
18973,18973,Delayed,NULL
18974,18974,Delivered,2025-11-11
18975,18975,Delivered,2024-11-06
18976,18976,Delivered,2024-05-02
18977,18977,Delivered,2025-04-28
18978,18978,Delivered,2025-06-16
18979,18979,Delivered,2024-04-24
18980,18980,Delivered,2024-10-21
18981,18981,Delivered,2025-04-12
18982,18982,Delivered,2025-02-25
18983,18983,Delivered,2023-03-09
18984,18984,In Transit,NULL
18985,18985,Delivered,2024-10-11
18986,18986,Delivered,2025-08-10
18987,18987,In Transit,NULL
18988,18988,Delivered,2023-10-03
18989,18989,Delivered,2024-10-03
18990,18990,In Transit,NULL
18991,18991,Delivered,2026-01-23
18992,18992,Delivered,2023-05-18
18993,18993,Delivered,2025-04-03
18994,18994,In Transit,NULL
18995,18995,Delivered,2023-10-10
18996,18996,Delivered,2026-05-05
18997,18997,In Transit,NULL
18998,18998,Delivered,2024-08-26
18999,18999,Delivered,2026-05-07
19000,19000,Delivered,2026-04-06
19001,19001,Delivered,2024-10-22
19002,19002,In Transit,NULL
19003,19003,Delayed,NULL
19004,19004,Delayed,NULL
19005,19005,Delivered,2023-06-23
19006,19006,Delayed,NULL
19007,19007,Delivered,2023-11-05
19008,19008,In Transit,NULL
19009,19009,Delivered,2024-03-09
19010,19010,Delivered,2025-12-17
19011,19011,Delayed,NULL
19012,19012,Delivered,2025-09-22
19013,19013,In Transit,NULL
19014,19014,Delivered,2025-12-29
19015,19015,In Transit,NULL
19016,19016,In Transit,NULL
19017,19017,Lost,NULL
19018,19018,In Transit,NULL
19019,19019,Delivered,2024-04-27
19020,19020,In Transit,NULL
19021,19021,Delayed,NULL
19022,19022,Delivered,2025-10-20
19023,19023,Delivered,2026-05-07
19024,19024,Delivered,2023-03-04
19025,19025,Delivered,2025-10-27
19026,19026,Delivered,2023-05-07
19027,19027,Delivered,2026-06-12
19028,19028,In Transit,NULL
19029,19029,Delivered,2023-10-21
19030,19030,In Transit,NULL
19031,19031,Delivered,2024-10-13
19032,19032,In Transit,NULL
19033,19033,Delayed,NULL
19034,19034,Delayed,NULL
19035,19035,Delivered,2025-05-24
19036,19036,Delayed,NULL
19037,19037,In Transit,NULL
19038,19038,In Transit,NULL
19039,19039,Delivered,2024-05-24
19040,19040,Delivered,2025-06-12
19041,19041,Delivered,2025-09-08
19042,19042,In Transit,NULL
19043,19043,Returned,NULL
19044,19044,In Transit,NULL
19045,19045,Delivered,2023-10-30
19046,19046,Delivered,2025-08-14
19047,19047,Delivered,2025-08-12
19048,19048,In Transit,NULL
19049,19049,Delivered,2023-04-24
19050,19050,Delivered,2025-11-09
19051,19051,Delayed,NULL
19052,19052,Delayed,NULL
19053,19053,Delivered,2025-09-04
19054,19054,In Transit,NULL
19055,19055,Delayed,NULL
19056,19056,In Transit,NULL
19057,19057,Delivered,2023-10-31
19058,19058,Delivered,2026-04-01
19059,19059,Delivered,2023-03-05
19060,19060,Delivered,2023-07-07
19061,19061,Delivered,2023-01-09
19062,19062,Delivered,2024-08-02
19063,19063,Delivered,2023-07-11
19064,19064,Delivered,2023-10-26
19065,19065,Delivered,2025-10-11
19066,19066,Delivered,2024-01-15
19067,19067,In Transit,NULL
19068,19068,Delayed,NULL
19069,19069,Delayed,NULL
19070,19070,Delivered,2025-08-27
19071,19071,In Transit,NULL
19072,19072,Delivered,2023-03-04
19073,19073,Delivered,2024-08-23
19074,19074,Delivered,2025-02-17
19075,19075,In Transit,NULL
19076,19076,Delayed,NULL
19077,19077,Delayed,NULL
19078,19078,Delivered,2026-02-22
19079,19079,Delayed,NULL
19080,19080,Delivered,2026-01-22
19081,19081,In Transit,NULL
19082,19082,Delivered,2024-04-14
19083,19083,Delayed,NULL
19084,19084,Delivered,2025-03-07
19085,19085,Delivered,2024-01-24
19086,19086,Delivered,2026-03-31
19087,19087,Delivered,2026-01-11
19088,19088,Delivered,2024-06-01
19089,19089,In Transit,NULL
19090,19090,Delivered,2024-11-02
19091,19091,Lost,NULL
19092,19092,Delivered,2024-09-08
19093,19093,Delivered,2025-06-22
19094,19094,In Transit,NULL
19095,19095,Returned,NULL
19096,19096,In Transit,NULL
19097,19097,Delayed,NULL
19098,19098,Delayed,NULL
19099,19099,Delayed,NULL
19100,19100,In Transit,NULL
19101,19101,Delayed,NULL
19102,19102,In Transit,NULL
19103,19103,Delivered,2026-02-13
19104,19104,Delivered,2023-06-19
19105,19105,Delivered,2026-07-31
19106,19106,In Transit,NULL
19107,19107,Delayed,NULL
19108,19108,Delayed,NULL
19109,19109,Delivered,2023-04-08
19110,19110,Delivered,2023-06-26
19111,19111,In Transit,NULL
19112,19112,In Transit,NULL
19113,19113,Delivered,2026-01-09
19114,19114,Delivered,2026-01-15
19115,19115,In Transit,NULL
19116,19116,Delayed,NULL
19117,19117,Delivered,2026-06-11
19118,19118,In Transit,NULL
19119,19119,In Transit,NULL
19120,19120,Delivered,2023-05-03
19121,19121,Delayed,NULL
19122,19122,In Transit,NULL
19123,19123,Delivered,2024-11-11
19124,19124,Returned,NULL
19125,19125,Returned,NULL
19126,19126,Delivered,2026-01-11
19127,19127,Delivered,2023-05-18
19128,19128,Delayed,NULL
19129,19129,Delivered,2024-04-11
19130,19130,In Transit,NULL
19131,19131,Delayed,NULL
19132,19132,Delivered,2023-12-07
19133,19133,Delivered,2024-11-20
19134,19134,Delivered,2025-03-14
19135,19135,Delivered,2025-10-19
19136,19136,Delivered,2023-12-12
19137,19137,Returned,NULL
19138,19138,Lost,NULL
19139,19139,Delayed,NULL
19140,19140,In Transit,NULL
19141,19141,Delayed,NULL
19142,19142,Delivered,2025-01-29
19143,19143,In Transit,NULL
19144,19144,Delivered,2024-07-03
19145,19145,Delivered,2023-11-22
19146,19146,In Transit,NULL
19147,19147,In Transit,NULL
19148,19148,Delivered,2023-10-30
19149,19149,Delivered,2026-06-08
19150,19150,Delivered,2024-10-26
19151,19151,Delivered,2025-03-01
19152,19152,Delivered,2024-12-30
19153,19153,In Transit,NULL
19154,19154,In Transit,NULL
19155,19155,Delivered,2025-05-25
19156,19156,Delayed,NULL
19157,19157,Delivered,2026-04-24
19158,19158,Delivered,2024-05-10
19159,19159,Delivered,2026-06-02
19160,19160,Delayed,NULL
19161,19161,In Transit,NULL
19162,19162,Delayed,NULL
19163,19163,Delivered,2025-11-03
19164,19164,In Transit,NULL
19165,19165,Delivered,2025-07-07
19166,19166,Delivered,2025-01-17
19167,19167,Delivered,2026-03-15
19168,19168,Delivered,2025-08-05
19169,19169,Delivered,2026-01-28
19170,19170,Delivered,2023-05-10
19171,19171,In Transit,NULL
19172,19172,Delivered,2024-12-16
19173,19173,Delivered,2025-05-08
19174,19174,Delivered,2023-07-16
19175,19175,Delivered,2023-03-07
19176,19176,Delivered,2024-10-23
19177,19177,Delivered,2025-04-12
19178,19178,Delivered,2025-12-21
19179,19179,Delivered,2024-05-18
19180,19180,Returned,NULL
19181,19181,Delayed,NULL
19182,19182,In Transit,NULL
19183,19183,Returned,NULL
19184,19184,In Transit,NULL
19185,19185,Delivered,2025-11-05
19186,19186,Delivered,2024-05-24
19187,19187,Delayed,NULL
19188,19188,Delivered,2026-07-27
19189,19189,Delivered,2023-11-09
19190,19190,Delivered,2025-03-12
19191,19191,Delivered,2024-04-07
19192,19192,In Transit,NULL
19193,19193,Delayed,NULL
19194,19194,Delivered,2026-05-14
19195,19195,In Transit,NULL
19196,19196,Delivered,2025-01-30
19197,19197,Delivered,2024-10-12
19198,19198,Delivered,2026-08-14
19199,19199,Delivered,2025-09-03
19200,19200,In Transit,NULL
19201,19201,In Transit,NULL
19202,19202,Delayed,NULL
19203,19203,Returned,NULL
19204,19204,Delivered,2025-07-07
19205,19205,Delivered,2026-06-19
19206,19206,Delivered,2024-07-17
19207,19207,In Transit,NULL
19208,19208,Delivered,2024-06-12
19209,19209,Delivered,2026-03-12
19210,19210,Delivered,2025-08-19
19211,19211,Delivered,2023-10-26
19212,19212,Delivered,2024-09-08
19213,19213,In Transit,NULL
19214,19214,Delivered,2023-09-19
19215,19215,Delayed,NULL
19216,19216,Returned,NULL
19217,19217,Delivered,2024-12-05
19218,19218,Delivered,2023-10-16
19219,19219,Delivered,2025-04-20
19220,19220,Delayed,NULL
19221,19221,Delivered,2023-09-09
19222,19222,In Transit,NULL
19223,19223,Delivered,2023-10-27
19224,19224,Delivered,2026-02-25
19225,19225,In Transit,NULL
19226,19226,Delivered,2025-02-15
19227,19227,In Transit,NULL
19228,19228,Delivered,2026-04-17
19229,19229,Delivered,2025-02-26
19230,19230,Delivered,2024-11-30
19231,19231,Delivered,2024-07-22
19232,19232,Delivered,2026-06-02
19233,19233,Delivered,2023-12-26
19234,19234,Delivered,2023-04-19
19235,19235,Delayed,NULL
19236,19236,Delivered,2025-08-15
19237,19237,Delivered,2026-04-06
19238,19238,In Transit,NULL
19239,19239,Delivered,2023-02-21
19240,19240,Delivered,2026-05-07
19241,19241,In Transit,NULL
19242,19242,Delivered,2025-11-23
19243,19243,Delayed,NULL
19244,19244,Delivered,2024-05-30
19245,19245,Returned,NULL
19246,19246,Delivered,2023-09-15
19247,19247,Delivered,2023-03-22
19248,19248,In Transit,NULL
19249,19249,In Transit,NULL
19250,19250,In Transit,NULL
19251,19251,Delivered,2024-09-09
19252,19252,Delivered,2025-01-24
19253,19253,Delayed,NULL
19254,19254,Delivered,2023-06-17
19255,19255,Delivered,2025-02-27
19256,19256,Delivered,2025-11-02
19257,19257,Delivered,2023-11-01
19258,19258,In Transit,NULL
19259,19259,In Transit,NULL
19260,19260,Delivered,2024-04-01
19261,19261,Delivered,2025-02-17
19262,19262,Delivered,2024-01-01
19263,19263,Delivered,2024-09-28
19264,19264,Delivered,2025-10-09
19265,19265,Delivered,2025-12-28
19266,19266,Delayed,NULL
19267,19267,Delayed,NULL
19268,19268,Returned,NULL
19269,19269,Delivered,2025-05-15
19270,19270,Delivered,2024-09-27
19271,19271,Delivered,2025-07-08
19272,19272,Delayed,NULL
19273,19273,Returned,NULL
19274,19274,Delivered,2024-07-16
19275,19275,In Transit,NULL
19276,19276,Delivered,2023-11-09
19277,19277,Delivered,2025-03-10
19278,19278,Delivered,2023-11-09
19279,19279,In Transit,NULL
19280,19280,Delivered,2023-03-08
19281,19281,Delivered,2025-06-08
19282,19282,Delayed,NULL
19283,19283,In Transit,NULL
19284,19284,Delivered,2025-05-29
19285,19285,Delivered,2024-03-01
19286,19286,Delayed,NULL
19287,19287,Delivered,2025-08-05
19288,19288,Delivered,2026-05-27
19289,19289,Delivered,2025-03-23
19290,19290,In Transit,NULL
19291,19291,Delivered,2025-11-29
19292,19292,Delivered,2025-02-13
19293,19293,In Transit,NULL
19294,19294,Delivered,2025-12-07
19295,19295,In Transit,NULL
19296,19296,Delivered,2024-10-29
19297,19297,Returned,NULL
19298,19298,Returned,NULL
19299,19299,Delivered,2024-12-11
19300,19300,Delivered,2023-04-11
19301,19301,Delivered,2024-01-10
19302,19302,Delivered,2024-08-24
19303,19303,Delivered,2025-05-16
19304,19304,Delivered,2024-09-30
19305,19305,Delayed,NULL
19306,19306,Delayed,NULL
19307,19307,Delayed,NULL
19308,19308,In Transit,NULL
19309,19309,Delivered,2025-02-02
19310,19310,Delivered,2023-11-25
19311,19311,In Transit,NULL
19312,19312,Delayed,NULL
19313,19313,In Transit,NULL
19314,19314,Delivered,2023-11-29
19315,19315,Delivered,2025-03-30
19316,19316,In Transit,NULL
19317,19317,In Transit,NULL
19318,19318,Delivered,2026-06-26
19319,19319,Delivered,2026-01-06
19320,19320,Delivered,2023-03-13
19321,19321,Delivered,2023-11-22
19322,19322,Delivered,2023-09-21
19323,19323,Delivered,2024-01-29
19324,19324,Delivered,2024-08-31
19325,19325,In Transit,NULL
19326,19326,Delayed,NULL
19327,19327,Delivered,2024-04-24
19328,19328,Delivered,2023-06-22
19329,19329,Delivered,2024-06-20
19330,19330,In Transit,NULL
19331,19331,Lost,NULL
19332,19332,In Transit,NULL
19333,19333,Delayed,NULL
19334,19334,Delivered,2025-10-10
19335,19335,Delivered,2023-06-20
19336,19336,Delivered,2023-04-23
19337,19337,Delivered,2026-01-18
19338,19338,Delayed,NULL
19339,19339,Delivered,2025-12-30
19340,19340,Delivered,2023-09-13
19341,19341,Delayed,NULL
19342,19342,Delivered,2026-03-16
19343,19343,Delayed,NULL
19344,19344,Delivered,2025-04-26
19345,19345,Delivered,2023-12-13
19346,19346,Delivered,2023-08-16
19347,19347,In Transit,NULL
19348,19348,Delayed,NULL
19349,19349,Delivered,2026-05-23
19350,19350,Delivered,2024-03-03
19351,19351,Delivered,2025-09-21
19352,19352,Delivered,2024-08-12
19353,19353,Delivered,2025-08-18
19354,19354,Delivered,2024-01-15
19355,19355,Delivered,2024-11-15
19356,19356,Delivered,2024-08-20
19357,19357,Delivered,2023-07-04
19358,19358,Returned,NULL
19359,19359,Delayed,NULL
19360,19360,In Transit,NULL
19361,19361,Delayed,NULL
19362,19362,Delivered,2024-10-12
19363,19363,Delivered,2024-04-13
19364,19364,In Transit,NULL
19365,19365,Delivered,2023-07-19
19366,19366,In Transit,NULL
19367,19367,Delivered,2024-01-30
19368,19368,Delayed,NULL
19369,19369,Delayed,NULL
19370,19370,In Transit,NULL
19371,19371,Delivered,2025-04-20
19372,19372,Delivered,2026-05-15
19373,19373,Delivered,2023-07-23
19374,19374,Delayed,NULL
19375,19375,Lost,NULL
19376,19376,Delivered,2024-10-15
19377,19377,Delivered,2026-05-15
19378,19378,Delivered,2025-10-20
19379,19379,Delivered,2025-12-25
19380,19380,Delivered,2026-02-22
19381,19381,Delivered,2023-02-08
19382,19382,Delivered,2024-03-27
19383,19383,Delivered,2023-11-02
19384,19384,Delivered,2023-11-02
19385,19385,In Transit,NULL
19386,19386,Delivered,2023-11-21
19387,19387,Delivered,2024-05-16
19388,19388,Delivered,2023-06-17
19389,19389,Delivered,2024-11-19
19390,19390,Delivered,2024-06-11
19391,19391,In Transit,NULL
19392,19392,In Transit,NULL
19393,19393,Delivered,2026-05-12
19394,19394,In Transit,NULL
19395,19395,In Transit,NULL
19396,19396,Lost,NULL
19397,19397,In Transit,NULL
19398,19398,Delivered,2023-10-31
19399,19399,In Transit,NULL
19400,19400,Delivered,2023-10-26
19401,19401,Delivered,2024-10-19
19402,19402,Delivered,2024-03-06
19403,19403,Delivered,2024-10-01
19404,19404,Delivered,2026-08-16
19405,19405,Delivered,2025-03-05
19406,19406,Delivered,2024-01-25
19407,19407,Delivered,2024-02-07
19408,19408,Delivered,2025-04-04
19409,19409,In Transit,NULL
19410,19410,Delayed,NULL
19411,19411,In Transit,NULL
19412,19412,Delivered,2026-04-22
19413,19413,Delivered,2026-07-24
19414,19414,Delivered,2026-03-27
19415,19415,Delivered,2024-11-11
19416,19416,Delivered,2026-02-27
19417,19417,Delivered,2023-04-06
19418,19418,In Transit,NULL
19419,19419,Delayed,NULL
19420,19420,Delivered,2024-07-14
19421,19421,Delivered,2026-06-17
19422,19422,Delivered,2023-06-13
19423,19423,In Transit,NULL
19424,19424,Delivered,2023-09-27
19425,19425,Delivered,2026-03-14
19426,19426,Delivered,2025-03-30
19427,19427,In Transit,NULL
19428,19428,Delivered,2025-05-31
19429,19429,Returned,NULL
19430,19430,Delivered,2023-10-25
19431,19431,Delivered,2026-06-02
19432,19432,Delivered,2025-12-21
19433,19433,Delivered,2025-04-30
19434,19434,Delivered,2023-07-01
19435,19435,Delivered,2026-02-15
19436,19436,Delivered,2026-01-31
19437,19437,Delayed,NULL
19438,19438,Delayed,NULL
19439,19439,Delivered,2026-01-18
19440,19440,In Transit,NULL
19441,19441,Delivered,2023-07-17
19442,19442,In Transit,NULL
19443,19443,Delivered,2025-06-14
19444,19444,In Transit,NULL
19445,19445,Delivered,2023-06-23
19446,19446,Delivered,2025-12-13
19447,19447,Delivered,2024-04-26
19448,19448,Delivered,2023-10-08
19449,19449,Delivered,2026-05-15
19450,19450,Returned,NULL
19451,19451,In Transit,NULL
19452,19452,Delayed,NULL
19453,19453,Delivered,2025-04-01
19454,19454,In Transit,NULL
19455,19455,Delivered,2025-06-18
19456,19456,Delivered,2023-04-12
19457,19457,Delayed,NULL
19458,19458,Delivered,2024-05-23
19459,19459,Returned,NULL
19460,19460,Delivered,2024-03-27
19461,19461,Delivered,2023-09-20
19462,19462,Delivered,2023-11-27
19463,19463,Delivered,2024-09-30
19464,19464,Delivered,2025-12-07
19465,19465,Delivered,2023-03-26
19466,19466,In Transit,NULL
19467,19467,Lost,NULL
19468,19468,Delivered,2024-06-20
19469,19469,Delivered,2023-01-24
19470,19470,In Transit,NULL
19471,19471,Delayed,NULL
19472,19472,In Transit,NULL
19473,19473,Returned,NULL
19474,19474,Delivered,2025-02-02
19475,19475,Delivered,2025-02-22
19476,19476,Delivered,2026-07-01
19477,19477,Lost,NULL
19478,19478,In Transit,NULL
19479,19479,Delivered,2023-11-07
19480,19480,Delivered,2024-10-28
19481,19481,Delivered,2026-04-09
19482,19482,In Transit,NULL
19483,19483,In Transit,NULL
19484,19484,In Transit,NULL
19485,19485,Delivered,2026-02-25
19486,19486,Delivered,2025-11-19
19487,19487,Delivered,2025-08-18
19488,19488,Delayed,NULL
19489,19489,In Transit,NULL
19490,19490,Delivered,2023-10-04
19491,19491,Delivered,2026-01-23
19492,19492,Delayed,NULL
19493,19493,Delivered,2025-02-07
19494,19494,Delivered,2023-03-05
19495,19495,Delivered,2024-09-07
19496,19496,Delivered,2023-01-26
19497,19497,Delivered,2026-07-18
19498,19498,Delivered,2025-02-04
19499,19499,In Transit,NULL
19500,19500,In Transit,NULL
19501,19501,Delayed,NULL
19502,19502,In Transit,NULL
19503,19503,In Transit,NULL
19504,19504,Delivered,2025-03-14
19505,19505,Delivered,2025-08-17
19506,19506,Delivered,2025-03-22
19507,19507,Delivered,2026-05-25
19508,19508,Delivered,2023-04-16
19509,19509,In Transit,NULL
19510,19510,Delivered,2025-11-24
19511,19511,Delayed,NULL
19512,19512,Delivered,2023-11-13
19513,19513,In Transit,NULL
19514,19514,Delivered,2023-04-06
19515,19515,Delayed,NULL
19516,19516,Delivered,2023-06-19
19517,19517,Returned,NULL
19518,19518,Delayed,NULL
19519,19519,Delivered,2026-04-10
19520,19520,In Transit,NULL
19521,19521,Delivered,2024-07-15
19522,19522,Delivered,2023-06-21
19523,19523,In Transit,NULL
19524,19524,Delivered,2025-03-29
19525,19525,Delayed,NULL
19526,19526,Returned,NULL
19527,19527,Delivered,2025-10-08
19528,19528,Delayed,NULL
19529,19529,In Transit,NULL
19530,19530,Delivered,2024-12-24
19531,19531,Delivered,2023-05-27
19532,19532,In Transit,NULL
19533,19533,Delivered,2024-08-07
19534,19534,Delivered,2023-10-11
19535,19535,Delivered,2025-09-21
19536,19536,Delivered,2024-04-13
19537,19537,In Transit,NULL
19538,19538,Delivered,2026-05-31
19539,19539,Delayed,NULL
19540,19540,Delivered,2025-10-17
19541,19541,Delayed,NULL
19542,19542,In Transit,NULL
19543,19543,Delivered,2026-03-14
19544,19544,In Transit,NULL
19545,19545,Delivered,2025-06-07
19546,19546,Delivered,2026-01-06
19547,19547,Returned,NULL
19548,19548,Delivered,2023-03-30
19549,19549,In Transit,NULL
19550,19550,Delivered,2023-10-17
19551,19551,Delivered,2025-04-12
19552,19552,In Transit,NULL
19553,19553,In Transit,NULL
19554,19554,In Transit,NULL
19555,19555,In Transit,NULL
19556,19556,Delivered,2025-04-16
19557,19557,Delivered,2025-08-10
19558,19558,Delivered,2024-12-09
19559,19559,In Transit,NULL
19560,19560,In Transit,NULL
19561,19561,Delivered,2024-12-06
19562,19562,Delivered,2023-07-14
19563,19563,Delayed,NULL
19564,19564,In Transit,NULL
19565,19565,Delivered,2024-05-04
19566,19566,Delayed,NULL
19567,19567,Delivered,2025-07-27
19568,19568,Delayed,NULL
19569,19569,Delivered,2024-09-30
19570,19570,Delayed,NULL
19571,19571,Delivered,2025-04-22
19572,19572,Delivered,2025-12-30
19573,19573,Delivered,2024-11-01
19574,19574,Delayed,NULL
19575,19575,In Transit,NULL
19576,19576,Returned,NULL
19577,19577,Delayed,NULL
19578,19578,In Transit,NULL
19579,19579,In Transit,NULL
19580,19580,In Transit,NULL
19581,19581,Delivered,2025-01-22
19582,19582,Delivered,2025-05-14
19583,19583,Delivered,2025-09-21
19584,19584,In Transit,NULL
19585,19585,Delivered,2024-12-27
19586,19586,Delivered,2025-02-19
19587,19587,Delivered,2026-02-05
19588,19588,Delivered,2023-12-31
19589,19589,Delayed,NULL
19590,19590,Delivered,2025-02-20
19591,19591,Delivered,2026-05-11
19592,19592,In Transit,NULL
19593,19593,Delivered,2026-03-09
19594,19594,Delivered,2025-10-12
19595,19595,Delivered,2026-07-14
19596,19596,Delivered,2023-05-20
19597,19597,Returned,NULL
19598,19598,Delivered,2023-07-08
19599,19599,Delayed,NULL
19600,19600,Delivered,2025-12-15
19601,19601,Delivered,2024-06-20
19602,19602,Delivered,2025-05-28
19603,19603,In Transit,NULL
19604,19604,Delivered,2024-10-03
19605,19605,Delivered,2025-07-13
19606,19606,Delivered,2026-02-14
19607,19607,Returned,NULL
19608,19608,Delivered,2023-09-14
19609,19609,In Transit,NULL
19610,19610,Delivered,2023-08-04
19611,19611,Delivered,2025-01-08
19612,19612,Delivered,2025-05-15
19613,19613,Delivered,2024-06-29
19614,19614,Delivered,2024-03-10
19615,19615,Delivered,2024-07-23
19616,19616,Delivered,2023-04-21
19617,19617,Delivered,2024-10-10
19618,19618,Delivered,2023-12-16
19619,19619,Delivered,2026-06-03
19620,19620,Delivered,2026-03-20
19621,19621,In Transit,NULL
19622,19622,In Transit,NULL
19623,19623,In Transit,NULL
19624,19624,Delivered,2024-04-17
19625,19625,Returned,NULL
19626,19626,Delivered,2023-03-29
19627,19627,Delivered,2024-01-27
19628,19628,Delivered,2026-05-05
19629,19629,Delivered,2025-04-16
19630,19630,In Transit,NULL
19631,19631,Delivered,2024-09-21
19632,19632,Delivered,2024-09-21
19633,19633,Delivered,2023-09-13
19634,19634,Delivered,2026-07-29
19635,19635,In Transit,NULL
19636,19636,Delivered,2025-07-11
19637,19637,Delivered,2025-07-27
19638,19638,Delivered,2025-09-11
19639,19639,Delivered,2025-05-26
19640,19640,Returned,NULL
19641,19641,Delivered,2024-12-04
19642,19642,Delivered,2024-09-19
19643,19643,Delivered,2025-07-15
19644,19644,Delivered,2024-06-06
19645,19645,Delivered,2024-05-07
19646,19646,Returned,NULL
19647,19647,Delivered,2024-07-26
19648,19648,In Transit,NULL
19649,19649,In Transit,NULL
19650,19650,Delivered,2023-09-20
19651,19651,Delivered,2024-02-23
19652,19652,Delayed,NULL
19653,19653,Delivered,2024-04-27
19654,19654,Delivered,2024-05-23
19655,19655,Delivered,2025-08-01
19656,19656,Delivered,2025-02-22
19657,19657,Delivered,2026-03-02
19658,19658,Delayed,NULL
19659,19659,Delivered,2024-02-13
19660,19660,In Transit,NULL
19661,19661,Delivered,2024-07-27
19662,19662,Delivered,2024-03-28
19663,19663,Delivered,2024-12-22
19664,19664,In Transit,NULL
19665,19665,Delivered,2025-04-15
19666,19666,Delivered,2025-06-14
19667,19667,Delivered,2023-04-22
19668,19668,In Transit,NULL
19669,19669,In Transit,NULL
19670,19670,Delivered,2024-09-12
19671,19671,Delivered,2026-06-30
19672,19672,Delivered,2023-02-20
19673,19673,Delivered,2024-10-09
19674,19674,Delivered,2025-07-14
19675,19675,In Transit,NULL
19676,19676,Delivered,2024-08-19
19677,19677,Delayed,NULL
19678,19678,Delivered,2025-05-04
19679,19679,In Transit,NULL
19680,19680,Delivered,2024-11-24
19681,19681,Delayed,NULL
19682,19682,Delivered,2026-05-29
19683,19683,Delivered,2023-06-28
19684,19684,Delayed,NULL
19685,19685,In Transit,NULL
19686,19686,Delivered,2024-08-27
19687,19687,Delivered,2023-08-06
19688,19688,Delivered,2023-08-05
19689,19689,In Transit,NULL
19690,19690,Delivered,2024-02-09
19691,19691,Delivered,2023-08-09
19692,19692,Delayed,NULL
19693,19693,Delivered,2024-08-23
19694,19694,In Transit,NULL
19695,19695,In Transit,NULL
19696,19696,Delivered,2024-07-11
19697,19697,Delivered,2023-03-22
19698,19698,Delivered,2023-03-28
19699,19699,Delayed,NULL
19700,19700,Delivered,2024-11-03
19701,19701,Delivered,2025-05-27
19702,19702,Delivered,2025-07-19
19703,19703,In Transit,NULL
19704,19704,Delivered,2023-05-28
19705,19705,Delivered,2025-06-20
19706,19706,Delivered,2025-09-23
19707,19707,Delayed,NULL
19708,19708,In Transit,NULL
19709,19709,Delivered,2023-08-18
19710,19710,Delivered,2023-10-20
19711,19711,In Transit,NULL
19712,19712,Delivered,2025-03-09
19713,19713,Delayed,NULL
19714,19714,Delivered,2024-06-08
19715,19715,Delivered,2026-01-03
19716,19716,Delivered,2023-05-19
19717,19717,Delivered,2026-05-28
19718,19718,Delayed,NULL
19719,19719,Delayed,NULL
19720,19720,In Transit,NULL
19721,19721,In Transit,NULL
19722,19722,Delivered,2025-10-07
19723,19723,Delivered,2025-09-29
19724,19724,In Transit,NULL
19725,19725,In Transit,NULL
19726,19726,In Transit,NULL
19727,19727,Delivered,2024-11-14
19728,19728,Delivered,2023-11-14
19729,19729,Delayed,NULL
19730,19730,Delivered,2024-01-04
19731,19731,In Transit,NULL
19732,19732,Delayed,NULL
19733,19733,Delivered,2024-04-29
19734,19734,In Transit,NULL
19735,19735,Delivered,2025-01-09
19736,19736,Delivered,2026-04-15
19737,19737,In Transit,NULL
19738,19738,Delivered,2024-03-05
19739,19739,Delayed,NULL
19740,19740,Delivered,2024-01-04
19741,19741,In Transit,NULL
19742,19742,Returned,NULL
19743,19743,Delivered,2026-04-05
19744,19744,Delivered,2025-11-19
19745,19745,Delayed,NULL
19746,19746,Delivered,2023-12-08
19747,19747,Delivered,2024-08-01
19748,19748,Delivered,2025-10-03
19749,19749,Delivered,2025-02-19
19750,19750,Delivered,2026-04-16
19751,19751,In Transit,NULL
19752,19752,In Transit,NULL
19753,19753,Delivered,2024-05-17
19754,19754,Delivered,2024-02-16
19755,19755,Delayed,NULL
19756,19756,Delivered,2024-09-05
19757,19757,Delayed,NULL
19758,19758,Delivered,2025-11-06
19759,19759,Delivered,2026-05-16
19760,19760,Delivered,2026-04-29
19761,19761,Delivered,2024-09-05
19762,19762,Delivered,2024-08-28
19763,19763,Delivered,2024-02-25
19764,19764,In Transit,NULL
19765,19765,Delayed,NULL
19766,19766,Delivered,2023-09-01
19767,19767,Delivered,2023-04-04
19768,19768,Delivered,2025-03-23
19769,19769,In Transit,NULL
19770,19770,In Transit,NULL
19771,19771,Delivered,2025-01-23
19772,19772,Delivered,2025-12-10
19773,19773,In Transit,NULL
19774,19774,Delayed,NULL
19775,19775,In Transit,NULL
19776,19776,In Transit,NULL
19777,19777,Delivered,2026-01-16
19778,19778,Delivered,2025-06-06
19779,19779,In Transit,NULL
19780,19780,Delayed,NULL
19781,19781,Delivered,2025-11-17
19782,19782,Delivered,2024-08-12
19783,19783,In Transit,NULL
19784,19784,Delayed,NULL
19785,19785,Delivered,2023-06-22
19786,19786,Returned,NULL
19787,19787,Delivered,2023-03-10
19788,19788,In Transit,NULL
19789,19789,Lost,NULL
19790,19790,Delivered,2024-04-24
19791,19791,Delivered,2024-09-17
19792,19792,Delayed,NULL
19793,19793,In Transit,NULL
19794,19794,Delivered,2025-07-12
19795,19795,Delivered,2025-05-18
19796,19796,In Transit,NULL
19797,19797,Delivered,2024-07-01
19798,19798,In Transit,NULL
19799,19799,Delivered,2024-12-17
19800,19800,In Transit,NULL
19801,19801,Delivered,2025-01-08
19802,19802,Delivered,2026-06-10
19803,19803,Delivered,2023-09-16
19804,19804,Delivered,2024-08-18
19805,19805,Delivered,2023-04-05
19806,19806,In Transit,NULL
19807,19807,Delivered,2023-08-11
19808,19808,Delivered,2023-12-08
19809,19809,Delivered,2026-05-12
19810,19810,Delivered,2025-07-22
19811,19811,Delivered,2024-11-26
19812,19812,Delivered,2025-12-02
19813,19813,Delivered,2024-11-29
19814,19814,Delivered,2024-12-28
19815,19815,Delivered,2025-06-27
19816,19816,Delivered,2026-01-26
19817,19817,Delivered,2023-06-18
19818,19818,Delivered,2024-08-22
19819,19819,In Transit,NULL
19820,19820,Delivered,2026-07-23
19821,19821,In Transit,NULL
19822,19822,Delivered,2023-07-17
19823,19823,In Transit,NULL
19824,19824,Delivered,2023-07-05
19825,19825,Delivered,2026-05-15
19826,19826,In Transit,NULL
19827,19827,Delivered,2025-03-02
19828,19828,Delivered,2023-12-23
19829,19829,In Transit,NULL
19830,19830,Delivered,2023-01-18
19831,19831,Delayed,NULL
19832,19832,In Transit,NULL
19833,19833,Delivered,2025-04-14
19834,19834,In Transit,NULL
19835,19835,Delivered,2025-05-26
19836,19836,Delivered,2024-09-18
19837,19837,Delivered,2026-01-05
19838,19838,In Transit,NULL
19839,19839,Delivered,2025-08-09
19840,19840,Delivered,2025-03-22
19841,19841,In Transit,NULL
19842,19842,Delivered,2023-08-20
19843,19843,Delivered,2023-10-30
19844,19844,Delivered,2025-08-20
19845,19845,Delivered,2025-02-15
19846,19846,Delivered,2023-12-08
19847,19847,In Transit,NULL
19848,19848,Delivered,2026-02-16
19849,19849,Delivered,2024-04-29
19850,19850,Delivered,2023-01-13
19851,19851,Delayed,NULL
19852,19852,Delivered,2025-08-20
19853,19853,Delayed,NULL
19854,19854,Delivered,2023-02-06
19855,19855,In Transit,NULL
19856,19856,Delayed,NULL
19857,19857,Delivered,2023-11-17
19858,19858,In Transit,NULL
19859,19859,Delivered,2024-01-04
19860,19860,Delivered,2023-10-05
19861,19861,In Transit,NULL
19862,19862,In Transit,NULL
19863,19863,In Transit,NULL
19864,19864,Delivered,2023-09-07
19865,19865,In Transit,NULL
19866,19866,Delivered,2026-02-18
19867,19867,Delayed,NULL
19868,19868,In Transit,NULL
19869,19869,Delivered,2023-09-27
19870,19870,Delivered,2024-04-12
19871,19871,Delivered,2023-12-15
19872,19872,Delivered,2025-02-15
19873,19873,Delivered,2023-11-06
19874,19874,Delayed,NULL
19875,19875,In Transit,NULL
19876,19876,Delivered,2026-05-16
19877,19877,Delivered,2023-06-08
19878,19878,Delayed,NULL
19879,19879,Delivered,2023-10-06
19880,19880,Delivered,2024-10-03
19881,19881,Delayed,NULL
19882,19882,Delivered,2023-10-04
19883,19883,Delayed,NULL
19884,19884,Delayed,NULL
19885,19885,Delivered,2026-07-12
19886,19886,Returned,NULL
19887,19887,Delivered,2023-12-09
19888,19888,In Transit,NULL
19889,19889,Delayed,NULL
19890,19890,In Transit,NULL
19891,19891,Delayed,NULL
19892,19892,Returned,NULL
19893,19893,Lost,NULL
19894,19894,In Transit,NULL
19895,19895,In Transit,NULL
19896,19896,Delayed,NULL
19897,19897,Delayed,NULL
19898,19898,In Transit,NULL
19899,19899,Delivered,2025-02-11
19900,19900,Delayed,NULL
19901,19901,Delivered,2025-05-18
19902,19902,Delivered,2026-06-19
19903,19903,Delivered,2025-10-03
19904,19904,In Transit,NULL
19905,19905,Delivered,2026-02-26
19906,19906,Delivered,2023-09-27
19907,19907,Delivered,2025-10-19
19908,19908,Delayed,NULL
19909,19909,Delivered,2024-08-26
19910,19910,Delayed,NULL
19911,19911,Delayed,NULL
19912,19912,Delivered,2023-12-20
19913,19913,In Transit,NULL
19914,19914,Delayed,NULL
19915,19915,Delivered,2025-01-30
19916,19916,Delivered,2024-08-23
19917,19917,In Transit,NULL
19918,19918,In Transit,NULL
19919,19919,Delivered,2025-01-26
19920,19920,In Transit,NULL
19921,19921,Delivered,2025-12-26
19922,19922,Delivered,2024-01-25
19923,19923,Delivered,2025-12-28
19924,19924,In Transit,NULL
19925,19925,Delayed,NULL
19926,19926,Delivered,2023-08-22
19927,19927,Delivered,2023-07-03
19928,19928,Delivered,2026-05-24
19929,19929,In Transit,NULL
19930,19930,Returned,NULL
19931,19931,Delivered,2025-11-26
19932,19932,In Transit,NULL
19933,19933,In Transit,NULL
19934,19934,Delivered,2024-07-11
19935,19935,Delivered,2026-03-23
19936,19936,Delivered,2023-04-18
19937,19937,Delivered,2025-05-23
19938,19938,In Transit,NULL
19939,19939,Delivered,2026-08-01
19940,19940,In Transit,NULL
19941,19941,Delivered,2024-01-22
19942,19942,Delivered,2025-10-21
19943,19943,Delivered,2023-11-04
19944,19944,Delayed,NULL
19945,19945,Delivered,2025-11-18
19946,19946,Delivered,2026-08-07
19947,19947,Lost,NULL
19948,19948,Delivered,2024-04-20
19949,19949,In Transit,NULL
19950,19950,Returned,NULL
19951,19951,Delivered,2023-05-24
19952,19952,Delivered,2024-05-19
19953,19953,In Transit,NULL
19954,19954,In Transit,NULL
19955,19955,In Transit,NULL
19956,19956,Delivered,2024-10-22
19957,19957,Delivered,2024-05-25
19958,19958,Delivered,2025-05-08
19959,19959,In Transit,NULL
19960,19960,Delivered,2023-07-17
19961,19961,Lost,NULL
19962,19962,Delivered,2025-02-01
19963,19963,Delivered,2023-06-27
19964,19964,In Transit,NULL
19965,19965,In Transit,NULL
19966,19966,Delivered,2026-07-12
19967,19967,Delivered,2025-10-08
19968,19968,Delivered,2025-10-21
19969,19969,Delivered,2024-06-02
19970,19970,Delivered,2025-08-27
19971,19971,Delivered,2025-08-13
19972,19972,In Transit,NULL
19973,19973,Delivered,2023-08-12
19974,19974,Delayed,NULL
19975,19975,Delayed,NULL
19976,19976,Delivered,2025-11-16
19977,19977,Lost,NULL
19978,19978,Delivered,2025-09-09
19979,19979,Delayed,NULL
19980,19980,Delivered,2025-01-26
19981,19981,Delivered,2026-02-24
19982,19982,Delivered,2023-06-26
19983,19983,Delivered,2023-05-07
19984,19984,Delivered,2025-02-13
19985,19985,In Transit,NULL
19986,19986,In Transit,NULL
19987,19987,Returned,NULL
19988,19988,In Transit,NULL
19989,19989,Delivered,2025-06-03
19990,19990,Delivered,2024-02-19
19991,19991,Delivered,2026-02-18
19992,19992,Delivered,2025-12-21
19993,19993,Delivered,2024-09-28
19994,19994,Delivered,2024-07-24
19995,19995,Delivered,2024-08-27
19996,19996,Delayed,NULL
19997,19997,Delivered,2025-11-25
19998,19998,In Transit,NULL
19999,19999,In Transit,NULL
20000,20000,Delivered,2025-07-23
20001,20001,Delayed,NULL
20002,20002,Delivered,2025-05-26
20003,20003,Delivered,2026-01-05
20004,20004,Delivered,2026-01-30
20005,20005,Delayed,NULL
20006,20006,Delivered,2025-01-03
20007,20007,Delayed,NULL
20008,20008,Delivered,2026-05-04
20009,20009,Delivered,2024-03-22
20010,20010,Delivered,2023-02-23
20011,20011,Delivered,2023-06-22
20012,20012,Delivered,2023-12-26
20013,20013,Delivered,2024-04-24
20014,20014,In Transit,NULL
20015,20015,Delivered,2025-06-05
20016,20016,Delivered,2025-06-28
20017,20017,Delayed,NULL
20018,20018,Delivered,2023-03-07
20019,20019,Delayed,NULL
20020,20020,Delivered,2024-05-05
20021,20021,Delivered,2024-07-13
20022,20022,Delivered,2026-05-15
20023,20023,Delivered,2023-10-25
20024,20024,Delivered,2025-12-30
20025,20025,In Transit,NULL
20026,20026,In Transit,NULL
20027,20027,Delayed,NULL
20028,20028,Delivered,2023-07-02
20029,20029,In Transit,NULL
20030,20030,Lost,NULL
20031,20031,In Transit,NULL
20032,20032,Delayed,NULL
20033,20033,In Transit,NULL
20034,20034,Delivered,2026-04-29
20035,20035,Delivered,2026-06-22
20036,20036,Delivered,2023-09-02
20037,20037,Delivered,2023-10-16
20038,20038,Delivered,2023-08-23
20039,20039,In Transit,NULL
20040,20040,In Transit,NULL
20041,20041,Delivered,2025-10-31
20042,20042,Delivered,2023-10-16
20043,20043,Delivered,2023-08-07
20044,20044,In Transit,NULL
20045,20045,Delivered,2025-06-24
20046,20046,In Transit,NULL
20047,20047,Delivered,2023-07-22
20048,20048,Delivered,2025-05-11
20049,20049,Delivered,2025-12-02
20050,20050,Delivered,2026-07-21
20051,20051,Delivered,2023-02-17
20052,20052,Delivered,2026-08-17
20053,20053,Delayed,NULL
20054,20054,Delivered,2025-06-13
20055,20055,Returned,NULL
20056,20056,Delayed,NULL
20057,20057,Delayed,NULL
20058,20058,Delivered,2026-02-16
20059,20059,Returned,NULL
20060,20060,In Transit,NULL
20061,20061,Delivered,2024-09-01
20062,20062,Delivered,2024-03-24
20063,20063,Delivered,2023-03-22
20064,20064,Delivered,2024-02-11
20065,20065,Delayed,NULL
20066,20066,Delivered,2023-12-12
20067,20067,Delivered,2025-10-13
20068,20068,Lost,NULL
20069,20069,Delivered,2023-08-27
20070,20070,Delayed,NULL
20071,20071,Returned,NULL
20072,20072,Delivered,2026-06-06
20073,20073,Delivered,2025-10-12
20074,20074,In Transit,NULL
20075,20075,Delivered,2024-11-02
20076,20076,In Transit,NULL
20077,20077,Returned,NULL
20078,20078,Delivered,2023-09-18
20079,20079,Delayed,NULL
20080,20080,Returned,NULL
20081,20081,Delivered,2024-07-21
20082,20082,Delivered,2024-07-31
20083,20083,Delayed,NULL
20084,20084,Delivered,2026-08-24
20085,20085,Delivered,2026-02-17
20086,20086,In Transit,NULL
20087,20087,Delivered,2026-01-11
20088,20088,Delivered,2024-02-05
20089,20089,Returned,NULL
20090,20090,Delivered,2025-02-12
20091,20091,In Transit,NULL
20092,20092,Delayed,NULL
20093,20093,In Transit,NULL
20094,20094,Delivered,2023-10-20
20095,20095,Delivered,2025-10-02
20096,20096,Delayed,NULL
20097,20097,Delivered,2026-03-28
20098,20098,Delivered,2024-02-27
20099,20099,In Transit,NULL
20100,20100,Delivered,2026-08-22
20101,20101,Delivered,2025-01-03
20102,20102,Delivered,2025-04-23
20103,20103,In Transit,NULL
20104,20104,Delayed,NULL
20105,20105,In Transit,NULL
20106,20106,Delivered,2023-12-09
20107,20107,Delivered,2026-07-19
20108,20108,Delivered,2024-07-31
20109,20109,In Transit,NULL
20110,20110,Returned,NULL
20111,20111,Delayed,NULL
20112,20112,Delivered,2025-01-21
20113,20113,In Transit,NULL
20114,20114,Delivered,2025-09-01
20115,20115,Delayed,NULL
20116,20116,In Transit,NULL
20117,20117,Delivered,2024-08-22
20118,20118,In Transit,NULL
20119,20119,Lost,NULL
20120,20120,Delivered,2026-04-09
20121,20121,Delivered,2025-05-02
20122,20122,In Transit,NULL
20123,20123,Delivered,2024-09-15
20124,20124,Delayed,NULL
20125,20125,Delivered,2024-04-04
20126,20126,Delayed,NULL
20127,20127,Delayed,NULL
20128,20128,In Transit,NULL
20129,20129,Delivered,2026-01-10
20130,20130,Delivered,2025-11-19
20131,20131,Delivered,2025-08-20
20132,20132,In Transit,NULL
20133,20133,Delivered,2023-10-06
20134,20134,Delivered,2024-08-20
20135,20135,Delivered,2023-02-21
20136,20136,Delivered,2025-07-01
20137,20137,Delayed,NULL
20138,20138,Delivered,2023-10-04
20139,20139,Delayed,NULL
20140,20140,Delivered,2023-07-29
20141,20141,In Transit,NULL
20142,20142,In Transit,NULL
20143,20143,Delivered,2024-03-25
20144,20144,Delivered,2023-04-05
20145,20145,Delayed,NULL
20146,20146,Delivered,2023-05-23
20147,20147,In Transit,NULL
20148,20148,Delivered,2024-09-12
20149,20149,Delivered,2023-03-27
20150,20150,Delivered,2023-12-16
20151,20151,In Transit,NULL
20152,20152,Delivered,2024-04-10
20153,20153,Delivered,2024-07-10
20154,20154,Delivered,2025-11-08
20155,20155,Delivered,2025-04-12
20156,20156,Delivered,2025-04-13
20157,20157,In Transit,NULL
20158,20158,Delivered,2025-08-17
20159,20159,In Transit,NULL
20160,20160,Delivered,2024-01-12
20161,20161,Delayed,NULL
20162,20162,Delivered,2023-07-07
20163,20163,In Transit,NULL
20164,20164,Delayed,NULL
20165,20165,Returned,NULL
20166,20166,Delivered,2026-05-06
20167,20167,Delayed,NULL
20168,20168,In Transit,NULL
20169,20169,In Transit,NULL
20170,20170,Returned,NULL
20171,20171,Delivered,2025-02-22
20172,20172,Delivered,2024-10-27
20173,20173,In Transit,NULL
20174,20174,Delayed,NULL
20175,20175,Delivered,2024-07-09
20176,20176,In Transit,NULL
20177,20177,Delivered,2026-08-06
20178,20178,Delivered,2025-05-26
20179,20179,Delivered,2023-10-04
20180,20180,Delayed,NULL
20181,20181,Delivered,2025-12-09
20182,20182,Delivered,2023-06-06
20183,20183,Delayed,NULL
20184,20184,Delivered,2024-10-27
20185,20185,Delivered,2023-02-26
20186,20186,In Transit,NULL
20187,20187,Returned,NULL
20188,20188,Delivered,2024-07-31
20189,20189,In Transit,NULL
20190,20190,Delayed,NULL
20191,20191,Delivered,2026-03-27
20192,20192,Delayed,NULL
20193,20193,Delivered,2025-03-09
20194,20194,Delayed,NULL
20195,20195,In Transit,NULL
20196,20196,Delivered,2025-02-17
20197,20197,Delivered,2025-03-17
20198,20198,Delivered,2023-12-07
20199,20199,In Transit,NULL
20200,20200,Delayed,NULL
20201,20201,In Transit,NULL
20202,20202,Delivered,2025-10-28
20203,20203,Delivered,2023-04-21
20204,20204,Delayed,NULL
20205,20205,In Transit,NULL
20206,20206,Delivered,2026-04-15
20207,20207,In Transit,NULL
20208,20208,In Transit,NULL
20209,20209,Delayed,NULL
20210,20210,In Transit,NULL
20211,20211,Delivered,2025-01-22
20212,20212,Delivered,2025-10-07
20213,20213,Delivered,2024-07-04
20214,20214,Delivered,2023-12-16
20215,20215,In Transit,NULL
20216,20216,Delivered,2025-09-12
20217,20217,Delayed,NULL
20218,20218,In Transit,NULL
20219,20219,Delivered,2023-05-17
20220,20220,Delivered,2024-07-17
20221,20221,Delivered,2024-02-18
20222,20222,Delivered,2024-03-24
20223,20223,Delivered,2025-12-20
20224,20224,Delivered,2024-07-26
20225,20225,Delivered,2024-10-22
20226,20226,Delivered,2025-06-27
20227,20227,Delivered,2023-04-24
20228,20228,Delayed,NULL
20229,20229,Delivered,2024-08-13
20230,20230,Delivered,2026-08-04
20231,20231,In Transit,NULL
20232,20232,Delivered,2025-03-08
20233,20233,Delayed,NULL
20234,20234,Delivered,2024-05-17
20235,20235,Delivered,2025-05-12
20236,20236,Delayed,NULL
20237,20237,In Transit,NULL
20238,20238,In Transit,NULL
20239,20239,Delivered,2023-05-25
20240,20240,Delivered,2023-04-29
20241,20241,In Transit,NULL
20242,20242,Delivered,2026-06-21
20243,20243,Delayed,NULL
20244,20244,Delivered,2023-10-11
20245,20245,Delayed,NULL
20246,20246,In Transit,NULL
20247,20247,Delivered,2025-09-09
20248,20248,In Transit,NULL
20249,20249,Delivered,2025-03-28
20250,20250,Delayed,NULL
20251,20251,Delivered,2023-09-05
20252,20252,Delivered,2025-05-20
20253,20253,In Transit,NULL
20254,20254,Delivered,2026-08-23
20255,20255,In Transit,NULL
20256,20256,Delayed,NULL
20257,20257,Returned,NULL
20258,20258,In Transit,NULL
20259,20259,Delivered,2025-04-10
20260,20260,Delivered,2026-01-19
20261,20261,In Transit,NULL
20262,20262,In Transit,NULL
20263,20263,Delayed,NULL
20264,20264,Delayed,NULL
20265,20265,Delivered,2024-07-27
20266,20266,Delivered,2026-01-12
20267,20267,Delivered,2024-04-27
20268,20268,Delivered,2024-04-26
20269,20269,Delivered,2023-03-25
20270,20270,Delivered,2026-05-27
20271,20271,Delivered,2024-04-09
20272,20272,Delivered,2024-03-12
20273,20273,Delayed,NULL
20274,20274,Delivered,2026-07-03
20275,20275,Delivered,2024-10-18
20276,20276,Delivered,2023-10-16
20277,20277,In Transit,NULL
20278,20278,Delayed,NULL
20279,20279,In Transit,NULL
20280,20280,Delivered,2024-08-18
20281,20281,Delivered,2024-03-19
20282,20282,Delivered,2023-06-03
20283,20283,In Transit,NULL
20284,20284,Delivered,2024-12-02
20285,20285,In Transit,NULL
20286,20286,In Transit,NULL
20287,20287,In Transit,NULL
20288,20288,In Transit,NULL
20289,20289,Delivered,2023-02-22
20290,20290,Delivered,2024-12-08
20291,20291,Delayed,NULL
20292,20292,Delivered,2024-08-02
20293,20293,Delivered,2026-04-06
20294,20294,Delayed,NULL
20295,20295,Delivered,2024-05-15
20296,20296,Delivered,2025-11-23
20297,20297,In Transit,NULL
20298,20298,Delivered,2026-06-17
20299,20299,Delivered,2024-11-18
20300,20300,Delivered,2025-04-15
20301,20301,Delivered,2024-08-31
20302,20302,Delivered,2024-05-12
20303,20303,In Transit,NULL
20304,20304,Delivered,2024-12-17
20305,20305,Delivered,2026-06-08
20306,20306,Lost,NULL
20307,20307,Delivered,2025-10-19
20308,20308,Delivered,2026-04-22
20309,20309,In Transit,NULL
20310,20310,Delivered,2026-05-12
20311,20311,Delivered,2026-01-14
20312,20312,Delivered,2025-07-08
20313,20313,In Transit,NULL
20314,20314,Delivered,2025-10-25
20315,20315,Delivered,2023-04-25
20316,20316,Delivered,2023-03-07
20317,20317,Delivered,2023-02-21
20318,20318,Delivered,2026-06-07
20319,20319,Delivered,2025-09-03
20320,20320,Lost,NULL
20321,20321,In Transit,NULL
20322,20322,Delivered,2024-12-25
20323,20323,Delivered,2026-06-02
20324,20324,Returned,NULL
20325,20325,Returned,NULL
20326,20326,Delayed,NULL
20327,20327,Delivered,2024-02-14
20328,20328,Delivered,2024-02-20
20329,20329,Delivered,2026-08-16
20330,20330,In Transit,NULL
20331,20331,Delivered,2025-04-03
20332,20332,Delivered,2023-08-28
20333,20333,Delivered,2026-06-11
20334,20334,In Transit,NULL
20335,20335,Delivered,2024-05-16
20336,20336,Delivered,2026-03-19
20337,20337,In Transit,NULL
20338,20338,In Transit,NULL
20339,20339,Delivered,2026-04-11
20340,20340,In Transit,NULL
20341,20341,In Transit,NULL
20342,20342,Delivered,2024-03-04
20343,20343,Delivered,2025-07-12
20344,20344,Delivered,2023-05-05
20345,20345,In Transit,NULL
20346,20346,Delivered,2025-12-02
20347,20347,Lost,NULL
20348,20348,In Transit,NULL
20349,20349,In Transit,NULL
20350,20350,In Transit,NULL
20351,20351,Delivered,2026-01-06
20352,20352,Delivered,2024-06-03
20353,20353,Delivered,2024-09-23
20354,20354,Delivered,2023-06-03
20355,20355,Delivered,2026-02-17
20356,20356,In Transit,NULL
20357,20357,Delivered,2024-10-31
20358,20358,Delivered,2023-09-19
20359,20359,Delivered,2026-06-16
20360,20360,Delivered,2025-09-26
20361,20361,Delivered,2023-01-31
20362,20362,Delivered,2025-09-20
20363,20363,Delayed,NULL
20364,20364,Delivered,2025-06-03
20365,20365,Delivered,2026-01-21
20366,20366,Delivered,2023-12-31
20367,20367,Delivered,2024-09-18
20368,20368,Delivered,2025-06-14
20369,20369,Delivered,2025-09-03
20370,20370,Delivered,2024-01-05
20371,20371,Delivered,2023-08-28
20372,20372,Delivered,2025-06-06
20373,20373,Delivered,2024-09-25
20374,20374,Delayed,NULL
20375,20375,Delayed,NULL
20376,20376,Delayed,NULL
20377,20377,Delivered,2026-07-15
20378,20378,Delayed,NULL
20379,20379,In Transit,NULL
20380,20380,Delivered,2026-06-12
20381,20381,In Transit,NULL
20382,20382,In Transit,NULL
20383,20383,Delivered,2023-07-01
20384,20384,Delayed,NULL
20385,20385,Delivered,2026-03-28
20386,20386,In Transit,NULL
20387,20387,Delivered,2025-10-10
20388,20388,Delivered,2024-01-24
20389,20389,Delivered,2026-02-22
20390,20390,Delayed,NULL
20391,20391,In Transit,NULL
20392,20392,In Transit,NULL
20393,20393,Delivered,2024-12-28
20394,20394,Delivered,2025-05-26
20395,20395,Delivered,2026-02-16
20396,20396,Delayed,NULL
20397,20397,Returned,NULL
20398,20398,Delivered,2024-09-23
20399,20399,Delivered,2025-02-13
20400,20400,Delivered,2023-03-04
20401,20401,Delivered,2023-10-28
20402,20402,Delivered,2024-09-07
20403,20403,Delivered,2025-08-25
20404,20404,Delivered,2026-07-25
20405,20405,Delivered,2023-08-02
20406,20406,Delayed,NULL
20407,20407,Delayed,NULL
20408,20408,In Transit,NULL
20409,20409,Delivered,2024-02-19
20410,20410,Delivered,2024-08-09
20411,20411,Delivered,2023-05-20
20412,20412,In Transit,NULL
20413,20413,Delivered,2025-06-09
20414,20414,Delivered,2023-09-16
20415,20415,Delivered,2025-11-17
20416,20416,Delivered,2024-02-04
20417,20417,Delivered,2024-08-22
20418,20418,In Transit,NULL
20419,20419,Delayed,NULL
20420,20420,Delivered,2026-04-07
20421,20421,Delivered,2023-06-20
20422,20422,Delivered,2023-05-30
20423,20423,Delivered,2026-01-13
20424,20424,Delivered,2023-10-07
20425,20425,Delayed,NULL
20426,20426,Delivered,2025-06-07
20427,20427,Delivered,2023-08-19
20428,20428,Delivered,2024-05-30
20429,20429,Delivered,2026-05-30
20430,20430,In Transit,NULL
20431,20431,Delivered,2024-10-11
20432,20432,Delivered,2023-12-23
20433,20433,In Transit,NULL
20434,20434,Returned,NULL
20435,20435,Delivered,2026-03-13
20436,20436,In Transit,NULL
20437,20437,Delivered,2024-07-09
20438,20438,Delivered,2023-10-14
20439,20439,Delivered,2025-11-30
20440,20440,In Transit,NULL
20441,20441,In Transit,NULL
20442,20442,Lost,NULL
20443,20443,Delivered,2026-05-08
20444,20444,In Transit,NULL
20445,20445,Delivered,2024-10-21
20446,20446,Delivered,2026-02-20
20447,20447,Delivered,2024-03-03
20448,20448,Delivered,2025-01-08
20449,20449,In Transit,NULL
20450,20450,Delivered,2025-03-09
20451,20451,Delivered,2024-10-06
20452,20452,In Transit,NULL
20453,20453,Delivered,2024-01-01
20454,20454,Delivered,2026-03-23
20455,20455,Delayed,NULL
20456,20456,Delayed,NULL
20457,20457,Delivered,2026-08-12
20458,20458,Delayed,NULL
20459,20459,Delayed,NULL
20460,20460,Delivered,2025-07-09
20461,20461,Delivered,2024-02-29
20462,20462,Delayed,NULL
20463,20463,Delivered,2023-01-16
20464,20464,Delivered,2023-12-30
20465,20465,Delivered,2023-03-26
20466,20466,Delivered,2025-06-08
20467,20467,Delivered,2024-10-21
20468,20468,In Transit,NULL
20469,20469,Delivered,2024-02-01
20470,20470,Delivered,2023-04-30
20471,20471,Returned,NULL
20472,20472,Delivered,2024-11-28
20473,20473,Delivered,2023-12-28
20474,20474,In Transit,NULL
20475,20475,Delivered,2024-02-25
20476,20476,Delivered,2023-12-28
20477,20477,Delivered,2025-11-28
20478,20478,Delivered,2026-05-11
20479,20479,In Transit,NULL
20480,20480,Delivered,2023-03-11
20481,20481,Lost,NULL
20482,20482,Delivered,2025-07-16
20483,20483,Delivered,2025-09-07
20484,20484,Delivered,2024-06-09
20485,20485,Delivered,2024-05-29
20486,20486,Delivered,2024-09-05
20487,20487,Delayed,NULL
20488,20488,In Transit,NULL
20489,20489,Delivered,2025-10-16
20490,20490,In Transit,NULL
20491,20491,Delivered,2024-12-01
20492,20492,In Transit,NULL
20493,20493,Delivered,2025-05-03
20494,20494,Delivered,2024-11-08
20495,20495,Returned,NULL
20496,20496,In Transit,NULL
20497,20497,Delayed,NULL
20498,20498,Delivered,2025-12-25
20499,20499,Delivered,2023-08-28
20500,20500,Delivered,2024-06-21
20501,20501,Delivered,2024-03-19
20502,20502,Delivered,2025-07-26
20503,20503,Delivered,2026-01-07
20504,20504,Returned,NULL
20505,20505,Delayed,NULL
20506,20506,Delivered,2026-03-26
20507,20507,Delivered,2023-07-05
20508,20508,Delivered,2023-02-13
20509,20509,Delivered,2025-08-17
20510,20510,Delayed,NULL
20511,20511,Delivered,2023-12-31
20512,20512,Delivered,2026-08-09
20513,20513,Delivered,2025-07-25
20514,20514,Delivered,2026-07-11
20515,20515,Delayed,NULL
20516,20516,In Transit,NULL
20517,20517,Delivered,2026-01-28
20518,20518,Delivered,2023-12-16
20519,20519,Delivered,2024-09-01
20520,20520,Delivered,2025-06-10
20521,20521,Delivered,2026-01-25
20522,20522,In Transit,NULL
20523,20523,In Transit,NULL
20524,20524,Delivered,2023-04-17
20525,20525,Returned,NULL
20526,20526,Delayed,NULL
20527,20527,In Transit,NULL
20528,20528,In Transit,NULL
20529,20529,Delivered,2024-05-25
20530,20530,Delivered,2024-05-28
20531,20531,Delivered,2025-02-04
20532,20532,In Transit,NULL
20533,20533,In Transit,NULL
20534,20534,In Transit,NULL
20535,20535,Delayed,NULL
20536,20536,Delivered,2026-03-20
20537,20537,Delivered,2025-03-11
20538,20538,In Transit,NULL
20539,20539,Delivered,2023-06-24
20540,20540,In Transit,NULL
20541,20541,Delivered,2023-02-16
20542,20542,Delivered,2026-07-01
20543,20543,Delayed,NULL
20544,20544,Delivered,2023-07-08
20545,20545,In Transit,NULL
20546,20546,In Transit,NULL
20547,20547,Delivered,2026-03-01
20548,20548,Delivered,2023-06-25
20549,20549,In Transit,NULL
20550,20550,In Transit,NULL
20551,20551,In Transit,NULL
20552,20552,In Transit,NULL
20553,20553,Delivered,2023-11-26
20554,20554,Delivered,2024-04-12
20555,20555,Delivered,2023-08-15
20556,20556,Delivered,2024-04-18
20557,20557,Delayed,NULL
20558,20558,Returned,NULL
20559,20559,Delivered,2026-06-12
20560,20560,Delivered,2024-02-06
20561,20561,In Transit,NULL
20562,20562,Delivered,2025-11-04
20563,20563,Delivered,2023-04-22
20564,20564,Delivered,2024-01-22
20565,20565,In Transit,NULL
20566,20566,Delivered,2026-01-28
20567,20567,In Transit,NULL
20568,20568,Delivered,2024-04-22
20569,20569,Delayed,NULL
20570,20570,Delivered,2025-01-01
20571,20571,Delivered,2024-11-05
20572,20572,In Transit,NULL
20573,20573,Delivered,2025-05-06
20574,20574,Delayed,NULL
20575,20575,Delivered,2024-07-08
20576,20576,In Transit,NULL
20577,20577,Delivered,2026-05-30
20578,20578,Delivered,2025-07-13
20579,20579,Delivered,2024-08-19
20580,20580,Delivered,2025-03-14
20581,20581,Delivered,2025-12-13
20582,20582,In Transit,NULL
20583,20583,Delivered,2023-08-16
20584,20584,Delayed,NULL
20585,20585,Delivered,2026-04-24
20586,20586,Delivered,2025-10-09
20587,20587,Delivered,2024-08-15
20588,20588,Delayed,NULL
20589,20589,Delivered,2025-07-26
20590,20590,In Transit,NULL
20591,20591,Delivered,2023-12-13
20592,20592,Delivered,2024-01-26
20593,20593,In Transit,NULL
20594,20594,Delivered,2023-08-21
20595,20595,Delivered,2024-09-20
20596,20596,In Transit,NULL
20597,20597,Returned,NULL
20598,20598,Returned,NULL
20599,20599,Delivered,2026-05-24
20600,20600,Delivered,2024-07-14
20601,20601,Delivered,2023-12-27
20602,20602,In Transit,NULL
20603,20603,Delivered,2025-01-05
20604,20604,In Transit,NULL
20605,20605,Delayed,NULL
20606,20606,In Transit,NULL
20607,20607,Delivered,2023-11-11
20608,20608,Delivered,2025-03-26
20609,20609,In Transit,NULL
20610,20610,Delivered,2024-10-12
20611,20611,Delivered,2026-02-21
20612,20612,Delivered,2026-05-12
20613,20613,Delivered,2023-07-10
20614,20614,Delivered,2026-05-14
20615,20615,Delivered,2023-08-08
20616,20616,Delivered,2026-01-13
20617,20617,In Transit,NULL
20618,20618,In Transit,NULL
20619,20619,In Transit,NULL
20620,20620,Delivered,2024-08-22
20621,20621,Delivered,2023-04-30
20622,20622,Delayed,NULL
20623,20623,Delivered,2026-02-05
20624,20624,Delivered,2025-10-15
20625,20625,Delivered,2026-08-10
20626,20626,Delivered,2025-02-10
20627,20627,Delivered,2024-05-18
20628,20628,Delayed,NULL
20629,20629,Delivered,2026-01-16
20630,20630,Delivered,2023-10-21
20631,20631,Delivered,2025-05-18
20632,20632,Delivered,2026-02-16
20633,20633,In Transit,NULL
20634,20634,Delivered,2023-05-30
20635,20635,Delivered,2024-08-18
20636,20636,Delivered,2025-12-21
20637,20637,Delivered,2024-12-19
20638,20638,Delivered,2023-12-13
20639,20639,Delivered,2024-07-09
20640,20640,Delivered,2024-11-22
20641,20641,In Transit,NULL
20642,20642,Delayed,NULL
20643,20643,Delivered,2025-08-30
20644,20644,Delivered,2023-04-24
20645,20645,Delivered,2025-03-24
20646,20646,Delivered,2025-02-07
20647,20647,Delivered,2023-06-13
20648,20648,Delivered,2024-04-21
20649,20649,Delayed,NULL
20650,20650,Delayed,NULL
20651,20651,Delivered,2024-02-27
20652,20652,Delivered,2026-06-29
20653,20653,In Transit,NULL
20654,20654,Delivered,2023-09-28
20655,20655,Delivered,2025-01-19
20656,20656,In Transit,NULL
20657,20657,Delivered,2025-11-26
20658,20658,Delivered,2025-09-26
20659,20659,Delivered,2025-07-10
20660,20660,Delivered,2025-02-01
20661,20661,Delivered,2024-11-23
20662,20662,In Transit,NULL
20663,20663,In Transit,NULL
20664,20664,Delivered,2025-03-22
20665,20665,Delivered,2023-05-26
20666,20666,Delayed,NULL
20667,20667,Delivered,2024-05-19
20668,20668,Delayed,NULL
20669,20669,Delivered,2024-05-20
20670,20670,In Transit,NULL
20671,20671,Delivered,2025-07-04
20672,20672,Delayed,NULL
20673,20673,Delayed,NULL
20674,20674,Delayed,NULL
20675,20675,Delivered,2026-01-17
20676,20676,In Transit,NULL
20677,20677,In Transit,NULL
20678,20678,Delayed,NULL
20679,20679,Delivered,2024-12-20
20680,20680,Delayed,NULL
20681,20681,Delayed,NULL
20682,20682,In Transit,NULL
20683,20683,Delivered,2025-12-08
20684,20684,Lost,NULL
20685,20685,In Transit,NULL
20686,20686,Delivered,2025-03-01
20687,20687,Delivered,2024-01-10
20688,20688,Delivered,2024-08-04
20689,20689,Returned,NULL
20690,20690,Delivered,2024-01-04
20691,20691,Delivered,2023-08-11
20692,20692,Delivered,2025-09-02
20693,20693,Delivered,2025-05-27
20694,20694,Delayed,NULL
20695,20695,Delayed,NULL
20696,20696,Delivered,2026-03-15
20697,20697,Delivered,2023-11-27
20698,20698,Lost,NULL
20699,20699,Delivered,2024-07-29
20700,20700,Delivered,2024-07-27
20701,20701,In Transit,NULL
20702,20702,Delayed,NULL
20703,20703,Delivered,2025-12-08
20704,20704,Delivered,2023-07-26
20705,20705,Delivered,2025-04-27
20706,20706,Delivered,2024-03-02
20707,20707,Delayed,NULL
20708,20708,Delivered,2024-01-29
20709,20709,In Transit,NULL
20710,20710,Delivered,2023-03-28
20711,20711,Delivered,2025-10-29
20712,20712,Delivered,2026-05-24
20713,20713,Delivered,2025-03-26
20714,20714,Delayed,NULL
20715,20715,Delivered,2023-11-19
20716,20716,Delivered,2023-04-14
20717,20717,Delivered,2024-04-06
20718,20718,In Transit,NULL
20719,20719,In Transit,NULL
20720,20720,Delayed,NULL
20721,20721,Delivered,2025-10-20
20722,20722,Delivered,2023-08-20
20723,20723,Delivered,2024-09-12
20724,20724,Delivered,2023-10-21
20725,20725,Delayed,NULL
20726,20726,Delivered,2025-05-11
20727,20727,Delivered,2024-08-29
20728,20728,Returned,NULL
20729,20729,Delivered,2026-05-12
20730,20730,Delivered,2026-06-17
20731,20731,Delayed,NULL
20732,20732,In Transit,NULL
20733,20733,Delivered,2024-04-08
20734,20734,Delivered,2023-06-13
20735,20735,Delayed,NULL
20736,20736,Delivered,2024-03-31
20737,20737,In Transit,NULL
20738,20738,Delivered,2025-10-28
20739,20739,Delivered,2024-06-13
20740,20740,Delivered,2025-05-05
20741,20741,Delivered,2026-08-31
20742,20742,In Transit,NULL
20743,20743,Returned,NULL
20744,20744,Delivered,2024-12-19
20745,20745,Delivered,2024-12-03
20746,20746,Delivered,2026-01-05
20747,20747,Delivered,2024-06-04
20748,20748,Delivered,2024-10-02
20749,20749,Delivered,2026-03-18
20750,20750,Delivered,2024-04-20
20751,20751,Delivered,2024-08-15
20752,20752,Delivered,2024-09-19
20753,20753,Delivered,2023-07-17
20754,20754,Delivered,2023-10-11
20755,20755,Delivered,2024-03-24
20756,20756,Delivered,2023-10-03
20757,20757,Delivered,2024-08-16
20758,20758,Delayed,NULL
20759,20759,Delivered,2024-09-20
20760,20760,Delivered,2023-04-18
20761,20761,Delivered,2026-01-25
20762,20762,Delivered,2024-09-16
20763,20763,Delivered,2024-12-03
20764,20764,Delivered,2026-02-26
20765,20765,In Transit,NULL
20766,20766,Delivered,2023-10-20
20767,20767,Delivered,2025-08-30
20768,20768,In Transit,NULL
20769,20769,Returned,NULL
20770,20770,Delivered,2024-11-01
20771,20771,Delivered,2024-11-05
20772,20772,In Transit,NULL
20773,20773,Delivered,2026-04-24
20774,20774,In Transit,NULL
20775,20775,In Transit,NULL
20776,20776,Delivered,2023-07-06
20777,20777,Delivered,2023-09-20
20778,20778,In Transit,NULL
20779,20779,Delivered,2025-02-23
20780,20780,Lost,NULL
20781,20781,Delivered,2023-08-28
20782,20782,Delayed,NULL
20783,20783,Delivered,2025-11-25
20784,20784,Delivered,2024-08-13
20785,20785,Delayed,NULL
20786,20786,Delivered,2023-09-13
20787,20787,Delivered,2025-12-15
20788,20788,Delivered,2026-03-10
20789,20789,Delivered,2025-08-26
20790,20790,In Transit,NULL
20791,20791,Delivered,2026-01-14
20792,20792,In Transit,NULL
20793,20793,In Transit,NULL
20794,20794,Delivered,2024-10-28
20795,20795,Delivered,2023-05-15
20796,20796,In Transit,NULL
20797,20797,Delivered,2024-04-26
20798,20798,Delivered,2026-01-23
20799,20799,Delivered,2024-04-21
20800,20800,Delivered,2026-04-27
20801,20801,Delivered,2023-06-04
20802,20802,Delivered,2023-10-11
20803,20803,Delivered,2025-07-08
20804,20804,Delivered,2024-06-02
20805,20805,Delivered,2025-05-10
20806,20806,Delivered,2024-09-01
20807,20807,Delivered,2026-06-10
20808,20808,Delivered,2023-08-20
20809,20809,Delivered,2024-12-08
20810,20810,Delivered,2026-06-13
20811,20811,Delivered,2026-04-27
20812,20812,In Transit,NULL
20813,20813,Delayed,NULL
20814,20814,Delayed,NULL
20815,20815,Delivered,2023-09-11
20816,20816,Delivered,2025-12-22
20817,20817,Delivered,2026-01-24
20818,20818,Delivered,2024-04-21
20819,20819,Delivered,2024-12-08
20820,20820,Delivered,2023-08-02
20821,20821,Delivered,2025-04-15
20822,20822,In Transit,NULL
20823,20823,Delivered,2025-11-19
20824,20824,Delayed,NULL
20825,20825,Delivered,2026-03-10
20826,20826,Delivered,2023-08-11
20827,20827,Delivered,2026-04-22
20828,20828,Delayed,NULL
20829,20829,Delivered,2024-10-30
20830,20830,Delivered,2025-01-31
20831,20831,Delivered,2025-04-13
20832,20832,In Transit,NULL
20833,20833,Delayed,NULL
20834,20834,In Transit,NULL
20835,20835,Delivered,2024-10-15
20836,20836,Delivered,2023-10-31
20837,20837,Delivered,2023-02-16
20838,20838,In Transit,NULL
20839,20839,Returned,NULL
20840,20840,Delivered,2026-07-01
20841,20841,In Transit,NULL
20842,20842,Delivered,2024-01-16
20843,20843,Delivered,2023-02-10
20844,20844,Delivered,2024-03-05
20845,20845,In Transit,NULL
20846,20846,Delivered,2024-04-09
20847,20847,In Transit,NULL
20848,20848,Returned,NULL
20849,20849,In Transit,NULL
20850,20850,Delivered,2024-01-05
20851,20851,Delayed,NULL
20852,20852,Delivered,2023-05-08
20853,20853,Delayed,NULL
20854,20854,In Transit,NULL
20855,20855,Delivered,2024-08-28
20856,20856,In Transit,NULL
20857,20857,Delivered,2025-11-20
20858,20858,Delivered,2024-02-20
20859,20859,Delivered,2025-08-18
20860,20860,Delivered,2025-10-16
20861,20861,Delivered,2023-09-03
20862,20862,Delivered,2025-11-16
20863,20863,In Transit,NULL
20864,20864,Delayed,NULL
20865,20865,In Transit,NULL
20866,20866,Delivered,2024-12-20
20867,20867,In Transit,NULL
20868,20868,Delivered,2026-02-05
20869,20869,In Transit,NULL
20870,20870,Delivered,2026-03-13
20871,20871,Delivered,2025-03-31
20872,20872,Returned,NULL
20873,20873,Delivered,2023-06-02
20874,20874,Delivered,2026-06-01
20875,20875,Delivered,2024-10-14
20876,20876,Delivered,2025-01-30
20877,20877,Delivered,2023-02-15
20878,20878,Delivered,2025-01-01
20879,20879,Delivered,2025-08-01
20880,20880,Delivered,2023-08-19
20881,20881,Delivered,2025-02-17
20882,20882,Delivered,2023-06-12
20883,20883,Delivered,2023-02-22
20884,20884,Delivered,2025-03-08
20885,20885,Delivered,2023-11-03
20886,20886,Delivered,2024-07-30
20887,20887,Delivered,2024-11-08
20888,20888,Delivered,2023-06-22
20889,20889,Delivered,2026-01-23
20890,20890,Delayed,NULL
20891,20891,Returned,NULL
20892,20892,In Transit,NULL
20893,20893,In Transit,NULL
20894,20894,Delivered,2024-10-18
20895,20895,In Transit,NULL
20896,20896,Delivered,2023-05-11
20897,20897,Delivered,2023-07-07
20898,20898,Delivered,2026-01-14
20899,20899,Delivered,2024-12-03
20900,20900,Delivered,2025-12-05
20901,20901,Delivered,2024-07-03
20902,20902,Delivered,2024-01-22
20903,20903,Delivered,2025-05-09
20904,20904,In Transit,NULL
20905,20905,Delivered,2026-06-04
20906,20906,Delivered,2025-09-20
20907,20907,In Transit,NULL
20908,20908,Delivered,2025-07-24
20909,20909,Delivered,2025-01-06
20910,20910,Delayed,NULL
20911,20911,In Transit,NULL
20912,20912,Delivered,2023-03-24
20913,20913,In Transit,NULL
20914,20914,In Transit,NULL
20915,20915,Delivered,2025-05-17
20916,20916,Delivered,2026-01-11
20917,20917,Delivered,2025-10-22
20918,20918,Returned,NULL
20919,20919,In Transit,NULL
20920,20920,In Transit,NULL
20921,20921,Delivered,2026-03-22
20922,20922,Delivered,2026-04-09
20923,20923,Delivered,2026-05-18
20924,20924,In Transit,NULL
20925,20925,Returned,NULL
20926,20926,Returned,NULL
20927,20927,Delivered,2025-02-21
20928,20928,Delivered,2026-01-14
20929,20929,Delivered,2026-08-24
20930,20930,Delivered,2025-09-01
20931,20931,Delivered,2026-02-05
20932,20932,Delivered,2024-08-09
20933,20933,In Transit,NULL
20934,20934,Delivered,2025-04-22
20935,20935,Delivered,2026-03-23
20936,20936,Delivered,2023-10-14
20937,20937,In Transit,NULL
20938,20938,Delivered,2024-02-13
20939,20939,Delivered,2023-02-07
20940,20940,Delivered,2024-02-21
20941,20941,Delivered,2023-09-22
20942,20942,Delivered,2024-10-18
20943,20943,Delivered,2024-07-27
20944,20944,Delivered,2026-02-11
20945,20945,Delivered,2024-05-09
20946,20946,Delivered,2023-02-18
20947,20947,In Transit,NULL
20948,20948,Delivered,2024-02-15
20949,20949,Delivered,2026-05-20
20950,20950,Delivered,2026-03-05
20951,20951,Delivered,2026-01-02
20952,20952,Delivered,2024-07-04
20953,20953,Delivered,2023-09-19
20954,20954,In Transit,NULL
20955,20955,Delivered,2025-07-29
20956,20956,Delivered,2026-04-13
20957,20957,Delivered,2023-12-09
20958,20958,Delivered,2025-05-31
20959,20959,In Transit,NULL
20960,20960,Delivered,2025-11-06
20961,20961,In Transit,NULL
20962,20962,Delivered,2025-06-16
20963,20963,Delivered,2025-12-02
20964,20964,In Transit,NULL
20965,20965,Delivered,2026-02-09
20966,20966,In Transit,NULL
20967,20967,Delivered,2023-05-10
20968,20968,In Transit,NULL
20969,20969,In Transit,NULL
20970,20970,In Transit,NULL
20971,20971,In Transit,NULL
20972,20972,Delivered,2026-02-19
20973,20973,Delivered,2023-09-12
20974,20974,In Transit,NULL
20975,20975,Delayed,NULL
20976,20976,Delivered,2025-07-31
20977,20977,Delivered,2024-10-16
20978,20978,Delivered,2023-11-08
20979,20979,Delivered,2023-06-17
20980,20980,Delayed,NULL
20981,20981,Delivered,2025-12-04
20982,20982,In Transit,NULL
20983,20983,Delivered,2023-07-16
20984,20984,In Transit,NULL
20985,20985,In Transit,NULL
20986,20986,Delivered,2026-02-17
20987,20987,Delivered,2023-08-20
20988,20988,Delivered,2025-10-26
20989,20989,In Transit,NULL
20990,20990,In Transit,NULL
20991,20991,Delayed,NULL
20992,20992,In Transit,NULL
20993,20993,Delivered,2025-04-19
20994,20994,Delivered,2025-03-29
20995,20995,Delivered,2023-06-26
20996,20996,Delivered,2023-10-26
20997,20997,Delayed,NULL
20998,20998,In Transit,NULL
20999,20999,In Transit,NULL
21000,21000,Delivered,2025-09-18
21001,21001,Delivered,2024-11-10
21002,21002,Delivered,2023-12-21
21003,21003,Delivered,2023-07-11
21004,21004,Delayed,NULL
21005,21005,Delivered,2024-12-17
21006,21006,Delivered,2024-06-04
21007,21007,Delivered,2025-09-06
21008,21008,In Transit,NULL
21009,21009,Delivered,2026-03-16
21010,21010,Delivered,2026-08-11
21011,21011,Delivered,2023-07-17
21012,21012,In Transit,NULL
21013,21013,Delivered,2023-11-14
21014,21014,In Transit,NULL
21015,21015,Delivered,2025-06-26
21016,21016,Delivered,2024-03-05
21017,21017,Delivered,2026-01-15
21018,21018,Delivered,2023-04-10
21019,21019,Delivered,2026-02-15
21020,21020,In Transit,NULL
21021,21021,Returned,NULL
21022,21022,Delivered,2024-04-18
21023,21023,Delivered,2025-11-11
21024,21024,Delivered,2024-12-03
21025,21025,Returned,NULL
21026,21026,Delivered,2024-07-01
21027,21027,In Transit,NULL
21028,21028,In Transit,NULL
21029,21029,Delivered,2023-05-02
21030,21030,Delayed,NULL
21031,21031,Delivered,2026-04-28
21032,21032,Delivered,2025-02-22
21033,21033,Delivered,2025-08-26
21034,21034,Delivered,2023-10-12
21035,21035,Delivered,2025-07-20
21036,21036,Returned,NULL
21037,21037,In Transit,NULL
21038,21038,Delivered,2026-01-08
21039,21039,Returned,NULL
21040,21040,Delivered,2025-07-08
21041,21041,Delivered,2023-05-03
21042,21042,Lost,NULL
21043,21043,Delayed,NULL
21044,21044,Delivered,2025-01-08
21045,21045,Delayed,NULL
21046,21046,Delivered,2024-04-11
21047,21047,In Transit,NULL
21048,21048,Returned,NULL
21049,21049,Delivered,2023-03-24
21050,21050,Delivered,2026-01-28
21051,21051,Delivered,2026-05-05
21052,21052,Returned,NULL
21053,21053,Delivered,2025-09-07
21054,21054,Delivered,2023-12-10
21055,21055,Delivered,2025-10-10
21056,21056,Delivered,2024-04-18
21057,21057,Delivered,2026-01-07
21058,21058,Delivered,2024-02-18
21059,21059,Delivered,2025-03-12
21060,21060,Delivered,2024-09-14
21061,21061,In Transit,NULL
21062,21062,Delivered,2025-09-16
21063,21063,In Transit,NULL
21064,21064,In Transit,NULL
21065,21065,In Transit,NULL
21066,21066,Delivered,2024-08-10
21067,21067,Delivered,2023-05-11
21068,21068,Delivered,2024-10-11
21069,21069,In Transit,NULL
21070,21070,In Transit,NULL
21071,21071,Delivered,2026-06-11
21072,21072,Delivered,2024-06-02
21073,21073,Delivered,2024-10-31
21074,21074,In Transit,NULL
21075,21075,Delivered,2024-08-29
21076,21076,Delayed,NULL
21077,21077,Delivered,2024-04-05
21078,21078,In Transit,NULL
21079,21079,Delivered,2024-08-06
21080,21080,Delayed,NULL
21081,21081,Delivered,2025-07-16
21082,21082,Lost,NULL
21083,21083,In Transit,NULL
21084,21084,Delayed,NULL
21085,21085,In Transit,NULL
21086,21086,Returned,NULL
21087,21087,In Transit,NULL
21088,21088,Delivered,2023-12-17
21089,21089,Delivered,2023-08-05
21090,21090,In Transit,NULL
21091,21091,Delivered,2025-06-04
21092,21092,Delayed,NULL
21093,21093,In Transit,NULL
21094,21094,Delivered,2023-10-13
21095,21095,Delivered,2025-12-15
21096,21096,Lost,NULL
21097,21097,In Transit,NULL
21098,21098,Delivered,2025-09-07
21099,21099,Delivered,2024-03-17
21100,21100,In Transit,NULL
21101,21101,In Transit,NULL
21102,21102,Delivered,2024-09-11
21103,21103,In Transit,NULL
21104,21104,In Transit,NULL
21105,21105,In Transit,NULL
21106,21106,In Transit,NULL
21107,21107,Delivered,2023-04-04
21108,21108,In Transit,NULL
21109,21109,Delivered,2023-08-18
21110,21110,Delivered,2026-04-10
21111,21111,In Transit,NULL
21112,21112,Delivered,2023-09-30
21113,21113,Delivered,2025-06-11
21114,21114,Delivered,2025-06-26
21115,21115,Delivered,2024-02-11
21116,21116,Delivered,2024-11-18
21117,21117,In Transit,NULL
21118,21118,Delivered,2025-05-08
21119,21119,In Transit,NULL
21120,21120,In Transit,NULL
21121,21121,Delivered,2023-12-04
21122,21122,Delivered,2023-08-23
21123,21123,Delivered,2025-11-25
21124,21124,Returned,NULL
21125,21125,In Transit,NULL
21126,21126,Delayed,NULL
21127,21127,Delivered,2024-06-19
21128,21128,In Transit,NULL
21129,21129,Delivered,2023-07-27
21130,21130,Delivered,2024-07-14
21131,21131,Delayed,NULL
21132,21132,Delivered,2023-03-18
21133,21133,Delivered,2024-05-30
21134,21134,Delayed,NULL
21135,21135,Delivered,2025-06-20
21136,21136,Delivered,2024-08-07
21137,21137,Delivered,2023-03-28
21138,21138,In Transit,NULL
21139,21139,Delivered,2025-12-29
21140,21140,Delivered,2025-08-02
21141,21141,Delivered,2023-06-05
21142,21142,In Transit,NULL
21143,21143,Delayed,NULL
21144,21144,In Transit,NULL
21145,21145,Delayed,NULL
21146,21146,Delivered,2023-05-05
21147,21147,In Transit,NULL
21148,21148,Delayed,NULL
21149,21149,Delivered,2026-02-13
21150,21150,Delivered,2024-04-05
21151,21151,Delivered,2023-12-30
21152,21152,Delivered,2023-04-19
21153,21153,Delivered,2025-10-10
21154,21154,Delivered,2025-07-16
21155,21155,Delivered,2025-04-02
21156,21156,In Transit,NULL
21157,21157,In Transit,NULL
21158,21158,Delayed,NULL
21159,21159,Delivered,2023-03-11
21160,21160,In Transit,NULL
21161,21161,Delayed,NULL
21162,21162,Delivered,2026-01-21
21163,21163,Returned,NULL
21164,21164,In Transit,NULL
21165,21165,Delivered,2025-03-27
21166,21166,Delivered,2024-04-27
21167,21167,Delayed,NULL
21168,21168,In Transit,NULL
21169,21169,Delivered,2023-05-31
21170,21170,Delivered,2025-08-11
21171,21171,In Transit,NULL
21172,21172,In Transit,NULL
21173,21173,Delivered,2025-05-08
21174,21174,Delivered,2025-06-15
21175,21175,In Transit,NULL
21176,21176,Delivered,2026-05-13
21177,21177,Delivered,2023-11-24
21178,21178,Delivered,2026-03-15
21179,21179,Delayed,NULL
21180,21180,In Transit,NULL
21181,21181,Delivered,2023-12-01
21182,21182,Delivered,2023-09-30
21183,21183,Delayed,NULL
21184,21184,In Transit,NULL
21185,21185,Delivered,2025-01-13
21186,21186,Delivered,2024-12-18
21187,21187,Delivered,2024-05-02
21188,21188,Delayed,NULL
21189,21189,Delivered,2024-11-27
21190,21190,Returned,NULL
21191,21191,Delayed,NULL
21192,21192,Delivered,2023-06-18
21193,21193,Delivered,2024-11-09
21194,21194,Delivered,2024-09-23
21195,21195,In Transit,NULL
21196,21196,Delivered,2023-07-04
21197,21197,Delivered,2024-03-29
21198,21198,Delivered,2023-04-07
21199,21199,Delivered,2023-06-16
21200,21200,Delivered,2026-07-23
21201,21201,In Transit,NULL
21202,21202,Delivered,2025-11-25
21203,21203,Delivered,2024-05-29
21204,21204,Delivered,2025-04-12
21205,21205,Delivered,2025-03-12
21206,21206,Delayed,NULL
21207,21207,Delivered,2023-05-25
21208,21208,Delivered,2025-04-06
21209,21209,Delivered,2025-12-22
21210,21210,In Transit,NULL
21211,21211,Delivered,2025-07-08
21212,21212,Delivered,2025-10-10
21213,21213,Delayed,NULL
21214,21214,Delivered,2024-06-04
21215,21215,Delivered,2025-12-04
21216,21216,Delivered,2025-04-11
21217,21217,In Transit,NULL
21218,21218,In Transit,NULL
21219,21219,Delivered,2025-11-26
21220,21220,Delivered,2023-11-07
21221,21221,Delivered,2026-02-22
21222,21222,Returned,NULL
21223,21223,Delivered,2025-08-27
21224,21224,Delivered,2025-04-09
21225,21225,Delayed,NULL
21226,21226,Delivered,2025-06-18
21227,21227,In Transit,NULL
21228,21228,Delayed,NULL
21229,21229,Delivered,2024-03-15
21230,21230,In Transit,NULL
21231,21231,Delivered,2023-04-10
21232,21232,Delivered,2024-11-08
21233,21233,In Transit,NULL
21234,21234,Delayed,NULL
21235,21235,Delayed,NULL
21236,21236,Delivered,2024-02-03
21237,21237,Delivered,2024-04-22
21238,21238,Delivered,2023-05-13
21239,21239,Delivered,2025-05-08
21240,21240,Delivered,2025-04-28
21241,21241,Delivered,2023-06-06
21242,21242,In Transit,NULL
21243,21243,Delivered,2023-08-25
21244,21244,Delivered,2024-10-17
21245,21245,Lost,NULL
21246,21246,In Transit,NULL
21247,21247,In Transit,NULL
21248,21248,Delivered,2023-09-06
21249,21249,Delayed,NULL
21250,21250,Delivered,2023-10-23
21251,21251,In Transit,NULL
21252,21252,In Transit,NULL
21253,21253,Delivered,2023-03-28
21254,21254,Delivered,2023-11-29
21255,21255,Delayed,NULL
21256,21256,Delivered,2026-05-09
21257,21257,Delivered,2024-01-23
21258,21258,Delivered,2025-12-16
21259,21259,Delayed,NULL
21260,21260,Delivered,2025-02-03
21261,21261,Delivered,2024-02-01
21262,21262,In Transit,NULL
21263,21263,Delivered,2024-08-14
21264,21264,Delayed,NULL
21265,21265,Delivered,2025-01-24
21266,21266,Delayed,NULL
21267,21267,Delivered,2025-03-21
21268,21268,Delivered,2024-07-14
21269,21269,Delivered,2025-09-04
21270,21270,Delayed,NULL
21271,21271,Delivered,2024-09-11
21272,21272,Delivered,2024-05-18
21273,21273,In Transit,NULL
21274,21274,Delivered,2025-04-05
21275,21275,Delivered,2026-07-06
21276,21276,In Transit,NULL
21277,21277,In Transit,NULL
21278,21278,In Transit,NULL
21279,21279,Delivered,2025-12-27
21280,21280,Delivered,2025-05-05
21281,21281,Delivered,2025-12-13
21282,21282,Delivered,2025-01-18
21283,21283,Delivered,2023-05-31
21284,21284,In Transit,NULL
21285,21285,Delayed,NULL
21286,21286,Delivered,2026-05-20
21287,21287,Delivered,2026-05-03
21288,21288,Delivered,2023-03-11
21289,21289,In Transit,NULL
21290,21290,Delivered,2026-01-06
21291,21291,Delayed,NULL
21292,21292,Delayed,NULL
21293,21293,Delivered,2024-07-01
21294,21294,Delivered,2024-11-12
21295,21295,In Transit,NULL
21296,21296,Delayed,NULL
21297,21297,Delivered,2025-12-09
21298,21298,Delivered,2024-01-15
21299,21299,Delivered,2025-06-07
21300,21300,Delivered,2024-01-11
21301,21301,Delivered,2026-02-04
21302,21302,Delivered,2025-10-15
21303,21303,Delivered,2025-11-22
21304,21304,In Transit,NULL
21305,21305,Delivered,2024-05-16
21306,21306,Delivered,2025-02-21
21307,21307,Delivered,2025-03-21
21308,21308,In Transit,NULL
21309,21309,Delivered,2025-11-16
21310,21310,In Transit,NULL
21311,21311,Delivered,2025-12-12
21312,21312,Delayed,NULL
21313,21313,Delivered,2025-03-20
21314,21314,Delivered,2025-11-14
21315,21315,Delivered,2024-01-11
21316,21316,Delivered,2025-07-11
21317,21317,Delivered,2025-09-17
21318,21318,Delivered,2023-05-18
21319,21319,In Transit,NULL
21320,21320,Delivered,2025-11-07
21321,21321,Delayed,NULL
21322,21322,In Transit,NULL
21323,21323,Delivered,2023-02-21
21324,21324,Delivered,2024-04-12
21325,21325,Delayed,NULL
21326,21326,In Transit,NULL
21327,21327,Delivered,2024-09-11
21328,21328,Delivered,2023-07-27
21329,21329,Delivered,2024-12-10
21330,21330,Delayed,NULL
21331,21331,Delayed,NULL
21332,21332,Delivered,2024-08-07
21333,21333,Delivered,2025-07-26
21334,21334,In Transit,NULL
21335,21335,Delivered,2026-02-01
21336,21336,Delivered,2024-11-26
21337,21337,Delivered,2024-10-14
21338,21338,Delayed,NULL
21339,21339,Delivered,2023-07-20
21340,21340,Delivered,2025-12-23
21341,21341,Delayed,NULL
21342,21342,In Transit,NULL
21343,21343,In Transit,NULL
21344,21344,Delivered,2026-03-05
21345,21345,Delivered,2023-06-01
21346,21346,Delivered,2024-01-20
21347,21347,Delivered,2024-05-12
21348,21348,Delivered,2026-07-21
21349,21349,Delivered,2025-10-27
21350,21350,Delivered,2024-12-29
21351,21351,In Transit,NULL
21352,21352,Delivered,2025-02-12
21353,21353,Returned,NULL
21354,21354,Delivered,2025-04-14
21355,21355,Delivered,2025-05-27
21356,21356,Delivered,2024-11-08
21357,21357,Delivered,2023-11-19
21358,21358,Delayed,NULL
21359,21359,Delivered,2023-04-04
21360,21360,Delivered,2025-11-24
21361,21361,Returned,NULL
21362,21362,Delivered,2025-09-12
21363,21363,In Transit,NULL
21364,21364,In Transit,NULL
21365,21365,Delivered,2026-02-18
21366,21366,Delivered,2026-04-05
21367,21367,Delivered,2025-07-24
21368,21368,In Transit,NULL
21369,21369,In Transit,NULL
21370,21370,In Transit,NULL
21371,21371,Delayed,NULL
21372,21372,Delayed,NULL
21373,21373,Delivered,2026-07-24
21374,21374,Delayed,NULL
21375,21375,Delivered,2023-07-17
21376,21376,Delivered,2025-03-16
21377,21377,Delivered,2024-02-25
21378,21378,Delivered,2025-07-02
21379,21379,Delayed,NULL
21380,21380,Delivered,2024-05-21
21381,21381,Delayed,NULL
21382,21382,In Transit,NULL
21383,21383,Delivered,2025-12-22
21384,21384,In Transit,NULL
21385,21385,Delivered,2024-10-13
21386,21386,In Transit,NULL
21387,21387,Delivered,2024-11-11
21388,21388,Delayed,NULL
21389,21389,Returned,NULL
21390,21390,Delivered,2024-11-09
21391,21391,Returned,NULL
21392,21392,Delivered,2025-05-01
21393,21393,In Transit,NULL
21394,21394,In Transit,NULL
21395,21395,In Transit,NULL
21396,21396,In Transit,NULL
21397,21397,Delivered,2023-04-18
21398,21398,Delivered,2025-04-25
21399,21399,Delivered,2025-06-12
21400,21400,Delivered,2024-08-05
21401,21401,Delivered,2023-05-12
21402,21402,Delivered,2024-01-04
21403,21403,Delivered,2025-02-04
21404,21404,In Transit,NULL
21405,21405,Delivered,2026-02-12
21406,21406,Delivered,2024-07-11
21407,21407,Delivered,2026-02-17
21408,21408,In Transit,NULL
21409,21409,Delayed,NULL
21410,21410,Returned,NULL
21411,21411,Delivered,2023-12-19
21412,21412,In Transit,NULL
21413,21413,Delivered,2023-10-30
21414,21414,Delivered,2025-02-23
21415,21415,Delivered,2026-03-05
21416,21416,Delivered,2024-11-20
21417,21417,Delayed,NULL
21418,21418,Delivered,2023-08-31
21419,21419,Returned,NULL
21420,21420,Delivered,2024-03-27
21421,21421,In Transit,NULL
21422,21422,Delivered,2023-06-12
21423,21423,In Transit,NULL
21424,21424,Delivered,2023-04-26
21425,21425,Delivered,2024-01-17
21426,21426,Delivered,2024-05-10
21427,21427,In Transit,NULL
21428,21428,In Transit,NULL
21429,21429,Delayed,NULL
21430,21430,Delivered,2025-08-16
21431,21431,Delivered,2023-05-26
21432,21432,Delivered,2026-05-26
21433,21433,Delivered,2024-02-17
21434,21434,Delayed,NULL
21435,21435,Delivered,2024-11-07
21436,21436,Delivered,2025-10-19
21437,21437,Delivered,2026-04-21
21438,21438,In Transit,NULL
21439,21439,In Transit,NULL
21440,21440,Returned,NULL
21441,21441,Delivered,2025-11-02
21442,21442,In Transit,NULL
21443,21443,In Transit,NULL
21444,21444,Lost,NULL
21445,21445,Delivered,2024-10-21
21446,21446,In Transit,NULL
21447,21447,Delivered,2023-05-04
21448,21448,In Transit,NULL
21449,21449,In Transit,NULL
21450,21450,Delivered,2024-01-13
21451,21451,Delivered,2024-04-01
21452,21452,Delivered,2023-03-23
21453,21453,Delayed,NULL
21454,21454,In Transit,NULL
21455,21455,Delivered,2025-11-04
21456,21456,Delivered,2026-02-20
21457,21457,In Transit,NULL
21458,21458,In Transit,NULL
21459,21459,In Transit,NULL
21460,21460,Delivered,2026-03-12
21461,21461,Delivered,2025-03-27
21462,21462,Delivered,2023-08-11
21463,21463,Delivered,2024-10-29
21464,21464,Delivered,2025-11-24
21465,21465,Delivered,2023-07-07
21466,21466,Delivered,2024-06-03
21467,21467,Delivered,2024-12-20
21468,21468,Delivered,2026-07-28
21469,21469,Delayed,NULL
21470,21470,Delivered,2023-06-05
21471,21471,In Transit,NULL
21472,21472,Delivered,2023-02-13
21473,21473,Delivered,2024-11-05
21474,21474,Delivered,2026-07-31
21475,21475,In Transit,NULL
21476,21476,Delivered,2025-01-08
21477,21477,Delivered,2024-10-07
21478,21478,Delivered,2023-06-07
21479,21479,In Transit,NULL
21480,21480,Delivered,2023-02-04
21481,21481,In Transit,NULL
21482,21482,Delivered,2024-12-23
21483,21483,Delayed,NULL
21484,21484,Delivered,2024-05-17
21485,21485,Delayed,NULL
21486,21486,Delivered,2024-09-24
21487,21487,Returned,NULL
21488,21488,Delayed,NULL
21489,21489,Delayed,NULL
21490,21490,Delayed,NULL
21491,21491,Delivered,2024-07-28
21492,21492,Delivered,2026-05-20
21493,21493,In Transit,NULL
21494,21494,Delayed,NULL
21495,21495,Delivered,2023-12-06
21496,21496,In Transit,NULL
21497,21497,Delivered,2026-07-27
21498,21498,Delivered,2026-08-19
21499,21499,Delivered,2026-05-19
21500,21500,In Transit,NULL
21501,21501,Delivered,2026-03-24
21502,21502,Delivered,2025-02-18
21503,21503,In Transit,NULL
21504,21504,Returned,NULL
21505,21505,Delivered,2025-08-30
21506,21506,Delivered,2023-08-21
21507,21507,Delivered,2023-06-24
21508,21508,Delivered,2023-06-13
21509,21509,Delivered,2026-04-12
21510,21510,Delivered,2025-10-20
21511,21511,In Transit,NULL
21512,21512,Lost,NULL
21513,21513,Delivered,2023-03-19
21514,21514,In Transit,NULL
21515,21515,Delivered,2024-10-18
21516,21516,Lost,NULL
21517,21517,Delivered,2025-09-28
21518,21518,Returned,NULL
21519,21519,In Transit,NULL
21520,21520,In Transit,NULL
21521,21521,Delivered,2025-07-30
21522,21522,Delayed,NULL
21523,21523,Delayed,NULL
21524,21524,Delivered,2026-01-24
21525,21525,Delivered,2024-05-25
21526,21526,Delivered,2025-11-05
21527,21527,Delivered,2023-02-16
21528,21528,Returned,NULL
21529,21529,Delayed,NULL
21530,21530,Delivered,2024-11-29
21531,21531,Delivered,2025-10-06
21532,21532,Delivered,2023-04-03
21533,21533,Delivered,2024-01-01
21534,21534,In Transit,NULL
21535,21535,Delayed,NULL
21536,21536,Delayed,NULL
21537,21537,Delivered,2023-02-23
21538,21538,In Transit,NULL
21539,21539,Delivered,2023-04-10
21540,21540,Delivered,2025-11-26
21541,21541,Delivered,2025-10-26
21542,21542,In Transit,NULL
21543,21543,In Transit,NULL
21544,21544,Delivered,2025-01-31
21545,21545,Delivered,2025-08-21
21546,21546,Delivered,2025-02-01
21547,21547,Delivered,2025-12-15
21548,21548,Delivered,2026-01-29
21549,21549,In Transit,NULL
21550,21550,In Transit,NULL
21551,21551,In Transit,NULL
21552,21552,Delivered,2023-09-27
21553,21553,Delivered,2023-02-26
21554,21554,Returned,NULL
21555,21555,Delivered,2024-02-20
21556,21556,Delivered,2025-04-11
21557,21557,Delayed,NULL
21558,21558,Delivered,2025-11-10
21559,21559,Delivered,2025-04-22
21560,21560,Delivered,2024-08-11
21561,21561,Delayed,NULL
21562,21562,Delivered,2026-05-04
21563,21563,Delivered,2024-05-29
21564,21564,In Transit,NULL
21565,21565,In Transit,NULL
21566,21566,Delivered,2024-01-13
21567,21567,Delivered,2023-03-11
21568,21568,In Transit,NULL
21569,21569,Delayed,NULL
21570,21570,Returned,NULL
21571,21571,Delivered,2024-08-22
21572,21572,Delivered,2023-12-01
21573,21573,Delivered,2026-04-25
21574,21574,In Transit,NULL
21575,21575,Delivered,2026-04-19
21576,21576,Delayed,NULL
21577,21577,Delayed,NULL
21578,21578,Delivered,2026-03-19
21579,21579,In Transit,NULL
21580,21580,Delivered,2025-04-15
21581,21581,Delivered,2023-12-13
21582,21582,In Transit,NULL
21583,21583,Delayed,NULL
21584,21584,Delivered,2023-02-19
21585,21585,Delivered,2023-03-30
21586,21586,Delivered,2025-06-29
21587,21587,Delivered,2025-09-14
21588,21588,Delivered,2025-02-19
21589,21589,In Transit,NULL
21590,21590,Delivered,2026-01-22
21591,21591,Delivered,2026-07-04
21592,21592,Delayed,NULL
21593,21593,Delivered,2026-05-25
21594,21594,Delivered,2025-09-10
21595,21595,In Transit,NULL
21596,21596,Delivered,2023-05-10
21597,21597,Delivered,2024-02-07
21598,21598,Delivered,2026-06-05
21599,21599,Delivered,2023-12-29
21600,21600,Delivered,2024-02-21
21601,21601,Delivered,2024-11-19
21602,21602,Delivered,2026-05-21
21603,21603,Delivered,2023-12-04
21604,21604,Delivered,2024-12-18
21605,21605,Delivered,2024-09-26
21606,21606,Delivered,2025-08-24
21607,21607,Delivered,2025-07-01
21608,21608,Delivered,2023-03-31
21609,21609,Delivered,2024-08-03
21610,21610,In Transit,NULL
21611,21611,Lost,NULL
21612,21612,In Transit,NULL
21613,21613,Delayed,NULL
21614,21614,Delivered,2024-12-08
21615,21615,Delivered,2023-07-26
21616,21616,Delivered,2023-11-21
21617,21617,Delivered,2025-02-06
21618,21618,In Transit,NULL
21619,21619,Delayed,NULL
21620,21620,In Transit,NULL
21621,21621,In Transit,NULL
21622,21622,Delivered,2026-07-04
21623,21623,Delivered,2023-05-18
21624,21624,In Transit,NULL
21625,21625,Delayed,NULL
21626,21626,In Transit,NULL
21627,21627,Delivered,2024-07-23
21628,21628,In Transit,NULL
21629,21629,Delivered,2026-06-21
21630,21630,Delivered,2023-10-18
21631,21631,Delivered,2024-07-12
21632,21632,Delivered,2025-07-14
21633,21633,In Transit,NULL
21634,21634,Delivered,2023-09-04
21635,21635,Delivered,2025-02-11
21636,21636,Delivered,2026-01-16
21637,21637,In Transit,NULL
21638,21638,Delivered,2024-05-02
21639,21639,Delayed,NULL
21640,21640,Delivered,2024-11-14
21641,21641,Returned,NULL
21642,21642,Delayed,NULL
21643,21643,Delivered,2023-07-13
21644,21644,Delivered,2024-04-09
21645,21645,Delivered,2024-06-03
21646,21646,Delivered,2023-11-21
21647,21647,Delivered,2024-06-22
21648,21648,In Transit,NULL
21649,21649,Delayed,NULL
21650,21650,In Transit,NULL
21651,21651,In Transit,NULL
21652,21652,Delivered,2026-06-30
21653,21653,Delivered,2024-02-02
21654,21654,Delayed,NULL
21655,21655,Delayed,NULL
21656,21656,Delivered,2024-03-13
21657,21657,Delivered,2023-10-06
21658,21658,Delivered,2025-08-10
21659,21659,Returned,NULL
21660,21660,Delivered,2023-07-11
21661,21661,Delivered,2023-08-01
21662,21662,Delivered,2025-08-01
21663,21663,Delivered,2026-04-09
21664,21664,In Transit,NULL
21665,21665,Delivered,2026-07-23
21666,21666,Delivered,2024-08-07
21667,21667,Delivered,2026-07-16
21668,21668,Delivered,2024-03-29
21669,21669,In Transit,NULL
21670,21670,Delivered,2025-10-17
21671,21671,In Transit,NULL
21672,21672,Delivered,2023-10-23
21673,21673,Delayed,NULL
21674,21674,Delivered,2023-03-01
21675,21675,In Transit,NULL
21676,21676,In Transit,NULL
21677,21677,In Transit,NULL
21678,21678,Delivered,2023-08-05
21679,21679,Delivered,2024-12-17
21680,21680,Delivered,2023-09-04
21681,21681,Delivered,2025-08-14
21682,21682,Delivered,2023-08-20
21683,21683,Delivered,2023-04-10
21684,21684,Returned,NULL
21685,21685,In Transit,NULL
21686,21686,Delivered,2023-12-31
21687,21687,Delivered,2023-08-07
21688,21688,Delivered,2025-09-13
21689,21689,Delivered,2026-02-06
21690,21690,Delivered,2025-02-18
21691,21691,Delayed,NULL
21692,21692,In Transit,NULL
21693,21693,Delivered,2023-08-15
21694,21694,Delivered,2025-07-23
21695,21695,Delivered,2024-04-18
21696,21696,Delivered,2024-08-02
21697,21697,Delivered,2024-05-30
21698,21698,Delayed,NULL
21699,21699,Delivered,2023-02-14
21700,21700,Returned,NULL
21701,21701,Returned,NULL
21702,21702,Delivered,2023-07-20
21703,21703,Delivered,2025-10-21
21704,21704,Delivered,2025-12-29
21705,21705,Delivered,2023-07-10
21706,21706,In Transit,NULL
21707,21707,Delivered,2024-04-14
21708,21708,In Transit,NULL
21709,21709,Delivered,2024-10-03
21710,21710,In Transit,NULL
21711,21711,Returned,NULL
21712,21712,Delayed,NULL
21713,21713,In Transit,NULL
21714,21714,Delivered,2023-08-28
21715,21715,In Transit,NULL
21716,21716,Returned,NULL
21717,21717,Delivered,2025-04-29
21718,21718,In Transit,NULL
21719,21719,Delayed,NULL
21720,21720,Delivered,2025-08-01
21721,21721,Returned,NULL
21722,21722,Delivered,2023-08-23
21723,21723,Delivered,2023-12-03
21724,21724,Delivered,2025-09-15
21725,21725,Delivered,2025-05-28
21726,21726,Delayed,NULL
21727,21727,Delivered,2025-11-06
21728,21728,In Transit,NULL
21729,21729,Delivered,2023-05-04
21730,21730,Delivered,2026-06-07
21731,21731,In Transit,NULL
21732,21732,Delivered,2025-10-14
21733,21733,Delivered,2024-10-16
21734,21734,In Transit,NULL
21735,21735,In Transit,NULL
21736,21736,In Transit,NULL
21737,21737,Delivered,2025-10-02
21738,21738,In Transit,NULL
21739,21739,In Transit,NULL
21740,21740,In Transit,NULL
21741,21741,Delivered,2026-07-13
21742,21742,Delayed,NULL
21743,21743,Delivered,2023-11-17
21744,21744,In Transit,NULL
21745,21745,Delayed,NULL
21746,21746,Delivered,2026-04-15
21747,21747,Delivered,2023-07-07
21748,21748,In Transit,NULL
21749,21749,Delayed,NULL
21750,21750,In Transit,NULL
21751,21751,Delayed,NULL
21752,21752,Delivered,2026-07-06
21753,21753,Delayed,NULL
21754,21754,In Transit,NULL
21755,21755,In Transit,NULL
21756,21756,Delivered,2025-11-09
21757,21757,Delivered,2024-10-09
21758,21758,Delivered,2023-11-17
21759,21759,In Transit,NULL
21760,21760,Delivered,2023-04-15
21761,21761,Delivered,2026-04-03
21762,21762,Delivered,2024-11-20
21763,21763,In Transit,NULL
21764,21764,Delivered,2026-03-27
21765,21765,Delivered,2025-11-30
21766,21766,Delivered,2026-03-17
21767,21767,In Transit,NULL
21768,21768,In Transit,NULL
21769,21769,Delivered,2026-03-29
21770,21770,In Transit,NULL
21771,21771,Delivered,2025-11-30
21772,21772,Delivered,2024-09-08
21773,21773,In Transit,NULL
21774,21774,Delivered,2023-03-21
21775,21775,Delivered,2023-03-25
21776,21776,Delivered,2024-07-16
21777,21777,In Transit,NULL
21778,21778,Delivered,2026-04-20
21779,21779,Delivered,2025-06-05
21780,21780,Delivered,2024-12-16
21781,21781,In Transit,NULL
21782,21782,Lost,NULL
21783,21783,Delayed,NULL
21784,21784,Delivered,2024-01-02
21785,21785,Delivered,2025-12-23
21786,21786,Delivered,2025-10-12
21787,21787,Delivered,2026-03-11
21788,21788,Returned,NULL
21789,21789,In Transit,NULL
21790,21790,Returned,NULL
21791,21791,Delivered,2024-10-09
21792,21792,Delivered,2026-07-30
21793,21793,Delivered,2026-06-15
21794,21794,In Transit,NULL
21795,21795,In Transit,NULL
21796,21796,In Transit,NULL
21797,21797,Delivered,2024-03-01
21798,21798,Delayed,NULL
21799,21799,Delivered,2023-04-30
21800,21800,Delivered,2024-12-13
21801,21801,Delivered,2025-07-20
21802,21802,In Transit,NULL
21803,21803,Delivered,2025-05-15
21804,21804,In Transit,NULL
21805,21805,In Transit,NULL
21806,21806,Delivered,2026-05-18
21807,21807,Delivered,2023-03-27
21808,21808,Delivered,2025-03-06
21809,21809,Delivered,2024-09-29
21810,21810,Delivered,2024-12-22
21811,21811,In Transit,NULL
21812,21812,Delayed,NULL
21813,21813,Delivered,2024-03-27
21814,21814,Delayed,NULL
21815,21815,Delivered,2026-04-11
21816,21816,Delivered,2026-02-09
21817,21817,Delivered,2023-12-20
21818,21818,Delivered,2026-02-02
21819,21819,Delivered,2026-06-22
21820,21820,Delayed,NULL
21821,21821,Delivered,2025-11-16
21822,21822,Returned,NULL
21823,21823,In Transit,NULL
21824,21824,Returned,NULL
21825,21825,Delivered,2025-06-29
21826,21826,Returned,NULL
21827,21827,Delivered,2025-06-08
21828,21828,In Transit,NULL
21829,21829,Delivered,2025-02-24
21830,21830,Delivered,2026-02-15
21831,21831,Lost,NULL
21832,21832,Delivered,2024-01-14
21833,21833,Delivered,2025-12-11
21834,21834,Delayed,NULL
21835,21835,Delivered,2025-10-25
21836,21836,Returned,NULL
21837,21837,In Transit,NULL
21838,21838,Delivered,2026-04-03
21839,21839,Delayed,NULL
21840,21840,In Transit,NULL
21841,21841,Delivered,2023-05-18
21842,21842,Delivered,2026-03-31
21843,21843,Delayed,NULL
21844,21844,In Transit,NULL
21845,21845,Delivered,2025-06-16
21846,21846,Delivered,2026-07-07
21847,21847,Delivered,2026-01-09
21848,21848,In Transit,NULL
21849,21849,Returned,NULL
21850,21850,Delivered,2024-12-08
21851,21851,In Transit,NULL
21852,21852,In Transit,NULL
21853,21853,Delivered,2025-01-08
21854,21854,Delivered,2024-02-12
21855,21855,Delivered,2023-09-03
21856,21856,Delivered,2024-02-20
21857,21857,Delivered,2026-03-07
21858,21858,Delayed,NULL
21859,21859,Delivered,2025-03-31
21860,21860,Delivered,2023-08-19
21861,21861,Delivered,2026-02-03
21862,21862,Delivered,2026-02-20
21863,21863,Delivered,2023-08-13
21864,21864,Delivered,2023-12-09
21865,21865,In Transit,NULL
21866,21866,Delivered,2023-05-01
21867,21867,Delivered,2024-04-09
21868,21868,Delivered,2026-01-11
21869,21869,In Transit,NULL
21870,21870,Delivered,2024-07-07
21871,21871,Delivered,2026-02-21
21872,21872,In Transit,NULL
21873,21873,Delivered,2026-04-13
21874,21874,Delivered,2024-05-19
21875,21875,Delivered,2026-04-30
21876,21876,In Transit,NULL
21877,21877,In Transit,NULL
21878,21878,Lost,NULL
21879,21879,Delivered,2025-05-09
21880,21880,Delivered,2023-05-25
21881,21881,Delivered,2024-10-21
21882,21882,Delivered,2023-05-08
21883,21883,Delivered,2023-02-11
21884,21884,Delayed,NULL
21885,21885,Delivered,2024-02-16
21886,21886,Delivered,2025-09-09
21887,21887,Delayed,NULL
21888,21888,Delivered,2023-06-05
21889,21889,Delivered,2025-07-28
21890,21890,In Transit,NULL
21891,21891,Delivered,2025-04-10
21892,21892,Returned,NULL
21893,21893,Delivered,2023-07-16
21894,21894,Delayed,NULL
21895,21895,In Transit,NULL
21896,21896,In Transit,NULL
21897,21897,Delivered,2024-02-29
21898,21898,Delayed,NULL
21899,21899,Delivered,2025-02-12
21900,21900,Delivered,2026-08-16
21901,21901,Returned,NULL
21902,21902,Delivered,2023-11-20
21903,21903,In Transit,NULL
21904,21904,Delivered,2024-10-26
21905,21905,Delivered,2023-09-10
21906,21906,Delayed,NULL
21907,21907,Lost,NULL
21908,21908,Delivered,2024-05-15
21909,21909,Delayed,NULL
21910,21910,Delivered,2025-09-25
21911,21911,Delivered,2023-07-17
21912,21912,Delivered,2026-01-08
21913,21913,Delayed,NULL
21914,21914,Delivered,2025-06-27
21915,21915,Delivered,2023-02-15
21916,21916,Delayed,NULL
21917,21917,Delivered,2023-12-23
21918,21918,Delivered,2025-08-29
21919,21919,Delivered,2024-09-02
21920,21920,In Transit,NULL
21921,21921,Delivered,2025-01-25
21922,21922,Delayed,NULL
21923,21923,In Transit,NULL
21924,21924,Delivered,2024-12-31
21925,21925,Delayed,NULL
21926,21926,In Transit,NULL
21927,21927,Delivered,2024-05-23
21928,21928,Delivered,2024-12-16
21929,21929,Delayed,NULL
21930,21930,Delivered,2023-08-26
21931,21931,In Transit,NULL
21932,21932,Delivered,2024-06-13
21933,21933,Delivered,2025-09-09
21934,21934,Delivered,2023-07-20
21935,21935,Delivered,2025-10-13
21936,21936,Delivered,2024-06-15
21937,21937,Delayed,NULL
21938,21938,Delivered,2026-05-14
21939,21939,Delivered,2025-02-28
21940,21940,In Transit,NULL
21941,21941,In Transit,NULL
21942,21942,Lost,NULL
21943,21943,Delivered,2025-07-11
21944,21944,Delivered,2025-08-14
21945,21945,Delayed,NULL
21946,21946,Delayed,NULL
21947,21947,Delivered,2024-02-15
21948,21948,Delivered,2023-08-26
21949,21949,Delivered,2024-12-10
21950,21950,Delivered,2023-03-13
21951,21951,Delivered,2026-02-16
21952,21952,Delayed,NULL
21953,21953,Delivered,2025-09-07
21954,21954,Delivered,2025-07-11
21955,21955,Delivered,2023-07-25
21956,21956,Delivered,2026-03-27
21957,21957,In Transit,NULL
21958,21958,Lost,NULL
21959,21959,In Transit,NULL
21960,21960,Delayed,NULL
21961,21961,Delivered,2026-07-22
21962,21962,Delivered,2024-07-18
21963,21963,Delivered,2023-05-10
21964,21964,Delivered,2026-02-01
21965,21965,Delivered,2025-05-05
21966,21966,Delivered,2025-03-22
21967,21967,Lost,NULL
21968,21968,In Transit,NULL
21969,21969,Delivered,2025-05-18
21970,21970,Delivered,2025-10-26
21971,21971,In Transit,NULL
21972,21972,Delivered,2023-07-30
21973,21973,In Transit,NULL
21974,21974,Delivered,2024-11-07
21975,21975,Delivered,2025-05-26
21976,21976,Delivered,2024-12-03
21977,21977,Delivered,2026-05-13
21978,21978,Delivered,2025-01-13
21979,21979,In Transit,NULL
21980,21980,Delayed,NULL
21981,21981,Delivered,2023-04-30
21982,21982,Delivered,2023-06-16
21983,21983,In Transit,NULL
21984,21984,Delayed,NULL
21985,21985,Delivered,2024-11-12
21986,21986,Delivered,2024-12-14
21987,21987,Delivered,2023-04-24
21988,21988,Delivered,2025-04-11
21989,21989,Delivered,2025-03-30
21990,21990,Delivered,2023-04-29
21991,21991,Delivered,2024-07-25
21992,21992,Delivered,2024-09-02
21993,21993,In Transit,NULL
21994,21994,Delivered,2023-12-18
21995,21995,In Transit,NULL
21996,21996,Delivered,2023-08-18
21997,21997,Delivered,2023-02-14
21998,21998,Delivered,2025-02-07
21999,21999,Delivered,2026-06-25
22000,22000,Delivered,2026-01-04
22001,22001,Delivered,2024-11-08
22002,22002,Lost,NULL
22003,22003,In Transit,NULL
22004,22004,Delivered,2023-05-22
22005,22005,In Transit,NULL
22006,22006,Delayed,NULL
22007,22007,Delivered,2025-06-16
22008,22008,In Transit,NULL
22009,22009,Delivered,2024-09-01
22010,22010,Delivered,2023-05-12
22011,22011,Delivered,2024-05-14
22012,22012,Delayed,NULL
22013,22013,Delayed,NULL
22014,22014,Delivered,2024-10-29
22015,22015,Delivered,2025-12-12
22016,22016,Delayed,NULL
22017,22017,In Transit,NULL
22018,22018,Delivered,2024-02-15
22019,22019,In Transit,NULL
22020,22020,Delayed,NULL
22021,22021,Delivered,2023-10-03
22022,22022,In Transit,NULL
22023,22023,Delayed,NULL
22024,22024,Delivered,2026-06-22
22025,22025,Delivered,2024-07-17
22026,22026,Delayed,NULL
22027,22027,Delivered,2024-02-15
22028,22028,In Transit,NULL
22029,22029,Delayed,NULL
22030,22030,In Transit,NULL
22031,22031,Delayed,NULL
22032,22032,Delivered,2025-09-17
22033,22033,Delivered,2025-04-27
22034,22034,Delayed,NULL
22035,22035,Delivered,2024-03-14
22036,22036,In Transit,NULL
22037,22037,Delivered,2026-05-05
22038,22038,Delivered,2024-07-06
22039,22039,Returned,NULL
22040,22040,Delivered,2026-05-09
22041,22041,Delivered,2025-11-17
22042,22042,Delivered,2025-01-02
22043,22043,Delivered,2024-04-24
22044,22044,Delivered,2025-09-15
22045,22045,Delivered,2025-11-14
22046,22046,In Transit,NULL
22047,22047,Delivered,2025-01-24
22048,22048,Delivered,2023-06-11
22049,22049,Delivered,2023-09-23
22050,22050,In Transit,NULL
22051,22051,Delivered,2025-07-02
22052,22052,In Transit,NULL
22053,22053,In Transit,NULL
22054,22054,Delivered,2023-08-16
22055,22055,In Transit,NULL
22056,22056,Delivered,2026-01-29
22057,22057,Delivered,2025-12-19
22058,22058,Delayed,NULL
22059,22059,In Transit,NULL
22060,22060,Delivered,2026-05-14
22061,22061,Delayed,NULL
22062,22062,Delivered,2026-06-24
22063,22063,Delivered,2025-05-26
22064,22064,Delivered,2026-07-21
22065,22065,Delivered,2023-12-31
22066,22066,Delayed,NULL
22067,22067,Delivered,2024-01-19
22068,22068,Delivered,2025-03-09
22069,22069,Delivered,2023-06-24
22070,22070,Delayed,NULL
22071,22071,Delivered,2024-09-13
22072,22072,Delivered,2026-03-21
22073,22073,Delivered,2025-01-11
22074,22074,Delayed,NULL
22075,22075,Delivered,2023-03-28
22076,22076,Delivered,2024-06-20
22077,22077,Lost,NULL
22078,22078,Delivered,2026-04-08
22079,22079,Delivered,2023-08-24
22080,22080,Delivered,2023-11-05
22081,22081,Delayed,NULL
22082,22082,Delivered,2024-06-20
22083,22083,Delivered,2023-11-14
22084,22084,Delivered,2024-02-11
22085,22085,Delivered,2026-04-13
22086,22086,Delayed,NULL
22087,22087,Delivered,2024-05-26
22088,22088,In Transit,NULL
22089,22089,In Transit,NULL
22090,22090,Delivered,2023-10-11
22091,22091,Delayed,NULL
22092,22092,Delivered,2026-03-13
22093,22093,Delivered,2026-03-18
22094,22094,Delayed,NULL
22095,22095,Delivered,2025-01-20
22096,22096,Delayed,NULL
22097,22097,In Transit,NULL
22098,22098,Delivered,2026-08-30
22099,22099,Delivered,2025-07-21
22100,22100,Delivered,2024-12-02
22101,22101,In Transit,NULL
22102,22102,Delayed,NULL
22103,22103,Delivered,2024-10-02
22104,22104,Delivered,2023-06-07
22105,22105,Delivered,2026-07-16
22106,22106,Returned,NULL
22107,22107,Delivered,2026-06-12
22108,22108,Delivered,2024-11-15
22109,22109,Delivered,2023-04-02
22110,22110,In Transit,NULL
22111,22111,Delivered,2026-06-09
22112,22112,In Transit,NULL
22113,22113,Delivered,2025-03-22
22114,22114,Delivered,2026-03-13
22115,22115,Delivered,2025-11-13
22116,22116,Delivered,2023-03-02
22117,22117,Delayed,NULL
22118,22118,Delivered,2025-11-01
22119,22119,Delivered,2025-02-03
22120,22120,Delivered,2023-08-12
22121,22121,Delivered,2023-09-29
22122,22122,Delayed,NULL
22123,22123,In Transit,NULL
22124,22124,Delivered,2023-11-13
22125,22125,In Transit,NULL
22126,22126,In Transit,NULL
22127,22127,Delivered,2023-03-25
22128,22128,In Transit,NULL
22129,22129,Delivered,2024-12-21
22130,22130,Delivered,2025-01-05
22131,22131,Returned,NULL
22132,22132,Delayed,NULL
22133,22133,In Transit,NULL
22134,22134,In Transit,NULL
22135,22135,Delayed,NULL
22136,22136,Delayed,NULL
22137,22137,Delivered,2026-07-10
22138,22138,Delivered,2024-10-13
22139,22139,Delayed,NULL
22140,22140,Delayed,NULL
22141,22141,In Transit,NULL
22142,22142,In Transit,NULL
22143,22143,Delivered,2024-04-26
22144,22144,Delayed,NULL
22145,22145,In Transit,NULL
22146,22146,Delayed,NULL
22147,22147,In Transit,NULL
22148,22148,Delivered,2025-03-24
22149,22149,Delivered,2024-11-06
22150,22150,Delivered,2025-09-11
22151,22151,Delivered,2023-12-18
22152,22152,Delivered,2025-07-29
22153,22153,In Transit,NULL
22154,22154,Delivered,2024-04-25
22155,22155,Delivered,2023-09-11
22156,22156,Delivered,2025-01-13
22157,22157,Delivered,2024-02-11
22158,22158,Lost,NULL
22159,22159,Delivered,2026-07-27
22160,22160,Returned,NULL
22161,22161,Delivered,2024-06-04
22162,22162,Delayed,NULL
22163,22163,Delivered,2026-02-11
22164,22164,Delivered,2026-03-06
22165,22165,Delivered,2025-11-21
22166,22166,In Transit,NULL
22167,22167,Delivered,2024-07-31
22168,22168,Delivered,2026-04-14
22169,22169,Delivered,2023-09-28
22170,22170,In Transit,NULL
22171,22171,In Transit,NULL
22172,22172,Delivered,2023-11-18
22173,22173,Delivered,2025-06-09
22174,22174,Returned,NULL
22175,22175,In Transit,NULL
22176,22176,Delivered,2025-06-04
22177,22177,Delivered,2026-07-17
22178,22178,Delayed,NULL
22179,22179,Returned,NULL
22180,22180,Delivered,2023-10-15
22181,22181,Delivered,2025-08-05
22182,22182,Delivered,2023-06-23
22183,22183,Delivered,2026-07-17
22184,22184,Delayed,NULL
22185,22185,Delivered,2026-07-06
22186,22186,Delayed,NULL
22187,22187,Delivered,2023-08-07
22188,22188,Delivered,2025-04-15
22189,22189,Delivered,2023-07-05
22190,22190,Delivered,2025-02-28
22191,22191,Delivered,2025-03-18
22192,22192,In Transit,NULL
22193,22193,Delivered,2023-10-01
22194,22194,Delivered,2024-10-25
22195,22195,Delayed,NULL
22196,22196,Delivered,2023-07-18
22197,22197,Delivered,2023-04-01
22198,22198,In Transit,NULL
22199,22199,Delivered,2026-02-09
22200,22200,In Transit,NULL
22201,22201,Delivered,2026-03-19
22202,22202,Delivered,2024-08-24
22203,22203,Delivered,2024-11-18
22204,22204,Delivered,2025-09-07
22205,22205,Delivered,2024-02-17
22206,22206,Delivered,2024-05-21
22207,22207,In Transit,NULL
22208,22208,Delivered,2025-04-05
22209,22209,Delivered,2023-12-13
22210,22210,Delayed,NULL
22211,22211,In Transit,NULL
22212,22212,Delivered,2024-03-12
22213,22213,Delivered,2024-07-01
22214,22214,Returned,NULL
22215,22215,Delivered,2025-04-08
22216,22216,Delayed,NULL
22217,22217,Delayed,NULL
22218,22218,Delayed,NULL
22219,22219,In Transit,NULL
22220,22220,Delivered,2025-09-23
22221,22221,Delivered,2026-05-09
22222,22222,Delivered,2025-07-22
22223,22223,Delivered,2024-01-29
22224,22224,Delivered,2024-05-31
22225,22225,Delayed,NULL
22226,22226,In Transit,NULL
22227,22227,Delayed,NULL
22228,22228,Delivered,2024-05-17
22229,22229,Delivered,2023-07-21
22230,22230,Delayed,NULL
22231,22231,Delivered,2026-04-04
22232,22232,Delivered,2025-06-17
22233,22233,In Transit,NULL
22234,22234,Delayed,NULL
22235,22235,Lost,NULL
22236,22236,Delivered,2023-06-16
22237,22237,Delivered,2024-07-08
22238,22238,Delivered,2023-11-25
22239,22239,In Transit,NULL
22240,22240,Delayed,NULL
22241,22241,Lost,NULL
22242,22242,Delivered,2024-11-23
22243,22243,In Transit,NULL
22244,22244,Delivered,2025-07-26
22245,22245,Delivered,2024-04-17
22246,22246,Delivered,2026-01-01
22247,22247,Delayed,NULL
22248,22248,In Transit,NULL
22249,22249,Delivered,2024-08-24
22250,22250,In Transit,NULL
22251,22251,Delivered,2026-02-21
22252,22252,Delivered,2024-10-22
22253,22253,In Transit,NULL
22254,22254,Delivered,2026-06-28
22255,22255,Delivered,2026-05-27
22256,22256,Delivered,2025-10-17
22257,22257,Delivered,2025-03-05
22258,22258,Delayed,NULL
22259,22259,Delivered,2023-05-03
22260,22260,In Transit,NULL
22261,22261,Delayed,NULL
22262,22262,Delivered,2023-09-27
22263,22263,Delivered,2024-06-04
22264,22264,In Transit,NULL
22265,22265,In Transit,NULL
22266,22266,In Transit,NULL
22267,22267,In Transit,NULL
22268,22268,Delivered,2023-02-14
22269,22269,Returned,NULL
22270,22270,Delivered,2023-03-20
22271,22271,Delayed,NULL
22272,22272,Delivered,2024-01-30
22273,22273,In Transit,NULL
22274,22274,Delivered,2023-10-01
22275,22275,In Transit,NULL
22276,22276,Delivered,2023-11-20
22277,22277,In Transit,NULL
22278,22278,Delivered,2024-07-21
22279,22279,Delayed,NULL
22280,22280,Delayed,NULL
22281,22281,Delivered,2023-04-25
22282,22282,Delivered,2025-11-27
22283,22283,In Transit,NULL
22284,22284,Delivered,2023-12-18
22285,22285,Delivered,2023-11-12
22286,22286,Delivered,2023-05-11
22287,22287,In Transit,NULL
22288,22288,Delayed,NULL
22289,22289,In Transit,NULL
22290,22290,Delivered,2024-04-18
22291,22291,Delivered,2023-09-24
22292,22292,Delivered,2026-05-02
22293,22293,Delivered,2024-05-15
22294,22294,Delivered,2023-05-05
22295,22295,Delivered,2024-08-12
22296,22296,Delivered,2024-08-22
22297,22297,Delivered,2024-10-25
22298,22298,In Transit,NULL
22299,22299,Delivered,2026-02-21
22300,22300,In Transit,NULL
22301,22301,Delivered,2024-08-15
22302,22302,Delivered,2024-07-15
22303,22303,Delayed,NULL
22304,22304,Delivered,2023-08-06
22305,22305,Delivered,2024-06-07
22306,22306,In Transit,NULL
22307,22307,Delivered,2025-05-10
22308,22308,In Transit,NULL
22309,22309,Delivered,2025-04-08
22310,22310,Delayed,NULL
22311,22311,Delayed,NULL
22312,22312,Delivered,2025-05-27
22313,22313,Delivered,2024-02-19
22314,22314,Delivered,2025-04-18
22315,22315,Delivered,2024-10-25
22316,22316,Delivered,2023-04-20
22317,22317,Delayed,NULL
22318,22318,Delayed,NULL
22319,22319,Delivered,2025-05-20
22320,22320,Delivered,2025-06-10
22321,22321,Delivered,2023-12-11
22322,22322,Delivered,2026-08-12
22323,22323,Delayed,NULL
22324,22324,Delivered,2026-07-05
22325,22325,In Transit,NULL
22326,22326,Delayed,NULL
22327,22327,Delivered,2024-07-03
22328,22328,Returned,NULL
22329,22329,In Transit,NULL
22330,22330,Delivered,2025-12-09
22331,22331,Returned,NULL
22332,22332,Delivered,2024-11-24
22333,22333,Delivered,2023-09-13
22334,22334,Returned,NULL
22335,22335,Delivered,2026-08-26
22336,22336,Delivered,2024-06-09
22337,22337,Delivered,2023-06-21
22338,22338,In Transit,NULL
22339,22339,Delivered,2025-05-14
22340,22340,Delayed,NULL
22341,22341,Delivered,2026-07-18
22342,22342,In Transit,NULL
22343,22343,Delivered,2025-06-18
22344,22344,Delivered,2025-01-20
22345,22345,Delayed,NULL
22346,22346,Delayed,NULL
22347,22347,In Transit,NULL
22348,22348,Delivered,2023-10-05
22349,22349,Delayed,NULL
22350,22350,Delivered,2023-04-24
22351,22351,In Transit,NULL
22352,22352,Delivered,2024-02-27
22353,22353,Delivered,2024-10-21
22354,22354,In Transit,NULL
22355,22355,In Transit,NULL
22356,22356,Delivered,2025-02-20
22357,22357,Delivered,2023-02-16
22358,22358,Delivered,2023-03-31
22359,22359,In Transit,NULL
22360,22360,Delivered,2026-05-14
22361,22361,Delivered,2025-06-04
22362,22362,Delivered,2025-09-01
22363,22363,Delayed,NULL
22364,22364,Delivered,2023-11-09
22365,22365,In Transit,NULL
22366,22366,Delivered,2023-04-22
22367,22367,In Transit,NULL
22368,22368,Delivered,2024-02-08
22369,22369,In Transit,NULL
22370,22370,In Transit,NULL
22371,22371,In Transit,NULL
22372,22372,In Transit,NULL
22373,22373,Delivered,2025-04-16
22374,22374,Delivered,2025-05-27
22375,22375,Delayed,NULL
22376,22376,Delayed,NULL
22377,22377,Delayed,NULL
22378,22378,Delivered,2025-06-09
22379,22379,Delivered,2025-10-05
22380,22380,In Transit,NULL
22381,22381,Delivered,2024-08-08
22382,22382,In Transit,NULL
22383,22383,In Transit,NULL
22384,22384,In Transit,NULL
22385,22385,Delivered,2024-05-12
22386,22386,Delivered,2026-06-19
22387,22387,Delivered,2026-06-26
22388,22388,Delivered,2024-04-12
22389,22389,In Transit,NULL
22390,22390,Delivered,2023-11-02
22391,22391,Delivered,2026-04-19
22392,22392,Delivered,2026-04-25
22393,22393,Delivered,2025-02-10
22394,22394,Delivered,2026-04-05
22395,22395,Delayed,NULL
22396,22396,In Transit,NULL
22397,22397,In Transit,NULL
22398,22398,Delivered,2024-03-16
22399,22399,Delivered,2026-04-26
22400,22400,In Transit,NULL
22401,22401,In Transit,NULL
22402,22402,Delivered,2024-10-01
22403,22403,Delivered,2024-02-19
22404,22404,Delivered,2024-05-05
22405,22405,Delivered,2025-08-17
22406,22406,In Transit,NULL
22407,22407,In Transit,NULL
22408,22408,Delivered,2025-08-04
22409,22409,Delivered,2025-11-18
22410,22410,Delivered,2023-06-19
22411,22411,Delivered,2024-05-19
22412,22412,Delayed,NULL
22413,22413,Delivered,2023-12-14
22414,22414,In Transit,NULL
22415,22415,Returned,NULL
22416,22416,In Transit,NULL
22417,22417,In Transit,NULL
22418,22418,In Transit,NULL
22419,22419,In Transit,NULL
22420,22420,Delivered,2023-07-26
22421,22421,Delivered,2024-06-12
22422,22422,Delivered,2024-06-22
22423,22423,In Transit,NULL
22424,22424,Delivered,2026-05-17
22425,22425,Delivered,2026-04-27
22426,22426,In Transit,NULL
22427,22427,Delivered,2023-09-19
22428,22428,In Transit,NULL
22429,22429,In Transit,NULL
22430,22430,Delivered,2023-12-14
22431,22431,Delivered,2024-09-07
22432,22432,Delivered,2024-07-12
22433,22433,Delivered,2024-10-03
22434,22434,Delivered,2025-02-13
22435,22435,Delivered,2025-09-02
22436,22436,In Transit,NULL
22437,22437,Delivered,2025-10-26
22438,22438,Delivered,2025-03-02
22439,22439,Delivered,2025-04-03
22440,22440,In Transit,NULL
22441,22441,In Transit,NULL
22442,22442,Delivered,2023-12-24
22443,22443,Delivered,2023-05-28
22444,22444,Delivered,2023-09-22
22445,22445,In Transit,NULL
22446,22446,In Transit,NULL
22447,22447,In Transit,NULL
22448,22448,Delivered,2025-02-10
22449,22449,Delayed,NULL
22450,22450,Delivered,2025-04-24
22451,22451,Delivered,2023-08-28
22452,22452,Delivered,2023-11-27
22453,22453,Delivered,2026-03-19
22454,22454,In Transit,NULL
22455,22455,Delivered,2023-07-02
22456,22456,Delivered,2026-07-23
22457,22457,Delivered,2025-11-21
22458,22458,Delivered,2023-07-21
22459,22459,Delivered,2026-04-19
22460,22460,Delayed,NULL
22461,22461,Delivered,2024-08-01
22462,22462,Delivered,2024-01-02
22463,22463,Delivered,2025-03-07
22464,22464,Delivered,2025-10-04
22465,22465,Delivered,2024-02-28
22466,22466,Delivered,2023-09-28
22467,22467,Delivered,2023-08-03
22468,22468,Delivered,2024-11-20
22469,22469,Delivered,2025-05-28
22470,22470,Delivered,2023-05-05
22471,22471,Delayed,NULL
22472,22472,Delivered,2025-12-26
22473,22473,Delivered,2024-10-20
22474,22474,Delivered,2024-11-01
22475,22475,Delivered,2023-05-27
22476,22476,In Transit,NULL
22477,22477,Delivered,2023-03-28
22478,22478,Delivered,2025-08-01
22479,22479,Delivered,2024-08-02
22480,22480,Delivered,2024-09-18
22481,22481,Delivered,2023-07-16
22482,22482,In Transit,NULL
22483,22483,Delivered,2025-12-21
22484,22484,Delivered,2026-03-07
22485,22485,In Transit,NULL
22486,22486,Delivered,2026-07-18
22487,22487,In Transit,NULL
22488,22488,Delivered,2024-02-22
22489,22489,Lost,NULL
22490,22490,Delayed,NULL
22491,22491,Delivered,2025-07-09
22492,22492,Delivered,2024-02-04
22493,22493,In Transit,NULL
22494,22494,Delivered,2023-06-20
22495,22495,Delivered,2023-09-10
22496,22496,Delivered,2026-03-05
22497,22497,Delivered,2024-01-21
22498,22498,Delivered,2025-10-29
22499,22499,Delivered,2023-03-04
22500,22500,Delivered,2023-12-20
22501,22501,In Transit,NULL
22502,22502,Delivered,2023-05-16
22503,22503,Delivered,2026-03-29
22504,22504,Delivered,2025-02-07
22505,22505,Delayed,NULL
22506,22506,Delivered,2025-04-24
22507,22507,Delivered,2024-11-19
22508,22508,Delayed,NULL
22509,22509,Delayed,NULL
22510,22510,Lost,NULL
22511,22511,Delivered,2023-08-03
22512,22512,Lost,NULL
22513,22513,In Transit,NULL
22514,22514,In Transit,NULL
22515,22515,In Transit,NULL
22516,22516,Delivered,2023-03-29
22517,22517,In Transit,NULL
22518,22518,Delivered,2025-07-11
22519,22519,Delivered,2025-09-10
22520,22520,Delivered,2025-04-12
22521,22521,Delivered,2025-03-13
22522,22522,Delivered,2023-03-11
22523,22523,Delayed,NULL
22524,22524,Delayed,NULL
22525,22525,Delivered,2023-08-05
22526,22526,Delivered,2023-05-01
22527,22527,Delivered,2024-01-07
22528,22528,In Transit,NULL
22529,22529,Delayed,NULL
22530,22530,In Transit,NULL
22531,22531,Delivered,2025-03-11
22532,22532,Delivered,2025-04-10
22533,22533,Delivered,2023-12-29
22534,22534,In Transit,NULL
22535,22535,In Transit,NULL
22536,22536,Delivered,2026-01-07
22537,22537,Delivered,2025-07-15
22538,22538,Delivered,2023-07-20
22539,22539,In Transit,NULL
22540,22540,Delivered,2025-01-08
22541,22541,Returned,NULL
22542,22542,In Transit,NULL
22543,22543,Delivered,2024-07-23
22544,22544,In Transit,NULL
22545,22545,Delivered,2025-07-16
22546,22546,Delivered,2026-02-20
22547,22547,In Transit,NULL
22548,22548,Delivered,2023-03-07
22549,22549,Delayed,NULL
22550,22550,Returned,NULL
22551,22551,Delayed,NULL
22552,22552,Delivered,2023-09-13
22553,22553,Delivered,2024-07-28
22554,22554,Delivered,2023-08-09
22555,22555,Delayed,NULL
22556,22556,Delivered,2026-03-15
22557,22557,Delivered,2025-07-14
22558,22558,Returned,NULL
22559,22559,Delivered,2025-04-01
22560,22560,Delivered,2025-06-10
22561,22561,Delivered,2023-08-12
22562,22562,In Transit,NULL
22563,22563,Delivered,2025-09-15
22564,22564,Delivered,2023-07-06
22565,22565,In Transit,NULL
22566,22566,Delivered,2023-11-09
22567,22567,In Transit,NULL
22568,22568,In Transit,NULL
22569,22569,Delivered,2025-08-29
22570,22570,Delivered,2024-02-03
22571,22571,Delivered,2025-05-14
22572,22572,Delayed,NULL
22573,22573,In Transit,NULL
22574,22574,Delivered,2023-02-21
22575,22575,Delayed,NULL
22576,22576,In Transit,NULL
22577,22577,Delayed,NULL
22578,22578,Delivered,2023-11-26
22579,22579,Delivered,2023-03-15
22580,22580,Delivered,2023-11-29
22581,22581,Delivered,2026-07-13
22582,22582,Delivered,2023-05-03
22583,22583,In Transit,NULL
22584,22584,In Transit,NULL
22585,22585,Delivered,2023-04-22
22586,22586,Returned,NULL
22587,22587,Delivered,2023-08-21
22588,22588,Delivered,2024-07-27
22589,22589,In Transit,NULL
22590,22590,Delayed,NULL
22591,22591,Delivered,2023-06-07
22592,22592,In Transit,NULL
22593,22593,Delayed,NULL
22594,22594,Delivered,2025-05-08
22595,22595,Delivered,2026-03-02
22596,22596,In Transit,NULL
22597,22597,In Transit,NULL
22598,22598,In Transit,NULL
22599,22599,Delivered,2023-11-11
22600,22600,Delivered,2025-06-27
22601,22601,In Transit,NULL
22602,22602,In Transit,NULL
22603,22603,Delayed,NULL
22604,22604,Delivered,2023-10-17
22605,22605,Delivered,2026-07-21
22606,22606,Delivered,2023-03-17
22607,22607,Delivered,2024-04-28
22608,22608,Delivered,2026-02-03
22609,22609,Delivered,2026-05-13
22610,22610,Returned,NULL
22611,22611,Delivered,2024-03-27
22612,22612,Delivered,2024-02-16
22613,22613,Delivered,2025-06-10
22614,22614,Delayed,NULL
22615,22615,In Transit,NULL
22616,22616,Returned,NULL
22617,22617,Delivered,2025-08-24
22618,22618,Delivered,2023-07-27
22619,22619,In Transit,NULL
22620,22620,Delivered,2023-10-09
22621,22621,In Transit,NULL
22622,22622,In Transit,NULL
22623,22623,In Transit,NULL
22624,22624,Delivered,2023-06-28
22625,22625,Delivered,2024-04-06
22626,22626,Delivered,2024-08-16
22627,22627,In Transit,NULL
22628,22628,In Transit,NULL
22629,22629,Delivered,2024-01-03
22630,22630,Delivered,2026-01-25
22631,22631,In Transit,NULL
22632,22632,Delayed,NULL
22633,22633,Delivered,2025-01-14
22634,22634,Delivered,2025-09-28
22635,22635,In Transit,NULL
22636,22636,In Transit,NULL
22637,22637,Delivered,2024-03-03
22638,22638,In Transit,NULL
22639,22639,Returned,NULL
22640,22640,Delayed,NULL
22641,22641,Delivered,2024-03-21
22642,22642,In Transit,NULL
22643,22643,Delivered,2025-10-30
22644,22644,Delayed,NULL
22645,22645,Delayed,NULL
22646,22646,Delivered,2023-02-21
22647,22647,Returned,NULL
22648,22648,Delivered,2026-06-13
22649,22649,Delivered,2025-12-30
22650,22650,Delayed,NULL
22651,22651,In Transit,NULL
22652,22652,Delivered,2024-05-03
22653,22653,Delivered,2025-10-18
22654,22654,Delivered,2025-11-27
22655,22655,Delivered,2024-04-04
22656,22656,Delivered,2024-04-15
22657,22657,Delivered,2026-03-09
22658,22658,Returned,NULL
22659,22659,Delivered,2023-06-30
22660,22660,Returned,NULL
22661,22661,Lost,NULL
22662,22662,Delivered,2026-07-10
22663,22663,Delivered,2026-05-30
22664,22664,Delivered,2023-04-28
22665,22665,In Transit,NULL
22666,22666,Delivered,2024-08-15
22667,22667,In Transit,NULL
22668,22668,Delivered,2024-07-19
22669,22669,Delivered,2024-03-21
22670,22670,Delivered,2025-10-15
22671,22671,Delivered,2025-03-20
22672,22672,Delivered,2025-08-12
22673,22673,Delivered,2023-05-30
22674,22674,Delivered,2024-10-16
22675,22675,In Transit,NULL
22676,22676,Delivered,2024-03-13
22677,22677,Delivered,2025-09-04
22678,22678,Delivered,2023-03-11
22679,22679,In Transit,NULL
22680,22680,Delivered,2024-08-07
22681,22681,Delivered,2023-12-11
22682,22682,Delivered,2023-08-05
22683,22683,Delivered,2023-10-31
22684,22684,Delivered,2023-04-26
22685,22685,Delivered,2024-04-05
22686,22686,Delivered,2023-02-20
22687,22687,In Transit,NULL
22688,22688,Delayed,NULL
22689,22689,Delivered,2023-04-10
22690,22690,Delivered,2025-10-01
22691,22691,Delayed,NULL
22692,22692,Delivered,2023-04-17
22693,22693,In Transit,NULL
22694,22694,Delayed,NULL
22695,22695,Delivered,2023-05-23
22696,22696,Delivered,2023-07-12
22697,22697,Delivered,2025-02-13
22698,22698,Delivered,2026-03-08
22699,22699,In Transit,NULL
22700,22700,In Transit,NULL
22701,22701,Delivered,2024-12-17
22702,22702,Delivered,2025-09-22
22703,22703,Delivered,2024-01-14
22704,22704,Delivered,2024-02-13
22705,22705,Delivered,2025-09-03
22706,22706,In Transit,NULL
22707,22707,Delivered,2023-04-06
22708,22708,In Transit,NULL
22709,22709,Returned,NULL
22710,22710,Delivered,2023-12-06
22711,22711,Delivered,2025-06-20
22712,22712,Delivered,2026-01-28
22713,22713,Returned,NULL
22714,22714,Delivered,2023-01-17
22715,22715,In Transit,NULL
22716,22716,Delivered,2024-06-07
22717,22717,Delivered,2024-09-06
22718,22718,Delivered,2024-01-26
22719,22719,In Transit,NULL
22720,22720,Delivered,2024-01-01
22721,22721,Delayed,NULL
22722,22722,Delivered,2024-07-06
22723,22723,Delivered,2024-02-20
22724,22724,Delivered,2025-01-21
22725,22725,Delivered,2026-02-11
22726,22726,Delivered,2023-07-24
22727,22727,In Transit,NULL
22728,22728,Delivered,2023-12-20
22729,22729,Delivered,2025-09-13
22730,22730,Delivered,2023-07-13
22731,22731,Delivered,2024-12-31
22732,22732,Delivered,2024-10-01
22733,22733,Delivered,2025-09-21
22734,22734,Delivered,2025-07-23
22735,22735,Delivered,2024-01-12
22736,22736,Delivered,2024-07-24
22737,22737,Delayed,NULL
22738,22738,In Transit,NULL
22739,22739,Delivered,2024-05-07
22740,22740,In Transit,NULL
22741,22741,Delivered,2025-11-07
22742,22742,Delayed,NULL
22743,22743,Delivered,2024-08-27
22744,22744,In Transit,NULL
22745,22745,Delivered,2024-08-24
22746,22746,Delivered,2024-12-02
22747,22747,In Transit,NULL
22748,22748,In Transit,NULL
22749,22749,In Transit,NULL
22750,22750,Delivered,2025-06-08
22751,22751,Delivered,2024-01-22
22752,22752,Delivered,2025-04-04
22753,22753,Delivered,2023-09-16
22754,22754,Delivered,2023-10-10
22755,22755,Delivered,2024-01-13
22756,22756,Delivered,2025-03-17
22757,22757,Returned,NULL
22758,22758,Delivered,2025-09-28
22759,22759,Delivered,2025-08-28
22760,22760,Delivered,2025-08-18
22761,22761,In Transit,NULL
22762,22762,Delayed,NULL
22763,22763,Delivered,2025-03-19
22764,22764,Delivered,2024-03-30
22765,22765,In Transit,NULL
22766,22766,In Transit,NULL
22767,22767,In Transit,NULL
22768,22768,Delivered,2025-06-07
22769,22769,Delivered,2023-11-19
22770,22770,Delivered,2025-08-04
22771,22771,Delivered,2025-07-11
22772,22772,Delivered,2024-09-30
22773,22773,Delivered,2024-10-13
22774,22774,In Transit,NULL
22775,22775,Delivered,2026-01-03
22776,22776,Delivered,2024-09-01
22777,22777,In Transit,NULL
22778,22778,Delivered,2026-07-20
22779,22779,In Transit,NULL
22780,22780,Delivered,2024-09-26
22781,22781,Delivered,2023-03-14
22782,22782,Delivered,2023-09-27
22783,22783,Delivered,2023-07-05
22784,22784,Delayed,NULL
22785,22785,Delivered,2023-05-23
22786,22786,In Transit,NULL
22787,22787,Delivered,2023-12-19
22788,22788,Delivered,2023-04-02
22789,22789,Delayed,NULL
22790,22790,In Transit,NULL
22791,22791,In Transit,NULL
22792,22792,Returned,NULL
22793,22793,In Transit,NULL
22794,22794,Delivered,2024-03-19
22795,22795,Delayed,NULL
22796,22796,In Transit,NULL
22797,22797,Delayed,NULL
22798,22798,Delivered,2024-09-30
22799,22799,Delayed,NULL
22800,22800,In Transit,NULL
22801,22801,Delayed,NULL
22802,22802,Delayed,NULL
22803,22803,Delivered,2023-02-15
22804,22804,In Transit,NULL
22805,22805,Delivered,2023-07-08
22806,22806,Delivered,2025-03-21
22807,22807,Delivered,2025-06-28
22808,22808,Delivered,2026-01-20
22809,22809,Delivered,2024-08-21
22810,22810,Delivered,2024-02-02
22811,22811,Delivered,2024-09-08
22812,22812,Delivered,2023-08-09
22813,22813,Delivered,2025-09-15
22814,22814,Delivered,2026-05-08
22815,22815,Delivered,2026-05-05
22816,22816,Delivered,2025-06-03
22817,22817,Delivered,2026-01-23
22818,22818,In Transit,NULL
22819,22819,Delivered,2024-07-14
22820,22820,Delivered,2023-11-24
22821,22821,Delivered,2025-10-09
22822,22822,Delivered,2025-09-03
22823,22823,Delivered,2026-04-30
22824,22824,Delayed,NULL
22825,22825,Returned,NULL
22826,22826,In Transit,NULL
22827,22827,Delivered,2026-03-19
22828,22828,Returned,NULL
22829,22829,Delivered,2026-03-10
22830,22830,Delivered,2026-02-21
22831,22831,Delivered,2023-04-09
22832,22832,Delayed,NULL
22833,22833,In Transit,NULL
22834,22834,Delivered,2024-08-01
22835,22835,Delivered,2024-11-22
22836,22836,Delayed,NULL
22837,22837,In Transit,NULL
22838,22838,Delivered,2024-11-08
22839,22839,Delivered,2025-09-07
22840,22840,Delivered,2024-01-01
22841,22841,Delayed,NULL
22842,22842,Delivered,2025-01-03
22843,22843,Delivered,2026-05-21
22844,22844,In Transit,NULL
22845,22845,Delivered,2024-11-26
22846,22846,Delayed,NULL
22847,22847,Delayed,NULL
22848,22848,Delivered,2023-07-07
22849,22849,Delivered,2024-02-28
22850,22850,Delivered,2023-10-24
22851,22851,Delivered,2024-10-26
22852,22852,Delivered,2026-07-20
22853,22853,Delivered,2025-04-15
22854,22854,Delivered,2026-04-23
22855,22855,Delivered,2024-09-24
22856,22856,Delivered,2024-08-15
22857,22857,Delivered,2024-12-16
22858,22858,Delivered,2024-02-19
22859,22859,Delivered,2025-12-24
22860,22860,Delivered,2025-03-04
22861,22861,Delivered,2024-06-19
22862,22862,In Transit,NULL
22863,22863,Returned,NULL
22864,22864,Delivered,2023-03-15
22865,22865,In Transit,NULL
22866,22866,Delayed,NULL
22867,22867,Delivered,2024-03-27
22868,22868,In Transit,NULL
22869,22869,Delivered,2025-02-25
22870,22870,Delivered,2025-11-25
22871,22871,Delivered,2025-01-10
22872,22872,Delivered,2025-11-28
22873,22873,Delivered,2026-08-18
22874,22874,Delayed,NULL
22875,22875,In Transit,NULL
22876,22876,Delayed,NULL
22877,22877,In Transit,NULL
22878,22878,Returned,NULL
22879,22879,Delivered,2025-05-27
22880,22880,Delivered,2025-12-31
22881,22881,Delivered,2026-04-15
22882,22882,Delivered,2025-11-10
22883,22883,Delivered,2023-07-03
22884,22884,Returned,NULL
22885,22885,Delivered,2025-03-08
22886,22886,Delivered,2025-01-31
22887,22887,Delivered,2026-03-04
22888,22888,In Transit,NULL
22889,22889,Delivered,2023-12-07
22890,22890,Delayed,NULL
22891,22891,In Transit,NULL
22892,22892,Delayed,NULL
22893,22893,Delivered,2026-06-12
22894,22894,Delivered,2026-06-24
22895,22895,Delivered,2023-03-08
22896,22896,Delivered,2024-01-11
22897,22897,Returned,NULL
22898,22898,In Transit,NULL
22899,22899,Delivered,2026-05-11
22900,22900,Delivered,2026-04-27
22901,22901,In Transit,NULL
22902,22902,In Transit,NULL
22903,22903,Delayed,NULL
22904,22904,Delayed,NULL
22905,22905,Delivered,2026-01-19
22906,22906,Delivered,2023-11-27
22907,22907,Delayed,NULL
22908,22908,Delivered,2026-02-16
22909,22909,Delivered,2023-04-30
22910,22910,Delayed,NULL
22911,22911,In Transit,NULL
22912,22912,Delivered,2026-03-22
22913,22913,Delivered,2024-02-17
22914,22914,Delivered,2023-08-03
22915,22915,Delivered,2024-11-16
22916,22916,In Transit,NULL
22917,22917,Delivered,2026-07-24
22918,22918,Delivered,2024-12-20
22919,22919,Delivered,2024-06-22
22920,22920,Delayed,NULL
22921,22921,Delivered,2026-05-10
22922,22922,Lost,NULL
22923,22923,Delivered,2024-04-22
22924,22924,Delivered,2025-11-10
22925,22925,Delivered,2025-05-26
22926,22926,Delivered,2024-11-27
22927,22927,In Transit,NULL
22928,22928,In Transit,NULL
22929,22929,Delivered,2024-07-17
22930,22930,Delivered,2025-05-07
22931,22931,Delayed,NULL
22932,22932,Delivered,2026-08-10
22933,22933,Delivered,2025-10-03
22934,22934,In Transit,NULL
22935,22935,Delivered,2023-06-20
22936,22936,Delivered,2023-08-24
22937,22937,In Transit,NULL
22938,22938,Delivered,2024-12-14
22939,22939,Delivered,2025-01-16
22940,22940,Delivered,2023-11-13
22941,22941,In Transit,NULL
22942,22942,Delivered,2023-03-13
22943,22943,Delivered,2025-06-15
22944,22944,Delivered,2026-03-01
22945,22945,Delivered,2024-07-02
22946,22946,Delivered,2026-06-20
22947,22947,In Transit,NULL
22948,22948,Delayed,NULL
22949,22949,In Transit,NULL
22950,22950,Delayed,NULL
22951,22951,Delayed,NULL
22952,22952,Delivered,2024-06-06
22953,22953,Delivered,2025-03-09
22954,22954,Delivered,2023-07-19
22955,22955,Delivered,2025-03-22
22956,22956,Delivered,2024-07-05
22957,22957,Delivered,2023-03-31
22958,22958,Delivered,2026-02-26
22959,22959,Delayed,NULL
22960,22960,Delivered,2025-04-24
22961,22961,Delivered,2024-04-11
22962,22962,Delivered,2023-08-06
22963,22963,Delivered,2024-05-11
22964,22964,Delivered,2025-05-04
22965,22965,Delivered,2023-07-02
22966,22966,Delivered,2024-10-09
22967,22967,In Transit,NULL
22968,22968,In Transit,NULL
22969,22969,In Transit,NULL
22970,22970,Lost,NULL
22971,22971,Delivered,2025-09-17
22972,22972,Delivered,2025-07-03
22973,22973,Delivered,2023-07-08
22974,22974,Delivered,2023-03-31
22975,22975,Delivered,2024-03-31
22976,22976,Delivered,2023-05-09
22977,22977,Delivered,2025-07-03
22978,22978,Delivered,2023-05-20
22979,22979,In Transit,NULL
22980,22980,In Transit,NULL
22981,22981,Delivered,2024-09-11
22982,22982,Returned,NULL
22983,22983,Delivered,2025-07-13
22984,22984,Delivered,2026-04-19
22985,22985,Delivered,2026-02-18
22986,22986,In Transit,NULL
22987,22987,Delivered,2024-05-30
22988,22988,Delivered,2026-07-21
22989,22989,Delivered,2025-11-05
22990,22990,Delivered,2025-02-26
22991,22991,Returned,NULL
22992,22992,Delivered,2026-06-20
22993,22993,Delivered,2025-12-03
22994,22994,Delayed,NULL
22995,22995,Delivered,2023-05-20
22996,22996,In Transit,NULL
22997,22997,Delivered,2023-05-19
22998,22998,Delivered,2026-02-14
22999,22999,Delivered,2023-12-06
23000,23000,Delayed,NULL
23001,23001,Delayed,NULL
23002,23002,Delivered,2023-05-28
23003,23003,In Transit,NULL
23004,23004,In Transit,NULL
23005,23005,In Transit,NULL
23006,23006,Delivered,2023-02-14
23007,23007,Delivered,2023-03-20
23008,23008,Delivered,2026-05-30
23009,23009,Delivered,2023-07-09
23010,23010,Delayed,NULL
23011,23011,In Transit,NULL
23012,23012,Delivered,2026-07-24
23013,23013,Delivered,2026-06-02
23014,23014,Returned,NULL
23015,23015,Delivered,2025-12-15
23016,23016,In Transit,NULL
23017,23017,Returned,NULL
23018,23018,In Transit,NULL
23019,23019,Delayed,NULL
23020,23020,Delivered,2023-06-29
23021,23021,In Transit,NULL
23022,23022,In Transit,NULL
23023,23023,Delayed,NULL
23024,23024,In Transit,NULL
23025,23025,Delivered,2023-06-17
23026,23026,Delivered,2025-03-23
23027,23027,Delivered,2024-01-10
23028,23028,Returned,NULL
23029,23029,Delivered,2025-06-25
23030,23030,Delivered,2025-02-22
23031,23031,Delivered,2024-07-23
23032,23032,Delivered,2024-08-22
23033,23033,Delivered,2023-12-08
23034,23034,Delivered,2025-10-30
23035,23035,Delivered,2023-12-07
23036,23036,Delivered,2026-03-19
23037,23037,Delivered,2025-11-13
23038,23038,Returned,NULL
23039,23039,In Transit,NULL
23040,23040,Delivered,2023-04-13
23041,23041,Delivered,2026-04-29
23042,23042,Delivered,2025-03-08
23043,23043,Delivered,2026-02-24
23044,23044,Returned,NULL
23045,23045,In Transit,NULL
23046,23046,Delivered,2025-07-30
23047,23047,Delivered,2025-01-18
23048,23048,Returned,NULL
23049,23049,Lost,NULL
23050,23050,Delivered,2025-02-18
23051,23051,In Transit,NULL
23052,23052,Delivered,2023-10-17
23053,23053,In Transit,NULL
23054,23054,Delivered,2025-07-21
23055,23055,Delivered,2025-01-04
23056,23056,In Transit,NULL
23057,23057,In Transit,NULL
23058,23058,Delivered,2024-12-07
23059,23059,Delayed,NULL
23060,23060,In Transit,NULL
23061,23061,Delivered,2024-04-12
23062,23062,Delivered,2025-03-06
23063,23063,Delayed,NULL
23064,23064,Delayed,NULL
23065,23065,Delivered,2024-05-15
23066,23066,Delayed,NULL
23067,23067,Delivered,2024-12-29
23068,23068,Delivered,2023-09-01
23069,23069,Delivered,2025-03-04
23070,23070,In Transit,NULL
23071,23071,Delivered,2025-03-16
23072,23072,Delivered,2025-04-16
23073,23073,In Transit,NULL
23074,23074,Delivered,2025-07-23
23075,23075,Delivered,2024-04-01
23076,23076,Lost,NULL
23077,23077,Delayed,NULL
23078,23078,Delivered,2023-06-11
23079,23079,Delivered,2025-09-20
23080,23080,Delayed,NULL
23081,23081,Delivered,2023-09-19
23082,23082,Delivered,2026-02-26
23083,23083,Delivered,2024-05-20
23084,23084,Delivered,2026-03-17
23085,23085,In Transit,NULL
23086,23086,Delivered,2024-03-17
23087,23087,Delivered,2023-08-07
23088,23088,Returned,NULL
23089,23089,In Transit,NULL
23090,23090,Delivered,2025-12-14
23091,23091,In Transit,NULL
23092,23092,Delivered,2026-07-30
23093,23093,Delivered,2026-03-06
23094,23094,In Transit,NULL
23095,23095,Delivered,2024-09-04
23096,23096,Delivered,2025-09-16
23097,23097,Delayed,NULL
23098,23098,Delivered,2023-09-06
23099,23099,Delivered,2024-03-14
23100,23100,Delivered,2025-07-01
23101,23101,Delayed,NULL
23102,23102,Delivered,2024-03-20
23103,23103,Delivered,2025-06-08
23104,23104,Delivered,2023-04-16
23105,23105,Delivered,2023-04-01
23106,23106,In Transit,NULL
23107,23107,Delayed,NULL
23108,23108,Delivered,2025-01-19
23109,23109,Delivered,2025-04-29
23110,23110,Delivered,2024-09-10
23111,23111,Delivered,2025-05-17
23112,23112,Delivered,2023-09-29
23113,23113,Delivered,2025-06-08
23114,23114,In Transit,NULL
23115,23115,Delayed,NULL
23116,23116,Delayed,NULL
23117,23117,Delayed,NULL
23118,23118,Delivered,2026-07-21
23119,23119,Delivered,2025-04-29
23120,23120,Delayed,NULL
23121,23121,In Transit,NULL
23122,23122,Delivered,2024-09-06
23123,23123,Delivered,2026-01-31
23124,23124,Delivered,2024-09-13
23125,23125,Delivered,2026-02-12
23126,23126,Delivered,2023-04-12
23127,23127,In Transit,NULL
23128,23128,Lost,NULL
23129,23129,Delivered,2023-11-18
23130,23130,Delivered,2026-06-29
23131,23131,Delivered,2025-07-18
23132,23132,Delivered,2023-09-16
23133,23133,Delivered,2025-12-27
23134,23134,Delivered,2023-03-18
23135,23135,Delivered,2024-05-30
23136,23136,Delivered,2025-06-12
23137,23137,Delayed,NULL
23138,23138,Delivered,2024-07-25
23139,23139,Delivered,2025-10-11
23140,23140,Delayed,NULL
23141,23141,Delivered,2026-02-21
23142,23142,Delivered,2025-02-07
23143,23143,Delivered,2026-05-18
23144,23144,Delivered,2024-11-29
23145,23145,Delivered,2023-09-13
23146,23146,Delivered,2023-08-16
23147,23147,Delayed,NULL
23148,23148,Returned,NULL
23149,23149,In Transit,NULL
23150,23150,Delivered,2023-06-10
23151,23151,Delivered,2025-01-25
23152,23152,Delivered,2023-06-14
23153,23153,In Transit,NULL
23154,23154,Delayed,NULL
23155,23155,Delivered,2024-03-09
23156,23156,Delayed,NULL
23157,23157,Delivered,2025-10-28
23158,23158,In Transit,NULL
23159,23159,Delivered,2024-12-21
23160,23160,Delayed,NULL
23161,23161,In Transit,NULL
23162,23162,In Transit,NULL
23163,23163,Delivered,2025-06-15
23164,23164,Delivered,2026-03-14
23165,23165,In Transit,NULL
23166,23166,Delivered,2025-11-06
23167,23167,Delivered,2026-04-29
23168,23168,In Transit,NULL
23169,23169,In Transit,NULL
23170,23170,Delivered,2024-05-02
23171,23171,Delivered,2026-03-26
23172,23172,Delivered,2025-01-30
23173,23173,Delivered,2023-10-18
23174,23174,Delivered,2025-03-23
23175,23175,Delivered,2024-02-09
23176,23176,Delivered,2026-02-25
23177,23177,Delivered,2023-12-01
23178,23178,Delivered,2025-12-30
23179,23179,In Transit,NULL
23180,23180,Delivered,2023-05-22
23181,23181,Delivered,2025-07-31
23182,23182,Delivered,2024-02-01
23183,23183,Delivered,2024-07-05
23184,23184,Delayed,NULL
23185,23185,In Transit,NULL
23186,23186,Delivered,2023-11-02
23187,23187,In Transit,NULL
23188,23188,Delivered,2025-11-25
23189,23189,In Transit,NULL
23190,23190,Delivered,2023-12-16
23191,23191,Delivered,2024-10-04
23192,23192,Delivered,2025-07-02
23193,23193,Delayed,NULL
23194,23194,In Transit,NULL
23195,23195,Delivered,2024-08-24
23196,23196,Delivered,2023-11-30
23197,23197,Delivered,2023-10-23
23198,23198,Delivered,2024-05-18
23199,23199,Delivered,2025-02-25
23200,23200,Delivered,2025-12-09
23201,23201,Delivered,2024-07-14
23202,23202,Delayed,NULL
23203,23203,Delayed,NULL
23204,23204,Delivered,2025-01-01
23205,23205,Delivered,2024-06-07
23206,23206,In Transit,NULL
23207,23207,Delivered,2024-03-01
23208,23208,Delivered,2024-09-25
23209,23209,Delivered,2025-08-20
23210,23210,In Transit,NULL
23211,23211,Delivered,2024-03-26
23212,23212,Delivered,2025-05-25
23213,23213,Delivered,2025-03-10
23214,23214,Delivered,2025-12-30
23215,23215,In Transit,NULL
23216,23216,In Transit,NULL
23217,23217,In Transit,NULL
23218,23218,Delivered,2024-09-04
23219,23219,Delivered,2026-02-07
23220,23220,In Transit,NULL
23221,23221,Delivered,2025-01-11
23222,23222,Delivered,2026-08-04
23223,23223,In Transit,NULL
23224,23224,Delivered,2024-11-21
23225,23225,Delivered,2025-09-18
23226,23226,Returned,NULL
23227,23227,Delivered,2023-04-04
23228,23228,Delivered,2023-09-04
23229,23229,Delivered,2025-10-03
23230,23230,Delivered,2023-08-18
23231,23231,Delivered,2023-09-06
23232,23232,Delivered,2024-02-03
23233,23233,Returned,NULL
23234,23234,Delivered,2023-01-25
23235,23235,In Transit,NULL
23236,23236,Delivered,2025-11-30
23237,23237,Delivered,2025-06-15
23238,23238,Returned,NULL
23239,23239,In Transit,NULL
23240,23240,Delivered,2024-04-17
23241,23241,Delivered,2024-05-19
23242,23242,In Transit,NULL
23243,23243,Delivered,2023-10-23
23244,23244,Delivered,2024-11-03
23245,23245,Delayed,NULL
23246,23246,In Transit,NULL
23247,23247,Delivered,2025-12-06
23248,23248,In Transit,NULL
23249,23249,In Transit,NULL
23250,23250,In Transit,NULL
23251,23251,Delivered,2023-11-14
23252,23252,Delivered,2025-03-23
23253,23253,Delivered,2024-07-23
23254,23254,In Transit,NULL
23255,23255,Lost,NULL
23256,23256,Delivered,2023-04-12
23257,23257,Delivered,2025-02-26
23258,23258,Delayed,NULL
23259,23259,Delivered,2023-02-08
23260,23260,Delivered,2024-06-11
23261,23261,Delayed,NULL
23262,23262,In Transit,NULL
23263,23263,Delivered,2024-06-05
23264,23264,In Transit,NULL
23265,23265,Delivered,2023-04-07
23266,23266,Delivered,2024-03-06
23267,23267,Delayed,NULL
23268,23268,Delivered,2025-12-08
23269,23269,Delivered,2024-01-16
23270,23270,Returned,NULL
23271,23271,Delivered,2023-03-27
23272,23272,Delivered,2024-05-03
23273,23273,Delayed,NULL
23274,23274,Delivered,2023-09-21
23275,23275,Delivered,2024-02-29
23276,23276,Delivered,2025-11-24
23277,23277,Delivered,2023-06-01
23278,23278,Delivered,2024-10-26
23279,23279,Delivered,2025-08-06
23280,23280,Delivered,2025-09-26
23281,23281,Delayed,NULL
23282,23282,Delivered,2023-09-26
23283,23283,In Transit,NULL
23284,23284,Delayed,NULL
23285,23285,Delivered,2025-04-24
23286,23286,Delivered,2026-02-19
23287,23287,In Transit,NULL
23288,23288,Delivered,2023-03-21
23289,23289,Delayed,NULL
23290,23290,Delayed,NULL
23291,23291,Delivered,2023-11-25
23292,23292,Delivered,2025-04-01
23293,23293,Delivered,2023-11-30
23294,23294,In Transit,NULL
23295,23295,Delayed,NULL
23296,23296,Delayed,NULL
23297,23297,Delivered,2024-08-15
23298,23298,Delivered,2024-06-06
23299,23299,Delivered,2024-05-20
23300,23300,Delivered,2023-02-15
23301,23301,Delivered,2024-08-23
23302,23302,Delivered,2025-05-01
23303,23303,Delivered,2024-03-08
23304,23304,Delayed,NULL
23305,23305,Delivered,2023-06-07
23306,23306,Delivered,2026-01-31
23307,23307,Delayed,NULL
23308,23308,In Transit,NULL
23309,23309,Delivered,2025-12-01
23310,23310,Delivered,2026-03-19
23311,23311,Delivered,2023-05-28
23312,23312,Delivered,2024-11-11
23313,23313,Delayed,NULL
23314,23314,In Transit,NULL
23315,23315,In Transit,NULL
23316,23316,Delivered,2025-03-31
23317,23317,Delivered,2025-04-11
23318,23318,Delivered,2025-05-15
23319,23319,Delivered,2025-09-16
23320,23320,Delivered,2024-02-01
23321,23321,Delivered,2023-10-04
23322,23322,Delivered,2025-02-21
23323,23323,Delivered,2023-09-24
23324,23324,In Transit,NULL
23325,23325,Delivered,2026-03-23
23326,23326,Delivered,2026-03-11
23327,23327,Delivered,2023-01-24
23328,23328,Lost,NULL
23329,23329,Returned,NULL
23330,23330,Delivered,2023-11-16
23331,23331,Delivered,2025-03-04
23332,23332,Delayed,NULL
23333,23333,Delivered,2026-05-22
23334,23334,Delivered,2024-11-14
23335,23335,In Transit,NULL
23336,23336,In Transit,NULL
23337,23337,Delivered,2025-05-25
23338,23338,Delayed,NULL
23339,23339,Delayed,NULL
23340,23340,In Transit,NULL
23341,23341,Returned,NULL
23342,23342,Delivered,2023-02-11
23343,23343,Delivered,2026-06-20
23344,23344,Delayed,NULL
23345,23345,In Transit,NULL
23346,23346,Delivered,2025-04-21
23347,23347,In Transit,NULL
23348,23348,Delivered,2024-07-29
23349,23349,In Transit,NULL
23350,23350,Delayed,NULL
23351,23351,Delivered,2024-02-08
23352,23352,Delayed,NULL
23353,23353,Delivered,2025-05-06
23354,23354,Delayed,NULL
23355,23355,In Transit,NULL
23356,23356,Delivered,2024-05-11
23357,23357,Delivered,2025-02-02
23358,23358,Delivered,2026-06-27
23359,23359,Delivered,2026-03-18
23360,23360,Delivered,2025-03-23
23361,23361,In Transit,NULL
23362,23362,Delayed,NULL
23363,23363,In Transit,NULL
23364,23364,Delivered,2024-10-02
23365,23365,In Transit,NULL
23366,23366,Delivered,2023-10-03
23367,23367,In Transit,NULL
23368,23368,Delivered,2025-01-02
23369,23369,In Transit,NULL
23370,23370,Delivered,2023-07-28
23371,23371,Delivered,2025-02-22
23372,23372,Delivered,2023-11-03
23373,23373,Delivered,2026-05-04
23374,23374,Delivered,2023-05-24
23375,23375,Delivered,2023-08-02
23376,23376,Delivered,2023-11-30
23377,23377,Delivered,2024-10-27
23378,23378,Delivered,2024-10-04
23379,23379,In Transit,NULL
23380,23380,Delivered,2023-07-01
23381,23381,Delayed,NULL
23382,23382,Delivered,2025-08-09
23383,23383,Delivered,2025-05-07
23384,23384,Delayed,NULL
23385,23385,Delivered,2025-04-17
23386,23386,Delivered,2024-02-17
23387,23387,Delayed,NULL
23388,23388,In Transit,NULL
23389,23389,In Transit,NULL
23390,23390,Delayed,NULL
23391,23391,Delivered,2023-07-20
23392,23392,In Transit,NULL
23393,23393,Delivered,2023-07-13
23394,23394,Delayed,NULL
23395,23395,Delivered,2024-12-11
23396,23396,Delivered,2024-06-27
23397,23397,Delivered,2023-04-04
23398,23398,In Transit,NULL
23399,23399,Delayed,NULL
23400,23400,Delivered,2024-02-28
23401,23401,Delivered,2026-06-19
23402,23402,Delivered,2023-03-31
23403,23403,Returned,NULL
23404,23404,Delivered,2024-01-09
23405,23405,Delivered,2025-12-15
23406,23406,In Transit,NULL
23407,23407,Delivered,2025-08-17
23408,23408,Delivered,2025-07-19
23409,23409,Delayed,NULL
23410,23410,Delivered,2025-11-07
23411,23411,Delivered,2026-03-24
23412,23412,Delivered,2025-10-23
23413,23413,Delivered,2025-11-13
23414,23414,Delivered,2026-01-10
23415,23415,Delayed,NULL
23416,23416,Delivered,2023-05-07
23417,23417,Delivered,2023-04-29
23418,23418,Delivered,2025-12-15
23419,23419,Delivered,2024-06-11
23420,23420,In Transit,NULL
23421,23421,Delayed,NULL
23422,23422,Delayed,NULL
23423,23423,Delivered,2025-08-24
23424,23424,Delivered,2025-04-19
23425,23425,Delivered,2023-05-23
23426,23426,Delayed,NULL
23427,23427,Delivered,2025-07-11
23428,23428,Delivered,2023-02-25
23429,23429,Delivered,2024-09-28
23430,23430,In Transit,NULL
23431,23431,Delivered,2024-11-26
23432,23432,Delayed,NULL
23433,23433,Delayed,NULL
23434,23434,Delivered,2024-02-12
23435,23435,Delayed,NULL
23436,23436,In Transit,NULL
23437,23437,Delayed,NULL
23438,23438,Delivered,2026-06-20
23439,23439,Delivered,2024-12-07
23440,23440,Delivered,2024-01-15
23441,23441,Delivered,2023-04-24
23442,23442,Delayed,NULL
23443,23443,Delivered,2026-04-05
23444,23444,Delivered,2025-05-02
23445,23445,Delivered,2026-05-15
23446,23446,In Transit,NULL
23447,23447,Delivered,2025-06-26
23448,23448,Delivered,2023-12-01
23449,23449,Delivered,2026-01-27
23450,23450,Delivered,2023-06-22
23451,23451,In Transit,NULL
23452,23452,Delivered,2023-07-24
23453,23453,Delivered,2024-08-04
23454,23454,In Transit,NULL
23455,23455,Lost,NULL
23456,23456,In Transit,NULL
23457,23457,Delayed,NULL
23458,23458,Delivered,2023-06-13
23459,23459,Lost,NULL
23460,23460,Delivered,2025-10-22
23461,23461,Delivered,2024-12-07
23462,23462,In Transit,NULL
23463,23463,In Transit,NULL
23464,23464,Delayed,NULL
23465,23465,In Transit,NULL
23466,23466,In Transit,NULL
23467,23467,In Transit,NULL
23468,23468,Delivered,2025-03-07
23469,23469,Delayed,NULL
23470,23470,Delivered,2024-10-27
23471,23471,Delivered,2025-11-09
23472,23472,Returned,NULL
23473,23473,Delivered,2026-06-18
23474,23474,Delayed,NULL
23475,23475,Delivered,2024-03-05
23476,23476,In Transit,NULL
23477,23477,Delivered,2023-11-08
23478,23478,In Transit,NULL
23479,23479,In Transit,NULL
23480,23480,Delayed,NULL
23481,23481,In Transit,NULL
23482,23482,In Transit,NULL
23483,23483,Delivered,2023-03-08
23484,23484,Delivered,2023-05-26
23485,23485,Delivered,2026-06-23
23486,23486,Delivered,2024-02-20
23487,23487,Delivered,2023-03-12
23488,23488,Delivered,2025-01-22
23489,23489,Delivered,2023-06-12
23490,23490,In Transit,NULL
23491,23491,In Transit,NULL
23492,23492,In Transit,NULL
23493,23493,Delivered,2025-04-29
23494,23494,Returned,NULL
23495,23495,Delivered,2025-09-19
23496,23496,Delivered,2023-08-30
23497,23497,In Transit,NULL
23498,23498,Delivered,2024-08-15
23499,23499,In Transit,NULL
23500,23500,Delivered,2026-07-17
23501,23501,Delivered,2026-06-10
23502,23502,Delivered,2023-02-21
23503,23503,In Transit,NULL
23504,23504,Delayed,NULL
23505,23505,Delivered,2025-09-15
23506,23506,In Transit,NULL
23507,23507,Delivered,2025-07-31
23508,23508,Delivered,2023-03-07
23509,23509,Delivered,2023-08-08
23510,23510,In Transit,NULL
23511,23511,Delivered,2024-05-16
23512,23512,Delivered,2023-04-22
23513,23513,In Transit,NULL
23514,23514,In Transit,NULL
23515,23515,In Transit,NULL
23516,23516,Delayed,NULL
23517,23517,In Transit,NULL
23518,23518,Lost,NULL
23519,23519,Delayed,NULL
23520,23520,Delivered,2023-06-12
23521,23521,In Transit,NULL
23522,23522,In Transit,NULL
23523,23523,Delivered,2023-03-20
23524,23524,Delayed,NULL
23525,23525,Delivered,2024-01-27
23526,23526,Delivered,2024-03-07
23527,23527,In Transit,NULL
23528,23528,Delivered,2023-08-17
23529,23529,Delivered,2025-05-23
23530,23530,Delayed,NULL
23531,23531,Delivered,2024-12-07
23532,23532,In Transit,NULL
23533,23533,Delivered,2024-08-04
23534,23534,Delivered,2026-01-24
23535,23535,In Transit,NULL
23536,23536,Delivered,2024-03-07
23537,23537,Delivered,2025-06-20
23538,23538,Delivered,2025-09-18
23539,23539,Delivered,2023-12-26
23540,23540,Delivered,2024-09-12
23541,23541,Delayed,NULL
23542,23542,Delayed,NULL
23543,23543,Delivered,2024-01-25
23544,23544,Delivered,2025-02-02
23545,23545,Delivered,2023-12-20
23546,23546,Delivered,2026-06-18
23547,23547,In Transit,NULL
23548,23548,In Transit,NULL
23549,23549,In Transit,NULL
23550,23550,In Transit,NULL
23551,23551,Delivered,2024-01-12
23552,23552,In Transit,NULL
23553,23553,Delayed,NULL
23554,23554,In Transit,NULL
23555,23555,Delivered,2026-01-12
23556,23556,Delivered,2024-09-26
23557,23557,Delivered,2024-03-03
23558,23558,Delivered,2023-07-05
23559,23559,Delivered,2025-11-15
23560,23560,Returned,NULL
23561,23561,In Transit,NULL
23562,23562,Delivered,2026-04-25
23563,23563,Delivered,2024-08-15
23564,23564,Delivered,2024-01-08
23565,23565,Delivered,2026-03-11
23566,23566,Delivered,2024-12-16
23567,23567,Delivered,2023-03-12
23568,23568,Returned,NULL
23569,23569,In Transit,NULL
23570,23570,Delivered,2024-03-23
23571,23571,Delivered,2024-03-10
23572,23572,Delivered,2025-05-15
23573,23573,Returned,NULL
23574,23574,Delivered,2024-07-17
23575,23575,Delivered,2025-09-30
23576,23576,Delivered,2023-09-02
23577,23577,In Transit,NULL
23578,23578,Delivered,2023-09-11
23579,23579,Delivered,2024-08-26
23580,23580,Delayed,NULL
23581,23581,In Transit,NULL
23582,23582,Delivered,2024-06-05
23583,23583,In Transit,NULL
23584,23584,Delivered,2025-05-22
23585,23585,Delivered,2025-12-08
23586,23586,Delivered,2025-04-19
23587,23587,Delivered,2026-04-10
23588,23588,Delivered,2025-09-05
23589,23589,In Transit,NULL
23590,23590,Delivered,2025-12-24
23591,23591,Delivered,2024-12-09
23592,23592,Delivered,2023-06-08
23593,23593,Delayed,NULL
23594,23594,Delivered,2023-05-26
23595,23595,In Transit,NULL
23596,23596,Delivered,2024-07-23
23597,23597,Delivered,2026-06-08
23598,23598,In Transit,NULL
23599,23599,Returned,NULL
23600,23600,Delayed,NULL
23601,23601,Delivered,2024-01-22
23602,23602,Delivered,2025-05-19
23603,23603,In Transit,NULL
23604,23604,Delivered,2023-11-14
23605,23605,Delivered,2025-09-28
23606,23606,Delivered,2023-09-07
23607,23607,Delivered,2024-01-13
23608,23608,Delivered,2025-05-22
23609,23609,Delivered,2023-11-27
23610,23610,Delivered,2025-09-05
23611,23611,Delivered,2024-03-12
23612,23612,Delayed,NULL
23613,23613,Delayed,NULL
23614,23614,Delivered,2024-05-10
23615,23615,Delivered,2025-06-18
23616,23616,Delivered,2024-04-09
23617,23617,Delayed,NULL
23618,23618,Delayed,NULL
23619,23619,In Transit,NULL
23620,23620,Delivered,2023-08-14
23621,23621,Delivered,2025-11-26
23622,23622,In Transit,NULL
23623,23623,Delayed,NULL
23624,23624,Delivered,2024-10-17
23625,23625,Delayed,NULL
23626,23626,Delayed,NULL
23627,23627,In Transit,NULL
23628,23628,Delivered,2024-03-23
23629,23629,Delivered,2025-12-16
23630,23630,Delivered,2026-03-16
23631,23631,Delivered,2023-08-22
23632,23632,Returned,NULL
23633,23633,Delivered,2023-04-07
23634,23634,Returned,NULL
23635,23635,In Transit,NULL
23636,23636,Delayed,NULL
23637,23637,Delayed,NULL
23638,23638,Delivered,2024-04-07
23639,23639,Delivered,2024-06-02
23640,23640,Delivered,2024-09-28
23641,23641,Delivered,2025-02-26
23642,23642,Delivered,2024-10-16
23643,23643,Delivered,2024-07-10
23644,23644,Lost,NULL
23645,23645,Delivered,2026-07-26
23646,23646,Delivered,2026-05-27
23647,23647,Delayed,NULL
23648,23648,In Transit,NULL
23649,23649,Delayed,NULL
23650,23650,Delivered,2025-06-15
23651,23651,In Transit,NULL
23652,23652,Delivered,2026-04-30
23653,23653,In Transit,NULL
23654,23654,In Transit,NULL
23655,23655,Delivered,2023-08-28
23656,23656,Delayed,NULL
23657,23657,Delivered,2025-12-01
23658,23658,Delayed,NULL
23659,23659,Delivered,2024-11-27
23660,23660,Delivered,2023-03-28
23661,23661,Delivered,2025-03-27
23662,23662,Delivered,2026-03-20
23663,23663,Delivered,2024-02-13
23664,23664,Delivered,2025-12-09
23665,23665,Delivered,2025-01-17
23666,23666,In Transit,NULL
23667,23667,Delayed,NULL
23668,23668,Delayed,NULL
23669,23669,Delivered,2026-02-01
23670,23670,Delivered,2023-04-12
23671,23671,Delivered,2026-04-03
23672,23672,Delivered,2023-07-24
23673,23673,Delivered,2025-08-04
23674,23674,Delivered,2023-04-28
23675,23675,Returned,NULL
23676,23676,In Transit,NULL
23677,23677,Lost,NULL
23678,23678,Delayed,NULL
23679,23679,Delivered,2025-07-11
23680,23680,Delayed,NULL
23681,23681,Delivered,2026-02-14
23682,23682,Delivered,2023-06-03
23683,23683,Delivered,2023-11-10
23684,23684,Delivered,2023-10-12
23685,23685,Delivered,2024-08-30
23686,23686,Delivered,2024-11-03
23687,23687,Delivered,2025-07-21
23688,23688,Delayed,NULL
23689,23689,In Transit,NULL
23690,23690,In Transit,NULL
23691,23691,Delayed,NULL
23692,23692,Delivered,2024-08-21
23693,23693,Delivered,2026-06-16
23694,23694,Delivered,2025-08-06
23695,23695,Delivered,2024-11-12
23696,23696,Delivered,2025-11-07
23697,23697,Delivered,2024-07-09
23698,23698,In Transit,NULL
23699,23699,Returned,NULL
23700,23700,In Transit,NULL
23701,23701,In Transit,NULL
23702,23702,Delivered,2024-10-18
23703,23703,Delivered,2025-09-16
23704,23704,In Transit,NULL
23705,23705,Delayed,NULL
23706,23706,Delivered,2023-11-17
23707,23707,Delivered,2025-03-05
23708,23708,Delivered,2025-09-29
23709,23709,In Transit,NULL
23710,23710,Delivered,2024-01-08
23711,23711,Delivered,2024-07-10
23712,23712,In Transit,NULL
23713,23713,Delivered,2025-04-17
23714,23714,Delivered,2025-12-03
23715,23715,Delayed,NULL
23716,23716,Delivered,2025-06-15
23717,23717,Delivered,2024-11-20
23718,23718,In Transit,NULL
23719,23719,Delivered,2025-01-19
23720,23720,Delivered,2025-05-02
23721,23721,Delivered,2023-09-21
23722,23722,In Transit,NULL
23723,23723,Delivered,2025-12-02
23724,23724,Delayed,NULL
23725,23725,Delivered,2026-02-18
23726,23726,Delivered,2025-02-20
23727,23727,In Transit,NULL
23728,23728,In Transit,NULL
23729,23729,Delivered,2023-02-13
23730,23730,In Transit,NULL
23731,23731,In Transit,NULL
23732,23732,Delivered,2025-02-22
23733,23733,In Transit,NULL
23734,23734,Delivered,2023-04-03
23735,23735,Delivered,2026-02-16
23736,23736,Delayed,NULL
23737,23737,In Transit,NULL
23738,23738,In Transit,NULL
23739,23739,Delivered,2024-12-20
23740,23740,Delayed,NULL
23741,23741,Delivered,2025-04-02
23742,23742,Delivered,2025-09-07
23743,23743,Returned,NULL
23744,23744,Delivered,2025-05-31
23745,23745,In Transit,NULL
23746,23746,Delivered,2025-02-08
23747,23747,In Transit,NULL
23748,23748,In Transit,NULL
23749,23749,Delivered,2026-02-24
23750,23750,Delivered,2024-06-28
23751,23751,Delayed,NULL
23752,23752,Delivered,2025-01-16
23753,23753,Delivered,2025-02-18
23754,23754,Delivered,2024-10-22
23755,23755,Delivered,2024-06-29
23756,23756,Delivered,2024-08-27
23757,23757,Returned,NULL
23758,23758,Delivered,2026-05-19
23759,23759,In Transit,NULL
23760,23760,Delayed,NULL
23761,23761,In Transit,NULL
23762,23762,Delivered,2023-09-25
23763,23763,Returned,NULL
23764,23764,In Transit,NULL
23765,23765,Delivered,2025-11-28
23766,23766,In Transit,NULL
23767,23767,Delivered,2024-02-03
23768,23768,Delivered,2025-01-20
23769,23769,Delivered,2025-03-21
23770,23770,Delivered,2024-02-28
23771,23771,Delayed,NULL
23772,23772,In Transit,NULL
23773,23773,Delivered,2026-03-15
23774,23774,In Transit,NULL
23775,23775,Delivered,2024-04-06
23776,23776,In Transit,NULL
23777,23777,Delivered,2026-02-18
23778,23778,Delivered,2023-08-21
23779,23779,Delivered,2023-04-14
23780,23780,Delivered,2025-10-30
23781,23781,Delivered,2024-08-18
23782,23782,In Transit,NULL
23783,23783,Delivered,2024-05-09
23784,23784,Delivered,2025-12-20
23785,23785,Delayed,NULL
23786,23786,Delivered,2023-06-11
23787,23787,Lost,NULL
23788,23788,In Transit,NULL
23789,23789,Delayed,NULL
23790,23790,Delivered,2025-04-02
23791,23791,Delivered,2024-04-12
23792,23792,In Transit,NULL
23793,23793,In Transit,NULL
23794,23794,Delivered,2023-01-23
23795,23795,Delivered,2025-10-17
23796,23796,In Transit,NULL
23797,23797,Delivered,2024-02-07
23798,23798,In Transit,NULL
23799,23799,In Transit,NULL
23800,23800,Lost,NULL
23801,23801,Delayed,NULL
23802,23802,Delivered,2025-10-03
23803,23803,Delivered,2026-06-02
23804,23804,Delayed,NULL
23805,23805,Delivered,2023-04-14
23806,23806,Delivered,2023-02-14
23807,23807,Delivered,2024-03-06
23808,23808,Delivered,2026-05-18
23809,23809,Delivered,2024-02-21
23810,23810,Delayed,NULL
23811,23811,Delivered,2024-11-14
23812,23812,Delivered,2025-10-21
23813,23813,In Transit,NULL
23814,23814,In Transit,NULL
23815,23815,In Transit,NULL
23816,23816,In Transit,NULL
23817,23817,Delivered,2025-12-01
23818,23818,Delayed,NULL
23819,23819,Delayed,NULL
23820,23820,In Transit,NULL
23821,23821,Returned,NULL
23822,23822,Delivered,2026-04-25
23823,23823,In Transit,NULL
23824,23824,Delayed,NULL
23825,23825,Delayed,NULL
23826,23826,Delivered,2025-06-18
23827,23827,In Transit,NULL
23828,23828,In Transit,NULL
23829,23829,Delayed,NULL
23830,23830,Delivered,2024-04-10
23831,23831,Delayed,NULL
23832,23832,In Transit,NULL
23833,23833,Delivered,2023-07-03
23834,23834,Delivered,2024-02-22
23835,23835,Delivered,2025-05-25
23836,23836,Delivered,2025-07-02
23837,23837,Delivered,2023-06-19
23838,23838,In Transit,NULL
23839,23839,In Transit,NULL
23840,23840,Delivered,2023-09-14
23841,23841,Delayed,NULL
23842,23842,Delivered,2024-07-02
23843,23843,Delivered,2025-01-16
23844,23844,Delivered,2024-12-06
23845,23845,In Transit,NULL
23846,23846,Returned,NULL
23847,23847,In Transit,NULL
23848,23848,Delivered,2023-10-19
23849,23849,Delivered,2026-03-05
23850,23850,Delivered,2025-11-22
23851,23851,Delivered,2025-06-19
23852,23852,In Transit,NULL
23853,23853,Lost,NULL
23854,23854,In Transit,NULL
23855,23855,Delivered,2026-01-07
23856,23856,Delayed,NULL
23857,23857,Delivered,2023-07-12
23858,23858,In Transit,NULL
23859,23859,Delivered,2025-11-02
23860,23860,In Transit,NULL
23861,23861,In Transit,NULL
23862,23862,Delivered,2024-07-03
23863,23863,Delivered,2023-03-24
23864,23864,Delivered,2023-08-26
23865,23865,Delivered,2024-04-01
23866,23866,Delivered,2026-05-19
23867,23867,Delivered,2025-11-11
23868,23868,Delivered,2024-12-03
23869,23869,Delivered,2025-07-31
23870,23870,Delivered,2023-03-14
23871,23871,Returned,NULL
23872,23872,In Transit,NULL
23873,23873,Delivered,2026-04-14
23874,23874,In Transit,NULL
23875,23875,Delivered,2024-03-02
23876,23876,In Transit,NULL
23877,23877,In Transit,NULL
23878,23878,Delivered,2025-01-03
23879,23879,Delivered,2025-06-03
23880,23880,Lost,NULL
23881,23881,In Transit,NULL
23882,23882,Delivered,2024-08-15
23883,23883,In Transit,NULL
23884,23884,Delivered,2024-08-19
23885,23885,In Transit,NULL
23886,23886,Delivered,2023-11-03
23887,23887,Delivered,2023-11-08
23888,23888,Delivered,2023-11-30
23889,23889,Delivered,2026-01-10
23890,23890,Delivered,2025-10-25
23891,23891,Delayed,NULL
23892,23892,Delivered,2024-06-14
23893,23893,Delivered,2025-07-04
23894,23894,Delivered,2025-07-27
23895,23895,In Transit,NULL
23896,23896,In Transit,NULL
23897,23897,Delivered,2025-01-16
23898,23898,Delayed,NULL
23899,23899,In Transit,NULL
23900,23900,In Transit,NULL
23901,23901,In Transit,NULL
23902,23902,Delivered,2023-08-26
23903,23903,Delivered,2024-02-26
23904,23904,Delivered,2024-10-29
23905,23905,Delayed,NULL
23906,23906,Delivered,2026-01-02
23907,23907,Returned,NULL
23908,23908,Delivered,2025-04-08
23909,23909,In Transit,NULL
23910,23910,Delivered,2025-04-01
23911,23911,Delivered,2023-06-25
23912,23912,Delivered,2025-04-21
23913,23913,Delivered,2024-03-30
23914,23914,Delivered,2024-01-05
23915,23915,In Transit,NULL
23916,23916,Delivered,2025-11-30
23917,23917,Delivered,2026-05-21
23918,23918,In Transit,NULL
23919,23919,Delivered,2024-09-04
23920,23920,In Transit,NULL
23921,23921,In Transit,NULL
23922,23922,Delivered,2024-02-22
23923,23923,Delivered,2023-03-17
23924,23924,Lost,NULL
23925,23925,Delivered,2024-09-02
23926,23926,Delayed,NULL
23927,23927,Returned,NULL
23928,23928,Delayed,NULL
23929,23929,Delivered,2024-07-12
23930,23930,Delivered,2025-09-10
23931,23931,Delayed,NULL
23932,23932,Delivered,2026-06-13
23933,23933,In Transit,NULL
23934,23934,In Transit,NULL
23935,23935,Delivered,2026-04-25
23936,23936,Delivered,2023-04-28
23937,23937,Returned,NULL
23938,23938,Delivered,2025-12-15
23939,23939,Returned,NULL
23940,23940,Delayed,NULL
23941,23941,Delivered,2024-04-22
23942,23942,Delivered,2025-04-22
23943,23943,Delivered,2026-07-27
23944,23944,Delivered,2026-05-18
23945,23945,Delayed,NULL
23946,23946,In Transit,NULL
23947,23947,Delivered,2024-12-25
23948,23948,Delivered,2025-05-08
23949,23949,Delivered,2023-11-09
23950,23950,In Transit,NULL
23951,23951,Delayed,NULL
23952,23952,Delivered,2024-10-25
23953,23953,Delivered,2026-04-21
23954,23954,In Transit,NULL
23955,23955,In Transit,NULL
23956,23956,In Transit,NULL
23957,23957,In Transit,NULL
23958,23958,Delivered,2025-01-11
23959,23959,In Transit,NULL
23960,23960,In Transit,NULL
23961,23961,In Transit,NULL
23962,23962,Delivered,2025-04-20
23963,23963,Delivered,2025-06-20
23964,23964,Delivered,2024-01-05
23965,23965,Delivered,2025-05-26
23966,23966,Delivered,2026-02-19
23967,23967,Delivered,2024-01-01
23968,23968,Delivered,2025-01-14
23969,23969,Delivered,2026-01-17
23970,23970,Delivered,2024-03-06
23971,23971,Delayed,NULL
23972,23972,Delivered,2026-07-10
23973,23973,Delivered,2026-06-16
23974,23974,Delivered,2024-01-12
23975,23975,Delivered,2026-07-18
23976,23976,In Transit,NULL
23977,23977,Delivered,2025-01-10
23978,23978,In Transit,NULL
23979,23979,In Transit,NULL
23980,23980,Delivered,2024-08-13
23981,23981,In Transit,NULL
23982,23982,Returned,NULL
23983,23983,Delivered,2024-08-23
23984,23984,Delayed,NULL
23985,23985,Delivered,2025-11-26
23986,23986,Delivered,2025-03-10
23987,23987,In Transit,NULL
23988,23988,Delivered,2024-11-10
23989,23989,Delivered,2023-11-02
23990,23990,Delivered,2023-10-15
23991,23991,Delivered,2023-04-10
23992,23992,Delivered,2025-09-09
23993,23993,Delivered,2023-07-16
23994,23994,In Transit,NULL
23995,23995,Delayed,NULL
23996,23996,Delivered,2023-12-28
23997,23997,Delivered,2025-06-04
23998,23998,Delivered,2025-12-17
23999,23999,In Transit,NULL
24000,24000,Delivered,2025-11-26
24001,24001,Returned,NULL
24002,24002,Returned,NULL
24003,24003,Delayed,NULL
24004,24004,In Transit,NULL
24005,24005,Delivered,2025-05-01
24006,24006,In Transit,NULL
24007,24007,Delayed,NULL
24008,24008,Delivered,2026-08-03
24009,24009,In Transit,NULL
24010,24010,Delayed,NULL
24011,24011,Delivered,2025-02-04
24012,24012,Delivered,2026-02-11
24013,24013,Delivered,2023-01-30
24014,24014,Delivered,2023-11-19
24015,24015,Delivered,2023-10-01
24016,24016,In Transit,NULL
24017,24017,Delayed,NULL
24018,24018,Delivered,2024-08-01
24019,24019,Delivered,2025-04-25
24020,24020,In Transit,NULL
24021,24021,Delivered,2023-08-31
24022,24022,Delivered,2024-11-12
24023,24023,In Transit,NULL
24024,24024,In Transit,NULL
24025,24025,Delayed,NULL
24026,24026,Delayed,NULL
24027,24027,Delivered,2024-10-23
24028,24028,Delivered,2024-07-04
24029,24029,Delivered,2024-08-23
24030,24030,Delivered,2026-04-21
24031,24031,Delivered,2025-08-31
24032,24032,Delivered,2025-06-07
24033,24033,Delivered,2023-04-26
24034,24034,Delivered,2026-04-29
24035,24035,Delivered,2024-12-03
24036,24036,Returned,NULL
24037,24037,Delivered,2025-11-06
24038,24038,Delivered,2025-06-30
24039,24039,Delivered,2025-05-07
24040,24040,Delivered,2025-07-26
24041,24041,Delivered,2023-09-26
24042,24042,Delivered,2023-08-28
24043,24043,Lost,NULL
24044,24044,Lost,NULL
24045,24045,Returned,NULL
24046,24046,In Transit,NULL
24047,24047,Delayed,NULL
24048,24048,In Transit,NULL
24049,24049,Delivered,2025-08-07
24050,24050,Delivered,2024-12-21
24051,24051,Delivered,2024-11-08
24052,24052,Delivered,2023-09-28
24053,24053,Returned,NULL
24054,24054,Delivered,2026-07-05
24055,24055,Delivered,2024-01-30
24056,24056,Delivered,2025-09-02
24057,24057,In Transit,NULL
24058,24058,In Transit,NULL
24059,24059,Returned,NULL
24060,24060,Delayed,NULL
24061,24061,Delayed,NULL
24062,24062,Delayed,NULL
24063,24063,Delivered,2024-01-29
24064,24064,In Transit,NULL
24065,24065,Delayed,NULL
24066,24066,Delivered,2023-06-21
24067,24067,Delivered,2025-03-31
24068,24068,Delivered,2023-08-04
24069,24069,Delivered,2024-06-15
24070,24070,In Transit,NULL
24071,24071,Delayed,NULL
24072,24072,In Transit,NULL
24073,24073,Delivered,2024-05-24
24074,24074,Delivered,2024-06-01
24075,24075,Delivered,2024-09-11
24076,24076,Delayed,NULL
24077,24077,Delivered,2026-08-25
24078,24078,Delivered,2025-12-07
24079,24079,In Transit,NULL
24080,24080,Delivered,2023-09-13
24081,24081,In Transit,NULL
24082,24082,Delayed,NULL
24083,24083,Delivered,2023-10-30
24084,24084,Delivered,2023-09-14
24085,24085,Returned,NULL
24086,24086,Delivered,2026-02-25
24087,24087,Delivered,2023-07-09
24088,24088,In Transit,NULL
24089,24089,Delivered,2024-08-06
24090,24090,Delivered,2025-03-28
24091,24091,In Transit,NULL
24092,24092,Delayed,NULL
24093,24093,In Transit,NULL
24094,24094,Delivered,2024-06-13
24095,24095,Delivered,2026-02-02
24096,24096,Delivered,2025-03-11
24097,24097,Delivered,2026-04-13
24098,24098,Delayed,NULL
24099,24099,In Transit,NULL
24100,24100,In Transit,NULL
24101,24101,Returned,NULL
24102,24102,Delivered,2024-05-02
24103,24103,In Transit,NULL
24104,24104,Delayed,NULL
24105,24105,Delivered,2024-08-20
24106,24106,Delayed,NULL
24107,24107,Delivered,2025-07-01
24108,24108,Delayed,NULL
24109,24109,Delayed,NULL
24110,24110,Delivered,2026-08-06
24111,24111,Delivered,2024-07-15
24112,24112,In Transit,NULL
24113,24113,Delivered,2024-03-13
24114,24114,Delivered,2024-04-18
24115,24115,Delivered,2025-12-25
24116,24116,Delivered,2023-11-14
24117,24117,Delivered,2024-04-25
24118,24118,Delayed,NULL
24119,24119,Delivered,2023-02-01
24120,24120,In Transit,NULL
24121,24121,Delivered,2025-07-15
24122,24122,In Transit,NULL
24123,24123,Delivered,2025-06-02
24124,24124,Delivered,2023-06-24
24125,24125,Delivered,2023-10-08
24126,24126,Delivered,2025-03-01
24127,24127,Delivered,2025-05-11
24128,24128,Lost,NULL
24129,24129,Delivered,2023-11-26
24130,24130,Delivered,2023-10-05
24131,24131,Delivered,2023-03-23
24132,24132,Delivered,2023-06-04
24133,24133,Delivered,2025-07-08
24134,24134,Delivered,2023-10-21
24135,24135,Delivered,2024-06-19
24136,24136,Delivered,2023-03-29
24137,24137,Delayed,NULL
24138,24138,In Transit,NULL
24139,24139,Delivered,2023-10-23
24140,24140,In Transit,NULL
24141,24141,Delivered,2024-10-27
24142,24142,In Transit,NULL
24143,24143,In Transit,NULL
24144,24144,Delivered,2025-01-11
24145,24145,Lost,NULL
24146,24146,Delivered,2024-06-10
24147,24147,Lost,NULL
24148,24148,Delayed,NULL
24149,24149,In Transit,NULL
24150,24150,Delivered,2026-01-21
24151,24151,In Transit,NULL
24152,24152,In Transit,NULL
24153,24153,Delayed,NULL
24154,24154,Delivered,2024-05-05
24155,24155,In Transit,NULL
24156,24156,Lost,NULL
24157,24157,Delivered,2025-01-07
24158,24158,Delivered,2025-07-29
24159,24159,In Transit,NULL
24160,24160,In Transit,NULL
24161,24161,Returned,NULL
24162,24162,Delivered,2024-01-15
24163,24163,Delivered,2023-11-20
24164,24164,In Transit,NULL
24165,24165,Delivered,2024-03-22
24166,24166,Delivered,2025-06-07
24167,24167,In Transit,NULL
24168,24168,Delivered,2023-12-26
24169,24169,Delivered,2024-09-19
24170,24170,Delayed,NULL
24171,24171,Delivered,2023-07-25
24172,24172,Delayed,NULL
24173,24173,Delayed,NULL
24174,24174,In Transit,NULL
24175,24175,Delivered,2025-11-22
24176,24176,In Transit,NULL
24177,24177,Delayed,NULL
24178,24178,Delivered,2023-11-06
24179,24179,Delivered,2023-03-08
24180,24180,In Transit,NULL
24181,24181,Delivered,2025-06-04
24182,24182,Delivered,2024-10-17
24183,24183,Delivered,2024-03-21
24184,24184,Delayed,NULL
24185,24185,Delivered,2024-06-28
24186,24186,Delivered,2025-11-02
24187,24187,Delivered,2023-09-09
24188,24188,Delayed,NULL
24189,24189,Delivered,2024-03-12
24190,24190,Delayed,NULL
24191,24191,Delayed,NULL
24192,24192,Delivered,2025-08-01
24193,24193,Delivered,2025-10-07
24194,24194,Lost,NULL
24195,24195,In Transit,NULL
24196,24196,Delivered,2023-11-20
24197,24197,Delayed,NULL
24198,24198,Delivered,2024-06-04
24199,24199,Delivered,2023-02-26
24200,24200,Delivered,2024-06-19
24201,24201,Returned,NULL
24202,24202,Delivered,2026-08-28
24203,24203,Delivered,2025-10-10
24204,24204,Delivered,2025-07-21
24205,24205,In Transit,NULL
24206,24206,Delivered,2025-06-26
24207,24207,Delayed,NULL
24208,24208,Returned,NULL
24209,24209,Delivered,2026-02-07
24210,24210,Delivered,2024-12-27
24211,24211,Delivered,2025-02-01
24212,24212,Delayed,NULL
24213,24213,In Transit,NULL
24214,24214,In Transit,NULL
24215,24215,In Transit,NULL
24216,24216,Delivered,2025-12-16
24217,24217,In Transit,NULL
24218,24218,In Transit,NULL
24219,24219,Lost,NULL
24220,24220,Delayed,NULL
24221,24221,Returned,NULL
24222,24222,Delivered,2024-08-02
24223,24223,In Transit,NULL
24224,24224,Delivered,2023-05-03
24225,24225,Delivered,2023-07-11
24226,24226,Delivered,2026-05-17
24227,24227,Delivered,2026-02-25
24228,24228,Delivered,2024-10-02
24229,24229,Delayed,NULL
24230,24230,Delivered,2025-12-31
24231,24231,In Transit,NULL
24232,24232,Delivered,2023-03-15
24233,24233,Delivered,2024-07-07
24234,24234,Delivered,2024-02-15
24235,24235,Delayed,NULL
24236,24236,Returned,NULL
24237,24237,Delayed,NULL
24238,24238,Delivered,2023-07-05
24239,24239,Delivered,2024-10-11
24240,24240,Delivered,2023-04-19
24241,24241,In Transit,NULL
24242,24242,Delivered,2024-07-06
24243,24243,Delivered,2024-05-06
24244,24244,Delivered,2024-02-23
24245,24245,Delivered,2023-06-28
24246,24246,Delivered,2023-08-10
24247,24247,Delivered,2025-11-18
24248,24248,Delivered,2024-01-27
24249,24249,Delayed,NULL
24250,24250,Delivered,2023-10-05
24251,24251,In Transit,NULL
24252,24252,In Transit,NULL
24253,24253,In Transit,NULL
24254,24254,Delivered,2023-11-11
24255,24255,Delivered,2025-01-16
24256,24256,Delivered,2024-03-25
24257,24257,Delayed,NULL
24258,24258,Returned,NULL
24259,24259,Delivered,2024-12-27
24260,24260,Delivered,2026-01-16
24261,24261,Delivered,2025-08-03
24262,24262,Delivered,2023-11-26
24263,24263,Delivered,2025-12-12
24264,24264,Delivered,2024-01-10
24265,24265,In Transit,NULL
24266,24266,Delivered,2026-02-03
24267,24267,Delivered,2026-05-08
24268,24268,Delivered,2024-08-26
24269,24269,Delivered,2024-07-20
24270,24270,Delivered,2025-10-01
24271,24271,Delivered,2025-04-21
24272,24272,Delivered,2025-10-27
24273,24273,In Transit,NULL
24274,24274,Delivered,2024-05-07
24275,24275,Delivered,2023-07-18
24276,24276,Delivered,2023-09-02
24277,24277,Delivered,2025-02-25
24278,24278,Delivered,2024-12-17
24279,24279,In Transit,NULL
24280,24280,Delayed,NULL
24281,24281,In Transit,NULL
24282,24282,Delayed,NULL
24283,24283,Delivered,2024-09-23
24284,24284,Delivered,2023-02-21
24285,24285,In Transit,NULL
24286,24286,Delayed,NULL
24287,24287,In Transit,NULL
24288,24288,Delivered,2025-11-04
24289,24289,Delivered,2024-04-01
24290,24290,Delivered,2025-07-16
24291,24291,Returned,NULL
24292,24292,Delivered,2025-05-25
24293,24293,Delivered,2024-04-09
24294,24294,Delivered,2025-01-08
24295,24295,Delivered,2026-02-03
24296,24296,Delivered,2024-05-14
24297,24297,In Transit,NULL
24298,24298,Delivered,2024-01-11
24299,24299,In Transit,NULL
24300,24300,Delivered,2023-08-17
24301,24301,In Transit,NULL
24302,24302,Delivered,2023-10-05
24303,24303,Delivered,2026-04-18
24304,24304,Delivered,2025-01-25
24305,24305,Delivered,2025-05-18
24306,24306,Delivered,2024-08-15
24307,24307,Delivered,2023-04-21
24308,24308,Delivered,2023-04-04
24309,24309,In Transit,NULL
24310,24310,Delayed,NULL
24311,24311,In Transit,NULL
24312,24312,Delivered,2023-05-04
24313,24313,Delayed,NULL
24314,24314,Delivered,2024-01-19
24315,24315,Delivered,2025-08-13
24316,24316,Returned,NULL
24317,24317,In Transit,NULL
24318,24318,Delivered,2024-12-06
24319,24319,In Transit,NULL
24320,24320,Delivered,2024-03-21
24321,24321,Delivered,2026-04-11
24322,24322,In Transit,NULL
24323,24323,Delivered,2024-01-11
24324,24324,Delivered,2023-03-03
24325,24325,Delivered,2024-06-07
24326,24326,Delivered,2023-12-16
24327,24327,In Transit,NULL
24328,24328,Delayed,NULL
24329,24329,Delivered,2026-06-14
24330,24330,In Transit,NULL
24331,24331,Delayed,NULL
24332,24332,In Transit,NULL
24333,24333,In Transit,NULL
24334,24334,Delivered,2024-12-05
24335,24335,Delivered,2023-06-27
24336,24336,Delivered,2024-03-16
24337,24337,Delayed,NULL
24338,24338,In Transit,NULL
24339,24339,Delayed,NULL
24340,24340,Delivered,2023-04-22
24341,24341,In Transit,NULL
24342,24342,Delivered,2024-08-25
24343,24343,Delivered,2025-08-22
24344,24344,In Transit,NULL
24345,24345,In Transit,NULL
24346,24346,Delivered,2026-08-16
24347,24347,Delayed,NULL
24348,24348,Delivered,2024-06-19
24349,24349,Delayed,NULL
24350,24350,Delivered,2023-07-19
24351,24351,Delivered,2024-06-22
24352,24352,Delivered,2024-11-19
24353,24353,Delivered,2024-02-05
24354,24354,Delivered,2024-05-14
24355,24355,Delivered,2025-05-01
24356,24356,Delivered,2024-05-08
24357,24357,Delivered,2024-08-05
24358,24358,Delivered,2026-03-09
24359,24359,Delivered,2026-02-12
24360,24360,Delivered,2026-01-14
24361,24361,Delivered,2025-06-17
24362,24362,Delivered,2024-12-12
24363,24363,Delayed,NULL
24364,24364,Delivered,2025-11-02
24365,24365,Delivered,2025-11-06
24366,24366,Delivered,2026-01-16
24367,24367,In Transit,NULL
24368,24368,In Transit,NULL
24369,24369,Delivered,2023-09-15
24370,24370,Lost,NULL
24371,24371,In Transit,NULL
24372,24372,Delivered,2024-01-13
24373,24373,Delivered,2024-08-24
24374,24374,In Transit,NULL
24375,24375,Lost,NULL
24376,24376,Delayed,NULL
24377,24377,Delayed,NULL
24378,24378,Delivered,2025-10-09
24379,24379,Returned,NULL
24380,24380,Delivered,2025-03-25
24381,24381,Delivered,2023-10-05
24382,24382,Delivered,2026-03-13
24383,24383,Delivered,2024-10-01
24384,24384,Delivered,2026-01-15
24385,24385,In Transit,NULL
24386,24386,Delivered,2025-07-27
24387,24387,Delivered,2025-02-10
24388,24388,Delivered,2025-08-07
24389,24389,Delivered,2025-01-05
24390,24390,Delivered,2025-07-30
24391,24391,Delivered,2025-11-08
24392,24392,Delayed,NULL
24393,24393,Delivered,2024-10-30
24394,24394,Delivered,2024-09-29
24395,24395,In Transit,NULL
24396,24396,Delayed,NULL
24397,24397,Delivered,2024-11-13
24398,24398,Returned,NULL
24399,24399,Lost,NULL
24400,24400,In Transit,NULL
24401,24401,Delivered,2024-04-06
24402,24402,Returned,NULL
24403,24403,Delivered,2025-10-17
24404,24404,Delivered,2024-10-01
24405,24405,In Transit,NULL
24406,24406,Delivered,2023-10-10
24407,24407,Delivered,2024-07-27
24408,24408,Delivered,2025-05-03
24409,24409,Delayed,NULL
24410,24410,Delivered,2024-09-17
24411,24411,Delayed,NULL
24412,24412,In Transit,NULL
24413,24413,In Transit,NULL
24414,24414,Delivered,2026-02-11
24415,24415,In Transit,NULL
24416,24416,Delivered,2025-06-11
24417,24417,Delivered,2026-04-02
24418,24418,Delivered,2024-12-07
24419,24419,In Transit,NULL
24420,24420,Delivered,2024-06-17
24421,24421,Delivered,2023-05-01
24422,24422,Delivered,2024-07-04
24423,24423,Delivered,2023-03-01
24424,24424,Delivered,2023-04-27
24425,24425,In Transit,NULL
24426,24426,Delivered,2023-12-29
24427,24427,Delivered,2024-09-18
24428,24428,Delivered,2026-01-15
24429,24429,Delivered,2026-05-11
24430,24430,Delivered,2026-08-07
24431,24431,Delivered,2024-12-23
24432,24432,In Transit,NULL
24433,24433,In Transit,NULL
24434,24434,In Transit,NULL
24435,24435,Delayed,NULL
24436,24436,In Transit,NULL
24437,24437,Delivered,2024-02-18
24438,24438,Delivered,2023-10-21
24439,24439,Delivered,2024-11-24
24440,24440,In Transit,NULL
24441,24441,In Transit,NULL
24442,24442,Delivered,2023-04-28
24443,24443,Delayed,NULL
24444,24444,Delivered,2023-08-26
24445,24445,Delivered,2026-06-01
24446,24446,Delivered,2026-07-02
24447,24447,In Transit,NULL
24448,24448,Delayed,NULL
24449,24449,Delivered,2026-03-27
24450,24450,Delivered,2026-05-15
24451,24451,In Transit,NULL
24452,24452,Delivered,2025-07-17
24453,24453,Delivered,2025-12-13
24454,24454,In Transit,NULL
24455,24455,In Transit,NULL
24456,24456,Delivered,2024-02-19
24457,24457,Delayed,NULL
24458,24458,Delivered,2024-04-19
24459,24459,In Transit,NULL
24460,24460,Delivered,2025-08-23
24461,24461,Delivered,2025-09-19
24462,24462,In Transit,NULL
24463,24463,In Transit,NULL
24464,24464,Delivered,2025-12-19
24465,24465,Delayed,NULL
24466,24466,In Transit,NULL
24467,24467,Returned,NULL
24468,24468,Delayed,NULL
24469,24469,Delivered,2024-11-19
24470,24470,In Transit,NULL
24471,24471,Delivered,2023-10-20
24472,24472,Returned,NULL
24473,24473,Delivered,2026-05-09
24474,24474,In Transit,NULL
24475,24475,Delayed,NULL
24476,24476,Delivered,2023-08-05
24477,24477,In Transit,NULL
24478,24478,Delayed,NULL
24479,24479,Delivered,2023-05-14
24480,24480,Delivered,2026-05-16
24481,24481,Delayed,NULL
24482,24482,Delivered,2023-02-09
24483,24483,Delivered,2024-09-01
24484,24484,Delivered,2023-10-24
24485,24485,Delivered,2023-08-07
24486,24486,In Transit,NULL
24487,24487,Delivered,2024-11-29
24488,24488,In Transit,NULL
24489,24489,Delivered,2025-09-07
24490,24490,Delivered,2026-07-10
24491,24491,In Transit,NULL
24492,24492,Delayed,NULL
24493,24493,Delayed,NULL
24494,24494,Delivered,2023-09-27
24495,24495,Delivered,2025-08-07
24496,24496,Delivered,2026-01-30
24497,24497,Delivered,2024-02-28
24498,24498,In Transit,NULL
24499,24499,Delivered,2025-04-28
24500,24500,In Transit,NULL
24501,24501,In Transit,NULL
24502,24502,In Transit,NULL
24503,24503,Delivered,2026-07-22
24504,24504,Delivered,2025-10-23
24505,24505,Delivered,2026-05-07
24506,24506,In Transit,NULL
24507,24507,Delivered,2025-01-21
24508,24508,Delivered,2023-11-04
24509,24509,Delivered,2024-09-14
24510,24510,Delivered,2025-08-27
24511,24511,Delivered,2024-07-14
24512,24512,In Transit,NULL
24513,24513,Delivered,2023-03-12
24514,24514,Delivered,2025-08-30
24515,24515,Delivered,2025-03-10
24516,24516,Delivered,2025-05-06
24517,24517,Delivered,2023-05-07
24518,24518,Delivered,2026-03-20
24519,24519,In Transit,NULL
24520,24520,Delivered,2023-12-02
24521,24521,Delivered,2023-10-12
24522,24522,Delayed,NULL
24523,24523,Delivered,2023-05-04
24524,24524,Delayed,NULL
24525,24525,Delivered,2023-06-28
24526,24526,In Transit,NULL
24527,24527,Delivered,2023-06-08
24528,24528,Delivered,2026-05-02
24529,24529,In Transit,NULL
24530,24530,Delivered,2024-09-09
24531,24531,Delivered,2024-01-02
24532,24532,Delivered,2026-01-29
24533,24533,Lost,NULL
24534,24534,In Transit,NULL
24535,24535,Delivered,2025-12-20
24536,24536,In Transit,NULL
24537,24537,Delivered,2023-11-23
24538,24538,Delivered,2026-01-03
24539,24539,Delivered,2023-07-11
24540,24540,Delivered,2026-06-13
24541,24541,Lost,NULL
24542,24542,Delivered,2024-09-18
24543,24543,Delivered,2024-11-03
24544,24544,Delivered,2024-09-03
24545,24545,Delivered,2024-03-28
24546,24546,Delivered,2025-08-10
24547,24547,Delivered,2023-06-12
24548,24548,In Transit,NULL
24549,24549,Delayed,NULL
24550,24550,Delivered,2025-12-03
24551,24551,Delivered,2023-11-04
24552,24552,Delivered,2026-01-10
24553,24553,Delivered,2023-06-23
24554,24554,Delivered,2023-09-22
24555,24555,Delivered,2023-04-25
24556,24556,Delivered,2026-05-11
24557,24557,Delayed,NULL
24558,24558,Delivered,2025-04-16
24559,24559,Delivered,2025-12-20
24560,24560,Delivered,2026-07-06
24561,24561,In Transit,NULL
24562,24562,Returned,NULL
24563,24563,Delivered,2024-10-02
24564,24564,In Transit,NULL
24565,24565,Delivered,2023-05-28
24566,24566,In Transit,NULL
24567,24567,Delivered,2024-11-01
24568,24568,Delivered,2023-12-06
24569,24569,Returned,NULL
24570,24570,Delivered,2025-03-10
24571,24571,Delivered,2024-09-19
24572,24572,Delivered,2025-11-01
24573,24573,Delayed,NULL
24574,24574,In Transit,NULL
24575,24575,Delivered,2026-01-31
24576,24576,In Transit,NULL
24577,24577,Delivered,2025-07-18
24578,24578,In Transit,NULL
24579,24579,In Transit,NULL
24580,24580,Delayed,NULL
24581,24581,Lost,NULL
24582,24582,Lost,NULL
24583,24583,In Transit,NULL
24584,24584,Delivered,2024-12-05
24585,24585,Delivered,2024-07-01
24586,24586,In Transit,NULL
24587,24587,Delayed,NULL
24588,24588,Delayed,NULL
24589,24589,Delayed,NULL
24590,24590,Delayed,NULL
24591,24591,Delivered,2024-05-18
24592,24592,Delivered,2025-06-15
24593,24593,Delivered,2025-12-07
24594,24594,Delivered,2024-02-21
24595,24595,Delivered,2025-06-04
24596,24596,Delivered,2024-11-03
24597,24597,Delivered,2025-09-13
24598,24598,In Transit,NULL
24599,24599,In Transit,NULL
24600,24600,Delivered,2023-03-17
24601,24601,In Transit,NULL
24602,24602,Delivered,2024-03-01
24603,24603,In Transit,NULL
24604,24604,Delivered,2023-04-30
24605,24605,Delivered,2025-09-07
24606,24606,Returned,NULL
24607,24607,Returned,NULL
24608,24608,In Transit,NULL
24609,24609,In Transit,NULL
24610,24610,Delivered,2025-02-14
24611,24611,Delivered,2023-06-29
24612,24612,Delivered,2023-10-21
24613,24613,Delivered,2023-09-18
24614,24614,In Transit,NULL
24615,24615,Delivered,2026-01-08
24616,24616,Delayed,NULL
24617,24617,In Transit,NULL
24618,24618,Delivered,2023-03-19
24619,24619,Delivered,2023-10-13
24620,24620,Delivered,2023-03-13
24621,24621,Delivered,2024-11-25
24622,24622,In Transit,NULL
24623,24623,Delayed,NULL
24624,24624,In Transit,NULL
24625,24625,In Transit,NULL
24626,24626,Delivered,2023-12-05
24627,24627,In Transit,NULL
24628,24628,In Transit,NULL
24629,24629,Delivered,2025-07-21
24630,24630,Delivered,2024-07-17
24631,24631,Delivered,2024-03-18
24632,24632,Delivered,2024-12-31
24633,24633,Delivered,2025-01-12
24634,24634,In Transit,NULL
24635,24635,In Transit,NULL
24636,24636,Delayed,NULL
24637,24637,Delivered,2026-02-26
24638,24638,Delivered,2024-08-27
24639,24639,Delivered,2025-02-25
24640,24640,Delivered,2025-09-11
24641,24641,Delivered,2024-05-29
24642,24642,Delayed,NULL
24643,24643,In Transit,NULL
24644,24644,Delivered,2023-06-06
24645,24645,Delayed,NULL
24646,24646,Delivered,2024-10-12
24647,24647,Delivered,2025-03-26
24648,24648,Delayed,NULL
24649,24649,In Transit,NULL
24650,24650,In Transit,NULL
24651,24651,Delivered,2026-08-04
24652,24652,Delayed,NULL
24653,24653,Delivered,2024-02-29
24654,24654,Delivered,2023-04-30
24655,24655,Delivered,2024-06-24
24656,24656,Delivered,2025-10-28
24657,24657,Delivered,2023-04-27
24658,24658,Delayed,NULL
24659,24659,Delivered,2023-04-06
24660,24660,Delivered,2025-01-28
24661,24661,Delivered,2023-08-04
24662,24662,Delayed,NULL
24663,24663,Delivered,2024-06-27
24664,24664,Delivered,2024-10-25
24665,24665,Delivered,2025-05-05
24666,24666,Delivered,2023-11-27
24667,24667,Delivered,2023-02-27
24668,24668,Delivered,2025-03-11
24669,24669,Delivered,2025-06-17
24670,24670,In Transit,NULL
24671,24671,Delivered,2023-04-19
24672,24672,Delivered,2025-06-13
24673,24673,Delivered,2023-11-15
24674,24674,In Transit,NULL
24675,24675,Delayed,NULL
24676,24676,Delivered,2025-12-18
24677,24677,Delivered,2026-06-06
24678,24678,Delayed,NULL
24679,24679,Delivered,2024-08-13
24680,24680,In Transit,NULL
24681,24681,Delayed,NULL
24682,24682,Delivered,2023-07-27
24683,24683,Delivered,2023-04-22
24684,24684,In Transit,NULL
24685,24685,Delivered,2023-10-17
24686,24686,Delivered,2024-05-02
24687,24687,Delayed,NULL
24688,24688,In Transit,NULL
24689,24689,Delayed,NULL
24690,24690,Delivered,2026-02-05
24691,24691,Delayed,NULL
24692,24692,Delivered,2023-12-30
24693,24693,Delivered,2023-09-08
24694,24694,Delivered,2026-04-13
24695,24695,In Transit,NULL
24696,24696,Delivered,2025-07-28
24697,24697,Delivered,2024-07-02
24698,24698,In Transit,NULL
24699,24699,Delivered,2025-03-26
24700,24700,Delivered,2023-07-31
24701,24701,Delayed,NULL
24702,24702,In Transit,NULL
24703,24703,Delivered,2024-07-03
24704,24704,Delayed,NULL
24705,24705,Delivered,2025-07-30
24706,24706,Delivered,2024-05-24
24707,24707,In Transit,NULL
24708,24708,Delivered,2024-09-02
24709,24709,Delayed,NULL
24710,24710,In Transit,NULL
24711,24711,Delivered,2024-12-21
24712,24712,Delayed,NULL
24713,24713,Delivered,2024-07-10
24714,24714,Delivered,2025-07-10
24715,24715,Delivered,2025-01-05
24716,24716,Delivered,2025-05-14
24717,24717,Delivered,2023-08-18
24718,24718,Delivered,2026-05-23
24719,24719,In Transit,NULL
24720,24720,Delivered,2024-07-22
24721,24721,In Transit,NULL
24722,24722,In Transit,NULL
24723,24723,Delivered,2025-05-04
24724,24724,In Transit,NULL
24725,24725,Delivered,2023-08-01
24726,24726,In Transit,NULL
24727,24727,Delivered,2023-08-13
24728,24728,Delivered,2024-06-06
24729,24729,Delivered,2024-02-23
24730,24730,Lost,NULL
24731,24731,Delivered,2025-05-17
24732,24732,In Transit,NULL
24733,24733,Delivered,2026-06-11
24734,24734,Delivered,2023-12-18
24735,24735,Delivered,2025-09-05
24736,24736,Delivered,2023-10-31
24737,24737,Delivered,2024-07-04
24738,24738,Delivered,2026-05-24
24739,24739,In Transit,NULL
24740,24740,Delivered,2025-05-26
24741,24741,In Transit,NULL
24742,24742,Delivered,2026-03-05
24743,24743,In Transit,NULL
24744,24744,Delivered,2025-03-21
24745,24745,Delivered,2025-11-18
24746,24746,Returned,NULL
24747,24747,Delivered,2023-11-21
24748,24748,Delivered,2023-12-24
24749,24749,Delivered,2024-12-13
24750,24750,Delivered,2024-07-24
24751,24751,Delivered,2024-05-07
24752,24752,In Transit,NULL
24753,24753,Delivered,2025-01-09
24754,24754,Delivered,2025-05-20
24755,24755,In Transit,NULL
24756,24756,Delivered,2026-05-09
24757,24757,Delayed,NULL
24758,24758,Delivered,2024-09-17
24759,24759,Delivered,2023-11-17
24760,24760,In Transit,NULL
24761,24761,In Transit,NULL
24762,24762,In Transit,NULL
24763,24763,Delivered,2024-07-05
24764,24764,Delivered,2023-10-07
24765,24765,Delayed,NULL
24766,24766,Delivered,2026-02-17
24767,24767,In Transit,NULL
24768,24768,Delivered,2024-05-26
24769,24769,Delivered,2023-08-18
24770,24770,In Transit,NULL
24771,24771,Delivered,2023-06-22
24772,24772,In Transit,NULL
24773,24773,Delivered,2026-03-30
24774,24774,Delayed,NULL
24775,24775,Delivered,2023-06-03
24776,24776,Delivered,2025-12-12
24777,24777,In Transit,NULL
24778,24778,Delivered,2025-01-21
24779,24779,In Transit,NULL
24780,24780,Delayed,NULL
24781,24781,Delivered,2023-09-27
24782,24782,Delivered,2023-05-30
24783,24783,Delivered,2025-03-07
24784,24784,Delayed,NULL
24785,24785,Delivered,2023-05-03
24786,24786,Returned,NULL
24787,24787,Delivered,2024-09-23
24788,24788,Delivered,2024-01-17
24789,24789,Delivered,2024-08-14
24790,24790,Delivered,2025-08-28
24791,24791,In Transit,NULL
24792,24792,Delivered,2026-04-03
24793,24793,In Transit,NULL
24794,24794,In Transit,NULL
24795,24795,Delivered,2023-05-11
24796,24796,In Transit,NULL
24797,24797,Delivered,2024-12-23
24798,24798,Delayed,NULL
24799,24799,Returned,NULL
24800,24800,Delivered,2023-08-30
24801,24801,In Transit,NULL
24802,24802,Delivered,2026-06-15
24803,24803,Delivered,2026-01-23
24804,24804,Delayed,NULL
24805,24805,Returned,NULL
24806,24806,Delivered,2025-04-03
24807,24807,In Transit,NULL
24808,24808,Delivered,2026-08-05
24809,24809,Delivered,2026-04-07
24810,24810,Delivered,2025-09-01
24811,24811,Delivered,2023-11-11
24812,24812,Delivered,2023-06-03
24813,24813,Delivered,2023-06-28
24814,24814,Delivered,2023-11-15
24815,24815,In Transit,NULL
24816,24816,In Transit,NULL
24817,24817,Delivered,2025-07-25
24818,24818,Delivered,2023-10-16
24819,24819,Delivered,2025-06-02
24820,24820,Delivered,2023-03-18
24821,24821,Delivered,2025-01-13
24822,24822,Delivered,2023-10-03
24823,24823,Delivered,2025-05-19
24824,24824,Delayed,NULL
24825,24825,Delayed,NULL
24826,24826,In Transit,NULL
24827,24827,Delivered,2025-05-25
24828,24828,Delivered,2024-09-13
24829,24829,Delivered,2024-08-30
24830,24830,Delivered,2025-11-07
24831,24831,Delivered,2024-02-22
24832,24832,In Transit,NULL
24833,24833,In Transit,NULL
24834,24834,Delivered,2026-05-30
24835,24835,Lost,NULL
24836,24836,Delivered,2024-11-21
24837,24837,In Transit,NULL
24838,24838,Delivered,2024-03-06
24839,24839,Delivered,2024-05-30
24840,24840,Delayed,NULL
24841,24841,In Transit,NULL
24842,24842,Delivered,2024-03-19
24843,24843,Delivered,2023-06-05
24844,24844,Delivered,2025-08-28
24845,24845,Delivered,2024-11-14
24846,24846,Delivered,2024-01-23
24847,24847,Delivered,2024-09-28
24848,24848,Delivered,2023-05-01
24849,24849,Delivered,2024-07-30
24850,24850,Delivered,2023-02-25
24851,24851,Delivered,2026-05-15
24852,24852,Delivered,2025-03-26
24853,24853,Delivered,2026-06-26
24854,24854,Delivered,2024-10-21
24855,24855,Returned,NULL
24856,24856,In Transit,NULL
24857,24857,Delivered,2024-10-25
24858,24858,Delivered,2023-10-10
24859,24859,Delivered,2026-01-07
24860,24860,Returned,NULL
24861,24861,Delivered,2026-01-12
24862,24862,Returned,NULL
24863,24863,In Transit,NULL
24864,24864,Delivered,2026-03-23
24865,24865,Delayed,NULL
24866,24866,In Transit,NULL
24867,24867,Delivered,2024-10-28
24868,24868,In Transit,NULL
24869,24869,In Transit,NULL
24870,24870,Delivered,2025-12-20
24871,24871,Delivered,2024-07-15
24872,24872,Delivered,2024-05-29
24873,24873,Delayed,NULL
24874,24874,Delivered,2023-03-09
24875,24875,Delivered,2024-04-10
24876,24876,Delivered,2026-03-25
24877,24877,Delivered,2024-06-23
24878,24878,Returned,NULL
24879,24879,Delivered,2024-10-06
24880,24880,In Transit,NULL
24881,24881,In Transit,NULL
24882,24882,Returned,NULL
24883,24883,In Transit,NULL
24884,24884,Delivered,2024-01-23
24885,24885,In Transit,NULL
24886,24886,In Transit,NULL
24887,24887,Delivered,2026-01-09
24888,24888,Delivered,2026-04-26
24889,24889,Delivered,2023-02-25
24890,24890,In Transit,NULL
24891,24891,Delayed,NULL
24892,24892,Delivered,2026-07-09
24893,24893,In Transit,NULL
24894,24894,Delivered,2025-01-26
24895,24895,Delivered,2025-11-30
24896,24896,Delayed,NULL
24897,24897,Delivered,2026-07-21
24898,24898,In Transit,NULL
24899,24899,In Transit,NULL
24900,24900,In Transit,NULL
24901,24901,In Transit,NULL
24902,24902,Delivered,2025-12-16
24903,24903,Delivered,2025-04-18
24904,24904,Delayed,NULL
24905,24905,Delivered,2025-11-26
24906,24906,Delivered,2023-12-06
24907,24907,Delivered,2025-08-06
24908,24908,Delivered,2025-03-05
24909,24909,Delivered,2026-01-25
24910,24910,Delayed,NULL
24911,24911,Delivered,2026-05-03
24912,24912,Delivered,2023-06-05
24913,24913,Delivered,2026-03-23
24914,24914,Delivered,2025-03-28
24915,24915,Delivered,2024-04-21
24916,24916,Delivered,2024-06-25
24917,24917,Delivered,2023-12-14
24918,24918,Delivered,2026-06-16
24919,24919,In Transit,NULL
24920,24920,Delivered,2023-05-23
24921,24921,In Transit,NULL
24922,24922,Delivered,2026-05-12
24923,24923,Lost,NULL
24924,24924,In Transit,NULL
24925,24925,Delivered,2025-10-01
24926,24926,Delivered,2023-03-03
24927,24927,In Transit,NULL
24928,24928,In Transit,NULL
24929,24929,Delivered,2025-03-02
24930,24930,Delivered,2026-03-17
24931,24931,Delivered,2024-11-21
24932,24932,In Transit,NULL
24933,24933,Delivered,2025-05-02
24934,24934,Returned,NULL
24935,24935,Delivered,2023-02-26
24936,24936,Delivered,2026-04-22
24937,24937,In Transit,NULL
24938,24938,Delivered,2025-04-19
24939,24939,Delivered,2024-11-09
24940,24940,Delivered,2026-08-26
24941,24941,In Transit,NULL
24942,24942,In Transit,NULL
24943,24943,Delayed,NULL
24944,24944,Delivered,2025-07-25
24945,24945,Delivered,2024-11-05
24946,24946,In Transit,NULL
24947,24947,Delivered,2023-07-30
24948,24948,Delivered,2026-02-17
24949,24949,Delivered,2024-03-27
24950,24950,In Transit,NULL
24951,24951,Delivered,2025-12-19
24952,24952,Delivered,2024-04-13
24953,24953,In Transit,NULL
24954,24954,Delivered,2023-02-23
24955,24955,Delivered,2024-06-20
24956,24956,Delivered,2024-10-27
24957,24957,Delivered,2023-06-24
24958,24958,Delivered,2026-08-19
24959,24959,Delivered,2025-03-11
24960,24960,In Transit,NULL
24961,24961,Delivered,2023-05-20
24962,24962,Delayed,NULL
24963,24963,In Transit,NULL
24964,24964,In Transit,NULL
24965,24965,Delivered,2025-10-27
24966,24966,Delivered,2026-07-17
24967,24967,Delivered,2023-03-23
24968,24968,In Transit,NULL
24969,24969,Delayed,NULL
24970,24970,Delivered,2024-01-09
24971,24971,Returned,NULL
24972,24972,Delivered,2024-07-29
24973,24973,Delivered,2024-07-06
24974,24974,In Transit,NULL
24975,24975,Returned,NULL
24976,24976,Delivered,2025-06-28
24977,24977,Delivered,2023-11-12
24978,24978,Delayed,NULL
24979,24979,Delivered,2025-01-21
24980,24980,Delivered,2026-04-16
24981,24981,In Transit,NULL
24982,24982,Delivered,2024-09-04
24983,24983,Delivered,2025-07-14
24984,24984,Delivered,2024-11-28
24985,24985,Delayed,NULL
24986,24986,Delivered,2023-04-01
24987,24987,Delayed,NULL
24988,24988,In Transit,NULL
24989,24989,Delivered,2026-07-12
24990,24990,Delivered,2024-08-09
24991,24991,Delayed,NULL
24992,24992,Delayed,NULL
24993,24993,Delayed,NULL
24994,24994,Delivered,2025-12-26
24995,24995,Delayed,NULL
24996,24996,Returned,NULL
24997,24997,Delivered,2026-03-07
24998,24998,Delayed,NULL
24999,24999,Delivered,2025-11-19
25000,25000,Delivered,2024-12-25
