Tax_ID,Shipment_ID,Tax_Type,Tax_Amount
1,1,Customs Duty,93341.83
2,2,Customs Duty,12980.88
3,3,Customs Duty,16949.75
4,4,Import Duty,650.37
5,5,Service Tax,10294.55
6,6,VAT,2209.98
7,7,Import Duty,2120.12
8,8,Export Duty,1453.54
9,9,Service Tax,252.29
10,10,Customs Duty,6457.68
11,11,Customs Duty,16458.87
12,12,Export Duty,56337.05
13,13,Excise Duty,4072.19
14,14,Service Tax,4827.99
15,15,VAT,4623.31
16,16,Export Duty,33020.2
17,17,Customs Duty,68093.4
18,18,Customs Duty,53374.7
19,19,Service Tax,804.85
20,20,Import Duty,374813.77
21,21,VAT,1103.37
22,22,Customs Duty,247.64
23,23,Import Duty,1783.83
24,24,Service Tax,9824.96
25,25,Excise Duty,8028.05
26,26,Import Duty,31732.88
27,27,Import Duty,4822.09
28,28,VAT,7529.12
29,29,VAT,925.57
30,30,VAT,87.99
31,31,Import Duty,330.61
32,32,Service Tax,6645.1
33,33,Import Duty,90489.55
34,34,VAT,110089.7
35,35,Customs Duty,65563.62
36,36,VAT,2105.89
37,37,Customs Duty,422.94
38,38,Export Duty,1428.75
39,39,Import Duty,35408.06
40,40,VAT,1501.04
41,41,VAT,26264.29
42,42,Customs Duty,258331.56
43,43,Import Duty,2887.09
44,44,Customs Duty,90308.51
45,45,Customs Duty,23397.18
46,46,VAT,11363.77
47,47,VAT,284266.03
48,48,Excise Duty,9895.01
49,49,Import Duty,22474.0
50,50,Import Duty,264.56
51,51,Excise Duty,8510.27
52,52,Customs Duty,390.8
53,53,Excise Duty,1700.71
54,54,Import Duty,3044.33
55,55,Customs Duty,1060.73
56,56,Customs Duty,2307.77
57,57,VAT,70840.64
58,58,Customs Duty,251.94
59,59,VAT,496.07
60,60,Customs Duty,1204.12
61,61,Excise Duty,477.26
62,62,Customs Duty,10147.07
63,63,Excise Duty,16645.14
64,64,Import Duty,24335.31
65,65,VAT,15372.51
66,66,Customs Duty,58752.7
67,67,Service Tax,86743.27
68,68,Customs Duty,45.58
69,69,Customs Duty,105043.81
70,70,Customs Duty,720.6
71,71,Service Tax,126.48
72,72,VAT,222440.39
73,73,Import Duty,4697.08
74,74,Import Duty,33716.38
75,75,VAT,121506.12
76,76,Import Duty,6146.27
77,77,Customs Duty,1875.08
78,78,Export Duty,24148.27
79,79,VAT,24555.57
80,80,Export Duty,196.91
81,81,Import Duty,26426.46
82,82,Customs Duty,48363.67
83,83,Customs Duty,25859.91
84,84,Customs Duty,8323.63
85,85,Service Tax,67712.31
86,86,Excise Duty,2273.58
87,87,VAT,9953.63
88,88,Customs Duty,1082.71
89,89,Service Tax,595.79
90,90,Excise Duty,749.81
91,91,Export Duty,8931.23
92,92,VAT,2965.69
93,93,Customs Duty,1442.37
94,94,VAT,147.8
95,95,Import Duty,1501.03
96,96,Customs Duty,96767.27
97,97,Import Duty,1015.1
98,98,Excise Duty,45311.06
99,99,Export Duty,7814.27
100,100,VAT,886.85
101,101,VAT,142607.41
102,102,Export Duty,409.4
103,103,Import Duty,307.21
104,104,VAT,1023.38
105,105,VAT,1117.8
106,106,VAT,49428.78
107,107,Customs Duty,149279.34
108,108,Export Duty,2854.26
109,109,Customs Duty,244089.61
110,110,Customs Duty,673.56
111,111,Import Duty,120577.79
112,112,Customs Duty,47996.3
113,113,VAT,28666.0
114,114,Customs Duty,7336.28
115,115,Import Duty,2604.09
116,116,Customs Duty,3745.17
117,117,Import Duty,24832.61
118,118,Import Duty,2225.53
119,119,Import Duty,3114.47
120,120,Customs Duty,110114.15
121,121,VAT,357.78
122,122,Import Duty,95908.79
123,123,Export Duty,142204.51
124,124,Customs Duty,627.55
125,125,Import Duty,13712.69
126,126,Excise Duty,557.05
127,127,Import Duty,1896.3
128,128,VAT,8765.99
129,129,Import Duty,1554.87
130,130,VAT,6535.39
131,131,Customs Duty,158582.42
132,132,Customs Duty,2858.68
133,133,Service Tax,51933.09
134,134,Customs Duty,184871.64
135,135,Import Duty,41164.91
136,136,Service Tax,2500.19
137,137,Customs Duty,571.74
138,138,Customs Duty,495.91
139,139,Export Duty,452.63
140,140,Excise Duty,35230.83
141,141,Service Tax,453.54
142,142,VAT,559.41
143,143,Import Duty,2794.63
144,144,Import Duty,60884.27
145,145,Customs Duty,15454.13
146,146,Excise Duty,4334.22
147,147,VAT,785.65
148,148,Customs Duty,465.29
149,149,VAT,25297.31
150,150,Customs Duty,115895.47
151,151,Import Duty,28256.11
152,152,Customs Duty,10689.99
153,153,VAT,954.24
154,154,Customs Duty,374.35
155,155,Export Duty,5543.58
156,156,Import Duty,13072.7
157,157,VAT,141183.8
158,158,Customs Duty,1628.6
159,159,VAT,264061.43
160,160,Customs Duty,65930.86
161,161,Import Duty,330654.92
162,162,VAT,2950.06
163,163,Customs Duty,268.73
164,164,Customs Duty,21802.04
165,165,VAT,301545.77
166,166,Import Duty,485.54
167,167,Import Duty,182.46
168,168,Customs Duty,5189.37
169,169,Customs Duty,481.65
170,170,VAT,5359.16
171,171,VAT,220751.38
172,172,Customs Duty,1395.62
173,173,Customs Duty,330.36
174,174,Service Tax,85297.47
175,175,Customs Duty,1140.21
176,176,VAT,267.32
177,177,VAT,33105.7
178,178,Customs Duty,16688.84
179,179,Customs Duty,54601.85
180,180,Export Duty,109406.04
181,181,VAT,8459.47
182,182,Customs Duty,91942.36
183,183,Import Duty,153.7
184,184,Import Duty,117.34
185,185,Customs Duty,67658.11
186,186,Customs Duty,120488.57
187,187,VAT,142741.87
188,188,Customs Duty,123.39
189,189,Service Tax,4223.57
190,190,Excise Duty,22237.3
191,191,VAT,127078.56
192,192,Customs Duty,46619.54
193,193,Customs Duty,95464.51
194,194,VAT,23635.16
195,195,Customs Duty,1235.53
196,196,Import Duty,33772.39
197,197,Import Duty,131090.05
198,198,VAT,2698.59
199,199,Customs Duty,1039.93
200,200,VAT,157354.0
201,201,VAT,7951.91
202,202,VAT,131694.15
203,203,Export Duty,29967.32
204,204,VAT,196622.46
205,205,VAT,139496.97
206,206,Customs Duty,5633.79
207,207,Excise Duty,577.17
208,208,VAT,10159.07
209,209,Customs Duty,149088.93
210,210,Customs Duty,12329.36
211,211,Import Duty,8729.59
212,212,Customs Duty,11663.88
213,213,Import Duty,741.72
214,214,Service Tax,5774.4
215,215,Import Duty,36136.27
216,216,Customs Duty,5620.71
217,217,Excise Duty,14860.28
218,218,Service Tax,2571.68
219,219,Customs Duty,609.05
220,220,Import Duty,213079.89
221,221,Service Tax,1193.77
222,222,Import Duty,126436.38
223,223,Customs Duty,3371.81
224,224,Customs Duty,13519.15
225,225,Excise Duty,136616.97
226,226,VAT,5396.6
227,227,Import Duty,1124.82
228,228,Excise Duty,20668.15
229,229,Excise Duty,11343.5
230,230,Customs Duty,3454.29
231,231,Service Tax,1765.86
232,232,VAT,1188.26
233,233,Customs Duty,1352.9
234,234,Customs Duty,147606.93
235,235,Export Duty,33369.56
236,236,Customs Duty,73484.94
237,237,Customs Duty,13670.13
238,238,Export Duty,44802.27
239,239,Service Tax,46141.32
240,240,VAT,1016.7
241,241,Export Duty,2097.79
242,242,Customs Duty,52982.08
243,243,Customs Duty,25310.84
244,244,VAT,210168.58
245,245,Import Duty,144591.43
246,246,Excise Duty,993.63
247,247,Customs Duty,38333.45
248,248,Customs Duty,514.58
249,249,Import Duty,428464.82
250,250,Customs Duty,22832.52
251,251,Customs Duty,77138.53
252,252,Import Duty,144610.84
253,253,Import Duty,247868.76
254,254,Customs Duty,968.65
255,255,Export Duty,9148.69
256,256,Service Tax,1812.66
257,257,Import Duty,565.84
258,258,Export Duty,2941.83
259,259,Import Duty,575.85
260,260,Service Tax,375.5
261,261,Customs Duty,897.85
262,262,Import Duty,8356.41
263,263,Service Tax,80426.86
264,264,VAT,10244.02
265,265,VAT,19736.13
266,266,Import Duty,172574.57
267,267,Import Duty,275.18
268,268,VAT,286.88
269,269,Import Duty,197248.1
270,270,Customs Duty,384.83
271,271,Customs Duty,3465.01
272,272,Export Duty,1160.1
273,273,Import Duty,2062.35
274,274,VAT,853.04
275,275,Export Duty,4840.86
276,276,Customs Duty,2029.73
277,277,Service Tax,377.19
278,278,Import Duty,75510.11
279,279,Customs Duty,9743.43
280,280,Service Tax,52761.21
281,281,Export Duty,26976.88
282,282,VAT,927.71
283,283,VAT,10508.09
284,284,Import Duty,35835.93
285,285,Import Duty,1456.63
286,286,Import Duty,375.64
287,287,Import Duty,692.5
288,288,VAT,4980.04
289,289,Service Tax,84699.79
290,290,Customs Duty,113291.8
291,291,Customs Duty,10248.37
292,292,Import Duty,89097.54
293,293,Excise Duty,637.03
294,294,Excise Duty,43070.61
295,295,Customs Duty,38088.99
296,296,Service Tax,5080.39
297,297,VAT,126327.2
298,298,Customs Duty,46648.74
299,299,VAT,42918.38
300,300,VAT,1377.17
301,301,Customs Duty,111167.83
302,302,Export Duty,19030.63
303,303,VAT,17999.91
304,304,VAT,140373.23
305,305,VAT,49499.76
306,306,VAT,17248.52
307,307,Customs Duty,353.1
308,308,Customs Duty,166749.79
309,309,Export Duty,31586.02
310,310,Import Duty,256755.54
311,311,Customs Duty,41904.35
312,312,Customs Duty,6869.25
313,313,Customs Duty,12422.46
314,314,Export Duty,203.92
315,315,Customs Duty,902.32
316,316,Customs Duty,6773.24
317,317,Customs Duty,175600.27
318,318,Customs Duty,12445.88
319,319,Customs Duty,3784.82
320,320,Import Duty,1414.8
321,321,Customs Duty,3336.38
322,322,Customs Duty,214.45
323,323,Import Duty,3877.36
324,324,Import Duty,13878.55
325,325,VAT,236.45
326,326,Import Duty,58.46
327,327,Customs Duty,14456.56
328,328,Import Duty,94280.73
329,329,Customs Duty,316.37
330,330,Customs Duty,101446.45
331,331,Import Duty,6434.13
332,332,Import Duty,5157.92
333,333,VAT,1458.71
334,334,Import Duty,16692.47
335,335,Customs Duty,160838.2
336,336,Service Tax,588.3
337,337,Customs Duty,612.28
338,338,Excise Duty,2039.02
339,339,Customs Duty,4233.0
340,340,Import Duty,636.55
341,341,Customs Duty,1141.7
342,342,VAT,2557.45
343,343,Import Duty,74825.77
344,344,Customs Duty,62442.65
345,345,Customs Duty,952.51
346,346,Customs Duty,546.92
347,347,VAT,1545.04
348,348,Customs Duty,349.16
349,349,Import Duty,8939.34
350,350,VAT,1278.7
351,351,Customs Duty,20698.12
352,352,Customs Duty,914.08
353,353,Export Duty,753.9
354,354,Customs Duty,208985.51
355,355,Customs Duty,2212.45
356,356,VAT,15372.05
357,357,Customs Duty,25018.94
358,358,Service Tax,68191.62
359,359,Export Duty,98904.88
360,360,VAT,740.9
361,361,VAT,2355.4
362,362,Import Duty,184813.69
363,363,VAT,132530.94
364,364,Service Tax,2986.28
365,365,Customs Duty,152505.92
366,366,VAT,1984.52
367,367,Export Duty,6184.38
368,368,Import Duty,7865.8
369,369,VAT,11691.03
370,370,Customs Duty,13105.68
371,371,VAT,407.59
372,372,Service Tax,7272.94
373,373,Customs Duty,18628.75
374,374,Customs Duty,335.59
375,375,VAT,1865.25
376,376,VAT,1320.96
377,377,Import Duty,54654.22
378,378,VAT,1768.37
379,379,VAT,5340.51
380,380,Customs Duty,87042.25
381,381,VAT,88781.95
382,382,Customs Duty,412.65
383,383,Export Duty,10121.97
384,384,VAT,29842.51
385,385,Import Duty,79227.03
386,386,VAT,51576.39
387,387,Customs Duty,20512.58
388,388,Customs Duty,183409.1
389,389,Customs Duty,21133.87
390,390,VAT,115471.12
391,391,Import Duty,817.81
392,392,Excise Duty,2504.85
393,393,VAT,33357.21
394,394,Customs Duty,164237.17
395,395,Customs Duty,1311.27
396,396,Import Duty,253.01
397,397,Customs Duty,94205.29
398,398,VAT,213370.64
399,399,Import Duty,281243.38
400,400,VAT,1016.26
401,401,Customs Duty,31889.29
402,402,VAT,1222.19
403,403,VAT,27069.62
404,404,Import Duty,373756.2
405,405,Import Duty,39279.36
406,406,Import Duty,24421.18
407,407,VAT,3228.78
408,408,VAT,21419.29
409,409,Import Duty,296684.74
410,410,Customs Duty,593.6
411,411,Customs Duty,136434.95
412,412,Import Duty,1221.39
413,413,Customs Duty,2019.08
414,414,VAT,21160.95
415,415,Service Tax,3096.81
416,416,Customs Duty,159833.95
417,417,VAT,16697.62
418,418,Customs Duty,44709.13
419,419,Customs Duty,719.61
420,420,VAT,638.26
421,421,VAT,3365.73
422,422,VAT,10980.66
423,423,Import Duty,1165.92
424,424,Import Duty,13817.16
425,425,Export Duty,732.78
426,426,Import Duty,5358.99
427,427,Excise Duty,1470.27
428,428,Service Tax,7488.63
429,429,VAT,3292.73
430,430,Import Duty,38548.61
431,431,Import Duty,254217.41
432,432,Customs Duty,8489.9
433,433,Excise Duty,411.6
434,434,Import Duty,1220.5
435,435,Import Duty,9359.02
436,436,Service Tax,64266.09
437,437,Import Duty,169814.21
438,438,Excise Duty,5516.91
439,439,Import Duty,151339.73
440,440,Service Tax,150.31
441,441,Excise Duty,100753.17
442,442,Import Duty,2997.75
443,443,Customs Duty,221690.01
444,444,Customs Duty,8424.36
445,445,VAT,462.33
446,446,VAT,16165.97
447,447,Service Tax,2563.16
448,448,Service Tax,1570.04
449,449,VAT,46263.41
450,450,Customs Duty,2296.72
451,451,Import Duty,403.39
452,452,VAT,22313.53
453,453,Customs Duty,1596.03
454,454,Export Duty,23657.78
455,455,VAT,2081.51
456,456,VAT,154.39
457,457,Export Duty,64.5
458,458,VAT,18991.67
459,459,Import Duty,329.62
460,460,Customs Duty,23.41
461,461,Customs Duty,10217.51
462,462,Customs Duty,84669.52
463,463,VAT,829.48
464,464,Customs Duty,544.18
465,465,Export Duty,55829.1
466,466,Customs Duty,1168.29
467,467,Import Duty,26419.96
468,468,Excise Duty,631.03
469,469,Customs Duty,744.66
470,470,VAT,483.18
471,471,VAT,5034.55
472,472,VAT,278.56
473,473,Import Duty,1651.78
474,474,Service Tax,822.32
475,475,Customs Duty,474.15
476,476,Excise Duty,766.05
477,477,Customs Duty,462.84
478,478,VAT,148632.59
479,479,Import Duty,2162.85
480,480,Service Tax,6905.74
481,481,VAT,9886.43
482,482,Customs Duty,2196.28
483,483,VAT,1090.1
484,484,Export Duty,2378.18
485,485,Export Duty,66.63
486,486,Import Duty,8741.27
487,487,Customs Duty,44003.05
488,488,Export Duty,948.6
489,489,VAT,152252.28
490,490,Customs Duty,695.93
491,491,Import Duty,147108.01
492,492,Excise Duty,175667.15
493,493,Customs Duty,92577.53
494,494,Service Tax,138.4
495,495,Customs Duty,18044.63
496,496,Customs Duty,87684.15
497,497,Service Tax,723.29
498,498,Import Duty,69456.47
499,499,Customs Duty,1384.43
500,500,Customs Duty,51653.12
501,501,Customs Duty,23410.66
502,502,Customs Duty,40217.85
503,503,Excise Duty,4477.45
504,504,VAT,44130.64
505,505,Import Duty,137130.5
506,506,Customs Duty,84212.73
507,507,Export Duty,3948.41
508,508,Excise Duty,4048.84
509,509,Excise Duty,536.64
510,510,VAT,80122.56
511,511,Import Duty,36343.99
512,512,Import Duty,613.61
513,513,Import Duty,32447.51
514,514,Customs Duty,1582.72
515,515,Customs Duty,20566.43
516,516,VAT,26749.77
517,517,Import Duty,494.9
518,518,Export Duty,145.61
519,519,VAT,11010.6
520,520,VAT,82746.46
521,521,Export Duty,10776.57
522,522,Excise Duty,80588.42
523,523,Import Duty,1074.07
524,524,Customs Duty,493.12
525,525,VAT,19736.86
526,526,Import Duty,41323.65
527,527,VAT,5104.49
528,528,Export Duty,827.96
529,529,Customs Duty,179004.14
530,530,Customs Duty,11154.77
531,531,Customs Duty,4671.74
532,532,Customs Duty,1613.29
533,533,Import Duty,32407.07
534,534,VAT,1023.84
535,535,VAT,158474.52
536,536,Excise Duty,776.72
537,537,VAT,248.68
538,538,VAT,14859.76
539,539,VAT,1690.0
540,540,Customs Duty,50482.61
541,541,Import Duty,148888.84
542,542,VAT,6886.44
543,543,Customs Duty,152699.62
544,544,VAT,211499.02
545,545,Service Tax,6238.22
546,546,VAT,898.38
547,547,VAT,937.17
548,548,Customs Duty,2314.35
549,549,Import Duty,1426.84
550,550,Service Tax,3729.33
551,551,Service Tax,14130.49
552,552,Customs Duty,45604.22
553,553,Excise Duty,16117.33
554,554,Import Duty,3045.19
555,555,Export Duty,5893.61
556,556,VAT,2772.76
557,557,Customs Duty,9327.14
558,558,Excise Duty,23456.8
559,559,Excise Duty,46832.43
560,560,Customs Duty,128737.36
561,561,Customs Duty,23350.95
562,562,Customs Duty,22131.24
563,563,Import Duty,353.76
564,564,Import Duty,8315.05
565,565,Customs Duty,773.82
566,566,VAT,35380.88
567,567,Import Duty,95.74
568,568,VAT,1350.02
569,569,Export Duty,1265.47
570,570,Export Duty,993.07
571,571,Customs Duty,12997.58
572,572,Customs Duty,843.85
573,573,Customs Duty,1613.8
574,574,Excise Duty,69704.03
575,575,VAT,1707.64
576,576,Export Duty,86510.36
577,577,Customs Duty,5399.47
578,578,Excise Duty,5807.76
579,579,Excise Duty,51043.93
580,580,Import Duty,166712.02
581,581,Import Duty,1834.45
582,582,Export Duty,110593.6
583,583,Import Duty,202.68
584,584,Export Duty,47298.05
585,585,Import Duty,936.23
586,586,Export Duty,105073.89
587,587,Import Duty,58974.14
588,588,Export Duty,11878.46
589,589,VAT,1069.44
590,590,Customs Duty,1198.25
591,591,VAT,103769.94
592,592,Customs Duty,3823.17
593,593,Customs Duty,716.53
594,594,Import Duty,66514.94
595,595,Import Duty,1162.86
596,596,Customs Duty,9072.9
597,597,Customs Duty,19547.16
598,598,VAT,74044.25
599,599,Customs Duty,2626.62
600,600,Import Duty,7801.98
601,601,Import Duty,3496.3
602,602,Customs Duty,2634.45
603,603,Customs Duty,409.96
604,604,Customs Duty,4046.74
605,605,Export Duty,50504.98
606,606,Customs Duty,3020.14
607,607,Excise Duty,468.25
608,608,VAT,816.52
609,609,Customs Duty,6525.33
610,610,Customs Duty,5162.69
611,611,VAT,98200.28
612,612,VAT,1936.0
613,613,Customs Duty,2022.99
614,614,Customs Duty,36750.52
615,615,Customs Duty,961.76
616,616,VAT,39902.88
617,617,Export Duty,3162.25
618,618,Import Duty,20295.72
619,619,Service Tax,3691.78
620,620,Export Duty,7634.3
621,621,Export Duty,116752.06
622,622,Export Duty,50435.77
623,623,Customs Duty,6276.69
624,624,Import Duty,873.21
625,625,Customs Duty,74627.91
626,626,Import Duty,15331.42
627,627,Customs Duty,1347.94
628,628,Import Duty,364.23
629,629,Import Duty,127942.96
630,630,Import Duty,2243.55
631,631,VAT,214519.59
632,632,Export Duty,7807.03
633,633,VAT,108370.7
634,634,Export Duty,248.97
635,635,Import Duty,23506.99
636,636,VAT,13636.44
637,637,Excise Duty,15922.44
638,638,Customs Duty,133056.03
639,639,VAT,16644.59
640,640,Customs Duty,916.44
641,641,Import Duty,3199.33
642,642,Customs Duty,4186.56
643,643,Import Duty,1669.91
644,644,VAT,116239.92
645,645,VAT,177106.38
646,646,Customs Duty,534.5
647,647,Customs Duty,261.58
648,648,VAT,217018.08
649,649,Export Duty,7979.69
650,650,Customs Duty,21556.06
651,651,Import Duty,148903.93
652,652,Customs Duty,158627.93
653,653,Customs Duty,234336.54
654,654,Import Duty,16027.35
655,655,Import Duty,1316.45
656,656,Export Duty,9544.37
657,657,Excise Duty,5413.81
658,658,VAT,99132.45
659,659,Customs Duty,7985.2
660,660,Import Duty,4897.73
661,661,VAT,5247.26
662,662,Customs Duty,41937.35
663,663,Customs Duty,4934.67
664,664,Excise Duty,2761.1
665,665,Excise Duty,15514.02
666,666,Customs Duty,331.26
667,667,Excise Duty,15699.04
668,668,VAT,506.36
669,669,Customs Duty,78806.47
670,670,Export Duty,69821.41
671,671,VAT,3491.1
672,672,Customs Duty,1170.24
673,673,Import Duty,32064.2
674,674,Export Duty,10309.45
675,675,VAT,2693.78
676,676,Import Duty,127842.96
677,677,Import Duty,497.48
678,678,Import Duty,187425.96
679,679,Customs Duty,95759.89
680,680,Import Duty,208645.54
681,681,VAT,1792.77
682,682,Customs Duty,80826.58
683,683,Customs Duty,85003.81
684,684,Customs Duty,19397.54
685,685,VAT,2534.49
686,686,Customs Duty,129085.08
687,687,VAT,2157.62
688,688,Customs Duty,978.86
689,689,Import Duty,473.63
690,690,Excise Duty,91928.97
691,691,Export Duty,1150.96
692,692,Import Duty,2453.97
693,693,Customs Duty,4662.12
694,694,Import Duty,191020.91
695,695,Export Duty,508.36
696,696,Service Tax,181.08
697,697,VAT,238272.21
698,698,VAT,1642.44
699,699,Import Duty,1631.07
700,700,Customs Duty,11417.65
701,701,Customs Duty,8000.89
702,702,Customs Duty,118402.57
703,703,VAT,37692.49
704,704,Import Duty,1131.81
705,705,Import Duty,13766.55
706,706,Customs Duty,198.67
707,707,VAT,29980.11
708,708,Customs Duty,1787.9
709,709,Customs Duty,4902.98
710,710,VAT,14363.55
711,711,Service Tax,33864.59
712,712,Customs Duty,3760.7
713,713,Customs Duty,1319.6
714,714,Customs Duty,26321.32
715,715,Customs Duty,3961.95
716,716,VAT,1305.47
717,717,Service Tax,45388.5
718,718,Export Duty,739.27
719,719,VAT,95039.37
720,720,Customs Duty,443.42
721,721,Import Duty,2291.97
722,722,Import Duty,2355.5
723,723,Excise Duty,11454.93
724,724,Import Duty,680.08
725,725,Excise Duty,574.9
726,726,VAT,2524.43
727,727,VAT,127319.03
728,728,Customs Duty,6069.48
729,729,VAT,410.29
730,730,Import Duty,487539.55
731,731,Customs Duty,607.83
732,732,Customs Duty,99974.11
733,733,VAT,12203.68
734,734,VAT,206214.44
735,735,VAT,85597.51
736,736,VAT,2276.66
737,737,Export Duty,29736.2
738,738,VAT,3492.58
739,739,VAT,15869.32
740,740,Excise Duty,415.51
741,741,Import Duty,87606.54
742,742,VAT,16640.36
743,743,Excise Duty,11926.4
744,744,Import Duty,80019.0
745,745,Customs Duty,6539.69
746,746,VAT,88605.31
747,747,Import Duty,595.7
748,748,Customs Duty,295.64
749,749,Customs Duty,27149.59
750,750,Export Duty,1108.17
751,751,Import Duty,2851.72
752,752,Service Tax,57926.43
753,753,VAT,225974.76
754,754,Customs Duty,946.31
755,755,Customs Duty,632.63
756,756,Service Tax,43998.11
757,757,Excise Duty,51044.59
758,758,VAT,13133.85
759,759,Service Tax,14653.84
760,760,Import Duty,13304.65
761,761,VAT,34293.32
762,762,Customs Duty,74735.37
763,763,Customs Duty,37119.24
764,764,Customs Duty,145864.07
765,765,Import Duty,65932.29
766,766,Service Tax,4514.69
767,767,Customs Duty,614.76
768,768,Customs Duty,57271.93
769,769,VAT,170859.89
770,770,Excise Duty,8169.82
771,771,Import Duty,320141.78
772,772,VAT,1578.66
773,773,Service Tax,583.67
774,774,Import Duty,464468.15
775,775,VAT,116110.31
776,776,VAT,6540.98
777,777,Import Duty,22735.19
778,778,Customs Duty,35.38
779,779,Import Duty,3063.33
780,780,VAT,4349.44
781,781,Customs Duty,3745.3
782,782,Import Duty,887.46
783,783,Excise Duty,567.17
784,784,Import Duty,1381.18
785,785,VAT,1092.56
786,786,Customs Duty,5907.76
787,787,Customs Duty,16012.13
788,788,VAT,1121.05
789,789,Customs Duty,8472.36
790,790,Customs Duty,593.2
791,791,Excise Duty,20333.19
792,792,Service Tax,7922.46
793,793,Excise Duty,12662.74
794,794,VAT,15306.63
795,795,Export Duty,591.5
796,796,Export Duty,355.41
797,797,Customs Duty,266.5
798,798,Customs Duty,28019.49
799,799,Import Duty,434901.31
800,800,Customs Duty,11055.61
801,801,Import Duty,1698.59
802,802,VAT,6874.16
803,803,Customs Duty,10832.98
804,804,VAT,2196.6
805,805,Import Duty,8564.96
806,806,Export Duty,29335.27
807,807,Export Duty,63688.85
808,808,Customs Duty,642.73
809,809,Customs Duty,66154.36
810,810,VAT,3519.86
811,811,Customs Duty,5956.68
812,812,Import Duty,30915.33
813,813,Customs Duty,54603.92
814,814,Customs Duty,6191.12
815,815,Customs Duty,1911.6
816,816,Service Tax,172.61
817,817,Export Duty,18997.55
818,818,VAT,6145.04
819,819,Export Duty,64562.28
820,820,Excise Duty,64013.49
821,821,Export Duty,7098.47
822,822,Service Tax,89543.61
823,823,Customs Duty,83807.12
824,824,Export Duty,10600.95
825,825,Export Duty,798.61
826,826,Customs Duty,202973.8
827,827,Excise Duty,42132.28
828,828,Export Duty,724.64
829,829,Customs Duty,12242.62
830,830,Export Duty,131.5
831,831,Excise Duty,278.34
832,832,Import Duty,108173.11
833,833,Customs Duty,2679.03
834,834,VAT,237200.75
835,835,VAT,11428.65
836,836,Customs Duty,331.4
837,837,Export Duty,6937.47
838,838,VAT,1140.8
839,839,VAT,2763.24
840,840,Excise Duty,10102.96
841,841,Excise Duty,98.25
842,842,Export Duty,3391.3
843,843,Service Tax,2631.13
844,844,Export Duty,6488.83
845,845,Customs Duty,449.23
846,846,VAT,2367.33
847,847,Service Tax,24285.85
848,848,Import Duty,327710.56
849,849,Excise Duty,24434.69
850,850,Export Duty,2661.97
851,851,VAT,11265.38
852,852,VAT,54008.5
853,853,Import Duty,3251.89
854,854,VAT,1727.31
855,855,VAT,1103.16
856,856,Export Duty,9056.7
857,857,Import Duty,688.02
858,858,Import Duty,665.15
859,859,Import Duty,134109.68
860,860,VAT,373.57
861,861,VAT,3402.01
862,862,Customs Duty,21707.72
863,863,Excise Duty,1735.51
864,864,Customs Duty,2686.34
865,865,Import Duty,9013.06
866,866,VAT,110.98
867,867,Customs Duty,1436.71
868,868,Service Tax,4288.47
869,869,Import Duty,174368.61
870,870,VAT,309.07
871,871,Customs Duty,731.0
872,872,VAT,16520.66
873,873,Export Duty,58052.35
874,874,Import Duty,433.96
875,875,Customs Duty,2390.67
876,876,VAT,138789.34
877,877,Customs Duty,67889.64
878,878,VAT,16993.74
879,879,Customs Duty,9452.02
880,880,Customs Duty,19736.25
881,881,VAT,1949.48
882,882,VAT,3459.77
883,883,Export Duty,1411.59
884,884,Customs Duty,125403.81
885,885,VAT,207211.9
886,886,Customs Duty,5534.97
887,887,Service Tax,18867.78
888,888,Import Duty,470.75
889,889,VAT,75835.24
890,890,Export Duty,78779.72
891,891,Customs Duty,14481.67
892,892,Excise Duty,269.99
893,893,VAT,22189.91
894,894,VAT,1304.51
895,895,Export Duty,13119.99
896,896,Excise Duty,5364.51
897,897,Customs Duty,21675.02
898,898,VAT,2586.63
899,899,VAT,1646.23
900,900,Service Tax,1273.53
901,901,Export Duty,780.57
902,902,Excise Duty,11948.02
903,903,Customs Duty,8502.32
904,904,Export Duty,105849.12
905,905,Import Duty,6986.23
906,906,VAT,308.7
907,907,VAT,1046.38
908,908,VAT,8568.56
909,909,Customs Duty,109443.75
910,910,Import Duty,27517.83
911,911,Customs Duty,753.07
912,912,VAT,794.35
913,913,Import Duty,4322.53
914,914,Customs Duty,2528.02
915,915,Excise Duty,87.33
916,916,Excise Duty,219.69
917,917,Import Duty,1321.5
918,918,VAT,4520.79
919,919,VAT,966.49
920,920,Import Duty,101369.32
921,921,Service Tax,88.91
922,922,Excise Duty,147184.14
923,923,Excise Duty,517.69
924,924,VAT,29171.7
925,925,VAT,230420.08
926,926,VAT,32684.81
927,927,Import Duty,1623.05
928,928,Import Duty,20124.38
929,929,VAT,341.63
930,930,Export Duty,11650.59
931,931,Import Duty,98628.35
932,932,VAT,2638.21
933,933,Customs Duty,2521.72
934,934,Import Duty,133782.52
935,935,Customs Duty,9670.95
936,936,Import Duty,324.63
937,937,Service Tax,438.76
938,938,VAT,9760.76
939,939,Customs Duty,24157.78
940,940,Excise Duty,92327.33
941,941,VAT,867.82
942,942,Export Duty,78.13
943,943,Customs Duty,16810.93
944,944,VAT,4651.61
945,945,Excise Duty,13212.4
946,946,VAT,8693.64
947,947,Customs Duty,7918.75
948,948,VAT,3689.95
949,949,Service Tax,190.04
950,950,Import Duty,86536.16
951,951,Customs Duty,538.32
952,952,VAT,665.98
953,953,Export Duty,117776.75
954,954,VAT,104153.37
955,955,VAT,12174.02
956,956,VAT,2029.63
957,957,Import Duty,1108.97
958,958,Export Duty,210.17
959,959,Excise Duty,138067.12
960,960,Customs Duty,3431.38
961,961,Customs Duty,338.3
962,962,Excise Duty,16567.11
963,963,Excise Duty,8906.1
964,964,Customs Duty,551.01
965,965,Customs Duty,12360.92
966,966,Excise Duty,27341.1
967,967,Import Duty,456.33
968,968,VAT,10635.77
969,969,VAT,1039.88
970,970,Customs Duty,332.38
971,971,Excise Duty,407.02
972,972,VAT,56980.11
973,973,Import Duty,77.67
974,974,Import Duty,679.64
975,975,Export Duty,4173.39
976,976,Customs Duty,30704.07
977,977,Import Duty,10741.82
978,978,Import Duty,127757.58
979,979,Customs Duty,30771.63
980,980,Customs Duty,39004.42
981,981,VAT,207687.75
982,982,Import Duty,2734.09
983,983,Customs Duty,10398.94
984,984,VAT,36013.8
985,985,Service Tax,13659.31
986,986,Excise Duty,61.15
987,987,Customs Duty,14852.95
988,988,Customs Duty,14273.46
989,989,Customs Duty,1518.03
990,990,Service Tax,2773.85
991,991,Customs Duty,18061.06
992,992,VAT,1886.03
993,993,Service Tax,444.36
994,994,Export Duty,248.98
995,995,VAT,6773.45
996,996,Import Duty,90369.4
997,997,Customs Duty,6770.88
998,998,VAT,742.03
999,999,Import Duty,4795.74
1000,1000,VAT,4129.07
1001,1001,Export Duty,566.85
1002,1002,Export Duty,28974.52
1003,1003,Export Duty,4668.72
1004,1004,Import Duty,6509.81
1005,1005,VAT,29477.48
1006,1006,VAT,272.14
1007,1007,Customs Duty,4657.35
1008,1008,Customs Duty,14501.38
1009,1009,Export Duty,11813.33
1010,1010,Excise Duty,179.66
1011,1011,Customs Duty,13311.98
1012,1012,VAT,210524.16
1013,1013,Export Duty,3442.37
1014,1014,Export Duty,112.74
1015,1015,VAT,6904.04
1016,1016,Service Tax,50.07
1017,1017,Service Tax,2386.76
1018,1018,VAT,1913.41
1019,1019,Customs Duty,175675.04
1020,1020,Service Tax,54676.18
1021,1021,VAT,5882.76
1022,1022,VAT,332.48
1023,1023,Customs Duty,223915.32
1024,1024,Export Duty,8161.18
1025,1025,Import Duty,31053.91
1026,1026,Customs Duty,92598.64
1027,1027,Export Duty,4636.4
1028,1028,Excise Duty,1314.94
1029,1029,VAT,41163.48
1030,1030,Import Duty,51142.54
1031,1031,VAT,75388.75
1032,1032,VAT,486.61
1033,1033,Customs Duty,123.72
1034,1034,Import Duty,2697.9
1035,1035,Customs Duty,3237.9
1036,1036,Customs Duty,14222.28
1037,1037,Import Duty,42626.39
1038,1038,Import Duty,1129.38
1039,1039,VAT,10589.53
1040,1040,Import Duty,18619.75
1041,1041,Import Duty,161595.62
1042,1042,Import Duty,566.59
1043,1043,VAT,8528.11
1044,1044,Customs Duty,56.55
1045,1045,VAT,13164.27
1046,1046,VAT,129259.3
1047,1047,Excise Duty,189.65
1048,1048,Customs Duty,4225.77
1049,1049,Service Tax,69805.08
1050,1050,VAT,7151.67
1051,1051,VAT,305566.69
1052,1052,Import Duty,19942.09
1053,1053,Excise Duty,1393.65
1054,1054,Import Duty,135519.08
1055,1055,Customs Duty,143077.56
1056,1056,Excise Duty,88.03
1057,1057,Customs Duty,259639.81
1058,1058,Service Tax,1348.52
1059,1059,VAT,142449.55
1060,1060,VAT,2133.99
1061,1061,Import Duty,105610.29
1062,1062,Import Duty,39167.92
1063,1063,Export Duty,105847.53
1064,1064,Customs Duty,4571.62
1065,1065,Excise Duty,13529.25
1066,1066,VAT,339914.05
1067,1067,VAT,4600.35
1068,1068,Import Duty,215188.31
1069,1069,Service Tax,15134.71
1070,1070,Export Duty,67807.4
1071,1071,Export Duty,6919.73
1072,1072,Import Duty,3402.34
1073,1073,VAT,342358.65
1074,1074,VAT,169015.05
1075,1075,Import Duty,54479.58
1076,1076,VAT,1106.26
1077,1077,Import Duty,10471.77
1078,1078,Customs Duty,4724.42
1079,1079,VAT,5719.27
1080,1080,Import Duty,969.39
1081,1081,Service Tax,726.54
1082,1082,Customs Duty,1446.39
1083,1083,VAT,1657.8
1084,1084,VAT,6900.55
1085,1085,Export Duty,120800.67
1086,1086,Export Duty,236.6
1087,1087,Import Duty,3303.02
1088,1088,Customs Duty,997.86
1089,1089,Excise Duty,544.07
1090,1090,Service Tax,27.37
1091,1091,Import Duty,881.73
1092,1092,VAT,1768.06
1093,1093,Excise Duty,1207.76
1094,1094,Import Duty,20092.0
1095,1095,Customs Duty,108415.95
1096,1096,Customs Duty,949.41
1097,1097,Service Tax,608.79
1098,1098,Customs Duty,1904.59
1099,1099,Service Tax,70933.3
1100,1100,Service Tax,2809.16
1101,1101,Export Duty,129197.8
1102,1102,VAT,5909.64
1103,1103,Customs Duty,17577.33
1104,1104,Excise Duty,2153.2
1105,1105,Customs Duty,118144.67
1106,1106,Import Duty,17148.9
1107,1107,Import Duty,57732.83
1108,1108,Customs Duty,3080.93
1109,1109,VAT,327549.38
1110,1110,Import Duty,223067.28
1111,1111,VAT,99095.38
1112,1112,VAT,1314.52
1113,1113,VAT,663.63
1114,1114,Import Duty,35104.31
1115,1115,Import Duty,900.13
1116,1116,Import Duty,25302.73
1117,1117,Excise Duty,162928.66
1118,1118,Customs Duty,50345.9
1119,1119,Excise Duty,1339.96
1120,1120,VAT,250608.39
1121,1121,Customs Duty,1830.12
1122,1122,Service Tax,6113.79
1123,1123,Service Tax,199.88
1124,1124,VAT,7918.75
1125,1125,Customs Duty,12457.22
1126,1126,Import Duty,82067.47
1127,1127,Import Duty,5932.67
1128,1128,Customs Duty,80681.89
1129,1129,Customs Duty,49436.86
1130,1130,Import Duty,73682.43
1131,1131,Customs Duty,98.91
1132,1132,Service Tax,675.81
1133,1133,Customs Duty,265302.98
1134,1134,VAT,348786.12
1135,1135,Excise Duty,5944.36
1136,1136,Import Duty,13966.99
1137,1137,VAT,107437.27
1138,1138,Customs Duty,510.35
1139,1139,Customs Duty,109996.83
1140,1140,Customs Duty,277.87
1141,1141,Export Duty,4950.18
1142,1142,Customs Duty,212472.77
1143,1143,VAT,96072.35
1144,1144,Customs Duty,4724.6
1145,1145,Import Duty,101719.61
1146,1146,Excise Duty,8317.84
1147,1147,Customs Duty,6931.39
1148,1148,Service Tax,6299.64
1149,1149,Import Duty,323.9
1150,1150,Excise Duty,609.4
1151,1151,Excise Duty,717.71
1152,1152,Import Duty,1548.18
1153,1153,Import Duty,3637.43
1154,1154,VAT,69076.6
1155,1155,Import Duty,3227.9
1156,1156,Customs Duty,125849.4
1157,1157,VAT,132437.61
1158,1158,Export Duty,4589.0
1159,1159,Customs Duty,106340.88
1160,1160,Customs Duty,74324.56
1161,1161,Export Duty,280.37
1162,1162,Service Tax,18512.8
1163,1163,Import Duty,464.13
1164,1164,Customs Duty,52810.09
1165,1165,VAT,1519.92
1166,1166,Import Duty,147688.94
1167,1167,Service Tax,4958.12
1168,1168,VAT,1893.97
1169,1169,Customs Duty,1203.78
1170,1170,Import Duty,7019.25
1171,1171,Customs Duty,158.58
1172,1172,Customs Duty,2122.54
1173,1173,Import Duty,49211.55
1174,1174,Customs Duty,20762.43
1175,1175,Customs Duty,765.47
1176,1176,VAT,184060.38
1177,1177,Excise Duty,146118.53
1178,1178,Customs Duty,630.9
1179,1179,Customs Duty,488.24
1180,1180,Import Duty,126831.51
1181,1181,Import Duty,234954.83
1182,1182,Customs Duty,3626.36
1183,1183,Import Duty,9551.09
1184,1184,Export Duty,1001.54
1185,1185,Import Duty,7627.66
1186,1186,Export Duty,5724.68
1187,1187,Import Duty,245739.38
1188,1188,Customs Duty,239165.61
1189,1189,VAT,4449.44
1190,1190,Import Duty,13946.76
1191,1191,Service Tax,35839.57
1192,1192,Import Duty,355074.96
1193,1193,Customs Duty,1583.94
1194,1194,Service Tax,76462.02
1195,1195,Service Tax,91415.71
1196,1196,Import Duty,2594.27
1197,1197,Service Tax,312.34
1198,1198,Excise Duty,137967.46
1199,1199,VAT,3227.54
1200,1200,Export Duty,9424.18
1201,1201,Customs Duty,2177.7
1202,1202,Export Duty,1809.85
1203,1203,Customs Duty,2669.48
1204,1204,Export Duty,1776.07
1205,1205,VAT,3311.28
1206,1206,VAT,12512.33
1207,1207,Customs Duty,2907.49
1208,1208,Import Duty,8449.75
1209,1209,Customs Duty,226.56
1210,1210,Customs Duty,21259.24
1211,1211,Import Duty,37505.86
1212,1212,Service Tax,3971.88
1213,1213,Customs Duty,419.24
1214,1214,Import Duty,8787.4
1215,1215,Excise Duty,8289.59
1216,1216,VAT,154788.21
1217,1217,VAT,244726.68
1218,1218,Import Duty,31234.95
1219,1219,Import Duty,15642.6
1220,1220,VAT,19871.43
1221,1221,Customs Duty,52.91
1222,1222,Service Tax,49343.09
1223,1223,Import Duty,1797.39
1224,1224,Service Tax,94377.03
1225,1225,Customs Duty,23381.42
1226,1226,Excise Duty,1911.44
1227,1227,Export Duty,275.01
1228,1228,Customs Duty,1142.04
1229,1229,Import Duty,1621.6
1230,1230,Customs Duty,21879.21
1231,1231,VAT,3690.74
1232,1232,Customs Duty,5957.0
1233,1233,Export Duty,441.89
1234,1234,Customs Duty,27072.29
1235,1235,Customs Duty,13886.73
1236,1236,VAT,269867.13
1237,1237,Customs Duty,393.67
1238,1238,Export Duty,757.98
1239,1239,Customs Duty,1612.69
1240,1240,Export Duty,51029.23
1241,1241,VAT,5266.33
1242,1242,VAT,29988.97
1243,1243,Export Duty,1745.64
1244,1244,Service Tax,2636.77
1245,1245,Customs Duty,1410.09
1246,1246,VAT,604.87
1247,1247,Customs Duty,32576.98
1248,1248,Customs Duty,84097.43
1249,1249,Service Tax,621.66
1250,1250,Excise Duty,10341.01
1251,1251,Customs Duty,1150.1
1252,1252,Customs Duty,145783.35
1253,1253,Import Duty,280036.31
1254,1254,Import Duty,95682.87
1255,1255,VAT,1684.4
1256,1256,Export Duty,2413.15
1257,1257,Customs Duty,61603.41
1258,1258,Import Duty,5749.83
1259,1259,Customs Duty,43599.27
1260,1260,VAT,8705.85
1261,1261,VAT,273383.64
1262,1262,Customs Duty,43299.59
1263,1263,Excise Duty,5693.07
1264,1264,Customs Duty,1520.11
1265,1265,VAT,1081.13
1266,1266,Excise Duty,68570.55
1267,1267,Import Duty,5367.55
1268,1268,Service Tax,264.04
1269,1269,Import Duty,36183.78
1270,1270,Customs Duty,5106.99
1271,1271,VAT,60279.18
1272,1272,Customs Duty,379.54
1273,1273,Excise Duty,16871.98
1274,1274,Customs Duty,11742.04
1275,1275,Customs Duty,621.41
1276,1276,VAT,1134.0
1277,1277,VAT,149088.53
1278,1278,Customs Duty,14762.71
1279,1279,Customs Duty,1321.91
1280,1280,Import Duty,256159.74
1281,1281,Service Tax,270.49
1282,1282,VAT,62799.96
1283,1283,Customs Duty,11358.0
1284,1284,Customs Duty,178109.06
1285,1285,Export Duty,8459.39
1286,1286,Customs Duty,711.24
1287,1287,Export Duty,46162.48
1288,1288,Service Tax,33294.34
1289,1289,VAT,220580.99
1290,1290,Customs Duty,4352.69
1291,1291,VAT,3325.53
1292,1292,Customs Duty,19543.85
1293,1293,Service Tax,716.1
1294,1294,Import Duty,122511.32
1295,1295,Customs Duty,3916.61
1296,1296,Customs Duty,166709.86
1297,1297,Customs Duty,19380.38
1298,1298,Customs Duty,111.39
1299,1299,Customs Duty,291.33
1300,1300,Customs Duty,1680.62
1301,1301,Export Duty,517.39
1302,1302,Export Duty,935.28
1303,1303,Service Tax,7621.6
1304,1304,Import Duty,138456.03
1305,1305,Customs Duty,1971.63
1306,1306,Import Duty,4307.62
1307,1307,Customs Duty,91086.97
1308,1308,Customs Duty,170.99
1309,1309,VAT,12668.38
1310,1310,VAT,21842.32
1311,1311,Customs Duty,115346.35
1312,1312,Customs Duty,9364.38
1313,1313,VAT,6935.59
1314,1314,VAT,21715.85
1315,1315,VAT,148846.28
1316,1316,Import Duty,180436.51
1317,1317,Customs Duty,492.33
1318,1318,Customs Duty,68239.38
1319,1319,Customs Duty,115763.48
1320,1320,Customs Duty,1583.27
1321,1321,Import Duty,14283.5
1322,1322,Service Tax,9327.67
1323,1323,Import Duty,624.5
1324,1324,Excise Duty,1202.7
1325,1325,Customs Duty,12413.26
1326,1326,VAT,1348.3
1327,1327,Service Tax,17.54
1328,1328,Import Duty,2302.02
1329,1329,Customs Duty,1443.5
1330,1330,VAT,2723.09
1331,1331,Import Duty,117379.18
1332,1332,VAT,236302.11
1333,1333,Export Duty,976.4
1334,1334,Import Duty,1079.65
1335,1335,VAT,200086.17
1336,1336,Customs Duty,22.69
1337,1337,VAT,17791.12
1338,1338,Customs Duty,9512.76
1339,1339,Import Duty,2848.96
1340,1340,VAT,99342.8
1341,1341,Export Duty,3312.66
1342,1342,Excise Duty,8551.03
1343,1343,VAT,225083.23
1344,1344,Customs Duty,921.63
1345,1345,Customs Duty,2295.21
1346,1346,Import Duty,2733.1
1347,1347,Import Duty,22314.94
1348,1348,Customs Duty,224059.32
1349,1349,Export Duty,80.16
1350,1350,VAT,650.27
1351,1351,Import Duty,238922.17
1352,1352,Export Duty,12700.56
1353,1353,VAT,3104.6
1354,1354,Excise Duty,4492.9
1355,1355,Customs Duty,2111.55
1356,1356,Import Duty,163.64
1357,1357,Customs Duty,1508.25
1358,1358,Import Duty,1109.54
1359,1359,Import Duty,40790.44
1360,1360,Customs Duty,115.29
1361,1361,VAT,5906.08
1362,1362,VAT,7142.4
1363,1363,Import Duty,275267.28
1364,1364,Import Duty,163347.38
1365,1365,VAT,3433.44
1366,1366,Customs Duty,74172.69
1367,1367,VAT,24548.8
1368,1368,VAT,14802.91
1369,1369,Import Duty,2854.77
1370,1370,Customs Duty,5359.95
1371,1371,Import Duty,1648.26
1372,1372,Service Tax,14819.58
1373,1373,VAT,232312.84
1374,1374,Customs Duty,16760.02
1375,1375,Customs Duty,47203.93
1376,1376,Customs Duty,184073.87
1377,1377,Import Duty,62398.56
1378,1378,Excise Duty,26091.19
1379,1379,Import Duty,56553.32
1380,1380,Customs Duty,2596.52
1381,1381,Excise Duty,1006.73
1382,1382,Service Tax,860.94
1383,1383,Excise Duty,3235.12
1384,1384,Customs Duty,851.96
1385,1385,VAT,1612.22
1386,1386,Import Duty,965.89
1387,1387,VAT,50944.62
1388,1388,VAT,174043.03
1389,1389,Customs Duty,100360.01
1390,1390,Customs Duty,915.45
1391,1391,VAT,18685.0
1392,1392,VAT,647.31
1393,1393,VAT,5328.27
1394,1394,Excise Duty,16541.94
1395,1395,Export Duty,155.15
1396,1396,Customs Duty,271.95
1397,1397,Customs Duty,65838.47
1398,1398,VAT,353859.19
1399,1399,VAT,230697.31
1400,1400,VAT,276952.4
1401,1401,Export Duty,33080.16
1402,1402,Customs Duty,1236.08
1403,1403,Import Duty,3415.28
1404,1404,VAT,16013.54
1405,1405,Customs Duty,535.41
1406,1406,Customs Duty,30065.25
1407,1407,Excise Duty,74452.99
1408,1408,VAT,596.59
1409,1409,Export Duty,6375.37
1410,1410,VAT,624.36
1411,1411,VAT,80207.52
1412,1412,VAT,99425.4
1413,1413,VAT,5336.51
1414,1414,Export Duty,63805.55
1415,1415,VAT,6497.68
1416,1416,VAT,18578.92
1417,1417,Customs Duty,81756.11
1418,1418,Service Tax,7477.28
1419,1419,Import Duty,49013.36
1420,1420,Customs Duty,7336.66
1421,1421,Customs Duty,8825.5
1422,1422,Import Duty,145.3
1423,1423,VAT,1027.41
1424,1424,Excise Duty,933.18
1425,1425,Excise Duty,185332.19
1426,1426,Service Tax,8717.48
1427,1427,VAT,288992.9
1428,1428,Customs Duty,598.06
1429,1429,Service Tax,37.99
1430,1430,Customs Duty,220057.13
1431,1431,Customs Duty,21.5
1432,1432,VAT,41004.09
1433,1433,Import Duty,14024.39
1434,1434,Excise Duty,468.1
1435,1435,Import Duty,8210.81
1436,1436,Customs Duty,511.21
1437,1437,Import Duty,87387.85
1438,1438,VAT,51412.93
1439,1439,Customs Duty,15904.0
1440,1440,Import Duty,1710.22
1441,1441,Import Duty,144733.5
1442,1442,Export Duty,1452.97
1443,1443,Customs Duty,4747.39
1444,1444,Import Duty,224562.17
1445,1445,Import Duty,14399.44
1446,1446,Excise Duty,880.45
1447,1447,Import Duty,6890.23
1448,1448,Import Duty,1090.43
1449,1449,VAT,18174.89
1450,1450,Customs Duty,101402.88
1451,1451,Customs Duty,837.47
1452,1452,Service Tax,401.85
1453,1453,Customs Duty,8699.6
1454,1454,Customs Duty,554.14
1455,1455,Import Duty,111832.32
1456,1456,Customs Duty,8398.11
1457,1457,Customs Duty,13605.8
1458,1458,Import Duty,1481.32
1459,1459,Excise Duty,1005.06
1460,1460,Import Duty,11717.25
1461,1461,VAT,282524.55
1462,1462,Excise Duty,10308.87
1463,1463,VAT,197484.63
1464,1464,Customs Duty,16008.06
1465,1465,Customs Duty,4457.81
1466,1466,Customs Duty,867.4
1467,1467,Import Duty,804.83
1468,1468,Import Duty,24824.63
1469,1469,Export Duty,152814.52
1470,1470,Customs Duty,14208.25
1471,1471,VAT,5322.26
1472,1472,Service Tax,362.67
1473,1473,Customs Duty,6819.7
1474,1474,Customs Duty,624.55
1475,1475,Customs Duty,598.15
1476,1476,Customs Duty,45943.9
1477,1477,Customs Duty,15452.87
1478,1478,Customs Duty,10410.43
1479,1479,Customs Duty,10666.06
1480,1480,Customs Duty,3840.89
1481,1481,VAT,311.34
1482,1482,VAT,117996.37
1483,1483,Export Duty,98.19
1484,1484,Excise Duty,1259.96
1485,1485,Service Tax,74743.4
1486,1486,VAT,2913.83
1487,1487,Import Duty,926.18
1488,1488,Import Duty,74343.79
1489,1489,VAT,185980.05
1490,1490,VAT,9584.18
1491,1491,Import Duty,25333.29
1492,1492,Import Duty,1968.45
1493,1493,Customs Duty,125005.98
1494,1494,Customs Duty,17377.36
1495,1495,Excise Duty,190637.07
1496,1496,VAT,4363.48
1497,1497,VAT,238790.73
1498,1498,Customs Duty,13761.32
1499,1499,Import Duty,1361.44
1500,1500,Import Duty,2642.95
1501,1501,Import Duty,126001.7
1502,1502,Service Tax,5509.11
1503,1503,Import Duty,10927.24
1504,1504,Customs Duty,4332.46
1505,1505,Customs Duty,1890.95
1506,1506,VAT,1145.54
1507,1507,Export Duty,6896.81
1508,1508,VAT,141.83
1509,1509,Import Duty,3623.18
1510,1510,Import Duty,43742.24
1511,1511,Service Tax,2450.25
1512,1512,VAT,224286.55
1513,1513,Export Duty,5154.59
1514,1514,Customs Duty,7904.03
1515,1515,VAT,12847.68
1516,1516,Export Duty,646.96
1517,1517,Import Duty,16940.36
1518,1518,Customs Duty,5647.76
1519,1519,VAT,1588.65
1520,1520,Customs Duty,19106.12
1521,1521,Customs Duty,209124.06
1522,1522,VAT,17816.74
1523,1523,VAT,4841.72
1524,1524,Customs Duty,556.35
1525,1525,Customs Duty,113782.21
1526,1526,VAT,21325.48
1527,1527,VAT,2375.78
1528,1528,Excise Duty,5953.55
1529,1529,Customs Duty,394.95
1530,1530,Customs Duty,52794.23
1531,1531,Import Duty,845.58
1532,1532,Customs Duty,45867.42
1533,1533,Import Duty,20538.06
1534,1534,Customs Duty,21065.92
1535,1535,Customs Duty,14954.12
1536,1536,Customs Duty,127796.33
1537,1537,Export Duty,1132.42
1538,1538,Customs Duty,5355.17
1539,1539,VAT,1338.62
1540,1540,VAT,3851.54
1541,1541,Service Tax,93.05
1542,1542,VAT,146514.35
1543,1543,Import Duty,1408.35
1544,1544,Import Duty,2369.47
1545,1545,Customs Duty,124270.63
1546,1546,VAT,489.65
1547,1547,Import Duty,20748.05
1548,1548,VAT,305659.24
1549,1549,Customs Duty,15847.95
1550,1550,VAT,122187.16
1551,1551,Import Duty,2551.83
1552,1552,Customs Duty,14770.27
1553,1553,Excise Duty,48652.13
1554,1554,Export Duty,127.72
1555,1555,Excise Duty,50055.22
1556,1556,VAT,121780.48
1557,1557,Customs Duty,67935.38
1558,1558,Excise Duty,14011.23
1559,1559,Import Duty,249071.39
1560,1560,Excise Duty,223.0
1561,1561,Customs Duty,1132.74
1562,1562,Customs Duty,4395.26
1563,1563,VAT,176773.57
1564,1564,Excise Duty,71415.77
1565,1565,Export Duty,11126.44
1566,1566,Customs Duty,86895.87
1567,1567,Customs Duty,144544.53
1568,1568,Excise Duty,3045.62
1569,1569,Excise Duty,157270.64
1570,1570,Import Duty,1179.31
1571,1571,Customs Duty,3377.07
1572,1572,VAT,3247.08
1573,1573,Customs Duty,43911.15
1574,1574,Import Duty,1003.01
1575,1575,Import Duty,16271.02
1576,1576,VAT,9005.83
1577,1577,Import Duty,99548.54
1578,1578,Customs Duty,70636.94
1579,1579,Customs Duty,1408.39
1580,1580,Customs Duty,76941.08
1581,1581,VAT,138334.29
1582,1582,Customs Duty,591.33
1583,1583,Customs Duty,367.55
1584,1584,Customs Duty,6750.36
1585,1585,VAT,109227.72
1586,1586,Customs Duty,26624.54
1587,1587,VAT,38317.08
1588,1588,Export Duty,1376.67
1589,1589,Excise Duty,10335.66
1590,1590,Import Duty,336.22
1591,1591,Export Duty,8987.77
1592,1592,Import Duty,2911.59
1593,1593,Customs Duty,138634.78
1594,1594,VAT,1704.99
1595,1595,Export Duty,160.49
1596,1596,VAT,235.04
1597,1597,Import Duty,222616.18
1598,1598,VAT,1850.14
1599,1599,Excise Duty,13661.92
1600,1600,Customs Duty,33969.1
1601,1601,Import Duty,290.31
1602,1602,Import Duty,18551.27
1603,1603,Customs Duty,464.58
1604,1604,Service Tax,243.53
1605,1605,Customs Duty,57611.19
1606,1606,VAT,33520.48
1607,1607,Import Duty,26336.8
1608,1608,Export Duty,53631.7
1609,1609,Service Tax,22035.88
1610,1610,Customs Duty,4114.81
1611,1611,Customs Duty,8480.79
1612,1612,Export Duty,28998.47
1613,1613,Customs Duty,14458.77
1614,1614,Export Duty,24.6
1615,1615,Import Duty,4115.32
1616,1616,Customs Duty,1628.63
1617,1617,Import Duty,5457.98
1618,1618,Service Tax,19839.68
1619,1619,Customs Duty,959.97
1620,1620,Export Duty,679.83
1621,1621,Import Duty,64582.56
1622,1622,VAT,2616.19
1623,1623,Import Duty,3220.35
1624,1624,VAT,18322.15
1625,1625,Service Tax,32960.4
1626,1626,Customs Duty,247.03
1627,1627,Customs Duty,1707.8
1628,1628,Customs Duty,817.4
1629,1629,Customs Duty,26520.59
1630,1630,Customs Duty,1085.71
1631,1631,Excise Duty,3480.64
1632,1632,Excise Duty,158267.45
1633,1633,Customs Duty,117370.98
1634,1634,VAT,6747.41
1635,1635,VAT,23513.49
1636,1636,Customs Duty,251904.1
1637,1637,Import Duty,1471.26
1638,1638,Import Duty,1095.39
1639,1639,Customs Duty,1299.53
1640,1640,Excise Duty,36815.75
1641,1641,Export Duty,6675.03
1642,1642,Customs Duty,10634.35
1643,1643,Export Duty,5370.07
1644,1644,Excise Duty,9153.23
1645,1645,Import Duty,16222.36
1646,1646,Import Duty,681.01
1647,1647,Import Duty,30018.28
1648,1648,Customs Duty,908.05
1649,1649,VAT,2011.5
1650,1650,VAT,83305.13
1651,1651,Excise Duty,13121.63
1652,1652,Import Duty,168329.71
1653,1653,VAT,246909.51
1654,1654,Export Duty,1298.67
1655,1655,Customs Duty,81.6
1656,1656,Service Tax,5170.99
1657,1657,Customs Duty,388.0
1658,1658,Service Tax,5270.74
1659,1659,Customs Duty,10062.74
1660,1660,VAT,31686.83
1661,1661,Customs Duty,132152.98
1662,1662,Customs Duty,1524.31
1663,1663,Customs Duty,2171.64
1664,1664,Export Duty,22182.58
1665,1665,Customs Duty,176485.87
1666,1666,Excise Duty,57618.87
1667,1667,Service Tax,3254.88
1668,1668,VAT,4842.35
1669,1669,Customs Duty,1747.66
1670,1670,VAT,182886.77
1671,1671,Service Tax,787.37
1672,1672,VAT,226432.59
1673,1673,Import Duty,67038.93
1674,1674,Import Duty,10260.14
1675,1675,VAT,7584.95
1676,1676,Customs Duty,232.55
1677,1677,Customs Duty,2592.04
1678,1678,Import Duty,65824.52
1679,1679,Import Duty,64301.41
1680,1680,VAT,138.9
1681,1681,Import Duty,9729.22
1682,1682,Export Duty,126.06
1683,1683,Customs Duty,8900.47
1684,1684,Import Duty,14806.96
1685,1685,Export Duty,13363.67
1686,1686,Service Tax,510.36
1687,1687,VAT,26513.89
1688,1688,Import Duty,345463.72
1689,1689,VAT,15633.1
1690,1690,Customs Duty,18170.5
1691,1691,Excise Duty,4713.59
1692,1692,Excise Duty,74037.03
1693,1693,VAT,710.43
1694,1694,VAT,2841.05
1695,1695,Export Duty,7711.73
1696,1696,Import Duty,48462.97
1697,1697,VAT,269904.82
1698,1698,Customs Duty,3893.58
1699,1699,Customs Duty,577.47
1700,1700,Import Duty,6596.77
1701,1701,Customs Duty,1097.35
1702,1702,Import Duty,453.83
1703,1703,Customs Duty,4286.09
1704,1704,Customs Duty,236.89
1705,1705,Import Duty,3432.69
1706,1706,VAT,6566.77
1707,1707,Customs Duty,7854.48
1708,1708,Customs Duty,88872.34
1709,1709,VAT,25449.6
1710,1710,Excise Duty,97875.59
1711,1711,Import Duty,11959.64
1712,1712,VAT,11838.98
1713,1713,VAT,2731.43
1714,1714,Customs Duty,28801.18
1715,1715,Import Duty,289.7
1716,1716,Import Duty,1923.96
1717,1717,Service Tax,30.31
1718,1718,VAT,621.23
1719,1719,Excise Duty,174459.29
1720,1720,Excise Duty,5513.9
1721,1721,Customs Duty,92206.39
1722,1722,Customs Duty,10957.85
1723,1723,Service Tax,2248.83
1724,1724,Import Duty,1330.32
1725,1725,Export Duty,6881.67
1726,1726,Customs Duty,159185.48
1727,1727,VAT,706.77
1728,1728,VAT,269748.75
1729,1729,Import Duty,1049.07
1730,1730,Excise Duty,60.28
1731,1731,VAT,3354.34
1732,1732,Import Duty,82829.1
1733,1733,VAT,851.3
1734,1734,Excise Duty,5099.85
1735,1735,VAT,265186.72
1736,1736,Customs Duty,2790.24
1737,1737,VAT,248546.0
1738,1738,Customs Duty,625.16
1739,1739,Service Tax,4592.62
1740,1740,Customs Duty,22867.86
1741,1741,Import Duty,33347.59
1742,1742,Customs Duty,15481.02
1743,1743,VAT,289060.04
1744,1744,Export Duty,6009.46
1745,1745,Customs Duty,21438.47
1746,1746,VAT,103732.46
1747,1747,VAT,1385.5
1748,1748,VAT,34640.25
1749,1749,Customs Duty,571.38
1750,1750,VAT,74234.03
1751,1751,Excise Duty,5980.63
1752,1752,Import Duty,24413.15
1753,1753,Excise Duty,12235.52
1754,1754,Customs Duty,2948.93
1755,1755,VAT,12527.28
1756,1756,VAT,260091.0
1757,1757,Import Duty,8243.71
1758,1758,Customs Duty,82132.66
1759,1759,VAT,1745.74
1760,1760,Export Duty,202.34
1761,1761,VAT,108942.32
1762,1762,Customs Duty,4043.21
1763,1763,Customs Duty,12877.66
1764,1764,Service Tax,1825.49
1765,1765,VAT,1931.13
1766,1766,Customs Duty,50968.02
1767,1767,VAT,9936.44
1768,1768,Import Duty,316.81
1769,1769,Import Duty,1327.31
1770,1770,Import Duty,25501.98
1771,1771,Customs Duty,2497.81
1772,1772,Import Duty,7103.53
1773,1773,Service Tax,16164.69
1774,1774,Import Duty,8164.1
1775,1775,Import Duty,355.82
1776,1776,Import Duty,4809.93
1777,1777,VAT,3171.59
1778,1778,Import Duty,2515.13
1779,1779,Service Tax,1481.38
1780,1780,VAT,15163.91
1781,1781,VAT,1840.62
1782,1782,VAT,2408.95
1783,1783,VAT,164897.9
1784,1784,VAT,983.02
1785,1785,Export Duty,7641.81
1786,1786,VAT,1940.6
1787,1787,Customs Duty,2131.37
1788,1788,Customs Duty,1035.07
1789,1789,VAT,182748.03
1790,1790,Import Duty,2437.21
1791,1791,VAT,12013.86
1792,1792,Import Duty,237573.73
1793,1793,Customs Duty,41937.74
1794,1794,VAT,2037.1
1795,1795,Import Duty,54657.13
1796,1796,Customs Duty,22311.47
1797,1797,Customs Duty,213.17
1798,1798,Customs Duty,125071.29
1799,1799,Customs Duty,32981.47
1800,1800,VAT,25406.11
1801,1801,Excise Duty,5813.6
1802,1802,Service Tax,1389.3
1803,1803,Customs Duty,7881.9
1804,1804,Service Tax,648.12
1805,1805,Customs Duty,4358.96
1806,1806,Customs Duty,77.46
1807,1807,VAT,10211.1
1808,1808,Service Tax,18571.91
1809,1809,Service Tax,92.8
1810,1810,Import Duty,545.61
1811,1811,VAT,73312.52
1812,1812,Import Duty,363599.72
1813,1813,VAT,23254.55
1814,1814,VAT,1405.51
1815,1815,Service Tax,5521.2
1816,1816,Import Duty,3168.04
1817,1817,Excise Duty,3714.39
1818,1818,VAT,4455.39
1819,1819,VAT,65036.51
1820,1820,Import Duty,2340.63
1821,1821,Import Duty,314.59
1822,1822,Import Duty,10669.16
1823,1823,Export Duty,613.44
1824,1824,VAT,690.63
1825,1825,VAT,1191.29
1826,1826,VAT,142140.7
1827,1827,Customs Duty,8448.37
1828,1828,Export Duty,54612.27
1829,1829,Import Duty,9964.67
1830,1830,VAT,43706.74
1831,1831,Customs Duty,41634.87
1832,1832,Import Duty,93848.13
1833,1833,Service Tax,129.78
1834,1834,Customs Duty,13911.45
1835,1835,Customs Duty,3360.02
1836,1836,Import Duty,84066.39
1837,1837,Excise Duty,15581.92
1838,1838,Customs Duty,70954.25
1839,1839,Customs Duty,2394.01
1840,1840,Customs Duty,10375.11
1841,1841,Customs Duty,2137.09
1842,1842,Service Tax,29.31
1843,1843,Customs Duty,51250.37
1844,1844,VAT,207.92
1845,1845,Customs Duty,124.54
1846,1846,Export Duty,56232.01
1847,1847,Import Duty,273798.77
1848,1848,Import Duty,127785.56
1849,1849,Export Duty,35644.58
1850,1850,Import Duty,2172.72
1851,1851,VAT,675.71
1852,1852,Export Duty,1354.29
1853,1853,Customs Duty,4631.72
1854,1854,Customs Duty,197121.93
1855,1855,VAT,346073.59
1856,1856,Customs Duty,97613.11
1857,1857,Customs Duty,1170.77
1858,1858,Excise Duty,33487.24
1859,1859,Customs Duty,225414.85
1860,1860,Customs Duty,45677.67
1861,1861,Customs Duty,145909.12
1862,1862,Import Duty,13671.07
1863,1863,Service Tax,5979.86
1864,1864,Customs Duty,347.73
1865,1865,Customs Duty,1735.48
1866,1866,Export Duty,9365.81
1867,1867,Excise Duty,2237.31
1868,1868,VAT,362.39
1869,1869,Import Duty,17204.87
1870,1870,Customs Duty,29471.51
1871,1871,VAT,868.65
1872,1872,VAT,9865.91
1873,1873,Customs Duty,234.64
1874,1874,VAT,2263.21
1875,1875,VAT,12559.06
1876,1876,Import Duty,13250.25
1877,1877,Import Duty,520.88
1878,1878,Import Duty,2703.73
1879,1879,Service Tax,571.47
1880,1880,Import Duty,1171.44
1881,1881,VAT,1670.74
1882,1882,Import Duty,286223.69
1883,1883,Customs Duty,14222.79
1884,1884,Service Tax,5089.41
1885,1885,Customs Duty,849.36
1886,1886,Import Duty,481.98
1887,1887,Import Duty,557.76
1888,1888,Export Duty,300.44
1889,1889,Export Duty,6724.55
1890,1890,VAT,69353.9
1891,1891,Import Duty,9557.95
1892,1892,Import Duty,103.31
1893,1893,VAT,24796.27
1894,1894,Export Duty,7203.78
1895,1895,Service Tax,11702.54
1896,1896,VAT,127.74
1897,1897,Customs Duty,18042.05
1898,1898,Customs Duty,1044.58
1899,1899,Customs Duty,847.52
1900,1900,Customs Duty,27983.56
1901,1901,Customs Duty,18014.55
1902,1902,VAT,510.41
1903,1903,Import Duty,149495.71
1904,1904,VAT,20535.3
1905,1905,VAT,36925.51
1906,1906,Customs Duty,72573.19
1907,1907,Service Tax,2087.16
1908,1908,Service Tax,44949.2
1909,1909,Customs Duty,46146.88
1910,1910,Customs Duty,1582.39
1911,1911,Customs Duty,14837.98
1912,1912,Import Duty,55164.18
1913,1913,Customs Duty,2002.31
1914,1914,Import Duty,2738.68
1915,1915,VAT,3647.32
1916,1916,VAT,2169.12
1917,1917,Customs Duty,10761.41
1918,1918,Service Tax,68672.21
1919,1919,VAT,294398.64
1920,1920,Customs Duty,576.21
1921,1921,Import Duty,222933.04
1922,1922,Import Duty,61999.6
1923,1923,VAT,133211.79
1924,1924,VAT,1164.65
1925,1925,Export Duty,67845.98
1926,1926,Customs Duty,21216.97
1927,1927,Import Duty,30673.83
1928,1928,Customs Duty,173634.39
1929,1929,Export Duty,3175.37
1930,1930,VAT,63120.05
1931,1931,Customs Duty,95083.71
1932,1932,Service Tax,41396.7
1933,1933,VAT,7943.57
1934,1934,Export Duty,36725.99
1935,1935,VAT,96932.48
1936,1936,VAT,19677.29
1937,1937,VAT,56010.39
1938,1938,VAT,80.51
1939,1939,VAT,772.57
1940,1940,Import Duty,201917.08
1941,1941,VAT,12354.72
1942,1942,Customs Duty,9078.47
1943,1943,Service Tax,410.39
1944,1944,VAT,12815.39
1945,1945,Export Duty,517.29
1946,1946,Customs Duty,122.34
1947,1947,Customs Duty,3971.72
1948,1948,Export Duty,5831.4
1949,1949,Customs Duty,72082.55
1950,1950,VAT,835.23
1951,1951,VAT,48462.39
1952,1952,Import Duty,40624.99
1953,1953,Excise Duty,82587.61
1954,1954,Service Tax,4059.57
1955,1955,Customs Duty,8158.23
1956,1956,Excise Duty,144.59
1957,1957,Customs Duty,3893.59
1958,1958,Export Duty,151.96
1959,1959,VAT,17138.48
1960,1960,Customs Duty,42305.13
1961,1961,Import Duty,113875.36
1962,1962,Customs Duty,111656.39
1963,1963,Import Duty,243066.95
1964,1964,Customs Duty,1866.71
1965,1965,Excise Duty,139.41
1966,1966,VAT,1468.7
1967,1967,Customs Duty,2300.47
1968,1968,Excise Duty,14455.53
1969,1969,VAT,203.31
1970,1970,VAT,24295.85
1971,1971,Customs Duty,175.74
1972,1972,Excise Duty,13162.25
1973,1973,VAT,16022.25
1974,1974,Customs Duty,50902.0
1975,1975,Excise Duty,454.94
1976,1976,VAT,28572.8
1977,1977,Export Duty,80193.66
1978,1978,Import Duty,27671.85
1979,1979,VAT,1323.13
1980,1980,Customs Duty,7449.7
1981,1981,Customs Duty,713.34
1982,1982,VAT,627.72
1983,1983,VAT,16621.2
1984,1984,Customs Duty,880.96
1985,1985,VAT,1784.71
1986,1986,Import Duty,1067.43
1987,1987,Excise Duty,96763.05
1988,1988,Customs Duty,1908.16
1989,1989,Excise Duty,7338.38
1990,1990,VAT,112.1
1991,1991,VAT,19621.86
1992,1992,Excise Duty,5321.66
1993,1993,Service Tax,1139.87
1994,1994,Service Tax,10000.48
1995,1995,Import Duty,113849.65
1996,1996,Excise Duty,674.29
1997,1997,Customs Duty,9757.45
1998,1998,Customs Duty,4904.48
1999,1999,Service Tax,58.76
2000,2000,Customs Duty,28154.02
2001,2001,Excise Duty,2642.48
2002,2002,Customs Duty,12836.43
2003,2003,Customs Duty,797.22
2004,2004,Customs Duty,490.8
2005,2005,Excise Duty,5231.8
2006,2006,VAT,24445.76
2007,2007,Customs Duty,1284.04
2008,2008,Service Tax,169.39
2009,2009,Import Duty,167432.16
2010,2010,VAT,201894.88
2011,2011,Customs Duty,478.41
2012,2012,Import Duty,909.68
2013,2013,Customs Duty,137091.62
2014,2014,Customs Duty,4076.62
2015,2015,Customs Duty,44008.19
2016,2016,Customs Duty,3953.38
2017,2017,Customs Duty,6058.32
2018,2018,VAT,65948.16
2019,2019,Customs Duty,10536.66
2020,2020,Import Duty,35379.56
2021,2021,Customs Duty,162589.35
2022,2022,Import Duty,221611.84
2023,2023,Import Duty,130238.95
2024,2024,Service Tax,1619.44
2025,2025,Import Duty,304259.36
2026,2026,Import Duty,29060.5
2027,2027,VAT,138819.43
2028,2028,VAT,217135.04
2029,2029,Service Tax,21.66
2030,2030,VAT,293.55
2031,2031,Customs Duty,23441.42
2032,2032,Customs Duty,949.08
2033,2033,Service Tax,51530.12
2034,2034,Export Duty,1461.2
2035,2035,Import Duty,25885.06
2036,2036,VAT,1127.75
2037,2037,Import Duty,6256.66
2038,2038,VAT,158888.27
2039,2039,Import Duty,2880.71
2040,2040,Export Duty,820.01
2041,2041,Export Duty,198.49
2042,2042,Excise Duty,8320.15
2043,2043,VAT,20104.9
2044,2044,Export Duty,12497.95
2045,2045,Customs Duty,11091.13
2046,2046,Import Duty,26046.65
2047,2047,Customs Duty,23428.12
2048,2048,Export Duty,9013.55
2049,2049,Import Duty,51436.89
2050,2050,Customs Duty,867.15
2051,2051,Customs Duty,57560.1
2052,2052,Import Duty,1324.96
2053,2053,Excise Duty,8229.18
2054,2054,Import Duty,71396.2
2055,2055,Customs Duty,87926.58
2056,2056,Customs Duty,28049.41
2057,2057,Import Duty,8384.26
2058,2058,Import Duty,240501.95
2059,2059,Customs Duty,2136.61
2060,2060,Import Duty,170418.52
2061,2061,VAT,160020.0
2062,2062,VAT,21603.99
2063,2063,Import Duty,97556.77
2064,2064,Excise Duty,5790.76
2065,2065,Import Duty,7754.0
2066,2066,Service Tax,1000.58
2067,2067,VAT,1138.67
2068,2068,Customs Duty,12000.27
2069,2069,Customs Duty,2223.58
2070,2070,Export Duty,1517.55
2071,2071,Export Duty,6493.07
2072,2072,Excise Duty,151040.21
2073,2073,Export Duty,3735.36
2074,2074,Customs Duty,178462.33
2075,2075,Export Duty,137706.14
2076,2076,Excise Duty,4108.59
2077,2077,Import Duty,202221.46
2078,2078,Customs Duty,984.62
2079,2079,Excise Duty,19686.74
2080,2080,Customs Duty,624.33
2081,2081,Import Duty,2033.05
2082,2082,Excise Duty,801.58
2083,2083,Customs Duty,10041.8
2084,2084,Customs Duty,12186.56
2085,2085,Export Duty,495.77
2086,2086,Customs Duty,25411.85
2087,2087,Customs Duty,49490.73
2088,2088,Export Duty,11294.59
2089,2089,Import Duty,431.54
2090,2090,Export Duty,430.14
2091,2091,Customs Duty,30894.95
2092,2092,Customs Duty,1422.68
2093,2093,VAT,131763.64
2094,2094,Customs Duty,8010.02
2095,2095,VAT,155563.58
2096,2096,Excise Duty,8038.07
2097,2097,Customs Duty,585.3
2098,2098,VAT,676.71
2099,2099,VAT,37261.13
2100,2100,Export Duty,124445.27
2101,2101,Export Duty,74873.78
2102,2102,Customs Duty,36044.05
2103,2103,Export Duty,4758.78
2104,2104,Customs Duty,179.25
2105,2105,VAT,3477.4
2106,2106,Customs Duty,5893.09
2107,2107,Customs Duty,23755.64
2108,2108,Customs Duty,1745.5
2109,2109,Import Duty,2986.1
2110,2110,Import Duty,33310.89
2111,2111,Import Duty,1557.56
2112,2112,Customs Duty,3220.24
2113,2113,Customs Duty,4205.73
2114,2114,VAT,259088.8
2115,2115,Export Duty,9194.44
2116,2116,Export Duty,491.16
2117,2117,Import Duty,132691.72
2118,2118,Import Duty,28634.64
2119,2119,Service Tax,27918.23
2120,2120,VAT,11812.63
2121,2121,Import Duty,1926.01
2122,2122,Customs Duty,10990.91
2123,2123,Export Duty,87948.29
2124,2124,Customs Duty,7446.72
2125,2125,Customs Duty,23715.03
2126,2126,Import Duty,237641.51
2127,2127,VAT,1148.53
2128,2128,Import Duty,15999.57
2129,2129,Customs Duty,194981.25
2130,2130,Customs Duty,17480.79
2131,2131,VAT,35388.18
2132,2132,VAT,826.21
2133,2133,Export Duty,13981.64
2134,2134,Import Duty,4980.92
2135,2135,Customs Duty,2666.35
2136,2136,VAT,2037.9
2137,2137,Customs Duty,1273.69
2138,2138,Customs Duty,347.07
2139,2139,Excise Duty,459.2
2140,2140,Import Duty,156163.64
2141,2141,Customs Duty,16058.33
2142,2142,Export Duty,30.56
2143,2143,Excise Duty,342.59
2144,2144,VAT,130538.37
2145,2145,Import Duty,59729.54
2146,2146,Customs Duty,8607.4
2147,2147,VAT,56268.62
2148,2148,Customs Duty,34548.85
2149,2149,Import Duty,262000.99
2150,2150,Import Duty,139.47
2151,2151,Customs Duty,240051.89
2152,2152,Customs Duty,14614.75
2153,2153,Import Duty,1266.05
2154,2154,Export Duty,10313.56
2155,2155,Customs Duty,4896.24
2156,2156,Import Duty,342446.48
2157,2157,Service Tax,479.17
2158,2158,VAT,12731.92
2159,2159,VAT,53200.17
2160,2160,Import Duty,451.86
2161,2161,Service Tax,335.3
2162,2162,VAT,10689.81
2163,2163,VAT,382.53
2164,2164,VAT,133730.77
2165,2165,Excise Duty,98152.47
2166,2166,Customs Duty,12506.18
2167,2167,VAT,14970.31
2168,2168,VAT,169335.58
2169,2169,Import Duty,316997.22
2170,2170,Import Duty,3871.01
2171,2171,Customs Duty,216191.23
2172,2172,Excise Duty,7850.33
2173,2173,Customs Duty,1313.09
2174,2174,Customs Duty,90805.41
2175,2175,Customs Duty,147318.0
2176,2176,Customs Duty,4535.22
2177,2177,Customs Duty,138877.32
2178,2178,Customs Duty,52123.38
2179,2179,Customs Duty,711.93
2180,2180,VAT,164451.15
2181,2181,Import Duty,399.81
2182,2182,VAT,3931.23
2183,2183,Customs Duty,1764.03
2184,2184,VAT,471.13
2185,2185,Excise Duty,43942.82
2186,2186,VAT,348342.28
2187,2187,VAT,59278.72
2188,2188,Import Duty,184.95
2189,2189,Customs Duty,19050.36
2190,2190,VAT,6445.65
2191,2191,Import Duty,83310.99
2192,2192,Customs Duty,9131.71
2193,2193,Import Duty,164019.05
2194,2194,VAT,68645.03
2195,2195,Customs Duty,1247.71
2196,2196,Service Tax,8383.26
2197,2197,VAT,9596.54
2198,2198,Customs Duty,1136.8
2199,2199,Customs Duty,140.02
2200,2200,Customs Duty,41738.65
2201,2201,Customs Duty,903.85
2202,2202,Customs Duty,21670.44
2203,2203,Excise Duty,7626.71
2204,2204,Import Duty,48494.12
2205,2205,Export Duty,253.61
2206,2206,Export Duty,1295.64
2207,2207,Export Duty,3089.88
2208,2208,Excise Duty,12664.52
2209,2209,Import Duty,191.89
2210,2210,Import Duty,10445.09
2211,2211,VAT,226051.22
2212,2212,Excise Duty,822.8
2213,2213,Customs Duty,846.23
2214,2214,Customs Duty,1509.4
2215,2215,Service Tax,1364.2
2216,2216,Import Duty,1566.25
2217,2217,Import Duty,2461.68
2218,2218,Customs Duty,7373.84
2219,2219,VAT,4158.62
2220,2220,Customs Duty,1053.01
2221,2221,VAT,21692.68
2222,2222,VAT,454.69
2223,2223,Export Duty,7162.34
2224,2224,Import Duty,39920.23
2225,2225,Customs Duty,18562.06
2226,2226,Excise Duty,7208.04
2227,2227,Customs Duty,770.86
2228,2228,Import Duty,1822.45
2229,2229,Excise Duty,5654.31
2230,2230,Customs Duty,10124.4
2231,2231,Import Duty,452036.42
2232,2232,Import Duty,2093.88
2233,2233,Import Duty,2712.37
2234,2234,VAT,66147.82
2235,2235,Service Tax,303.68
2236,2236,Excise Duty,10940.4
2237,2237,Import Duty,2374.7
2238,2238,Import Duty,3808.87
2239,2239,VAT,51730.52
2240,2240,Customs Duty,1229.03
2241,2241,Excise Duty,1699.51
2242,2242,VAT,7256.23
2243,2243,Customs Duty,1399.62
2244,2244,Export Duty,268.71
2245,2245,Service Tax,179.01
2246,2246,Import Duty,6334.65
2247,2247,Customs Duty,10848.91
2248,2248,VAT,64245.91
2249,2249,Excise Duty,58709.16
2250,2250,VAT,17207.29
2251,2251,Import Duty,131010.79
2252,2252,Customs Duty,10477.99
2253,2253,VAT,7630.22
2254,2254,Excise Duty,10116.93
2255,2255,VAT,1060.1
2256,2256,VAT,21767.51
2257,2257,Customs Duty,14552.68
2258,2258,Customs Duty,12109.41
2259,2259,Export Duty,11002.54
2260,2260,Export Duty,88906.35
2261,2261,Import Duty,9017.92
2262,2262,Customs Duty,76081.65
2263,2263,Service Tax,7399.06
2264,2264,Excise Duty,190777.03
2265,2265,Import Duty,28307.34
2266,2266,Customs Duty,19140.31
2267,2267,Import Duty,401.39
2268,2268,Export Duty,224.13
2269,2269,Import Duty,255053.3
2270,2270,Import Duty,1095.19
2271,2271,Excise Duty,2845.43
2272,2272,Import Duty,124097.63
2273,2273,Customs Duty,11120.29
2274,2274,Customs Duty,201.55
2275,2275,Import Duty,64714.46
2276,2276,Excise Duty,1241.47
2277,2277,Service Tax,1132.71
2278,2278,Import Duty,327571.33
2279,2279,Customs Duty,321.44
2280,2280,VAT,6813.49
2281,2281,Export Duty,2372.12
2282,2282,VAT,6471.65
2283,2283,Import Duty,2054.76
2284,2284,Customs Duty,6952.68
2285,2285,Customs Duty,40590.22
2286,2286,Export Duty,1498.79
2287,2287,Import Duty,17044.31
2288,2288,Export Duty,249.23
2289,2289,VAT,25806.15
2290,2290,VAT,5152.43
2291,2291,Import Duty,69639.37
2292,2292,Import Duty,23039.99
2293,2293,Customs Duty,78081.04
2294,2294,Customs Duty,1681.54
2295,2295,Customs Duty,3066.1
2296,2296,Customs Duty,214.86
2297,2297,Import Duty,158737.72
2298,2298,VAT,363024.99
2299,2299,VAT,357.82
2300,2300,Export Duty,67212.09
2301,2301,VAT,9019.24
2302,2302,Service Tax,19374.78
2303,2303,Export Duty,2541.0
2304,2304,Export Duty,30033.14
2305,2305,Customs Duty,9891.4
2306,2306,Customs Duty,3155.01
2307,2307,Excise Duty,1597.51
2308,2308,Customs Duty,88036.37
2309,2309,VAT,751.33
2310,2310,Export Duty,7843.44
2311,2311,Customs Duty,1630.02
2312,2312,VAT,324.23
2313,2313,VAT,141940.48
2314,2314,VAT,180809.55
2315,2315,Service Tax,10916.14
2316,2316,Export Duty,39804.91
2317,2317,Import Duty,16147.88
2318,2318,VAT,22825.17
2319,2319,VAT,3874.11
2320,2320,VAT,41437.08
2321,2321,Export Duty,3240.71
2322,2322,Export Duty,32499.03
2323,2323,Import Duty,170148.33
2324,2324,Customs Duty,269.24
2325,2325,VAT,7712.54
2326,2326,Customs Duty,242.35
2327,2327,VAT,673.43
2328,2328,Customs Duty,106729.09
2329,2329,VAT,47259.47
2330,2330,Customs Duty,199716.31
2331,2331,Customs Duty,40585.66
2332,2332,Customs Duty,10030.48
2333,2333,VAT,604.49
2334,2334,VAT,214926.06
2335,2335,VAT,10214.43
2336,2336,Export Duty,620.96
2337,2337,Import Duty,285989.49
2338,2338,Import Duty,1111.6
2339,2339,Customs Duty,1669.46
2340,2340,Excise Duty,27645.68
2341,2341,Export Duty,408.61
2342,2342,Import Duty,2573.33
2343,2343,Import Duty,39799.12
2344,2344,Customs Duty,2710.25
2345,2345,VAT,1372.66
2346,2346,Export Duty,17959.82
2347,2347,Customs Duty,40466.01
2348,2348,Import Duty,18602.14
2349,2349,Service Tax,13794.02
2350,2350,Import Duty,22782.23
2351,2351,VAT,10525.4
2352,2352,Customs Duty,728.29
2353,2353,VAT,1847.95
2354,2354,Import Duty,325.6
2355,2355,VAT,205.07
2356,2356,Customs Duty,92323.33
2357,2357,VAT,4918.43
2358,2358,Customs Duty,56661.48
2359,2359,Customs Duty,554.94
2360,2360,Customs Duty,11751.21
2361,2361,VAT,1844.9
2362,2362,Customs Duty,41758.99
2363,2363,Customs Duty,1368.93
2364,2364,Customs Duty,114506.21
2365,2365,Export Duty,18939.93
2366,2366,Customs Duty,13267.28
2367,2367,VAT,2648.75
2368,2368,Customs Duty,24732.04
2369,2369,Customs Duty,5013.31
2370,2370,Customs Duty,1341.58
2371,2371,Export Duty,8902.0
2372,2372,Service Tax,49399.86
2373,2373,Service Tax,5558.17
2374,2374,VAT,28364.2
2375,2375,Excise Duty,34597.81
2376,2376,Customs Duty,186226.17
2377,2377,VAT,207308.64
2378,2378,Import Duty,32087.11
2379,2379,VAT,819.27
2380,2380,Export Duty,83.28
2381,2381,VAT,23986.43
2382,2382,Import Duty,155034.44
2383,2383,VAT,169337.9
2384,2384,Export Duty,111.26
2385,2385,Import Duty,375.22
2386,2386,VAT,8878.95
2387,2387,Import Duty,1207.17
2388,2388,Import Duty,866.3
2389,2389,Customs Duty,44536.91
2390,2390,Export Duty,36435.14
2391,2391,Service Tax,504.56
2392,2392,VAT,22785.78
2393,2393,VAT,695.29
2394,2394,VAT,1618.82
2395,2395,Import Duty,277050.41
2396,2396,Import Duty,19384.8
2397,2397,VAT,4696.7
2398,2398,Import Duty,258951.98
2399,2399,Customs Duty,70987.23
2400,2400,Import Duty,797.26
2401,2401,VAT,12862.43
2402,2402,Import Duty,184920.79
2403,2403,Export Duty,40399.14
2404,2404,Customs Duty,207.16
2405,2405,VAT,634.07
2406,2406,VAT,16844.0
2407,2407,Customs Duty,1062.3
2408,2408,VAT,22111.97
2409,2409,Customs Duty,147706.46
2410,2410,Import Duty,1655.65
2411,2411,Customs Duty,1926.14
2412,2412,VAT,133443.84
2413,2413,Customs Duty,2094.28
2414,2414,Import Duty,41131.54
2415,2415,Customs Duty,37767.02
2416,2416,Customs Duty,2488.18
2417,2417,Service Tax,76737.87
2418,2418,VAT,1595.65
2419,2419,Import Duty,13289.88
2420,2420,Excise Duty,78.4
2421,2421,Customs Duty,181313.26
2422,2422,VAT,130943.73
2423,2423,Customs Duty,8592.05
2424,2424,Customs Duty,1453.9
2425,2425,Customs Duty,1570.98
2426,2426,Customs Duty,12319.59
2427,2427,VAT,87351.32
2428,2428,Import Duty,394209.19
2429,2429,Import Duty,23186.72
2430,2430,Excise Duty,89935.35
2431,2431,Export Duty,98042.84
2432,2432,Export Duty,5635.81
2433,2433,Customs Duty,9285.0
2434,2434,VAT,76354.71
2435,2435,VAT,28682.01
2436,2436,Import Duty,1093.32
2437,2437,VAT,2817.03
2438,2438,VAT,1309.51
2439,2439,Customs Duty,97.88
2440,2440,VAT,1575.57
2441,2441,Import Duty,23660.28
2442,2442,Customs Duty,15589.86
2443,2443,VAT,1392.36
2444,2444,Export Duty,1062.75
2445,2445,Customs Duty,16496.06
2446,2446,Customs Duty,917.03
2447,2447,Service Tax,4441.0
2448,2448,Customs Duty,2199.07
2449,2449,Customs Duty,22304.45
2450,2450,Export Duty,874.74
2451,2451,VAT,104.3
2452,2452,Export Duty,1481.61
2453,2453,Import Duty,413532.7
2454,2454,Customs Duty,90547.85
2455,2455,Service Tax,166.5
2456,2456,VAT,1008.04
2457,2457,VAT,76786.49
2458,2458,Customs Duty,440.67
2459,2459,Customs Duty,160.66
2460,2460,Customs Duty,15794.25
2461,2461,Service Tax,8057.26
2462,2462,Export Duty,15232.7
2463,2463,Service Tax,7454.33
2464,2464,VAT,2728.69
2465,2465,Import Duty,155173.64
2466,2466,Export Duty,24667.86
2467,2467,VAT,174850.29
2468,2468,VAT,32830.54
2469,2469,Export Duty,15262.02
2470,2470,Customs Duty,5501.56
2471,2471,Import Duty,21744.97
2472,2472,Import Duty,2619.17
2473,2473,VAT,1608.7
2474,2474,Customs Duty,131415.47
2475,2475,VAT,4167.9
2476,2476,Customs Duty,280.29
2477,2477,VAT,11511.27
2478,2478,Import Duty,338.66
2479,2479,VAT,1021.41
2480,2480,VAT,176096.14
2481,2481,Import Duty,11167.65
2482,2482,Customs Duty,21709.08
2483,2483,Import Duty,150163.23
2484,2484,VAT,18639.92
2485,2485,VAT,153557.67
2486,2486,Customs Duty,5734.73
2487,2487,Customs Duty,103197.86
2488,2488,VAT,5732.46
2489,2489,VAT,72359.04
2490,2490,Customs Duty,848.72
2491,2491,VAT,32876.51
2492,2492,Export Duty,58.06
2493,2493,Service Tax,34110.16
2494,2494,VAT,115822.86
2495,2495,VAT,35402.08
2496,2496,Customs Duty,29267.97
2497,2497,Customs Duty,23158.19
2498,2498,Import Duty,47049.48
2499,2499,VAT,4907.7
2500,2500,Import Duty,347338.25
2501,2501,Customs Duty,2207.05
2502,2502,Customs Duty,2225.44
2503,2503,Customs Duty,109.68
2504,2504,Import Duty,44987.41
2505,2505,Customs Duty,910.95
2506,2506,VAT,5228.82
2507,2507,Service Tax,251.6
2508,2508,Import Duty,133108.19
2509,2509,Customs Duty,1514.29
2510,2510,Export Duty,50870.29
2511,2511,VAT,343089.41
2512,2512,Customs Duty,13590.12
2513,2513,Customs Duty,13774.65
2514,2514,Customs Duty,276.27
2515,2515,Export Duty,19115.01
2516,2516,VAT,121252.44
2517,2517,Import Duty,1102.84
2518,2518,Customs Duty,296.81
2519,2519,VAT,2413.26
2520,2520,Excise Duty,475.65
2521,2521,Customs Duty,152.67
2522,2522,Import Duty,151972.83
2523,2523,VAT,145.97
2524,2524,Export Duty,343.79
2525,2525,Customs Duty,1589.13
2526,2526,Export Duty,995.57
2527,2527,Export Duty,1454.69
2528,2528,Customs Duty,8037.3
2529,2529,Export Duty,2421.29
2530,2530,VAT,158248.98
2531,2531,Customs Duty,1072.62
2532,2532,Excise Duty,134792.2
2533,2533,VAT,26651.67
2534,2534,Import Duty,7622.7
2535,2535,Customs Duty,16832.05
2536,2536,VAT,11480.31
2537,2537,VAT,8649.53
2538,2538,VAT,49285.16
2539,2539,Service Tax,84743.13
2540,2540,Import Duty,164808.14
2541,2541,Customs Duty,275.96
2542,2542,Excise Duty,368.5
2543,2543,Import Duty,230932.25
2544,2544,Customs Duty,8294.49
2545,2545,VAT,9243.26
2546,2546,Excise Duty,6412.27
2547,2547,Customs Duty,134627.28
2548,2548,Import Duty,48486.31
2549,2549,Import Duty,3745.1
2550,2550,VAT,16310.3
2551,2551,Service Tax,46624.71
2552,2552,Import Duty,6384.52
2553,2553,Excise Duty,420.2
2554,2554,Customs Duty,270.63
2555,2555,Customs Duty,232.06
2556,2556,VAT,158.74
2557,2557,Customs Duty,198071.69
2558,2558,Import Duty,8432.24
2559,2559,Export Duty,32.39
2560,2560,Import Duty,388.33
2561,2561,Import Duty,92023.35
2562,2562,Customs Duty,183517.29
2563,2563,Import Duty,1634.01
2564,2564,Customs Duty,135.09
2565,2565,Export Duty,939.1
2566,2566,Customs Duty,10740.85
2567,2567,Export Duty,53.12
2568,2568,VAT,34248.23
2569,2569,Import Duty,1848.32
2570,2570,VAT,14202.37
2571,2571,Customs Duty,94899.6
2572,2572,Service Tax,366.76
2573,2573,VAT,1269.82
2574,2574,VAT,1073.99
2575,2575,Import Duty,3368.73
2576,2576,Export Duty,1035.35
2577,2577,VAT,2101.26
2578,2578,Export Duty,284.78
2579,2579,Customs Duty,743.75
2580,2580,VAT,93947.8
2581,2581,Import Duty,126349.35
2582,2582,Excise Duty,2073.1
2583,2583,Import Duty,33741.05
2584,2584,Excise Duty,7750.98
2585,2585,Import Duty,92177.02
2586,2586,Customs Duty,1593.39
2587,2587,Service Tax,787.73
2588,2588,VAT,35792.44
2589,2589,Service Tax,849.98
2590,2590,VAT,31112.68
2591,2591,VAT,790.49
2592,2592,Excise Duty,531.27
2593,2593,Customs Duty,109948.59
2594,2594,Customs Duty,2631.85
2595,2595,VAT,312953.42
2596,2596,VAT,178286.28
2597,2597,Excise Duty,60.81
2598,2598,Customs Duty,15128.73
2599,2599,Customs Duty,1913.02
2600,2600,Excise Duty,95283.1
2601,2601,VAT,3121.13
2602,2602,Import Duty,434517.13
2603,2603,Import Duty,1788.25
2604,2604,VAT,29309.42
2605,2605,Export Duty,74160.72
2606,2606,Export Duty,2709.75
2607,2607,Customs Duty,9337.16
2608,2608,Customs Duty,638.0
2609,2609,VAT,5585.23
2610,2610,Import Duty,341700.16
2611,2611,Import Duty,155835.42
2612,2612,Customs Duty,153134.16
2613,2613,Excise Duty,469.15
2614,2614,Customs Duty,81199.56
2615,2615,Customs Duty,17263.08
2616,2616,VAT,26728.64
2617,2617,Customs Duty,67315.36
2618,2618,Customs Duty,25235.22
2619,2619,Customs Duty,2099.0
2620,2620,VAT,850.49
2621,2621,VAT,1483.01
2622,2622,VAT,70835.05
2623,2623,Customs Duty,1348.0
2624,2624,Export Duty,1154.5
2625,2625,Import Duty,83241.27
2626,2626,VAT,16444.06
2627,2627,VAT,336.63
2628,2628,Customs Duty,41874.74
2629,2629,Excise Duty,22627.81
2630,2630,Customs Duty,8946.95
2631,2631,VAT,116168.22
2632,2632,Customs Duty,22924.59
2633,2633,VAT,571.17
2634,2634,Customs Duty,2163.2
2635,2635,VAT,2765.77
2636,2636,Customs Duty,66451.64
2637,2637,Customs Duty,438.14
2638,2638,VAT,224281.95
2639,2639,Customs Duty,421.23
2640,2640,Customs Duty,73.51
2641,2641,Import Duty,8757.11
2642,2642,Customs Duty,784.69
2643,2643,Customs Duty,122.73
2644,2644,VAT,242.96
2645,2645,Import Duty,1289.3
2646,2646,Export Duty,4418.1
2647,2647,VAT,2565.33
2648,2648,Import Duty,20775.81
2649,2649,Customs Duty,5015.27
2650,2650,Service Tax,2687.3
2651,2651,VAT,148544.33
2652,2652,Import Duty,8314.4
2653,2653,VAT,49713.24
2654,2654,VAT,1093.58
2655,2655,VAT,23629.81
2656,2656,Customs Duty,47952.55
2657,2657,VAT,44315.99
2658,2658,Import Duty,5628.8
2659,2659,VAT,77765.34
2660,2660,VAT,531.54
2661,2661,Import Duty,596.91
2662,2662,Service Tax,1464.93
2663,2663,Import Duty,18850.4
2664,2664,Customs Duty,3495.72
2665,2665,Customs Duty,1719.08
2666,2666,Import Duty,48212.25
2667,2667,Import Duty,708.6
2668,2668,Import Duty,344405.31
2669,2669,Service Tax,89.01
2670,2670,Customs Duty,1648.59
2671,2671,Customs Duty,182.52
2672,2672,Excise Duty,22211.56
2673,2673,VAT,239711.62
2674,2674,Customs Duty,4743.46
2675,2675,VAT,1232.92
2676,2676,Import Duty,52236.14
2677,2677,Excise Duty,72371.33
2678,2678,Customs Duty,86615.61
2679,2679,Customs Duty,133.59
2680,2680,Customs Duty,61251.68
2681,2681,VAT,25550.91
2682,2682,Customs Duty,2772.0
2683,2683,Excise Duty,26757.32
2684,2684,Excise Duty,90719.14
2685,2685,VAT,5786.02
2686,2686,Service Tax,207.99
2687,2687,Customs Duty,53643.07
2688,2688,VAT,8801.99
2689,2689,Customs Duty,44998.65
2690,2690,Customs Duty,114.35
2691,2691,VAT,465.18
2692,2692,Import Duty,68363.98
2693,2693,VAT,95003.25
2694,2694,Customs Duty,17187.27
2695,2695,VAT,246746.65
2696,2696,Service Tax,8653.97
2697,2697,Customs Duty,122.67
2698,2698,Import Duty,132.14
2699,2699,Customs Duty,9850.59
2700,2700,Import Duty,11855.0
2701,2701,Export Duty,8349.76
2702,2702,Export Duty,12674.67
2703,2703,Customs Duty,12697.4
2704,2704,Import Duty,1882.75
2705,2705,VAT,112540.54
2706,2706,Service Tax,121.13
2707,2707,Customs Duty,258351.31
2708,2708,Import Duty,9045.31
2709,2709,Excise Duty,559.09
2710,2710,Customs Duty,184588.74
2711,2711,Customs Duty,14072.55
2712,2712,Import Duty,1885.22
2713,2713,Service Tax,58.95
2714,2714,VAT,27572.72
2715,2715,Export Duty,400.0
2716,2716,Customs Duty,4732.78
2717,2717,Customs Duty,9310.31
2718,2718,Import Duty,4790.44
2719,2719,Service Tax,16009.32
2720,2720,Customs Duty,15210.96
2721,2721,VAT,87848.01
2722,2722,VAT,35284.65
2723,2723,Customs Duty,1091.94
2724,2724,Customs Duty,38483.81
2725,2725,Import Duty,21206.72
2726,2726,Customs Duty,479.34
2727,2727,VAT,18693.54
2728,2728,Export Duty,9364.73
2729,2729,Customs Duty,22766.23
2730,2730,Customs Duty,1087.72
2731,2731,Customs Duty,1310.12
2732,2732,Export Duty,4560.4
2733,2733,Customs Duty,4947.01
2734,2734,Service Tax,75.32
2735,2735,Export Duty,116879.54
2736,2736,VAT,18247.79
2737,2737,Customs Duty,55871.26
2738,2738,VAT,90731.76
2739,2739,Import Duty,103389.65
2740,2740,Import Duty,40.63
2741,2741,Customs Duty,1112.83
2742,2742,Import Duty,1395.71
2743,2743,VAT,2618.99
2744,2744,Customs Duty,299.46
2745,2745,Customs Duty,88356.61
2746,2746,Excise Duty,181797.41
2747,2747,Customs Duty,145833.68
2748,2748,Customs Duty,2273.7
2749,2749,VAT,27650.24
2750,2750,Customs Duty,351.8
2751,2751,Export Duty,166.57
2752,2752,Customs Duty,16711.89
2753,2753,VAT,147031.72
2754,2754,Service Tax,10364.29
2755,2755,Export Duty,4076.95
2756,2756,Import Duty,1043.15
2757,2757,Import Duty,13584.55
2758,2758,VAT,156170.5
2759,2759,Customs Duty,149528.88
2760,2760,Service Tax,40.38
2761,2761,Excise Duty,7231.17
2762,2762,VAT,91763.32
2763,2763,Customs Duty,114223.17
2764,2764,Customs Duty,2727.48
2765,2765,Customs Duty,1962.49
2766,2766,Import Duty,328564.65
2767,2767,Customs Duty,35938.74
2768,2768,Customs Duty,613.39
2769,2769,Customs Duty,110069.81
2770,2770,Customs Duty,358.52
2771,2771,Customs Duty,13228.52
2772,2772,Customs Duty,556.6
2773,2773,Import Duty,1997.05
2774,2774,Excise Duty,5118.43
2775,2775,Import Duty,87502.01
2776,2776,Customs Duty,6296.04
2777,2777,Export Duty,323.11
2778,2778,Import Duty,216116.23
2779,2779,Customs Duty,335.06
2780,2780,Excise Duty,1693.81
2781,2781,Customs Duty,606.14
2782,2782,Import Duty,4153.25
2783,2783,Import Duty,250746.47
2784,2784,Export Duty,159.25
2785,2785,Service Tax,78859.97
2786,2786,Export Duty,41419.79
2787,2787,Import Duty,936.69
2788,2788,VAT,113707.1
2789,2789,Customs Duty,15848.91
2790,2790,Excise Duty,408.11
2791,2791,Excise Duty,201.87
2792,2792,VAT,2023.34
2793,2793,Customs Duty,8013.42
2794,2794,VAT,37196.65
2795,2795,Customs Duty,373.4
2796,2796,Customs Duty,20333.03
2797,2797,VAT,254953.91
2798,2798,Customs Duty,1329.77
2799,2799,Import Duty,7959.01
2800,2800,Import Duty,219068.71
2801,2801,VAT,161454.97
2802,2802,Customs Duty,27762.79
2803,2803,VAT,1029.55
2804,2804,Export Duty,31216.96
2805,2805,Import Duty,860.39
2806,2806,Customs Duty,147704.75
2807,2807,Customs Duty,1970.59
2808,2808,Customs Duty,6644.69
2809,2809,VAT,2474.71
2810,2810,VAT,8307.27
2811,2811,VAT,485.77
2812,2812,VAT,1479.88
2813,2813,Service Tax,13358.64
2814,2814,Customs Duty,705.63
2815,2815,Import Duty,7749.9
2816,2816,Excise Duty,2648.77
2817,2817,VAT,1298.62
2818,2818,Customs Duty,55693.36
2819,2819,Import Duty,6253.4
2820,2820,Export Duty,309.56
2821,2821,Service Tax,1217.9
2822,2822,Customs Duty,161213.12
2823,2823,Export Duty,6800.62
2824,2824,Import Duty,210451.13
2825,2825,Excise Duty,114.92
2826,2826,Import Duty,7948.35
2827,2827,Import Duty,2298.19
2828,2828,Import Duty,4191.36
2829,2829,Excise Duty,84016.7
2830,2830,Customs Duty,8164.16
2831,2831,Customs Duty,175117.45
2832,2832,VAT,3891.37
2833,2833,Excise Duty,13027.65
2834,2834,VAT,2660.79
2835,2835,Import Duty,267101.1
2836,2836,Excise Duty,71047.26
2837,2837,Customs Duty,5183.59
2838,2838,VAT,310.33
2839,2839,Export Duty,2341.14
2840,2840,VAT,1607.55
2841,2841,Import Duty,166.9
2842,2842,Customs Duty,5626.7
2843,2843,Customs Duty,59506.7
2844,2844,Service Tax,594.35
2845,2845,Customs Duty,172322.84
2846,2846,Import Duty,1542.01
2847,2847,Customs Duty,50.79
2848,2848,Export Duty,36213.96
2849,2849,Customs Duty,1717.91
2850,2850,Export Duty,716.65
2851,2851,VAT,7857.24
2852,2852,Excise Duty,152.73
2853,2853,VAT,3937.04
2854,2854,Import Duty,363458.7
2855,2855,VAT,377.04
2856,2856,Service Tax,680.17
2857,2857,Customs Duty,1850.41
2858,2858,VAT,1004.75
2859,2859,Customs Duty,9116.76
2860,2860,Customs Duty,25973.38
2861,2861,Customs Duty,17093.56
2862,2862,Customs Duty,695.76
2863,2863,Import Duty,14967.92
2864,2864,Customs Duty,9001.19
2865,2865,Customs Duty,10419.86
2866,2866,Customs Duty,1553.97
2867,2867,VAT,2477.84
2868,2868,VAT,1907.84
2869,2869,Customs Duty,182968.57
2870,2870,Excise Duty,54712.57
2871,2871,Export Duty,547.5
2872,2872,Customs Duty,249824.79
2873,2873,Service Tax,47306.18
2874,2874,Import Duty,12530.62
2875,2875,Customs Duty,6603.64
2876,2876,VAT,20243.68
2877,2877,VAT,2902.1
2878,2878,Service Tax,1225.9
2879,2879,Customs Duty,546.88
2880,2880,VAT,156043.35
2881,2881,VAT,153775.52
2882,2882,Export Duty,9201.64
2883,2883,VAT,9874.21
2884,2884,Customs Duty,26738.81
2885,2885,VAT,218.32
2886,2886,Customs Duty,45012.03
2887,2887,Customs Duty,8517.3
2888,2888,Import Duty,101675.54
2889,2889,Customs Duty,5418.16
2890,2890,Customs Duty,775.24
2891,2891,Customs Duty,20319.38
2892,2892,VAT,5732.67
2893,2893,Excise Duty,3592.17
2894,2894,Service Tax,328.85
2895,2895,VAT,8216.58
2896,2896,Export Duty,265.43
2897,2897,Customs Duty,90366.5
2898,2898,Service Tax,8486.69
2899,2899,VAT,2370.91
2900,2900,Service Tax,36071.1
2901,2901,Customs Duty,5260.59
2902,2902,Import Duty,2623.34
2903,2903,Excise Duty,221.73
2904,2904,Service Tax,967.27
2905,2905,Customs Duty,1461.74
2906,2906,Customs Duty,541.3
2907,2907,Export Duty,47.52
2908,2908,VAT,745.62
2909,2909,Import Duty,15399.34
2910,2910,VAT,119764.28
2911,2911,VAT,66094.74
2912,2912,Customs Duty,401.61
2913,2913,Import Duty,186.88
2914,2914,Customs Duty,15587.05
2915,2915,VAT,21766.34
2916,2916,VAT,1954.76
2917,2917,Customs Duty,51.76
2918,2918,Service Tax,4263.26
2919,2919,Customs Duty,374.0
2920,2920,Customs Duty,163056.76
2921,2921,Customs Duty,61696.69
2922,2922,Import Duty,15138.95
2923,2923,Customs Duty,53.73
2924,2924,Import Duty,771.39
2925,2925,Excise Duty,1419.53
2926,2926,Excise Duty,141491.17
2927,2927,Customs Duty,1229.01
2928,2928,VAT,103555.36
2929,2929,Customs Duty,238.82
2930,2930,VAT,87657.5
2931,2931,Customs Duty,24461.72
2932,2932,Excise Duty,2610.03
2933,2933,Service Tax,18.05
2934,2934,Import Duty,66960.71
2935,2935,Import Duty,226.72
2936,2936,Excise Duty,15840.2
2937,2937,Customs Duty,3734.54
2938,2938,Service Tax,1358.89
2939,2939,Import Duty,23272.25
2940,2940,Import Duty,273.99
2941,2941,Customs Duty,23118.99
2942,2942,Customs Duty,164885.36
2943,2943,Customs Duty,6633.61
2944,2944,Service Tax,1638.38
2945,2945,VAT,565.55
2946,2946,Import Duty,6388.66
2947,2947,Export Duty,31031.6
2948,2948,Customs Duty,79016.13
2949,2949,VAT,39158.3
2950,2950,VAT,261168.11
2951,2951,VAT,921.21
2952,2952,Excise Duty,5906.56
2953,2953,Customs Duty,5005.9
2954,2954,Export Duty,33139.39
2955,2955,Import Duty,15839.04
2956,2956,Export Duty,520.89
2957,2957,Customs Duty,2058.84
2958,2958,Customs Duty,176741.61
2959,2959,Customs Duty,101488.1
2960,2960,VAT,234944.97
2961,2961,Customs Duty,1295.17
2962,2962,VAT,1618.36
2963,2963,Customs Duty,6606.78
2964,2964,VAT,2072.79
2965,2965,Customs Duty,22400.01
2966,2966,VAT,80.16
2967,2967,Service Tax,73499.48
2968,2968,Excise Duty,2136.8
2969,2969,Import Duty,3049.83
2970,2970,Import Duty,40799.22
2971,2971,VAT,15819.68
2972,2972,Import Duty,19464.46
2973,2973,Import Duty,428.91
2974,2974,VAT,100906.82
2975,2975,Excise Duty,3997.1
2976,2976,Customs Duty,1843.63
2977,2977,Customs Duty,5710.62
2978,2978,Export Duty,153.45
2979,2979,Import Duty,329.37
2980,2980,Customs Duty,5512.51
2981,2981,VAT,12715.9
2982,2982,VAT,341849.37
2983,2983,Customs Duty,193776.28
2984,2984,Service Tax,2133.56
2985,2985,Customs Duty,756.19
2986,2986,Customs Duty,270203.99
2987,2987,Customs Duty,39147.09
2988,2988,Customs Duty,572.38
2989,2989,Customs Duty,1374.83
2990,2990,Import Duty,8726.34
2991,2991,Customs Duty,10086.87
2992,2992,Import Duty,24316.32
2993,2993,Service Tax,2726.65
2994,2994,VAT,71443.26
2995,2995,Customs Duty,35.69
2996,2996,VAT,82341.11
2997,2997,VAT,5301.44
2998,2998,VAT,204694.88
2999,2999,Customs Duty,73972.5
3000,3000,Import Duty,61130.75
3001,3001,VAT,3079.12
3002,3002,Import Duty,274321.68
3003,3003,VAT,3536.79
3004,3004,Export Duty,17389.79
3005,3005,VAT,16491.52
3006,3006,VAT,133714.49
3007,3007,Import Duty,265108.08
3008,3008,Customs Duty,7210.13
3009,3009,Import Duty,22733.48
3010,3010,Customs Duty,1433.33
3011,3011,VAT,16003.79
3012,3012,Customs Duty,276521.96
3013,3013,Import Duty,217930.58
3014,3014,VAT,17759.78
3015,3015,VAT,47744.42
3016,3016,Import Duty,113214.54
3017,3017,VAT,167368.98
3018,3018,Import Duty,94614.37
3019,3019,VAT,227.58
3020,3020,Customs Duty,2294.2
3021,3021,VAT,3407.65
3022,3022,Export Duty,121768.16
3023,3023,Customs Duty,10376.53
3024,3024,Customs Duty,1018.17
3025,3025,VAT,53871.85
3026,3026,Customs Duty,75363.01
3027,3027,Import Duty,87134.63
3028,3028,Customs Duty,2007.31
3029,3029,Customs Duty,7636.81
3030,3030,VAT,9259.91
3031,3031,Import Duty,3701.94
3032,3032,Service Tax,285.23
3033,3033,Export Duty,70957.0
3034,3034,Import Duty,13668.83
3035,3035,Customs Duty,84348.5
3036,3036,Import Duty,1641.41
3037,3037,Export Duty,585.58
3038,3038,Service Tax,3390.44
3039,3039,Export Duty,39821.69
3040,3040,Customs Duty,547.35
3041,3041,VAT,716.83
3042,3042,Excise Duty,98971.75
3043,3043,Customs Duty,21195.13
3044,3044,VAT,1861.99
3045,3045,Excise Duty,391.19
3046,3046,Customs Duty,2404.89
3047,3047,Customs Duty,2755.37
3048,3048,Customs Duty,8210.63
3049,3049,Customs Duty,7185.16
3050,3050,Service Tax,30116.41
3051,3051,Service Tax,350.02
3052,3052,Import Duty,92935.32
3053,3053,Import Duty,15619.04
3054,3054,VAT,6440.74
3055,3055,Customs Duty,2204.87
3056,3056,VAT,12279.33
3057,3057,Import Duty,18522.32
3058,3058,Customs Duty,119553.52
3059,3059,Import Duty,1195.57
3060,3060,Customs Duty,514.73
3061,3061,Customs Duty,426.35
3062,3062,VAT,209.82
3063,3063,Import Duty,738.3
3064,3064,VAT,78575.03
3065,3065,Customs Duty,1162.92
3066,3066,Excise Duty,140963.82
3067,3067,Import Duty,1155.04
3068,3068,Excise Duty,88685.49
3069,3069,Excise Duty,216234.68
3070,3070,Customs Duty,103187.62
3071,3071,Customs Duty,91597.96
3072,3072,Customs Duty,132.35
3073,3073,Customs Duty,826.26
3074,3074,Customs Duty,18137.11
3075,3075,Customs Duty,2278.07
3076,3076,Customs Duty,64562.41
3077,3077,Customs Duty,38929.5
3078,3078,VAT,458.7
3079,3079,Export Duty,2657.3
3080,3080,Customs Duty,97349.66
3081,3081,VAT,8143.02
3082,3082,Customs Duty,346.22
3083,3083,VAT,304115.88
3084,3084,Import Duty,158828.38
3085,3085,Excise Duty,1821.78
3086,3086,VAT,234.4
3087,3087,Import Duty,1230.61
3088,3088,VAT,10802.95
3089,3089,Import Duty,12246.71
3090,3090,VAT,1872.03
3091,3091,VAT,185444.41
3092,3092,Customs Duty,1461.31
3093,3093,VAT,33904.44
3094,3094,Customs Duty,389.79
3095,3095,Customs Duty,32.13
3096,3096,VAT,15868.99
3097,3097,Customs Duty,126389.95
3098,3098,Service Tax,763.83
3099,3099,Import Duty,59385.44
3100,3100,Import Duty,32131.96
3101,3101,Excise Duty,1902.1
3102,3102,VAT,371.12
3103,3103,Excise Duty,12914.83
3104,3104,Import Duty,4619.99
3105,3105,VAT,335217.08
3106,3106,VAT,957.33
3107,3107,Customs Duty,70903.77
3108,3108,Customs Duty,19733.36
3109,3109,VAT,18179.61
3110,3110,Import Duty,484039.05
3111,3111,Excise Duty,666.49
3112,3112,Import Duty,1061.44
3113,3113,Excise Duty,53279.18
3114,3114,VAT,23874.83
3115,3115,Customs Duty,754.98
3116,3116,Excise Duty,66367.45
3117,3117,Export Duty,5296.94
3118,3118,Customs Duty,555.06
3119,3119,Import Duty,47103.96
3120,3120,Customs Duty,36269.58
3121,3121,VAT,666.84
3122,3122,Customs Duty,1283.57
3123,3123,Export Duty,80465.52
3124,3124,Service Tax,7418.59
3125,3125,Export Duty,116.5
3126,3126,Import Duty,10266.75
3127,3127,VAT,773.74
3128,3128,Customs Duty,11707.32
3129,3129,Customs Duty,557.58
3130,3130,VAT,474.49
3131,3131,Import Duty,7641.27
3132,3132,Import Duty,424.32
3133,3133,VAT,51254.14
3134,3134,Customs Duty,821.9
3135,3135,Excise Duty,123617.99
3136,3136,Import Duty,112396.3
3137,3137,Excise Duty,64106.82
3138,3138,Customs Duty,154691.0
3139,3139,Customs Duty,63505.87
3140,3140,VAT,75366.48
3141,3141,Import Duty,74218.91
3142,3142,Import Duty,2851.26
3143,3143,Export Duty,59985.33
3144,3144,Customs Duty,73.71
3145,3145,VAT,79.84
3146,3146,Export Duty,2415.33
3147,3147,Export Duty,70160.38
3148,3148,Customs Duty,146987.06
3149,3149,Customs Duty,182.79
3150,3150,Customs Duty,147.53
3151,3151,Customs Duty,87664.57
3152,3152,Import Duty,20875.94
3153,3153,Customs Duty,1295.66
3154,3154,VAT,18875.43
3155,3155,Import Duty,258.73
3156,3156,VAT,18852.48
3157,3157,Customs Duty,11983.7
3158,3158,Customs Duty,2538.56
3159,3159,Customs Duty,150303.74
3160,3160,Customs Duty,39423.06
3161,3161,Import Duty,6445.58
3162,3162,Import Duty,6714.35
3163,3163,Import Duty,4715.0
3164,3164,VAT,341085.49
3165,3165,Customs Duty,936.04
3166,3166,Excise Duty,73302.07
3167,3167,Customs Duty,1483.61
3168,3168,Excise Duty,76910.14
3169,3169,VAT,92532.61
3170,3170,Import Duty,15706.97
3171,3171,Customs Duty,72964.63
3172,3172,Import Duty,173339.35
3173,3173,Import Duty,10043.4
3174,3174,Service Tax,37299.82
3175,3175,Service Tax,487.1
3176,3176,Export Duty,8370.87
3177,3177,Customs Duty,240496.18
3178,3178,Import Duty,2344.06
3179,3179,Import Duty,8788.74
3180,3180,Import Duty,43673.52
3181,3181,VAT,110922.36
3182,3182,Import Duty,125095.43
3183,3183,Import Duty,60519.32
3184,3184,Excise Duty,805.12
3185,3185,Export Duty,13347.63
3186,3186,Import Duty,8786.38
3187,3187,Excise Duty,168356.92
3188,3188,Import Duty,1683.08
3189,3189,VAT,146206.09
3190,3190,Customs Duty,159584.65
3191,3191,Service Tax,8639.99
3192,3192,Customs Duty,329.46
3193,3193,Export Duty,1596.14
3194,3194,Customs Duty,62110.31
3195,3195,Customs Duty,8544.91
3196,3196,Import Duty,258119.23
3197,3197,VAT,18700.0
3198,3198,Import Duty,39284.65
3199,3199,Import Duty,1450.59
3200,3200,Customs Duty,109248.74
3201,3201,Import Duty,103078.09
3202,3202,VAT,8970.07
3203,3203,Customs Duty,601.12
3204,3204,Import Duty,175.35
3205,3205,Excise Duty,25389.75
3206,3206,VAT,2538.12
3207,3207,Import Duty,25687.32
3208,3208,Import Duty,1887.14
3209,3209,Customs Duty,407.51
3210,3210,Service Tax,35176.49
3211,3211,Export Duty,1036.83
3212,3212,Import Duty,81997.85
3213,3213,VAT,8692.8
3214,3214,Customs Duty,461.8
3215,3215,Service Tax,727.79
3216,3216,Excise Duty,163128.34
3217,3217,Customs Duty,926.64
3218,3218,VAT,59571.69
3219,3219,Service Tax,56518.33
3220,3220,VAT,134619.08
3221,3221,Customs Duty,381.15
3222,3222,Import Duty,27126.49
3223,3223,Export Duty,6342.84
3224,3224,VAT,15699.26
3225,3225,VAT,12416.49
3226,3226,Customs Duty,123070.56
3227,3227,Customs Duty,112306.82
3228,3228,VAT,2986.18
3229,3229,VAT,58071.04
3230,3230,Service Tax,26.43
3231,3231,Export Duty,38.86
3232,3232,Customs Duty,3446.03
3233,3233,Excise Duty,65434.57
3234,3234,Customs Duty,4177.8
3235,3235,VAT,36799.43
3236,3236,Customs Duty,16554.09
3237,3237,Export Duty,2993.83
3238,3238,Customs Duty,7437.47
3239,3239,Import Duty,20574.53
3240,3240,Export Duty,43731.99
3241,3241,VAT,102.7
3242,3242,VAT,26561.38
3243,3243,Import Duty,13631.66
3244,3244,Export Duty,3075.95
3245,3245,VAT,5972.69
3246,3246,VAT,1807.76
3247,3247,Export Duty,64183.41
3248,3248,Import Duty,164224.65
3249,3249,Customs Duty,119771.73
3250,3250,Import Duty,2259.66
3251,3251,Customs Duty,102459.47
3252,3252,VAT,592.55
3253,3253,Import Duty,1883.27
3254,3254,Customs Duty,56319.35
3255,3255,Service Tax,2898.67
3256,3256,Import Duty,1390.05
3257,3257,Import Duty,287289.45
3258,3258,Customs Duty,1676.8
3259,3259,Import Duty,644.05
3260,3260,VAT,252143.03
3261,3261,Excise Duty,223.64
3262,3262,Import Duty,26967.59
3263,3263,Customs Duty,1527.18
3264,3264,Import Duty,279770.72
3265,3265,Customs Duty,605.02
3266,3266,VAT,65530.0
3267,3267,Export Duty,4570.73
3268,3268,Import Duty,2594.85
3269,3269,Import Duty,59901.49
3270,3270,Customs Duty,85882.08
3271,3271,Customs Duty,1343.73
3272,3272,Customs Duty,5457.8
3273,3273,Import Duty,23743.7
3274,3274,VAT,229513.49
3275,3275,VAT,12052.37
3276,3276,VAT,400.61
3277,3277,Customs Duty,98.48
3278,3278,VAT,787.43
3279,3279,VAT,1639.63
3280,3280,Excise Duty,693.53
3281,3281,Customs Duty,167111.03
3282,3282,VAT,130836.18
3283,3283,Customs Duty,189027.55
3284,3284,Import Duty,1696.2
3285,3285,Customs Duty,184245.29
3286,3286,Excise Duty,10739.72
3287,3287,VAT,13897.72
3288,3288,Service Tax,56.38
3289,3289,VAT,16871.14
3290,3290,VAT,14335.76
3291,3291,VAT,29814.46
3292,3292,Customs Duty,1628.18
3293,3293,Customs Duty,7123.58
3294,3294,Excise Duty,140935.34
3295,3295,Excise Duty,8490.96
3296,3296,VAT,3292.77
3297,3297,VAT,3352.52
3298,3298,Customs Duty,2332.73
3299,3299,VAT,14847.83
3300,3300,Service Tax,713.66
3301,3301,VAT,1212.75
3302,3302,VAT,1195.62
3303,3303,Customs Duty,73.05
3304,3304,Customs Duty,26386.12
3305,3305,Customs Duty,19286.27
3306,3306,Customs Duty,1464.83
3307,3307,Customs Duty,3001.62
3308,3308,Export Duty,1411.89
3309,3309,Customs Duty,14814.34
3310,3310,Export Duty,324.26
3311,3311,Customs Duty,791.3
3312,3312,Excise Duty,108013.28
3313,3313,VAT,1017.78
3314,3314,Customs Duty,830.6
3315,3315,VAT,134736.23
3316,3316,Import Duty,233952.84
3317,3317,Customs Duty,316.01
3318,3318,VAT,361580.6
3319,3319,Customs Duty,89558.11
3320,3320,Import Duty,11838.06
3321,3321,Import Duty,20033.92
3322,3322,Import Duty,177949.72
3323,3323,Excise Duty,3927.92
3324,3324,Export Duty,45312.58
3325,3325,Customs Duty,235.28
3326,3326,Import Duty,26425.8
3327,3327,VAT,123993.3
3328,3328,Export Duty,6654.93
3329,3329,Customs Duty,14226.52
3330,3330,Import Duty,15873.94
3331,3331,VAT,213463.23
3332,3332,Import Duty,4315.74
3333,3333,Customs Duty,666.48
3334,3334,Customs Duty,13420.57
3335,3335,VAT,5177.49
3336,3336,Import Duty,19566.34
3337,3337,VAT,218038.74
3338,3338,Export Duty,235.86
3339,3339,Customs Duty,489.93
3340,3340,Import Duty,60601.42
3341,3341,VAT,168186.13
3342,3342,Import Duty,1451.6
3343,3343,Import Duty,11463.53
3344,3344,Service Tax,32717.51
3345,3345,VAT,2737.22
3346,3346,Export Duty,5777.89
3347,3347,Service Tax,6558.78
3348,3348,VAT,610.04
3349,3349,Customs Duty,1089.7
3350,3350,Import Duty,3700.65
3351,3351,Export Duty,95616.96
3352,3352,VAT,728.28
3353,3353,Import Duty,5962.98
3354,3354,Excise Duty,9865.54
3355,3355,Export Duty,1090.29
3356,3356,VAT,3713.64
3357,3357,Customs Duty,606.58
3358,3358,Customs Duty,98311.25
3359,3359,Excise Duty,5834.67
3360,3360,Service Tax,26132.8
3361,3361,VAT,131254.14
3362,3362,VAT,21203.12
3363,3363,Customs Duty,7950.26
3364,3364,VAT,4165.59
3365,3365,Customs Duty,6560.38
3366,3366,Customs Duty,102025.23
3367,3367,Export Duty,80071.33
3368,3368,Excise Duty,3764.52
3369,3369,VAT,22072.32
3370,3370,Import Duty,1902.44
3371,3371,Customs Duty,7974.68
3372,3372,VAT,2646.82
3373,3373,Customs Duty,2791.5
3374,3374,Service Tax,246.41
3375,3375,Service Tax,453.82
3376,3376,VAT,10690.02
3377,3377,Export Duty,416.33
3378,3378,VAT,17865.34
3379,3379,Customs Duty,3419.07
3380,3380,Customs Duty,2173.77
3381,3381,Service Tax,197.21
3382,3382,Service Tax,21308.72
3383,3383,Service Tax,679.02
3384,3384,Import Duty,55579.96
3385,3385,Import Duty,24429.91
3386,3386,Service Tax,5014.12
3387,3387,Service Tax,33627.75
3388,3388,Export Duty,2292.89
3389,3389,Customs Duty,5979.3
3390,3390,Excise Duty,10844.79
3391,3391,VAT,21032.93
3392,3392,Customs Duty,1271.53
3393,3393,VAT,65498.69
3394,3394,VAT,2551.88
3395,3395,Customs Duty,1368.4
3396,3396,Customs Duty,2579.07
3397,3397,VAT,3538.9
3398,3398,Customs Duty,4507.4
3399,3399,VAT,2741.69
3400,3400,Customs Duty,361.75
3401,3401,Import Duty,31745.01
3402,3402,Customs Duty,1528.63
3403,3403,Import Duty,8318.2
3404,3404,Import Duty,197738.73
3405,3405,Export Duty,38738.36
3406,3406,Import Duty,1454.25
3407,3407,Customs Duty,12444.14
3408,3408,Customs Duty,249.99
3409,3409,Import Duty,110399.07
3410,3410,Customs Duty,135279.39
3411,3411,Export Duty,7003.31
3412,3412,Customs Duty,27.3
3413,3413,Import Duty,20243.17
3414,3414,Customs Duty,2453.88
3415,3415,Customs Duty,58484.0
3416,3416,Customs Duty,126.91
3417,3417,Export Duty,110922.94
3418,3418,Import Duty,1135.2
3419,3419,Customs Duty,3349.08
3420,3420,Export Duty,13908.59
3421,3421,Export Duty,7707.55
3422,3422,VAT,21575.5
3423,3423,VAT,31736.04
3424,3424,Customs Duty,727.63
3425,3425,VAT,5784.12
3426,3426,Customs Duty,236.76
3427,3427,Customs Duty,179443.83
3428,3428,Import Duty,35413.67
3429,3429,Customs Duty,20372.67
3430,3430,Customs Duty,38111.86
3431,3431,Export Duty,59746.74
3432,3432,Import Duty,118047.38
3433,3433,Import Duty,3495.09
3434,3434,Customs Duty,14879.64
3435,3435,VAT,21137.23
3436,3436,VAT,51624.27
3437,3437,VAT,2772.67
3438,3438,Customs Duty,64634.15
3439,3439,Excise Duty,341.88
3440,3440,Import Duty,277974.35
3441,3441,Import Duty,19841.4
3442,3442,Excise Duty,132678.6
3443,3443,Service Tax,10481.61
3444,3444,VAT,3495.88
3445,3445,Import Duty,524.64
3446,3446,VAT,682.84
3447,3447,Import Duty,167433.64
3448,3448,Export Duty,9010.5
3449,3449,Excise Duty,219.55
3450,3450,Import Duty,600.95
3451,3451,VAT,2312.53
3452,3452,Customs Duty,12293.21
3453,3453,Import Duty,2416.49
3454,3454,VAT,10823.23
3455,3455,Excise Duty,630.27
3456,3456,Import Duty,132958.97
3457,3457,Customs Duty,50910.06
3458,3458,Import Duty,59025.51
3459,3459,Customs Duty,46441.8
3460,3460,Service Tax,22107.42
3461,3461,Export Duty,88.33
3462,3462,Export Duty,2911.12
3463,3463,Import Duty,3104.42
3464,3464,Customs Duty,2369.19
3465,3465,VAT,1121.45
3466,3466,VAT,178797.65
3467,3467,Export Duty,4360.35
3468,3468,Customs Duty,1075.05
3469,3469,VAT,27637.0
3470,3470,Excise Duty,533.32
3471,3471,Import Duty,546.29
3472,3472,VAT,1089.96
3473,3473,VAT,1963.68
3474,3474,Customs Duty,864.41
3475,3475,VAT,478.09
3476,3476,VAT,21811.3
3477,3477,VAT,49229.41
3478,3478,Service Tax,83.0
3479,3479,VAT,299076.34
3480,3480,VAT,695.88
3481,3481,Import Duty,90901.28
3482,3482,Customs Duty,23532.24
3483,3483,Customs Duty,46298.87
3484,3484,Excise Duty,6586.31
3485,3485,Customs Duty,191040.93
3486,3486,VAT,18326.88
3487,3487,VAT,21698.56
3488,3488,Import Duty,101828.44
3489,3489,Customs Duty,57270.94
3490,3490,Import Duty,431421.74
3491,3491,Export Duty,560.6
3492,3492,VAT,126577.74
3493,3493,VAT,8778.65
3494,3494,Customs Duty,106284.08
3495,3495,Import Duty,593.15
3496,3496,Excise Duty,56952.32
3497,3497,VAT,1907.32
3498,3498,Customs Duty,11985.37
3499,3499,VAT,38790.63
3500,3500,VAT,1356.1
3501,3501,VAT,24603.25
3502,3502,Customs Duty,104827.7
3503,3503,Import Duty,22450.65
3504,3504,Import Duty,7128.54
3505,3505,VAT,77085.27
3506,3506,Import Duty,13529.61
3507,3507,Import Duty,134010.5
3508,3508,Excise Duty,59553.87
3509,3509,Import Duty,747.31
3510,3510,Customs Duty,7676.88
3511,3511,VAT,460.81
3512,3512,Import Duty,8698.62
3513,3513,VAT,782.95
3514,3514,VAT,527.17
3515,3515,VAT,928.58
3516,3516,Customs Duty,88301.55
3517,3517,Export Duty,8123.94
3518,3518,Service Tax,323.17
3519,3519,Customs Duty,10531.35
3520,3520,Service Tax,43894.19
3521,3521,VAT,277.38
3522,3522,Customs Duty,1656.06
3523,3523,Export Duty,3439.81
3524,3524,Import Duty,422.81
3525,3525,Export Duty,8383.15
3526,3526,Customs Duty,1511.51
3527,3527,VAT,147010.34
3528,3528,Export Duty,10323.72
3529,3529,Customs Duty,32840.85
3530,3530,Excise Duty,4663.72
3531,3531,Customs Duty,277195.9
3532,3532,Customs Duty,171716.3
3533,3533,VAT,2623.03
3534,3534,VAT,140128.18
3535,3535,VAT,1878.87
3536,3536,VAT,22930.03
3537,3537,Customs Duty,108391.8
3538,3538,Customs Duty,141951.18
3539,3539,Service Tax,457.66
3540,3540,Service Tax,940.95
3541,3541,Customs Duty,19118.87
3542,3542,Import Duty,23534.48
3543,3543,Import Duty,335560.85
3544,3544,Customs Duty,114260.98
3545,3545,Customs Duty,7573.11
3546,3546,Customs Duty,40877.31
3547,3547,Excise Duty,32387.72
3548,3548,VAT,771.63
3549,3549,VAT,178506.19
3550,3550,VAT,178489.77
3551,3551,Service Tax,240.85
3552,3552,Import Duty,17878.53
3553,3553,Export Duty,4625.52
3554,3554,Customs Duty,466.76
3555,3555,VAT,11108.29
3556,3556,Customs Duty,205822.19
3557,3557,VAT,14413.94
3558,3558,Excise Duty,19412.28
3559,3559,VAT,27233.64
3560,3560,Export Duty,88576.28
3561,3561,Customs Duty,42460.83
3562,3562,VAT,112572.21
3563,3563,Customs Duty,832.43
3564,3564,Import Duty,6329.43
3565,3565,VAT,114425.53
3566,3566,Import Duty,1400.01
3567,3567,VAT,86968.52
3568,3568,Customs Duty,1973.09
3569,3569,VAT,53905.47
3570,3570,Customs Duty,93218.9
3571,3571,Customs Duty,551.4
3572,3572,Import Duty,203499.15
3573,3573,Import Duty,180435.76
3574,3574,Export Duty,453.45
3575,3575,VAT,1833.84
3576,3576,Import Duty,116155.83
3577,3577,Import Duty,30644.94
3578,3578,Export Duty,35298.16
3579,3579,Excise Duty,4067.42
3580,3580,Import Duty,12194.76
3581,3581,Service Tax,5439.41
3582,3582,Import Duty,357.39
3583,3583,VAT,34650.59
3584,3584,Service Tax,23962.17
3585,3585,Export Duty,3786.32
3586,3586,Customs Duty,83885.86
3587,3587,Customs Duty,996.45
3588,3588,Customs Duty,59874.13
3589,3589,Customs Duty,714.62
3590,3590,Customs Duty,250.16
3591,3591,Import Duty,16364.8
3592,3592,Excise Duty,12142.28
3593,3593,Service Tax,138.12
3594,3594,Customs Duty,4540.36
3595,3595,Service Tax,358.99
3596,3596,VAT,1821.9
3597,3597,Customs Duty,2773.43
3598,3598,Import Duty,136469.92
3599,3599,VAT,2594.61
3600,3600,Import Duty,573.6
3601,3601,Customs Duty,1623.87
3602,3602,Import Duty,916.53
3603,3603,Import Duty,106182.34
3604,3604,VAT,332953.3
3605,3605,Customs Duty,4787.18
3606,3606,VAT,94837.22
3607,3607,Export Duty,506.98
3608,3608,Service Tax,3100.74
3609,3609,Customs Duty,67053.85
3610,3610,Service Tax,63.85
3611,3611,Import Duty,252059.51
3612,3612,VAT,82244.68
3613,3613,Import Duty,122521.75
3614,3614,Import Duty,2758.0
3615,3615,VAT,12192.89
3616,3616,Customs Duty,54776.9
3617,3617,Service Tax,14978.33
3618,3618,Import Duty,116728.97
3619,3619,VAT,24974.12
3620,3620,Excise Duty,18076.76
3621,3621,Customs Duty,23394.48
3622,3622,VAT,173.26
3623,3623,Excise Duty,10993.12
3624,3624,Import Duty,406053.21
3625,3625,Customs Duty,62162.21
3626,3626,Import Duty,49911.17
3627,3627,VAT,22902.02
3628,3628,Import Duty,1111.11
3629,3629,Customs Duty,12340.01
3630,3630,Customs Duty,7243.9
3631,3631,Excise Duty,926.52
3632,3632,VAT,52982.29
3633,3633,Customs Duty,1230.17
3634,3634,Export Duty,10434.51
3635,3635,Customs Duty,199050.08
3636,3636,Customs Duty,2026.77
3637,3637,Import Duty,11360.79
3638,3638,Customs Duty,1384.37
3639,3639,Export Duty,122.83
3640,3640,Customs Duty,974.18
3641,3641,VAT,63724.1
3642,3642,Service Tax,5637.55
3643,3643,VAT,11936.58
3644,3644,VAT,5287.2
3645,3645,Customs Duty,33.18
3646,3646,VAT,27223.22
3647,3647,Customs Duty,9383.65
3648,3648,Customs Duty,75932.82
3649,3649,Customs Duty,2978.03
3650,3650,VAT,5633.64
3651,3651,VAT,722.92
3652,3652,Customs Duty,77331.49
3653,3653,Customs Duty,196.03
3654,3654,Customs Duty,19941.56
3655,3655,Export Duty,2296.84
3656,3656,Excise Duty,64270.99
3657,3657,VAT,20228.84
3658,3658,Service Tax,3888.72
3659,3659,Customs Duty,398.42
3660,3660,Excise Duty,75728.66
3661,3661,VAT,270848.49
3662,3662,Customs Duty,444.18
3663,3663,Service Tax,53343.97
3664,3664,Import Duty,2009.66
3665,3665,VAT,19765.49
3666,3666,Export Duty,5256.57
3667,3667,Customs Duty,311.4
3668,3668,Service Tax,39123.91
3669,3669,Import Duty,20610.2
3670,3670,Service Tax,52220.47
3671,3671,Customs Duty,69875.87
3672,3672,Customs Duty,74348.03
3673,3673,Import Duty,418.0
3674,3674,Customs Duty,2342.92
3675,3675,Customs Duty,100313.35
3676,3676,VAT,170066.86
3677,3677,Customs Duty,2638.67
3678,3678,Customs Duty,1236.96
3679,3679,Export Duty,1036.44
3680,3680,Customs Duty,1610.29
3681,3681,Excise Duty,27232.25
3682,3682,VAT,320.0
3683,3683,Customs Duty,59885.95
3684,3684,Export Duty,1071.21
3685,3685,Import Duty,28378.03
3686,3686,Export Duty,5654.0
3687,3687,VAT,1528.33
3688,3688,Customs Duty,2328.92
3689,3689,Import Duty,141364.83
3690,3690,Customs Duty,1114.98
3691,3691,Export Duty,16365.19
3692,3692,Customs Duty,117952.51
3693,3693,Excise Duty,139059.8
3694,3694,Excise Duty,97179.41
3695,3695,Import Duty,1560.73
3696,3696,Service Tax,1290.5
3697,3697,VAT,847.28
3698,3698,VAT,12018.66
3699,3699,VAT,11840.72
3700,3700,Import Duty,3170.29
3701,3701,Excise Duty,1791.54
3702,3702,Export Duty,122.57
3703,3703,Customs Duty,10655.11
3704,3704,VAT,190429.1
3705,3705,Import Duty,37836.24
3706,3706,Customs Duty,524.08
3707,3707,Customs Duty,25045.33
3708,3708,Export Duty,298.92
3709,3709,Customs Duty,33799.94
3710,3710,Customs Duty,250845.31
3711,3711,Customs Duty,9132.76
3712,3712,Excise Duty,1135.45
3713,3713,Export Duty,114.04
3714,3714,VAT,38094.65
3715,3715,Customs Duty,48136.81
3716,3716,VAT,127.32
3717,3717,Customs Duty,32480.54
3718,3718,Excise Duty,121.33
3719,3719,Customs Duty,26.07
3720,3720,Customs Duty,11959.31
3721,3721,VAT,12179.89
3722,3722,Import Duty,249.55
3723,3723,Customs Duty,21495.51
3724,3724,Export Duty,74718.67
3725,3725,Customs Duty,14924.63
3726,3726,VAT,2667.67
3727,3727,Customs Duty,77635.72
3728,3728,Excise Duty,27985.15
3729,3729,Service Tax,319.21
3730,3730,Import Duty,3229.59
3731,3731,VAT,4771.39
3732,3732,Customs Duty,113302.05
3733,3733,VAT,13986.25
3734,3734,VAT,2670.54
3735,3735,VAT,8921.76
3736,3736,Import Duty,1280.41
3737,3737,Customs Duty,11633.78
3738,3738,Customs Duty,2553.73
3739,3739,Customs Duty,7430.22
3740,3740,VAT,934.21
3741,3741,Service Tax,8400.66
3742,3742,VAT,128329.88
3743,3743,Customs Duty,1938.95
3744,3744,Import Duty,496.33
3745,3745,Service Tax,7251.42
3746,3746,VAT,820.08
3747,3747,Customs Duty,700.29
3748,3748,Excise Duty,2132.2
3749,3749,Customs Duty,26545.93
3750,3750,VAT,297261.03
3751,3751,VAT,17855.06
3752,3752,Import Duty,1847.99
3753,3753,Customs Duty,59.07
3754,3754,VAT,2225.51
3755,3755,Customs Duty,502.97
3756,3756,Import Duty,102997.63
3757,3757,Import Duty,63976.2
3758,3758,Customs Duty,105949.6
3759,3759,Customs Duty,2969.86
3760,3760,Service Tax,67025.86
3761,3761,Export Duty,725.4
3762,3762,VAT,391.76
3763,3763,VAT,220721.69
3764,3764,VAT,98729.31
3765,3765,Service Tax,13617.19
3766,3766,Customs Duty,5262.66
3767,3767,Import Duty,255819.2
3768,3768,VAT,1111.35
3769,3769,Customs Duty,141202.42
3770,3770,Import Duty,5150.73
3771,3771,Customs Duty,11674.96
3772,3772,Import Duty,895.59
3773,3773,VAT,203466.26
3774,3774,Export Duty,879.48
3775,3775,Import Duty,108933.79
3776,3776,Service Tax,7417.07
3777,3777,VAT,92.98
3778,3778,Customs Duty,5475.76
3779,3779,VAT,1955.25
3780,3780,VAT,19073.4
3781,3781,Service Tax,19910.98
3782,3782,Import Duty,17690.3
3783,3783,Customs Duty,8858.11
3784,3784,Import Duty,105438.09
3785,3785,Customs Duty,77373.9
3786,3786,Import Duty,2754.35
3787,3787,VAT,1319.47
3788,3788,Import Duty,890.75
3789,3789,Customs Duty,354.79
3790,3790,Service Tax,6140.81
3791,3791,Import Duty,2382.43
3792,3792,Service Tax,511.47
3793,3793,VAT,266643.08
3794,3794,Export Duty,58399.98
3795,3795,Service Tax,245.9
3796,3796,Import Duty,4087.64
3797,3797,VAT,260585.34
3798,3798,Import Duty,976.37
3799,3799,VAT,122449.38
3800,3800,Service Tax,660.1
3801,3801,Import Duty,10397.42
3802,3802,VAT,10687.09
3803,3803,Import Duty,239124.01
3804,3804,Customs Duty,4617.12
3805,3805,VAT,22967.28
3806,3806,VAT,3602.82
3807,3807,VAT,11278.96
3808,3808,VAT,7456.07
3809,3809,VAT,21493.23
3810,3810,Excise Duty,193652.72
3811,3811,VAT,26369.79
3812,3812,Import Duty,2097.79
3813,3813,VAT,168488.35
3814,3814,Excise Duty,37302.85
3815,3815,Excise Duty,204385.91
3816,3816,Customs Duty,912.28
3817,3817,VAT,94726.34
3818,3818,VAT,152705.28
3819,3819,Excise Duty,165793.56
3820,3820,VAT,669.87
3821,3821,Import Duty,6011.54
3822,3822,Customs Duty,2195.88
3823,3823,Export Duty,2079.91
3824,3824,VAT,16474.18
3825,3825,Service Tax,75.69
3826,3826,VAT,10466.97
3827,3827,Export Duty,44212.31
3828,3828,Import Duty,3378.63
3829,3829,Customs Duty,139350.39
3830,3830,Import Duty,827.85
3831,3831,Excise Duty,12805.11
3832,3832,Import Duty,7521.34
3833,3833,VAT,2019.38
3834,3834,Customs Duty,17341.8
3835,3835,Customs Duty,4775.99
3836,3836,Customs Duty,1538.65
3837,3837,Customs Duty,1106.71
3838,3838,Import Duty,3241.35
3839,3839,Service Tax,786.94
3840,3840,VAT,2353.31
3841,3841,Import Duty,57315.38
3842,3842,Import Duty,25857.88
3843,3843,Customs Duty,23811.25
3844,3844,Import Duty,10806.16
3845,3845,VAT,36866.69
3846,3846,Customs Duty,47777.59
3847,3847,VAT,6384.56
3848,3848,Customs Duty,24272.3
3849,3849,Customs Duty,1673.5
3850,3850,Customs Duty,4622.86
3851,3851,Customs Duty,475.01
3852,3852,VAT,1777.31
3853,3853,Import Duty,4069.87
3854,3854,Service Tax,11417.99
3855,3855,VAT,1693.84
3856,3856,VAT,533.13
3857,3857,Export Duty,1867.86
3858,3858,VAT,7049.51
3859,3859,Export Duty,47464.45
3860,3860,Export Duty,11451.59
3861,3861,Import Duty,3086.77
3862,3862,VAT,11009.04
3863,3863,Export Duty,43093.22
3864,3864,Import Duty,816.51
3865,3865,Customs Duty,13440.93
3866,3866,Import Duty,800.79
3867,3867,Customs Duty,199.88
3868,3868,Import Duty,10856.52
3869,3869,Customs Duty,102825.35
3870,3870,Excise Duty,5320.84
3871,3871,Customs Duty,77398.48
3872,3872,Customs Duty,23641.73
3873,3873,VAT,45505.69
3874,3874,Excise Duty,6597.63
3875,3875,Customs Duty,11951.77
3876,3876,Export Duty,33.32
3877,3877,Excise Duty,11806.23
3878,3878,Service Tax,375.25
3879,3879,Customs Duty,986.41
3880,3880,Import Duty,7795.52
3881,3881,VAT,14038.46
3882,3882,Import Duty,341677.31
3883,3883,Customs Duty,7613.62
3884,3884,Import Duty,9800.48
3885,3885,Service Tax,233.77
3886,3886,Import Duty,148901.02
3887,3887,VAT,282089.34
3888,3888,VAT,1244.23
3889,3889,Customs Duty,34240.14
3890,3890,Customs Duty,198858.62
3891,3891,Import Duty,8296.65
3892,3892,Import Duty,292211.39
3893,3893,Customs Duty,19714.5
3894,3894,Service Tax,30250.14
3895,3895,Customs Duty,4104.96
3896,3896,VAT,1728.16
3897,3897,VAT,2675.53
3898,3898,Customs Duty,370.41
3899,3899,Customs Duty,543.06
3900,3900,Import Duty,84402.67
3901,3901,Customs Duty,288.52
3902,3902,VAT,7002.33
3903,3903,Excise Duty,180.22
3904,3904,VAT,514.08
3905,3905,Import Duty,81.25
3906,3906,Excise Duty,823.03
3907,3907,Customs Duty,1804.18
3908,3908,Import Duty,2526.05
3909,3909,Import Duty,3871.6
3910,3910,Excise Duty,9727.71
3911,3911,VAT,10124.81
3912,3912,Import Duty,57092.94
3913,3913,Customs Duty,63044.16
3914,3914,Customs Duty,257.44
3915,3915,Customs Duty,8081.36
3916,3916,Import Duty,8951.62
3917,3917,Import Duty,1677.49
3918,3918,VAT,291.71
3919,3919,VAT,24765.24
3920,3920,Customs Duty,158585.45
3921,3921,VAT,670.33
3922,3922,VAT,95.32
3923,3923,VAT,2598.94
3924,3924,VAT,29307.44
3925,3925,VAT,1456.07
3926,3926,Excise Duty,18745.32
3927,3927,Excise Duty,548.63
3928,3928,Customs Duty,151863.79
3929,3929,Customs Duty,142111.37
3930,3930,Export Duty,37855.92
3931,3931,VAT,107379.42
3932,3932,Excise Duty,215307.49
3933,3933,VAT,525.3
3934,3934,VAT,16576.67
3935,3935,VAT,1396.47
3936,3936,VAT,9520.47
3937,3937,Customs Duty,162.7
3938,3938,Import Duty,513.45
3939,3939,Service Tax,1172.35
3940,3940,VAT,16015.66
3941,3941,Excise Duty,821.65
3942,3942,Import Duty,10557.57
3943,3943,Customs Duty,34631.81
3944,3944,Customs Duty,806.07
3945,3945,Service Tax,8702.03
3946,3946,Customs Duty,17600.88
3947,3947,Export Duty,131.62
3948,3948,Customs Duty,68327.31
3949,3949,Excise Duty,265.52
3950,3950,Export Duty,6668.95
3951,3951,Export Duty,87.65
3952,3952,VAT,8938.32
3953,3953,VAT,544.24
3954,3954,VAT,11311.12
3955,3955,Import Duty,117356.0
3956,3956,Excise Duty,1131.09
3957,3957,Customs Duty,129942.11
3958,3958,VAT,295.67
3959,3959,Import Duty,92375.58
3960,3960,VAT,13293.79
3961,3961,Excise Duty,1617.49
3962,3962,Customs Duty,8985.4
3963,3963,Import Duty,216813.16
3964,3964,Import Duty,139022.88
3965,3965,Customs Duty,1055.45
3966,3966,Import Duty,641.49
3967,3967,VAT,7968.77
3968,3968,Service Tax,97984.71
3969,3969,VAT,104.44
3970,3970,VAT,153771.01
3971,3971,Customs Duty,45938.33
3972,3972,Customs Duty,473.07
3973,3973,VAT,137616.36
3974,3974,Export Duty,171.78
3975,3975,Service Tax,6547.12
3976,3976,Customs Duty,13567.82
3977,3977,Customs Duty,10835.35
3978,3978,Customs Duty,1110.09
3979,3979,Excise Duty,23662.53
3980,3980,Customs Duty,679.04
3981,3981,Import Duty,9163.12
3982,3982,Service Tax,984.28
3983,3983,VAT,251323.23
3984,3984,VAT,6874.77
3985,3985,Export Duty,1905.3
3986,3986,Import Duty,3672.33
3987,3987,Customs Duty,139843.11
3988,3988,Customs Duty,1249.73
3989,3989,VAT,619.71
3990,3990,Import Duty,4051.11
3991,3991,Customs Duty,2961.37
3992,3992,VAT,268685.93
3993,3993,Customs Duty,5540.03
3994,3994,Import Duty,1249.75
3995,3995,Excise Duty,2055.03
3996,3996,Customs Duty,146173.6
3997,3997,Import Duty,32646.39
3998,3998,VAT,897.62
3999,3999,Customs Duty,1603.38
4000,4000,Customs Duty,163.12
4001,4001,Import Duty,27672.94
4002,4002,Excise Duty,705.42
4003,4003,Service Tax,336.95
4004,4004,Export Duty,6280.8
4005,4005,Customs Duty,25801.89
4006,4006,Excise Duty,18436.12
4007,4007,Customs Duty,546.68
4008,4008,Export Duty,785.75
4009,4009,Export Duty,127.76
4010,4010,Import Duty,4174.23
4011,4011,Customs Duty,8388.22
4012,4012,Customs Duty,6113.27
4013,4013,Customs Duty,5221.15
4014,4014,Import Duty,12813.37
4015,4015,Customs Duty,47725.73
4016,4016,Customs Duty,2171.61
4017,4017,Customs Duty,718.07
4018,4018,Customs Duty,44520.29
4019,4019,Export Duty,64553.84
4020,4020,Customs Duty,2265.67
4021,4021,VAT,179455.05
4022,4022,Export Duty,4431.13
4023,4023,Customs Duty,102.99
4024,4024,Customs Duty,2287.68
4025,4025,VAT,16297.63
4026,4026,VAT,653.16
4027,4027,Export Duty,427.94
4028,4028,Export Duty,18339.1
4029,4029,VAT,142740.94
4030,4030,VAT,937.72
4031,4031,Import Duty,121515.18
4032,4032,Customs Duty,14692.22
4033,4033,VAT,717.83
4034,4034,Excise Duty,2771.63
4035,4035,Excise Duty,23085.75
4036,4036,Export Duty,67206.38
4037,4037,Customs Duty,36703.19
4038,4038,Import Duty,306479.84
4039,4039,Export Duty,12943.53
4040,4040,Service Tax,3906.72
4041,4041,Import Duty,64648.35
4042,4042,Customs Duty,682.92
4043,4043,Import Duty,5009.53
4044,4044,VAT,1029.71
4045,4045,Import Duty,752.06
4046,4046,Export Duty,28941.58
4047,4047,Service Tax,69290.89
4048,4048,Export Duty,56.11
4049,4049,VAT,48905.95
4050,4050,Customs Duty,8877.22
4051,4051,VAT,10550.3
4052,4052,Customs Duty,14079.12
4053,4053,VAT,1941.2
4054,4054,Customs Duty,37025.89
4055,4055,Customs Duty,1445.45
4056,4056,Service Tax,308.12
4057,4057,Export Duty,4514.93
4058,4058,Customs Duty,20786.63
4059,4059,Export Duty,25203.87
4060,4060,Excise Duty,4686.3
4061,4061,Customs Duty,594.05
4062,4062,Customs Duty,11069.95
4063,4063,Import Duty,198455.87
4064,4064,Import Duty,344980.86
4065,4065,Excise Duty,530.68
4066,4066,Customs Duty,143730.87
4067,4067,Export Duty,4346.19
4068,4068,Excise Duty,111586.01
4069,4069,VAT,3682.09
4070,4070,Import Duty,203356.98
4071,4071,Customs Duty,71.28
4072,4072,Import Duty,3523.01
4073,4073,Customs Duty,208.79
4074,4074,VAT,801.29
4075,4075,Import Duty,20926.82
4076,4076,Customs Duty,2004.51
4077,4077,Excise Duty,1406.52
4078,4078,Import Duty,11595.5
4079,4079,Service Tax,2255.87
4080,4080,Export Duty,4250.57
4081,4081,Import Duty,95520.94
4082,4082,VAT,3045.46
4083,4083,Import Duty,4952.55
4084,4084,Customs Duty,12658.97
4085,4085,Export Duty,77.04
4086,4086,Excise Duty,29210.38
4087,4087,VAT,72844.67
4088,4088,Export Duty,5155.33
4089,4089,Customs Duty,248526.15
4090,4090,Customs Duty,587.4
4091,4091,VAT,42296.5
4092,4092,VAT,821.75
4093,4093,Customs Duty,13286.07
4094,4094,VAT,936.45
4095,4095,Service Tax,436.45
4096,4096,Customs Duty,226923.25
4097,4097,Export Duty,9815.59
4098,4098,Import Duty,3109.79
4099,4099,Customs Duty,9788.8
4100,4100,Import Duty,2071.08
4101,4101,VAT,18465.64
4102,4102,Customs Duty,13711.26
4103,4103,Import Duty,203.49
4104,4104,Customs Duty,313.39
4105,4105,Import Duty,24364.1
4106,4106,Customs Duty,84540.56
4107,4107,Export Duty,2447.57
4108,4108,Customs Duty,1883.91
4109,4109,Import Duty,64568.33
4110,4110,Export Duty,66808.58
4111,4111,VAT,47941.42
4112,4112,Excise Duty,138739.06
4113,4113,Excise Duty,14572.38
4114,4114,Customs Duty,52264.8
4115,4115,VAT,14207.22
4116,4116,Import Duty,377.56
4117,4117,VAT,2995.91
4118,4118,Export Duty,85222.25
4119,4119,Export Duty,6285.11
4120,4120,Export Duty,25792.35
4121,4121,Service Tax,28372.18
4122,4122,Customs Duty,7910.05
4123,4123,Import Duty,4266.53
4124,4124,VAT,214648.92
4125,4125,Customs Duty,1023.11
4126,4126,VAT,170.05
4127,4127,Customs Duty,102666.2
4128,4128,Export Duty,178.94
4129,4129,Export Duty,113444.42
4130,4130,Service Tax,832.88
4131,4131,Service Tax,162.92
4132,4132,Export Duty,56436.29
4133,4133,Import Duty,40378.31
4134,4134,VAT,78401.48
4135,4135,VAT,1100.12
4136,4136,Import Duty,322928.41
4137,4137,Export Duty,722.78
4138,4138,VAT,16977.41
4139,4139,Customs Duty,191.49
4140,4140,Customs Duty,5729.39
4141,4141,Customs Duty,751.27
4142,4142,Customs Duty,4430.18
4143,4143,Import Duty,5879.15
4144,4144,VAT,2430.39
4145,4145,Customs Duty,610.44
4146,4146,VAT,193.72
4147,4147,VAT,1491.13
4148,4148,Import Duty,5902.18
4149,4149,Customs Duty,789.65
4150,4150,Customs Duty,14922.77
4151,4151,Customs Duty,1931.01
4152,4152,Import Duty,368112.71
4153,4153,VAT,834.4
4154,4154,Import Duty,227173.09
4155,4155,VAT,962.46
4156,4156,VAT,1297.74
4157,4157,Customs Duty,44619.7
4158,4158,VAT,1762.34
4159,4159,Export Duty,12663.53
4160,4160,Excise Duty,390.09
4161,4161,Customs Duty,1207.66
4162,4162,Excise Duty,2355.76
4163,4163,VAT,10878.45
4164,4164,Customs Duty,483.97
4165,4165,Export Duty,236.09
4166,4166,Import Duty,33874.78
4167,4167,Excise Duty,144741.66
4168,4168,Excise Duty,1076.6
4169,4169,Customs Duty,57014.02
4170,4170,Export Duty,40944.74
4171,4171,Import Duty,135301.91
4172,4172,Customs Duty,2993.34
4173,4173,VAT,63267.52
4174,4174,Customs Duty,177.54
4175,4175,Service Tax,71998.08
4176,4176,Import Duty,6491.85
4177,4177,Customs Duty,1061.52
4178,4178,VAT,8361.85
4179,4179,Excise Duty,294.67
4180,4180,VAT,32748.41
4181,4181,VAT,20233.08
4182,4182,Customs Duty,77367.37
4183,4183,Import Duty,18287.13
4184,4184,Service Tax,600.96
4185,4185,VAT,1454.15
4186,4186,Import Duty,3470.66
4187,4187,Service Tax,17142.65
4188,4188,VAT,145410.22
4189,4189,Import Duty,29592.08
4190,4190,Customs Duty,615.66
4191,4191,VAT,43098.98
4192,4192,Service Tax,16344.35
4193,4193,VAT,228788.46
4194,4194,VAT,94038.89
4195,4195,VAT,111945.63
4196,4196,Service Tax,2719.06
4197,4197,Customs Duty,15067.71
4198,4198,Customs Duty,106101.39
4199,4199,Service Tax,41331.43
4200,4200,Export Duty,414.65
4201,4201,Customs Duty,596.73
4202,4202,Customs Duty,79441.91
4203,4203,Service Tax,6286.41
4204,4204,VAT,25466.44
4205,4205,Export Duty,67991.99
4206,4206,Import Duty,17657.76
4207,4207,Customs Duty,6956.96
4208,4208,Service Tax,69.86
4209,4209,VAT,248964.81
4210,4210,VAT,64304.51
4211,4211,Excise Duty,10266.45
4212,4212,Import Duty,12688.01
4213,4213,Export Duty,57643.16
4214,4214,Import Duty,31043.48
4215,4215,Export Duty,1816.56
4216,4216,Customs Duty,200654.91
4217,4217,Export Duty,526.03
4218,4218,Customs Duty,1154.91
4219,4219,Customs Duty,790.02
4220,4220,VAT,16679.01
4221,4221,VAT,22566.31
4222,4222,VAT,18754.41
4223,4223,VAT,2715.45
4224,4224,VAT,669.07
4225,4225,VAT,1470.98
4226,4226,Customs Duty,989.92
4227,4227,Import Duty,2497.16
4228,4228,Import Duty,80173.17
4229,4229,VAT,11556.25
4230,4230,Excise Duty,4130.41
4231,4231,VAT,2977.91
4232,4232,Export Duty,12291.1
4233,4233,VAT,89675.93
4234,4234,Customs Duty,130303.49
4235,4235,VAT,6855.78
4236,4236,Excise Duty,92964.61
4237,4237,VAT,167821.59
4238,4238,Customs Duty,1076.2
4239,4239,Customs Duty,139043.85
4240,4240,Import Duty,39528.23
4241,4241,Import Duty,28877.56
4242,4242,VAT,2181.63
4243,4243,Service Tax,1494.14
4244,4244,VAT,3699.56
4245,4245,Customs Duty,1197.68
4246,4246,Service Tax,3252.89
4247,4247,Import Duty,165047.16
4248,4248,VAT,13115.43
4249,4249,VAT,267025.16
4250,4250,Import Duty,56698.61
4251,4251,VAT,912.5
4252,4252,VAT,83614.01
4253,4253,VAT,59244.39
4254,4254,Customs Duty,132472.21
4255,4255,Excise Duty,130497.63
4256,4256,Import Duty,23552.5
4257,4257,Excise Duty,349.48
4258,4258,Excise Duty,59398.22
4259,4259,Service Tax,91.91
4260,4260,Import Duty,6257.76
4261,4261,VAT,6140.18
4262,4262,Customs Duty,42.78
4263,4263,Import Duty,569.45
4264,4264,Export Duty,19229.15
4265,4265,Service Tax,10347.02
4266,4266,VAT,11195.08
4267,4267,VAT,1096.65
4268,4268,VAT,347133.75
4269,4269,VAT,54352.05
4270,4270,VAT,45613.92
4271,4271,Service Tax,734.66
4272,4272,Service Tax,21298.7
4273,4273,Import Duty,322.91
4274,4274,Export Duty,2033.33
4275,4275,Export Duty,185.22
4276,4276,Import Duty,706.1
4277,4277,Export Duty,51865.25
4278,4278,Customs Duty,5635.93
4279,4279,Import Duty,1085.13
4280,4280,Customs Duty,9533.96
4281,4281,Excise Duty,10040.9
4282,4282,Export Duty,837.37
4283,4283,Import Duty,9794.87
4284,4284,Excise Duty,543.7
4285,4285,VAT,25978.35
4286,4286,VAT,2425.03
4287,4287,Import Duty,76.37
4288,4288,Customs Duty,292.33
4289,4289,Service Tax,5825.65
4290,4290,Excise Duty,5765.95
4291,4291,Excise Duty,111258.27
4292,4292,Excise Duty,1286.1
4293,4293,Import Duty,266.0
4294,4294,Customs Duty,28480.9
4295,4295,Import Duty,32183.18
4296,4296,VAT,777.02
4297,4297,VAT,16250.94
4298,4298,Excise Duty,1138.19
4299,4299,VAT,94731.7
4300,4300,Excise Duty,912.65
4301,4301,VAT,1475.97
4302,4302,VAT,69353.65
4303,4303,Import Duty,161.19
4304,4304,Export Duty,97634.9
4305,4305,Customs Duty,50366.05
4306,4306,Import Duty,438.27
4307,4307,VAT,1033.19
4308,4308,Customs Duty,10053.5
4309,4309,VAT,30.61
4310,4310,Customs Duty,17768.24
4311,4311,Import Duty,2005.29
4312,4312,Import Duty,582.33
4313,4313,VAT,54523.65
4314,4314,Customs Duty,285.31
4315,4315,Service Tax,77298.24
4316,4316,Customs Duty,3483.07
4317,4317,VAT,151780.41
4318,4318,VAT,10200.38
4319,4319,Service Tax,59092.48
4320,4320,Customs Duty,4390.73
4321,4321,Customs Duty,467.54
4322,4322,VAT,67908.22
4323,4323,Export Duty,86337.68
4324,4324,Customs Duty,534.9
4325,4325,Customs Duty,13440.01
4326,4326,Export Duty,8276.5
4327,4327,Customs Duty,483.08
4328,4328,Export Duty,3712.23
4329,4329,Customs Duty,25705.49
4330,4330,Export Duty,154.51
4331,4331,VAT,3887.49
4332,4332,Import Duty,146769.21
4333,4333,VAT,19340.97
4334,4334,Service Tax,69990.4
4335,4335,Export Duty,585.98
4336,4336,Customs Duty,1701.14
4337,4337,Import Duty,50526.31
4338,4338,Customs Duty,50074.49
4339,4339,Customs Duty,50624.29
4340,4340,Import Duty,1715.56
4341,4341,VAT,64455.95
4342,4342,Export Duty,5848.12
4343,4343,Excise Duty,144340.92
4344,4344,VAT,229306.48
4345,4345,Import Duty,222115.14
4346,4346,Customs Duty,130.15
4347,4347,Excise Duty,414.36
4348,4348,Customs Duty,171.48
4349,4349,VAT,24840.56
4350,4350,Import Duty,10243.35
4351,4351,Excise Duty,15134.3
4352,4352,Service Tax,9407.87
4353,4353,VAT,427.05
4354,4354,Import Duty,2670.25
4355,4355,Customs Duty,1546.05
4356,4356,Import Duty,315511.44
4357,4357,VAT,22281.64
4358,4358,Import Duty,235288.07
4359,4359,Import Duty,891.44
4360,4360,Import Duty,603.79
4361,4361,Customs Duty,11452.12
4362,4362,VAT,21478.32
4363,4363,VAT,229205.34
4364,4364,Customs Duty,268.32
4365,4365,Excise Duty,7649.66
4366,4366,Import Duty,8788.74
4367,4367,Import Duty,212929.48
4368,4368,VAT,2503.28
4369,4369,Excise Duty,31407.22
4370,4370,VAT,207066.73
4371,4371,Customs Duty,127783.61
4372,4372,VAT,33946.41
4373,4373,VAT,27145.37
4374,4374,Excise Duty,792.63
4375,4375,Customs Duty,577.73
4376,4376,VAT,80173.83
4377,4377,Export Duty,268.58
4378,4378,Export Duty,93279.68
4379,4379,Customs Duty,73926.33
4380,4380,VAT,23814.54
4381,4381,Customs Duty,196436.73
4382,4382,Export Duty,624.51
4383,4383,Excise Duty,553.18
4384,4384,Service Tax,571.0
4385,4385,Customs Duty,24855.7
4386,4386,VAT,18813.06
4387,4387,Customs Duty,115894.03
4388,4388,Import Duty,29995.23
4389,4389,Import Duty,205453.18
4390,4390,Service Tax,9416.62
4391,4391,Import Duty,2773.12
4392,4392,VAT,4010.95
4393,4393,Export Duty,24583.03
4394,4394,Customs Duty,149.76
4395,4395,VAT,94675.59
4396,4396,VAT,657.28
4397,4397,Excise Duty,876.87
4398,4398,Excise Duty,1035.54
4399,4399,VAT,8798.1
4400,4400,Customs Duty,4638.53
4401,4401,Customs Duty,151566.66
4402,4402,Customs Duty,13088.56
4403,4403,Export Duty,8054.58
4404,4404,Excise Duty,768.38
4405,4405,VAT,87056.07
4406,4406,Service Tax,919.33
4407,4407,VAT,18797.75
4408,4408,Customs Duty,274364.0
4409,4409,Customs Duty,83151.27
4410,4410,Customs Duty,14580.0
4411,4411,Import Duty,48811.63
4412,4412,VAT,163499.05
4413,4413,VAT,376.7
4414,4414,VAT,4231.21
4415,4415,Import Duty,33021.85
4416,4416,Customs Duty,60851.31
4417,4417,Customs Duty,2422.6
4418,4418,Customs Duty,14815.29
4419,4419,Import Duty,5767.58
4420,4420,Customs Duty,129738.41
4421,4421,Import Duty,556.64
4422,4422,Customs Duty,40632.35
4423,4423,Import Duty,41250.25
4424,4424,VAT,14010.42
4425,4425,VAT,214.37
4426,4426,VAT,1114.5
4427,4427,Service Tax,29013.39
4428,4428,Import Duty,158121.14
4429,4429,VAT,27946.53
4430,4430,Customs Duty,415.78
4431,4431,Excise Duty,116989.62
4432,4432,VAT,6285.51
4433,4433,VAT,9914.45
4434,4434,VAT,946.02
4435,4435,VAT,1546.82
4436,4436,VAT,82748.21
4437,4437,Excise Duty,1857.58
4438,4438,Excise Duty,173.88
4439,4439,VAT,5262.55
4440,4440,Import Duty,763.78
4441,4441,VAT,769.8
4442,4442,VAT,176115.76
4443,4443,Excise Duty,191719.46
4444,4444,Export Duty,138336.23
4445,4445,VAT,1640.05
4446,4446,Excise Duty,113088.39
4447,4447,Customs Duty,877.14
4448,4448,Customs Duty,347.05
4449,4449,VAT,1628.61
4450,4450,VAT,13608.53
4451,4451,Customs Duty,187613.4
4452,4452,VAT,347.77
4453,4453,Service Tax,89.69
4454,4454,Service Tax,8141.79
4455,4455,VAT,24934.17
4456,4456,Import Duty,23976.49
4457,4457,Export Duty,43942.59
4458,4458,Customs Duty,73.02
4459,4459,Service Tax,239.74
4460,4460,VAT,1730.55
4461,4461,Customs Duty,46030.5
4462,4462,Customs Duty,66417.73
4463,4463,VAT,22544.14
4464,4464,Customs Duty,7099.44
4465,4465,Service Tax,213.18
4466,4466,Service Tax,67589.46
4467,4467,VAT,272537.56
4468,4468,Customs Duty,148.02
4469,4469,VAT,8167.97
4470,4470,Excise Duty,4415.7
4471,4471,VAT,39297.2
4472,4472,VAT,124923.08
4473,4473,Import Duty,9317.29
4474,4474,Service Tax,31636.62
4475,4475,Import Duty,626.37
4476,4476,Excise Duty,169029.91
4477,4477,Customs Duty,142061.94
4478,4478,Service Tax,51338.71
4479,4479,Import Duty,3413.47
4480,4480,Customs Duty,1298.75
4481,4481,Excise Duty,464.69
4482,4482,Customs Duty,226022.57
4483,4483,VAT,460.13
4484,4484,VAT,139.19
4485,4485,Customs Duty,157873.12
4486,4486,Export Duty,6481.79
4487,4487,Customs Duty,2341.36
4488,4488,Customs Duty,137542.09
4489,4489,Import Duty,12273.27
4490,4490,Import Duty,164.69
4491,4491,Service Tax,3265.12
4492,4492,Customs Duty,865.48
4493,4493,Customs Duty,215.83
4494,4494,Export Duty,182.17
4495,4495,Excise Duty,9631.49
4496,4496,Export Duty,6831.24
4497,4497,Import Duty,123472.11
4498,4498,VAT,143.03
4499,4499,Customs Duty,758.82
4500,4500,Import Duty,2517.38
4501,4501,Customs Duty,223.91
4502,4502,VAT,26489.21
4503,4503,Import Duty,27317.79
4504,4504,Customs Duty,686.96
4505,4505,Customs Duty,105227.21
4506,4506,VAT,3765.81
4507,4507,Customs Duty,64465.12
4508,4508,VAT,1198.98
4509,4509,VAT,222535.11
4510,4510,Import Duty,3019.66
4511,4511,VAT,6165.53
4512,4512,Customs Duty,105831.77
4513,4513,Service Tax,12848.67
4514,4514,Customs Duty,245.38
4515,4515,Import Duty,328400.79
4516,4516,VAT,21744.39
4517,4517,Export Duty,30230.63
4518,4518,Customs Duty,95055.08
4519,4519,Customs Duty,25471.89
4520,4520,Customs Duty,105.98
4521,4521,Customs Duty,138.48
4522,4522,Excise Duty,15874.01
4523,4523,Customs Duty,107300.42
4524,4524,Customs Duty,3423.14
4525,4525,VAT,4855.45
4526,4526,VAT,1130.1
4527,4527,Customs Duty,917.0
4528,4528,Customs Duty,401.37
4529,4529,Customs Duty,4159.97
4530,4530,Customs Duty,72753.02
4531,4531,Customs Duty,185913.6
4532,4532,VAT,9697.67
4533,4533,Import Duty,2244.08
4534,4534,Service Tax,74319.59
4535,4535,VAT,30188.06
4536,4536,Customs Duty,84560.97
4537,4537,Customs Duty,1245.74
4538,4538,VAT,4074.63
4539,4539,Customs Duty,497.74
4540,4540,VAT,779.05
4541,4541,Customs Duty,5540.32
4542,4542,Service Tax,132.57
4543,4543,Customs Duty,124117.01
4544,4544,Import Duty,208660.48
4545,4545,Export Duty,15932.79
4546,4546,Import Duty,12337.26
4547,4547,Customs Duty,432.07
4548,4548,Customs Duty,80744.45
4549,4549,Customs Duty,20421.45
4550,4550,VAT,574.94
4551,4551,Customs Duty,1088.52
4552,4552,Customs Duty,5419.4
4553,4553,Excise Duty,255.67
4554,4554,Customs Duty,17337.3
4555,4555,VAT,90274.24
4556,4556,Customs Duty,326.34
4557,4557,Excise Duty,12332.24
4558,4558,Customs Duty,27258.55
4559,4559,VAT,168268.15
4560,4560,Customs Duty,20990.78
4561,4561,Customs Duty,912.55
4562,4562,Excise Duty,77992.71
4563,4563,Import Duty,45629.74
4564,4564,VAT,762.16
4565,4565,Customs Duty,21183.52
4566,4566,Customs Duty,7087.3
4567,4567,Import Duty,101679.15
4568,4568,Import Duty,718.88
4569,4569,Customs Duty,5021.07
4570,4570,Customs Duty,4715.46
4571,4571,Service Tax,5470.73
4572,4572,Customs Duty,88353.85
4573,4573,Export Duty,7083.11
4574,4574,Excise Duty,9820.62
4575,4575,Export Duty,1197.24
4576,4576,VAT,6273.45
4577,4577,Service Tax,8117.72
4578,4578,VAT,23050.93
4579,4579,Customs Duty,95390.61
4580,4580,Service Tax,663.87
4581,4581,VAT,4840.18
4582,4582,Export Duty,437.92
4583,4583,Customs Duty,2172.31
4584,4584,Customs Duty,1653.85
4585,4585,VAT,100680.26
4586,4586,VAT,33017.69
4587,4587,VAT,160256.48
4588,4588,Import Duty,375608.82
4589,4589,Import Duty,76139.85
4590,4590,VAT,2650.33
4591,4591,Import Duty,2447.7
4592,4592,VAT,760.29
4593,4593,Import Duty,1581.34
4594,4594,Excise Duty,1064.34
4595,4595,VAT,4704.98
4596,4596,VAT,114236.3
4597,4597,Import Duty,11070.3
4598,4598,VAT,69.0
4599,4599,Customs Duty,113093.06
4600,4600,Import Duty,6806.01
4601,4601,Excise Duty,39494.39
4602,4602,Customs Duty,338.12
4603,4603,Customs Duty,78882.9
4604,4604,Import Duty,2303.6
4605,4605,VAT,176596.01
4606,4606,Customs Duty,208410.46
4607,4607,VAT,212333.91
4608,4608,Export Duty,142577.23
4609,4609,Export Duty,3057.99
4610,4610,Import Duty,317548.15
4611,4611,Customs Duty,618.63
4612,4612,Import Duty,183365.44
4613,4613,VAT,6817.17
4614,4614,VAT,177337.29
4615,4615,Import Duty,682.06
4616,4616,Service Tax,115.84
4617,4617,VAT,8504.96
4618,4618,VAT,7298.46
4619,4619,Excise Duty,28564.93
4620,4620,VAT,114522.03
4621,4621,Import Duty,22392.18
4622,4622,Export Duty,27942.92
4623,4623,VAT,13185.21
4624,4624,Customs Duty,1043.34
4625,4625,Customs Duty,143448.56
4626,4626,Export Duty,502.85
4627,4627,Service Tax,939.97
4628,4628,Service Tax,258.49
4629,4629,VAT,19979.36
4630,4630,VAT,165832.55
4631,4631,VAT,224822.21
4632,4632,Import Duty,8976.07
4633,4633,VAT,237781.76
4634,4634,Customs Duty,4741.57
4635,4635,Export Duty,6346.91
4636,4636,Customs Duty,62726.9
4637,4637,VAT,2207.54
4638,4638,VAT,7169.51
4639,4639,Service Tax,8755.5
4640,4640,Service Tax,8210.06
4641,4641,Customs Duty,151.45
4642,4642,Customs Duty,164.13
4643,4643,Import Duty,6839.57
4644,4644,VAT,2452.1
4645,4645,Export Duty,583.76
4646,4646,Customs Duty,195902.25
4647,4647,Import Duty,413011.18
4648,4648,Service Tax,5661.15
4649,4649,Import Duty,169.53
4650,4650,Import Duty,22500.88
4651,4651,VAT,5898.91
4652,4652,VAT,1016.77
4653,4653,Service Tax,30545.05
4654,4654,Customs Duty,1048.59
4655,4655,VAT,2915.46
4656,4656,Import Duty,7001.43
4657,4657,Customs Duty,143637.13
4658,4658,Export Duty,1850.7
4659,4659,VAT,946.51
4660,4660,VAT,1561.44
4661,4661,Customs Duty,3343.58
4662,4662,Excise Duty,2008.22
4663,4663,Import Duty,126683.78
4664,4664,VAT,493.83
4665,4665,Export Duty,702.18
4666,4666,Excise Duty,1074.1
4667,4667,Service Tax,173.81
4668,4668,Customs Duty,429.76
4669,4669,Export Duty,17912.2
4670,4670,VAT,3042.05
4671,4671,Customs Duty,9701.67
4672,4672,Customs Duty,91584.84
4673,4673,Customs Duty,9569.94
4674,4674,Customs Duty,18395.94
4675,4675,Service Tax,35717.25
4676,4676,Excise Duty,83492.29
4677,4677,Excise Duty,3657.41
4678,4678,Export Duty,1444.83
4679,4679,Customs Duty,15780.32
4680,4680,VAT,866.74
4681,4681,Customs Duty,99147.16
4682,4682,VAT,16446.44
4683,4683,VAT,27231.23
4684,4684,Customs Duty,13944.38
4685,4685,VAT,2193.97
4686,4686,Customs Duty,109360.78
4687,4687,Customs Duty,150364.22
4688,4688,Customs Duty,290359.03
4689,4689,Customs Duty,39385.55
4690,4690,Import Duty,76.4
4691,4691,VAT,106304.02
4692,4692,Export Duty,7145.69
4693,4693,VAT,1696.17
4694,4694,VAT,134858.65
4695,4695,Import Duty,284016.46
4696,4696,Excise Duty,10528.66
4697,4697,Customs Duty,54051.2
4698,4698,Import Duty,288993.28
4699,4699,Import Duty,7060.02
4700,4700,VAT,2195.56
4701,4701,VAT,638.6
4702,4702,Service Tax,44259.73
4703,4703,Service Tax,879.3
4704,4704,Customs Duty,38337.28
4705,4705,Import Duty,286.53
4706,4706,Service Tax,74.93
4707,4707,Customs Duty,175.09
4708,4708,VAT,145958.37
4709,4709,Service Tax,27871.6
4710,4710,Import Duty,7863.76
4711,4711,Import Duty,12741.5
4712,4712,VAT,2556.45
4713,4713,Customs Duty,2269.81
4714,4714,Excise Duty,225.53
4715,4715,Customs Duty,3090.66
4716,4716,VAT,37910.87
4717,4717,Import Duty,98523.08
4718,4718,Customs Duty,12357.13
4719,4719,Service Tax,6806.92
4720,4720,VAT,101952.85
4721,4721,Customs Duty,912.07
4722,4722,VAT,1376.26
4723,4723,Import Duty,29357.25
4724,4724,Service Tax,3074.98
4725,4725,Import Duty,121290.86
4726,4726,Import Duty,2161.77
4727,4727,Customs Duty,4398.23
4728,4728,Customs Duty,725.1
4729,4729,Import Duty,71949.93
4730,4730,Customs Duty,320.82
4731,4731,Customs Duty,150064.65
4732,4732,VAT,24721.16
4733,4733,VAT,14540.44
4734,4734,Service Tax,427.37
4735,4735,Customs Duty,826.42
4736,4736,VAT,2380.33
4737,4737,Excise Duty,1633.93
4738,4738,Import Duty,933.77
4739,4739,Customs Duty,247.78
4740,4740,Customs Duty,7737.05
4741,4741,Customs Duty,19328.98
4742,4742,VAT,899.03
4743,4743,Service Tax,1014.27
4744,4744,Excise Duty,12478.87
4745,4745,Customs Duty,252.07
4746,4746,Customs Duty,3141.31
4747,4747,Excise Duty,2461.21
4748,4748,Export Duty,7149.39
4749,4749,Customs Duty,1414.93
4750,4750,Import Duty,822.97
4751,4751,Excise Duty,10974.99
4752,4752,VAT,154595.25
4753,4753,Customs Duty,8288.67
4754,4754,VAT,1418.11
4755,4755,Customs Duty,1023.21
4756,4756,Excise Duty,255.71
4757,4757,Customs Duty,1644.67
4758,4758,VAT,93866.89
4759,4759,VAT,47798.44
4760,4760,Customs Duty,188.3
4761,4761,Service Tax,322.18
4762,4762,Customs Duty,6079.58
4763,4763,Excise Duty,23495.15
4764,4764,VAT,39030.52
4765,4765,VAT,1463.5
4766,4766,VAT,13229.66
4767,4767,Service Tax,73247.32
4768,4768,Customs Duty,232.49
4769,4769,Customs Duty,463.23
4770,4770,Customs Duty,13565.37
4771,4771,Customs Duty,610.64
4772,4772,VAT,48863.16
4773,4773,VAT,1115.69
4774,4774,Import Duty,582.16
4775,4775,Customs Duty,1101.81
4776,4776,Import Duty,809.48
4777,4777,Import Duty,2124.14
4778,4778,VAT,2846.66
4779,4779,Customs Duty,66564.56
4780,4780,VAT,2057.47
4781,4781,VAT,870.96
4782,4782,VAT,176729.76
4783,4783,Customs Duty,7960.72
4784,4784,Customs Duty,5406.48
4785,4785,VAT,12907.81
4786,4786,Excise Duty,43033.99
4787,4787,Service Tax,1231.81
4788,4788,Customs Duty,13703.83
4789,4789,VAT,794.49
4790,4790,Customs Duty,399.64
4791,4791,Customs Duty,405.7
4792,4792,Excise Duty,4078.79
4793,4793,Export Duty,8815.34
4794,4794,Import Duty,48012.7
4795,4795,Export Duty,1548.62
4796,4796,Import Duty,8657.09
4797,4797,VAT,105449.33
4798,4798,Import Duty,75967.87
4799,4799,Import Duty,252.51
4800,4800,Customs Duty,22.32
4801,4801,Excise Duty,508.37
4802,4802,Customs Duty,939.9
4803,4803,Customs Duty,928.01
4804,4804,Customs Duty,18579.02
4805,4805,Customs Duty,182707.71
4806,4806,Customs Duty,21780.3
4807,4807,Export Duty,37104.69
4808,4808,Excise Duty,9094.63
4809,4809,VAT,73240.02
4810,4810,VAT,134089.7
4811,4811,Customs Duty,6862.88
4812,4812,Service Tax,4768.04
4813,4813,VAT,172865.2
4814,4814,Service Tax,7111.22
4815,4815,VAT,13705.59
4816,4816,Customs Duty,7956.34
4817,4817,Customs Duty,169.26
4818,4818,Customs Duty,784.78
4819,4819,VAT,4305.14
4820,4820,Export Duty,965.41
4821,4821,VAT,1368.11
4822,4822,Customs Duty,252.67
4823,4823,Customs Duty,10890.11
4824,4824,Excise Duty,4218.37
4825,4825,Export Duty,633.37
4826,4826,VAT,783.68
4827,4827,Service Tax,38318.35
4828,4828,Import Duty,939.03
4829,4829,VAT,6205.57
4830,4830,Service Tax,234.38
4831,4831,Customs Duty,1600.19
4832,4832,Import Duty,173678.04
4833,4833,VAT,507.23
4834,4834,VAT,20671.46
4835,4835,VAT,14703.03
4836,4836,VAT,133242.51
4837,4837,VAT,19475.76
4838,4838,VAT,236766.84
4839,4839,VAT,122557.37
4840,4840,Customs Duty,20688.45
4841,4841,Customs Duty,180083.01
4842,4842,Excise Duty,3581.2
4843,4843,Service Tax,637.35
4844,4844,VAT,841.7
4845,4845,Customs Duty,195121.27
4846,4846,Customs Duty,2815.47
4847,4847,VAT,77423.25
4848,4848,VAT,10167.17
4849,4849,Excise Duty,6216.16
4850,4850,Customs Duty,13230.93
4851,4851,Import Duty,211393.02
4852,4852,Customs Duty,289.31
4853,4853,Customs Duty,38847.32
4854,4854,Service Tax,172.88
4855,4855,VAT,210.75
4856,4856,Customs Duty,194.32
4857,4857,VAT,2202.95
4858,4858,VAT,12108.77
4859,4859,Customs Duty,45820.91
4860,4860,Import Duty,8660.34
4861,4861,Import Duty,6324.79
4862,4862,VAT,5037.14
4863,4863,Customs Duty,164463.37
4864,4864,Customs Duty,22320.18
4865,4865,VAT,19419.09
4866,4866,VAT,3471.49
4867,4867,Customs Duty,551.81
4868,4868,Customs Duty,2497.09
4869,4869,Customs Duty,1367.58
4870,4870,Service Tax,1282.86
4871,4871,Import Duty,15857.13
4872,4872,Customs Duty,5346.12
4873,4873,Import Duty,2658.44
4874,4874,Import Duty,15141.64
4875,4875,Import Duty,563.74
4876,4876,Customs Duty,879.5
4877,4877,Import Duty,1871.12
4878,4878,Export Duty,365.89
4879,4879,Customs Duty,438.92
4880,4880,Excise Duty,12726.76
4881,4881,Export Duty,13094.66
4882,4882,VAT,398.95
4883,4883,VAT,174.41
4884,4884,Import Duty,28475.33
4885,4885,Import Duty,24531.94
4886,4886,Excise Duty,100733.0
4887,4887,Export Duty,1445.38
4888,4888,Import Duty,352169.23
4889,4889,VAT,933.23
4890,4890,Customs Duty,162673.77
4891,4891,Excise Duty,14691.58
4892,4892,Excise Duty,286.06
4893,4893,Customs Duty,43761.92
4894,4894,Customs Duty,1341.5
4895,4895,Customs Duty,20624.14
4896,4896,VAT,2013.57
4897,4897,Import Duty,25769.63
4898,4898,Customs Duty,358.34
4899,4899,VAT,613.29
4900,4900,Customs Duty,495.97
4901,4901,VAT,1666.25
4902,4902,Import Duty,86.76
4903,4903,VAT,2735.47
4904,4904,Customs Duty,5016.43
4905,4905,Customs Duty,2211.71
4906,4906,Import Duty,302897.13
4907,4907,Customs Duty,88726.98
4908,4908,Customs Duty,2274.54
4909,4909,VAT,1582.72
4910,4910,Customs Duty,814.16
4911,4911,Export Duty,693.77
4912,4912,Import Duty,2266.23
4913,4913,Import Duty,89398.58
4914,4914,Customs Duty,2010.01
4915,4915,VAT,1095.34
4916,4916,VAT,927.17
4917,4917,Service Tax,1776.03
4918,4918,Customs Duty,54460.68
4919,4919,Import Duty,1138.54
4920,4920,Export Duty,32034.44
4921,4921,VAT,146414.04
4922,4922,VAT,186581.44
4923,4923,VAT,16152.2
4924,4924,Service Tax,8011.6
4925,4925,Excise Duty,388.52
4926,4926,Customs Duty,150.0
4927,4927,Customs Duty,1260.98
4928,4928,Import Duty,136952.46
4929,4929,VAT,5100.45
4930,4930,Customs Duty,2761.7
4931,4931,Customs Duty,111900.82
4932,4932,Import Duty,127268.72
4933,4933,VAT,969.23
4934,4934,Export Duty,117314.06
4935,4935,Import Duty,46000.33
4936,4936,Import Duty,5173.64
4937,4937,Import Duty,188847.62
4938,4938,Customs Duty,122736.97
4939,4939,Import Duty,1734.24
4940,4940,Customs Duty,118687.16
4941,4941,Customs Duty,216590.16
4942,4942,VAT,1374.69
4943,4943,VAT,253771.57
4944,4944,Customs Duty,4257.17
4945,4945,Export Duty,2607.47
4946,4946,Customs Duty,7917.2
4947,4947,VAT,12899.83
4948,4948,Excise Duty,229.06
4949,4949,VAT,313248.39
4950,4950,Customs Duty,52617.05
4951,4951,Service Tax,2417.14
4952,4952,Excise Duty,2471.21
4953,4953,Import Duty,19785.37
4954,4954,VAT,7040.6
4955,4955,Import Duty,301682.95
4956,4956,Excise Duty,107050.9
4957,4957,VAT,634.46
4958,4958,Service Tax,322.7
4959,4959,VAT,33480.16
4960,4960,Service Tax,6298.27
4961,4961,Excise Duty,129741.43
4962,4962,Import Duty,8039.44
4963,4963,Service Tax,4695.32
4964,4964,Import Duty,35699.19
4965,4965,Customs Duty,16151.34
4966,4966,Customs Duty,800.17
4967,4967,VAT,1038.28
4968,4968,Customs Duty,11870.29
4969,4969,Service Tax,58.64
4970,4970,Service Tax,584.32
4971,4971,Customs Duty,183601.77
4972,4972,Customs Duty,9320.5
4973,4973,Customs Duty,175.86
4974,4974,Customs Duty,14638.56
4975,4975,Customs Duty,187374.77
4976,4976,Customs Duty,169.71
4977,4977,Import Duty,4780.04
4978,4978,Customs Duty,441.02
4979,4979,Customs Duty,7545.81
4980,4980,Excise Duty,146648.36
4981,4981,Import Duty,26563.34
4982,4982,Excise Duty,66349.15
4983,4983,Customs Duty,12603.68
4984,4984,Customs Duty,98114.59
4985,4985,Customs Duty,15972.77
4986,4986,Service Tax,166.86
4987,4987,VAT,314310.36
4988,4988,VAT,36498.95
4989,4989,VAT,54894.0
4990,4990,Customs Duty,389.87
4991,4991,Service Tax,2060.47
4992,4992,VAT,5502.92
4993,4993,Customs Duty,867.77
4994,4994,Service Tax,2923.24
4995,4995,Import Duty,58261.83
4996,4996,Customs Duty,13625.42
4997,4997,Import Duty,337.8
4998,4998,VAT,153403.56
4999,4999,VAT,260808.95
5000,5000,Export Duty,6830.9
5001,5001,Customs Duty,181.61
5002,5002,Customs Duty,1013.09
5003,5003,Customs Duty,14289.53
5004,5004,Customs Duty,4553.45
5005,5005,Service Tax,2700.95
5006,5006,Excise Duty,3162.72
5007,5007,Excise Duty,21420.29
5008,5008,Export Duty,721.55
5009,5009,Customs Duty,13865.42
5010,5010,Customs Duty,234154.24
5011,5011,Export Duty,461.03
5012,5012,Export Duty,24474.45
5013,5013,Export Duty,643.12
5014,5014,Export Duty,1271.45
5015,5015,Customs Duty,1478.88
5016,5016,Customs Duty,990.96
5017,5017,VAT,1512.58
5018,5018,Service Tax,3024.31
5019,5019,Excise Duty,69972.32
5020,5020,VAT,2221.07
5021,5021,Import Duty,4463.59
5022,5022,VAT,18611.99
5023,5023,Excise Duty,1515.74
5024,5024,Customs Duty,559.24
5025,5025,VAT,4346.51
5026,5026,Export Duty,18924.18
5027,5027,Customs Duty,440.15
5028,5028,Import Duty,8748.34
5029,5029,Import Duty,156355.12
5030,5030,Export Duty,743.82
5031,5031,VAT,1287.44
5032,5032,Excise Duty,195.18
5033,5033,Excise Duty,1917.08
5034,5034,Export Duty,124.12
5035,5035,Import Duty,20436.91
5036,5036,VAT,1051.95
5037,5037,Export Duty,3802.07
5038,5038,Export Duty,39754.4
5039,5039,Service Tax,1467.27
5040,5040,Import Duty,1639.39
5041,5041,Service Tax,17267.42
5042,5042,VAT,2047.19
5043,5043,VAT,216.53
5044,5044,Export Duty,33681.78
5045,5045,Customs Duty,762.35
5046,5046,Customs Duty,81660.66
5047,5047,VAT,157519.83
5048,5048,Service Tax,5463.18
5049,5049,Customs Duty,21400.39
5050,5050,Import Duty,33969.99
5051,5051,Excise Duty,64577.48
5052,5052,Customs Duty,891.15
5053,5053,Customs Duty,69198.62
5054,5054,Customs Duty,38345.26
5055,5055,VAT,3044.41
5056,5056,Import Duty,1467.07
5057,5057,Export Duty,21544.22
5058,5058,Customs Duty,166022.74
5059,5059,Customs Duty,2821.54
5060,5060,VAT,61884.19
5061,5061,Import Duty,41155.54
5062,5062,Excise Duty,22.64
5063,5063,Import Duty,1179.11
5064,5064,Service Tax,7018.46
5065,5065,Customs Duty,20754.58
5066,5066,VAT,20727.19
5067,5067,VAT,129602.03
5068,5068,Import Duty,2652.32
5069,5069,Customs Duty,118606.08
5070,5070,Customs Duty,104231.73
5071,5071,VAT,2148.64
5072,5072,Import Duty,1377.58
5073,5073,Customs Duty,472.92
5074,5074,VAT,6528.1
5075,5075,VAT,160758.82
5076,5076,Excise Duty,208.03
5077,5077,VAT,38696.92
5078,5078,Customs Duty,3685.6
5079,5079,Excise Duty,12391.57
5080,5080,VAT,2219.64
5081,5081,Import Duty,2912.25
5082,5082,Service Tax,36707.7
5083,5083,Customs Duty,25612.54
5084,5084,Customs Duty,1729.11
5085,5085,Excise Duty,88283.54
5086,5086,Customs Duty,21986.74
5087,5087,Customs Duty,2688.47
5088,5088,Customs Duty,12901.7
5089,5089,Customs Duty,190.61
5090,5090,VAT,187437.41
5091,5091,Import Duty,1683.82
5092,5092,VAT,107215.2
5093,5093,Import Duty,857.69
5094,5094,VAT,142763.7
5095,5095,Import Duty,241.05
5096,5096,Export Duty,12590.42
5097,5097,Customs Duty,1775.14
5098,5098,Excise Duty,99249.05
5099,5099,Export Duty,37622.72
5100,5100,Import Duty,1942.17
5101,5101,Customs Duty,7515.18
5102,5102,Import Duty,721.94
5103,5103,Customs Duty,95235.28
5104,5104,Customs Duty,1831.58
5105,5105,Import Duty,52932.92
5106,5106,Import Duty,14341.59
5107,5107,Import Duty,9408.22
5108,5108,Customs Duty,98028.73
5109,5109,VAT,234.38
5110,5110,Service Tax,87606.26
5111,5111,VAT,104211.5
5112,5112,Customs Duty,202.56
5113,5113,VAT,11532.2
5114,5114,Customs Duty,49436.17
5115,5115,VAT,40199.27
5116,5116,VAT,3720.89
5117,5117,VAT,3165.21
5118,5118,Excise Duty,22280.07
5119,5119,Customs Duty,10986.92
5120,5120,Import Duty,943.06
5121,5121,Export Duty,5152.47
5122,5122,Customs Duty,26733.13
5123,5123,Service Tax,154.47
5124,5124,Import Duty,220592.9
5125,5125,Customs Duty,162.06
5126,5126,VAT,23703.31
5127,5127,Excise Duty,17219.88
5128,5128,Export Duty,63728.1
5129,5129,Customs Duty,2711.25
5130,5130,VAT,626.21
5131,5131,Customs Duty,282.81
5132,5132,Import Duty,9685.98
5133,5133,Import Duty,81145.21
5134,5134,Import Duty,7699.54
5135,5135,Import Duty,1574.95
5136,5136,Service Tax,534.21
5137,5137,VAT,250935.54
5138,5138,Customs Duty,143.02
5139,5139,Customs Duty,11333.98
5140,5140,Import Duty,53.89
5141,5141,Import Duty,243708.22
5142,5142,Import Duty,211259.59
5143,5143,Excise Duty,14465.43
5144,5144,Excise Duty,762.26
5145,5145,Customs Duty,190.03
5146,5146,VAT,226687.86
5147,5147,Customs Duty,3175.16
5148,5148,Export Duty,265.39
5149,5149,Import Duty,160.39
5150,5150,VAT,1353.57
5151,5151,VAT,26043.39
5152,5152,Customs Duty,2649.75
5153,5153,VAT,1097.56
5154,5154,Customs Duty,172930.73
5155,5155,VAT,107972.33
5156,5156,Customs Duty,7969.46
5157,5157,VAT,692.82
5158,5158,Excise Duty,139474.97
5159,5159,VAT,299111.25
5160,5160,Excise Duty,241.56
5161,5161,Customs Duty,40655.92
5162,5162,Customs Duty,208917.2
5163,5163,Service Tax,490.63
5164,5164,VAT,1134.19
5165,5165,Import Duty,11215.89
5166,5166,VAT,100767.95
5167,5167,Customs Duty,78171.83
5168,5168,VAT,15547.64
5169,5169,Customs Duty,1559.43
5170,5170,VAT,2626.04
5171,5171,Service Tax,14867.32
5172,5172,Customs Duty,1895.16
5173,5173,Excise Duty,995.1
5174,5174,Excise Duty,8568.97
5175,5175,VAT,33883.45
5176,5176,Customs Duty,43824.51
5177,5177,Export Duty,41.99
5178,5178,Import Duty,765.59
5179,5179,Customs Duty,1332.52
5180,5180,VAT,239889.6
5181,5181,VAT,1004.83
5182,5182,Export Duty,34435.27
5183,5183,Export Duty,5201.52
5184,5184,Import Duty,118090.05
5185,5185,Customs Duty,372.59
5186,5186,Customs Duty,13916.45
5187,5187,Import Duty,1433.79
5188,5188,Import Duty,18391.87
5189,5189,Customs Duty,21787.87
5190,5190,Import Duty,444.09
5191,5191,Customs Duty,52062.12
5192,5192,Service Tax,765.92
5193,5193,Service Tax,8833.2
5194,5194,VAT,30647.03
5195,5195,VAT,10916.14
5196,5196,Customs Duty,60694.44
5197,5197,Service Tax,94844.95
5198,5198,Service Tax,1287.87
5199,5199,Export Duty,2053.33
5200,5200,VAT,123073.08
5201,5201,Customs Duty,100354.7
5202,5202,Export Duty,139.69
5203,5203,Import Duty,30814.52
5204,5204,Customs Duty,205.84
5205,5205,VAT,6144.23
5206,5206,Import Duty,26595.84
5207,5207,Customs Duty,10094.88
5208,5208,Excise Duty,37075.8
5209,5209,Customs Duty,1088.11
5210,5210,VAT,347.05
5211,5211,Import Duty,235168.68
5212,5212,VAT,82902.98
5213,5213,VAT,2857.71
5214,5214,Customs Duty,30016.0
5215,5215,Customs Duty,8084.57
5216,5216,Customs Duty,1662.38
5217,5217,VAT,2212.77
5218,5218,Customs Duty,96251.28
5219,5219,Import Duty,48176.73
5220,5220,Customs Duty,1201.23
5221,5221,Customs Duty,2997.24
5222,5222,Export Duty,4172.46
5223,5223,Excise Duty,9047.43
5224,5224,VAT,48548.95
5225,5225,Import Duty,1710.1
5226,5226,VAT,3002.72
5227,5227,VAT,240.54
5228,5228,Customs Duty,1439.02
5229,5229,Import Duty,980.02
5230,5230,Customs Duty,113680.03
5231,5231,Import Duty,1332.01
5232,5232,Customs Duty,490.56
5233,5233,Customs Duty,60162.98
5234,5234,Export Duty,9154.38
5235,5235,VAT,39038.67
5236,5236,Import Duty,469.91
5237,5237,VAT,232720.27
5238,5238,Excise Duty,5761.14
5239,5239,Export Duty,5633.7
5240,5240,Excise Duty,30327.16
5241,5241,Customs Duty,2826.72
5242,5242,Import Duty,4392.86
5243,5243,Export Duty,5614.39
5244,5244,Customs Duty,138716.51
5245,5245,Customs Duty,87420.19
5246,5246,Excise Duty,5141.16
5247,5247,Customs Duty,2567.58
5248,5248,Import Duty,78384.79
5249,5249,Customs Duty,19386.57
5250,5250,Import Duty,131097.19
5251,5251,Import Duty,16565.7
5252,5252,VAT,988.41
5253,5253,VAT,109.86
5254,5254,Customs Duty,7486.5
5255,5255,Import Duty,6495.07
5256,5256,Customs Duty,842.37
5257,5257,Excise Duty,183.05
5258,5258,Import Duty,28426.0
5259,5259,VAT,69907.07
5260,5260,Excise Duty,158.01
5261,5261,VAT,2448.01
5262,5262,Customs Duty,163131.78
5263,5263,Export Duty,34142.67
5264,5264,Import Duty,1002.0
5265,5265,VAT,1229.23
5266,5266,Import Duty,597.59
5267,5267,Customs Duty,9736.2
5268,5268,VAT,383.92
5269,5269,Export Duty,10735.98
5270,5270,Excise Duty,823.25
5271,5271,Customs Duty,14492.27
5272,5272,VAT,178617.13
5273,5273,Customs Duty,1874.19
5274,5274,Customs Duty,8741.94
5275,5275,Customs Duty,114623.88
5276,5276,VAT,148644.02
5277,5277,Import Duty,450191.78
5278,5278,Customs Duty,130.35
5279,5279,Import Duty,1635.9
5280,5280,Customs Duty,589.53
5281,5281,Export Duty,5206.93
5282,5282,Customs Duty,956.97
5283,5283,Import Duty,2892.52
5284,5284,Excise Duty,1076.69
5285,5285,VAT,91931.03
5286,5286,VAT,776.28
5287,5287,Customs Duty,40920.63
5288,5288,Customs Duty,15316.39
5289,5289,VAT,16473.7
5290,5290,VAT,2687.41
5291,5291,VAT,2641.49
5292,5292,VAT,12448.5
5293,5293,Customs Duty,2644.88
5294,5294,Import Duty,3161.76
5295,5295,Import Duty,111127.42
5296,5296,Customs Duty,458.87
5297,5297,VAT,34336.08
5298,5298,Service Tax,51948.31
5299,5299,VAT,6566.62
5300,5300,VAT,114700.14
5301,5301,VAT,185342.73
5302,5302,Import Duty,40227.06
5303,5303,Import Duty,254.58
5304,5304,VAT,164007.09
5305,5305,Customs Duty,2057.86
5306,5306,Customs Duty,597.81
5307,5307,Excise Duty,678.4
5308,5308,Customs Duty,4208.5
5309,5309,Customs Duty,19205.27
5310,5310,Excise Duty,22572.97
5311,5311,VAT,36621.06
5312,5312,Excise Duty,2726.44
5313,5313,Customs Duty,358.86
5314,5314,Import Duty,109380.84
5315,5315,Import Duty,14800.01
5316,5316,Customs Duty,97424.59
5317,5317,VAT,55439.77
5318,5318,Customs Duty,17301.65
5319,5319,Customs Duty,65583.14
5320,5320,VAT,614.25
5321,5321,Customs Duty,2425.17
5322,5322,Service Tax,110.86
5323,5323,VAT,3098.02
5324,5324,VAT,70414.59
5325,5325,Customs Duty,110000.2
5326,5326,VAT,110188.61
5327,5327,Customs Duty,145387.19
5328,5328,Import Duty,259536.88
5329,5329,Customs Duty,3243.52
5330,5330,Excise Duty,9535.75
5331,5331,Customs Duty,481.68
5332,5332,VAT,12086.78
5333,5333,Customs Duty,19414.21
5334,5334,Export Duty,1700.27
5335,5335,Customs Duty,68504.53
5336,5336,Excise Duty,13004.58
5337,5337,Export Duty,118346.87
5338,5338,Customs Duty,4068.31
5339,5339,Customs Duty,549.28
5340,5340,VAT,349825.47
5341,5341,Import Duty,5415.36
5342,5342,Excise Duty,1661.51
5343,5343,Import Duty,33485.21
5344,5344,Customs Duty,675.05
5345,5345,Import Duty,22096.19
5346,5346,Import Duty,31041.23
5347,5347,Service Tax,49342.01
5348,5348,Service Tax,120.59
5349,5349,VAT,13671.77
5350,5350,Excise Duty,605.14
5351,5351,Export Duty,4212.71
5352,5352,Export Duty,452.06
5353,5353,Customs Duty,86353.28
5354,5354,Export Duty,97.07
5355,5355,Import Duty,1548.93
5356,5356,VAT,80539.95
5357,5357,VAT,9584.33
5358,5358,Customs Duty,14355.77
5359,5359,Import Duty,1957.14
5360,5360,VAT,11169.11
5361,5361,Excise Duty,7717.14
5362,5362,VAT,1205.23
5363,5363,Customs Duty,288239.28
5364,5364,Customs Duty,581.37
5365,5365,Customs Duty,1571.83
5366,5366,Import Duty,21658.85
5367,5367,Import Duty,316752.76
5368,5368,Export Duty,15667.22
5369,5369,Export Duty,10356.65
5370,5370,Customs Duty,7057.16
5371,5371,Service Tax,6149.12
5372,5372,Export Duty,27459.56
5373,5373,Customs Duty,15415.43
5374,5374,Customs Duty,43471.68
5375,5375,Customs Duty,1626.04
5376,5376,Import Duty,955.69
5377,5377,Customs Duty,10060.77
5378,5378,Import Duty,667.3
5379,5379,Export Duty,45421.48
5380,5380,Excise Duty,457.57
5381,5381,Export Duty,84569.01
5382,5382,VAT,590.94
5383,5383,Customs Duty,63595.99
5384,5384,VAT,14289.2
5385,5385,VAT,76555.62
5386,5386,Customs Duty,213258.47
5387,5387,VAT,274335.49
5388,5388,Import Duty,7845.89
5389,5389,Export Duty,7.21
5390,5390,VAT,161078.07
5391,5391,Import Duty,336234.36
5392,5392,Service Tax,437.56
5393,5393,Export Duty,7125.66
5394,5394,Import Duty,219798.64
5395,5395,VAT,528.81
5396,5396,Customs Duty,188336.21
5397,5397,Customs Duty,60284.61
5398,5398,Customs Duty,32963.79
5399,5399,VAT,1796.6
5400,5400,Customs Duty,10159.98
5401,5401,Customs Duty,19055.31
5402,5402,VAT,12144.09
5403,5403,Import Duty,94.42
5404,5404,VAT,124510.2
5405,5405,VAT,13793.94
5406,5406,VAT,68091.99
5407,5407,Export Duty,543.19
5408,5408,Customs Duty,823.94
5409,5409,VAT,127372.26
5410,5410,VAT,1759.94
5411,5411,Import Duty,1193.22
5412,5412,Customs Duty,9644.99
5413,5413,VAT,2051.65
5414,5414,VAT,952.6
5415,5415,Export Duty,990.17
5416,5416,Import Duty,2086.22
5417,5417,Customs Duty,23165.69
5418,5418,Service Tax,20669.75
5419,5419,Import Duty,69999.78
5420,5420,Customs Duty,1268.24
5421,5421,Service Tax,5883.56
5422,5422,Export Duty,119056.17
5423,5423,Customs Duty,6883.53
5424,5424,Import Duty,869.05
5425,5425,Import Duty,32815.94
5426,5426,Export Duty,14009.35
5427,5427,Customs Duty,92.95
5428,5428,Export Duty,6268.08
5429,5429,VAT,506.6
5430,5430,Service Tax,326.73
5431,5431,Import Duty,23985.9
5432,5432,Import Duty,166.74
5433,5433,VAT,275199.38
5434,5434,VAT,9957.8
5435,5435,Export Duty,2128.97
5436,5436,Import Duty,605.98
5437,5437,Export Duty,45371.53
5438,5438,Export Duty,6443.16
5439,5439,Import Duty,33469.87
5440,5440,VAT,2747.71
5441,5441,Import Duty,201584.45
5442,5442,VAT,3845.57
5443,5443,VAT,1774.4
5444,5444,VAT,80723.48
5445,5445,VAT,1048.13
5446,5446,Export Duty,911.37
5447,5447,Excise Duty,460.64
5448,5448,VAT,335784.35
5449,5449,Customs Duty,98396.2
5450,5450,Customs Duty,9890.64
5451,5451,Export Duty,35681.55
5452,5452,Customs Duty,31040.11
5453,5453,Customs Duty,2031.62
5454,5454,Excise Duty,7804.66
5455,5455,VAT,172972.69
5456,5456,Customs Duty,11150.76
5457,5457,VAT,2392.8
5458,5458,VAT,501.23
5459,5459,Customs Duty,248.42
5460,5460,VAT,1813.09
5461,5461,Customs Duty,45394.23
5462,5462,Import Duty,14503.56
5463,5463,VAT,6800.69
5464,5464,Customs Duty,1445.33
5465,5465,Export Duty,12046.79
5466,5466,VAT,2774.0
5467,5467,Service Tax,111.45
5468,5468,VAT,149284.97
5469,5469,Export Duty,36.85
5470,5470,Customs Duty,225721.88
5471,5471,Import Duty,29303.54
5472,5472,Export Duty,227.08
5473,5473,Excise Duty,71.37
5474,5474,VAT,1384.93
5475,5475,VAT,2682.54
5476,5476,Import Duty,168546.46
5477,5477,Import Duty,4257.55
5478,5478,Customs Duty,447.86
5479,5479,VAT,156.07
5480,5480,Export Duty,228.31
5481,5481,Customs Duty,36260.29
5482,5482,Excise Duty,821.26
5483,5483,Excise Duty,626.63
5484,5484,Customs Duty,652.13
5485,5485,Customs Duty,11860.42
5486,5486,Export Duty,1715.68
5487,5487,Service Tax,5549.8
5488,5488,Import Duty,10571.67
5489,5489,VAT,8117.31
5490,5490,Export Duty,1709.12
5491,5491,Service Tax,2541.34
5492,5492,Export Duty,62574.86
5493,5493,VAT,29301.76
5494,5494,VAT,1149.03
5495,5495,VAT,6136.41
5496,5496,Import Duty,5015.38
5497,5497,Customs Duty,142171.1
5498,5498,VAT,2942.7
5499,5499,Customs Duty,1721.49
5500,5500,Customs Duty,1422.62
5501,5501,Customs Duty,8437.4
5502,5502,Customs Duty,75243.92
5503,5503,VAT,1594.06
5504,5504,VAT,300169.27
5505,5505,Excise Duty,226.42
5506,5506,Import Duty,1814.59
5507,5507,Customs Duty,182229.0
5508,5508,Customs Duty,57001.68
5509,5509,Excise Duty,460.32
5510,5510,Excise Duty,92355.64
5511,5511,Customs Duty,60470.74
5512,5512,Customs Duty,944.12
5513,5513,Service Tax,14454.64
5514,5514,VAT,33813.76
5515,5515,VAT,279123.22
5516,5516,Customs Duty,55893.5
5517,5517,Customs Duty,82465.95
5518,5518,Excise Duty,3683.05
5519,5519,Import Duty,225759.78
5520,5520,VAT,14837.66
5521,5521,Import Duty,1020.95
5522,5522,Customs Duty,136610.23
5523,5523,Customs Duty,7220.58
5524,5524,VAT,86594.07
5525,5525,Export Duty,470.82
5526,5526,Service Tax,262.23
5527,5527,Customs Duty,1479.49
5528,5528,Customs Duty,80527.86
5529,5529,Export Duty,1161.36
5530,5530,Customs Duty,134121.39
5531,5531,Export Duty,10832.01
5532,5532,Import Duty,1189.07
5533,5533,Export Duty,2381.35
5534,5534,Customs Duty,6460.87
5535,5535,VAT,19926.66
5536,5536,Customs Duty,19996.35
5537,5537,Import Duty,93677.7
5538,5538,Service Tax,6545.75
5539,5539,Customs Duty,1994.49
5540,5540,Import Duty,2131.88
5541,5541,Import Duty,9152.05
5542,5542,Import Duty,5483.3
5543,5543,Customs Duty,1208.18
5544,5544,Export Duty,59776.08
5545,5545,VAT,93127.38
5546,5546,Import Duty,177082.44
5547,5547,VAT,8146.96
5548,5548,Import Duty,7268.35
5549,5549,Customs Duty,2911.15
5550,5550,Service Tax,296.19
5551,5551,Export Duty,2561.72
5552,5552,Import Duty,38163.82
5553,5553,Export Duty,4270.87
5554,5554,Export Duty,187.18
5555,5555,Service Tax,27513.22
5556,5556,Excise Duty,27674.08
5557,5557,Export Duty,257.27
5558,5558,Customs Duty,421.86
5559,5559,Import Duty,165497.13
5560,5560,VAT,15984.26
5561,5561,Service Tax,7912.86
5562,5562,Excise Duty,11828.22
5563,5563,Import Duty,22906.42
5564,5564,Customs Duty,10230.62
5565,5565,Excise Duty,85872.45
5566,5566,Import Duty,2934.37
5567,5567,Customs Duty,17915.58
5568,5568,VAT,24642.65
5569,5569,Customs Duty,24531.62
5570,5570,Export Duty,125.73
5571,5571,Service Tax,42.81
5572,5572,VAT,20888.65
5573,5573,Customs Duty,41614.06
5574,5574,Export Duty,76.75
5575,5575,Import Duty,15932.49
5576,5576,VAT,12210.33
5577,5577,Import Duty,33355.51
5578,5578,Import Duty,2284.72
5579,5579,Import Duty,83722.5
5580,5580,VAT,88562.39
5581,5581,Service Tax,637.9
5582,5582,Import Duty,187593.99
5583,5583,Customs Duty,168195.81
5584,5584,Customs Duty,910.05
5585,5585,Customs Duty,654.3
5586,5586,Customs Duty,11620.5
5587,5587,Import Duty,6859.87
5588,5588,Excise Duty,421.23
5589,5589,Import Duty,67486.68
5590,5590,Customs Duty,2350.91
5591,5591,Customs Duty,134304.29
5592,5592,Excise Duty,8567.42
5593,5593,Customs Duty,128065.21
5594,5594,VAT,2051.49
5595,5595,Import Duty,3330.66
5596,5596,Import Duty,9575.58
5597,5597,Customs Duty,63770.9
5598,5598,VAT,809.82
5599,5599,Service Tax,9383.7
5600,5600,VAT,2787.41
5601,5601,Customs Duty,15854.84
5602,5602,Excise Duty,348.95
5603,5603,Excise Duty,290.31
5604,5604,Customs Duty,52811.13
5605,5605,Excise Duty,102082.26
5606,5606,Customs Duty,867.17
5607,5607,Service Tax,376.29
5608,5608,VAT,122317.1
5609,5609,Customs Duty,1437.16
5610,5610,Customs Duty,3530.34
5611,5611,Import Duty,4187.03
5612,5612,VAT,206407.22
5613,5613,Customs Duty,2447.72
5614,5614,VAT,211122.39
5615,5615,Export Duty,1647.1
5616,5616,Excise Duty,63309.06
5617,5617,Customs Duty,79474.58
5618,5618,Customs Duty,686.51
5619,5619,Customs Duty,24461.25
5620,5620,Excise Duty,4336.37
5621,5621,Import Duty,17600.82
5622,5622,Customs Duty,8309.54
5623,5623,Export Duty,433.17
5624,5624,Import Duty,11025.06
5625,5625,Excise Duty,396.19
5626,5626,Import Duty,1361.98
5627,5627,Customs Duty,37123.1
5628,5628,Customs Duty,97385.99
5629,5629,Customs Duty,8444.99
5630,5630,Import Duty,1789.95
5631,5631,VAT,17969.83
5632,5632,Import Duty,1435.52
5633,5633,Export Duty,31.2
5634,5634,Customs Duty,2027.78
5635,5635,VAT,3349.48
5636,5636,VAT,15386.63
5637,5637,Excise Duty,1131.36
5638,5638,VAT,224802.88
5639,5639,Customs Duty,116697.98
5640,5640,Import Duty,11961.26
5641,5641,VAT,17623.03
5642,5642,Export Duty,4574.06
5643,5643,Customs Duty,16929.04
5644,5644,VAT,330832.4
5645,5645,Excise Duty,165.03
5646,5646,Customs Duty,5441.6
5647,5647,Customs Duty,50256.49
5648,5648,VAT,3390.32
5649,5649,Import Duty,17736.41
5650,5650,Service Tax,33688.39
5651,5651,Excise Duty,140847.32
5652,5652,Export Duty,8659.02
5653,5653,Service Tax,718.16
5654,5654,Service Tax,2210.82
5655,5655,Customs Duty,130425.75
5656,5656,Import Duty,2206.58
5657,5657,Import Duty,135151.25
5658,5658,VAT,132676.4
5659,5659,VAT,45176.24
5660,5660,Customs Duty,32616.12
5661,5661,Import Duty,8718.86
5662,5662,Customs Duty,1542.54
5663,5663,Customs Duty,1661.74
5664,5664,Customs Duty,177.34
5665,5665,Import Duty,2840.87
5666,5666,Customs Duty,647.81
5667,5667,VAT,3031.82
5668,5668,Import Duty,21144.04
5669,5669,VAT,219651.29
5670,5670,Customs Duty,16979.12
5671,5671,VAT,30416.06
5672,5672,Import Duty,1412.68
5673,5673,Customs Duty,148095.32
5674,5674,Customs Duty,67756.09
5675,5675,Import Duty,11150.23
5676,5676,Export Duty,504.98
5677,5677,Customs Duty,153650.11
5678,5678,VAT,1453.0
5679,5679,Import Duty,25703.8
5680,5680,Excise Duty,1011.15
5681,5681,Customs Duty,5641.57
5682,5682,Export Duty,168.14
5683,5683,Service Tax,46764.43
5684,5684,Customs Duty,45780.88
5685,5685,Excise Duty,6279.94
5686,5686,VAT,116171.19
5687,5687,VAT,26974.53
5688,5688,Customs Duty,44436.52
5689,5689,VAT,27034.4
5690,5690,VAT,1749.82
5691,5691,Import Duty,3203.97
5692,5692,Customs Duty,6109.96
5693,5693,Import Duty,25126.05
5694,5694,Service Tax,4938.78
5695,5695,Customs Duty,60751.05
5696,5696,Service Tax,5953.37
5697,5697,Import Duty,52360.29
5698,5698,Customs Duty,15808.25
5699,5699,Import Duty,6379.07
5700,5700,Export Duty,38196.82
5701,5701,Export Duty,11668.05
5702,5702,Excise Duty,336.18
5703,5703,VAT,12745.29
5704,5704,Excise Duty,4890.19
5705,5705,VAT,210200.49
5706,5706,Customs Duty,240681.09
5707,5707,Export Duty,4137.33
5708,5708,Import Duty,1009.05
5709,5709,Customs Duty,51314.97
5710,5710,Customs Duty,150710.26
5711,5711,Import Duty,44236.16
5712,5712,Export Duty,123.41
5713,5713,Excise Duty,707.57
5714,5714,VAT,111362.86
5715,5715,Customs Duty,269812.23
5716,5716,Customs Duty,43626.61
5717,5717,Export Duty,7334.81
5718,5718,Service Tax,3182.82
5719,5719,VAT,26800.51
5720,5720,Customs Duty,13986.86
5721,5721,Customs Duty,37696.0
5722,5722,Service Tax,2760.58
5723,5723,Service Tax,11.35
5724,5724,Customs Duty,5017.94
5725,5725,Excise Duty,17491.76
5726,5726,Import Duty,465.6
5727,5727,Customs Duty,1400.85
5728,5728,Export Duty,7951.93
5729,5729,Customs Duty,49729.05
5730,5730,Service Tax,54.63
5731,5731,Import Duty,268745.78
5732,5732,Export Duty,2117.96
5733,5733,Import Duty,13028.6
5734,5734,Customs Duty,5517.75
5735,5735,Service Tax,56616.78
5736,5736,Excise Duty,2595.78
5737,5737,Service Tax,12733.9
5738,5738,Export Duty,113357.49
5739,5739,Customs Duty,277577.44
5740,5740,Export Duty,15630.8
5741,5741,VAT,30353.84
5742,5742,VAT,92278.79
5743,5743,VAT,100735.38
5744,5744,Import Duty,29126.5
5745,5745,Customs Duty,527.63
5746,5746,Import Duty,142677.09
5747,5747,Excise Duty,66853.51
5748,5748,Service Tax,56.99
5749,5749,VAT,10022.97
5750,5750,VAT,77673.47
5751,5751,Customs Duty,177775.81
5752,5752,Service Tax,51190.78
5753,5753,VAT,125349.8
5754,5754,VAT,16346.3
5755,5755,Import Duty,7349.58
5756,5756,VAT,223624.46
5757,5757,Import Duty,290964.12
5758,5758,Import Duty,737.85
5759,5759,Import Duty,6249.73
5760,5760,Import Duty,854.83
5761,5761,Export Duty,1842.74
5762,5762,VAT,146185.13
5763,5763,Service Tax,2293.55
5764,5764,VAT,3111.06
5765,5765,Export Duty,357.1
5766,5766,Service Tax,24198.45
5767,5767,Customs Duty,82703.05
5768,5768,Customs Duty,18493.25
5769,5769,VAT,1073.98
5770,5770,Customs Duty,47698.49
5771,5771,VAT,320.44
5772,5772,Customs Duty,1026.38
5773,5773,Service Tax,2588.69
5774,5774,Customs Duty,7533.5
5775,5775,Customs Duty,3010.35
5776,5776,Import Duty,612.1
5777,5777,Customs Duty,2356.62
5778,5778,VAT,1456.44
5779,5779,Import Duty,14611.7
5780,5780,Customs Duty,1037.94
5781,5781,Import Duty,119000.67
5782,5782,Export Duty,38231.49
5783,5783,Export Duty,654.76
5784,5784,Customs Duty,626.09
5785,5785,Customs Duty,10675.38
5786,5786,Import Duty,204622.45
5787,5787,Export Duty,103913.36
5788,5788,Customs Duty,654.64
5789,5789,VAT,24207.43
5790,5790,VAT,65234.3
5791,5791,Import Duty,314.51
5792,5792,Customs Duty,521.55
5793,5793,Customs Duty,1393.53
5794,5794,Export Duty,4503.52
5795,5795,Customs Duty,15015.46
5796,5796,Customs Duty,237.11
5797,5797,VAT,111.41
5798,5798,Import Duty,240.73
5799,5799,Customs Duty,66832.32
5800,5800,Excise Duty,243.38
5801,5801,VAT,128451.01
5802,5802,VAT,2602.53
5803,5803,Import Duty,5948.82
5804,5804,VAT,1946.91
5805,5805,Customs Duty,202.22
5806,5806,Import Duty,58633.86
5807,5807,VAT,687.34
5808,5808,Customs Duty,92606.82
5809,5809,Export Duty,35930.99
5810,5810,VAT,200971.99
5811,5811,VAT,17952.06
5812,5812,VAT,659.19
5813,5813,Excise Duty,92180.79
5814,5814,Service Tax,2073.76
5815,5815,VAT,7152.4
5816,5816,Customs Duty,10414.81
5817,5817,VAT,205232.71
5818,5818,Export Duty,959.43
5819,5819,VAT,29053.77
5820,5820,Customs Duty,703.25
5821,5821,Customs Duty,1821.33
5822,5822,Service Tax,38076.01
5823,5823,VAT,17739.06
5824,5824,VAT,100832.49
5825,5825,Customs Duty,77693.98
5826,5826,Customs Duty,6252.47
5827,5827,Service Tax,44859.7
5828,5828,Export Duty,109242.44
5829,5829,Import Duty,223.85
5830,5830,Customs Duty,63524.77
5831,5831,VAT,1180.93
5832,5832,VAT,102457.1
5833,5833,VAT,1638.61
5834,5834,Export Duty,1196.34
5835,5835,Customs Duty,210.83
5836,5836,Excise Duty,1291.22
5837,5837,Customs Duty,65172.96
5838,5838,Excise Duty,10414.26
5839,5839,Export Duty,8129.71
5840,5840,Import Duty,2803.94
5841,5841,VAT,193020.32
5842,5842,VAT,30622.46
5843,5843,Customs Duty,123916.8
5844,5844,Export Duty,40692.19
5845,5845,Import Duty,32628.71
5846,5846,Service Tax,6688.22
5847,5847,Import Duty,823.62
5848,5848,Customs Duty,440.62
5849,5849,VAT,48648.63
5850,5850,Customs Duty,12343.01
5851,5851,Import Duty,298391.35
5852,5852,Import Duty,16341.16
5853,5853,VAT,7884.79
5854,5854,Customs Duty,1321.95
5855,5855,Customs Duty,40.64
5856,5856,Customs Duty,749.45
5857,5857,Customs Duty,20445.63
5858,5858,Import Duty,10102.22
5859,5859,Customs Duty,5838.08
5860,5860,VAT,23174.46
5861,5861,VAT,121980.01
5862,5862,Import Duty,192479.78
5863,5863,VAT,1171.29
5864,5864,Service Tax,63.4
5865,5865,VAT,8450.88
5866,5866,Customs Duty,16391.42
5867,5867,Customs Duty,3274.85
5868,5868,Service Tax,2573.2
5869,5869,Excise Duty,35216.87
5870,5870,Customs Duty,17992.35
5871,5871,Customs Duty,140.52
5872,5872,Import Duty,33045.16
5873,5873,Excise Duty,8585.25
5874,5874,Customs Duty,131458.08
5875,5875,VAT,38785.67
5876,5876,Customs Duty,4942.87
5877,5877,Service Tax,442.7
5878,5878,Export Duty,2698.28
5879,5879,Customs Duty,5596.56
5880,5880,VAT,13079.06
5881,5881,Customs Duty,946.19
5882,5882,Customs Duty,1607.99
5883,5883,Customs Duty,5240.88
5884,5884,Customs Duty,43214.74
5885,5885,Customs Duty,6965.02
5886,5886,Customs Duty,5058.95
5887,5887,Customs Duty,25646.27
5888,5888,Customs Duty,351.3
5889,5889,Import Duty,12083.63
5890,5890,VAT,231383.93
5891,5891,Customs Duty,21139.69
5892,5892,Excise Duty,62809.33
5893,5893,Customs Duty,117400.96
5894,5894,Import Duty,3753.53
5895,5895,VAT,155882.11
5896,5896,Customs Duty,464.07
5897,5897,Customs Duty,109625.04
5898,5898,Excise Duty,1494.26
5899,5899,VAT,2226.25
5900,5900,Customs Duty,63716.92
5901,5901,Import Duty,1105.71
5902,5902,Excise Duty,60608.42
5903,5903,Export Duty,1075.14
5904,5904,Service Tax,2087.1
5905,5905,Customs Duty,691.46
5906,5906,VAT,409.22
5907,5907,Excise Duty,74500.22
5908,5908,Import Duty,199535.71
5909,5909,Export Duty,87305.25
5910,5910,Export Duty,21265.83
5911,5911,Import Duty,31898.44
5912,5912,VAT,14064.39
5913,5913,Customs Duty,26142.68
5914,5914,Excise Duty,831.36
5915,5915,Customs Duty,1073.3
5916,5916,VAT,1969.45
5917,5917,VAT,3000.3
5918,5918,VAT,2531.21
5919,5919,Customs Duty,132956.48
5920,5920,VAT,68735.84
5921,5921,Customs Duty,1193.56
5922,5922,VAT,5578.91
5923,5923,Customs Duty,599.75
5924,5924,VAT,8388.03
5925,5925,Import Duty,203250.87
5926,5926,Customs Duty,29130.89
5927,5927,Import Duty,933.47
5928,5928,Customs Duty,1824.81
5929,5929,Customs Duty,7073.21
5930,5930,Export Duty,309.48
5931,5931,Service Tax,4129.23
5932,5932,Customs Duty,1872.21
5933,5933,Customs Duty,1085.6
5934,5934,Excise Duty,11383.08
5935,5935,Customs Duty,4571.37
5936,5936,Customs Duty,611.36
5937,5937,Customs Duty,124807.53
5938,5938,VAT,405.92
5939,5939,Customs Duty,3517.51
5940,5940,Export Duty,1573.13
5941,5941,VAT,25675.42
5942,5942,Service Tax,383.01
5943,5943,VAT,220338.1
5944,5944,Excise Duty,541.92
5945,5945,VAT,6318.98
5946,5946,Import Duty,267.27
5947,5947,Customs Duty,45390.88
5948,5948,VAT,134029.36
5949,5949,Customs Duty,5737.51
5950,5950,Excise Duty,10863.86
5951,5951,Customs Duty,4328.54
5952,5952,Excise Duty,21146.17
5953,5953,Import Duty,3936.25
5954,5954,Excise Duty,36924.3
5955,5955,Import Duty,8014.7
5956,5956,VAT,1911.32
5957,5957,Customs Duty,1590.35
5958,5958,Import Duty,19025.43
5959,5959,Import Duty,2876.25
5960,5960,Service Tax,54.06
5961,5961,Import Duty,1842.1
5962,5962,Import Duty,248752.88
5963,5963,VAT,1378.17
5964,5964,Import Duty,2400.32
5965,5965,Service Tax,149.02
5966,5966,Export Duty,73427.04
5967,5967,Customs Duty,746.16
5968,5968,VAT,26485.12
5969,5969,Excise Duty,711.25
5970,5970,VAT,2499.32
5971,5971,Customs Duty,4471.69
5972,5972,Customs Duty,23144.49
5973,5973,Customs Duty,19246.31
5974,5974,Service Tax,1564.24
5975,5975,Customs Duty,197.61
5976,5976,Customs Duty,1885.87
5977,5977,Export Duty,9770.8
5978,5978,VAT,185199.58
5979,5979,Excise Duty,1995.27
5980,5980,VAT,61361.7
5981,5981,Customs Duty,36250.21
5982,5982,Customs Duty,4276.82
5983,5983,Import Duty,87889.02
5984,5984,VAT,469.04
5985,5985,Excise Duty,1049.3
5986,5986,Service Tax,16787.08
5987,5987,Import Duty,1648.06
5988,5988,Excise Duty,49199.84
5989,5989,Excise Duty,373.11
5990,5990,VAT,390.64
5991,5991,Customs Duty,13538.44
5992,5992,Import Duty,222516.31
5993,5993,VAT,244959.7
5994,5994,Import Duty,1844.23
5995,5995,VAT,202956.68
5996,5996,VAT,83367.15
5997,5997,Excise Duty,69612.05
5998,5998,VAT,305044.62
5999,5999,Export Duty,10223.96
6000,6000,Excise Duty,21331.64
6001,6001,VAT,24935.59
6002,6002,Customs Duty,18658.81
6003,6003,Customs Duty,1420.25
6004,6004,VAT,515.99
6005,6005,VAT,4511.05
6006,6006,VAT,5366.08
6007,6007,Import Duty,23017.14
6008,6008,Import Duty,6488.47
6009,6009,Import Duty,19316.74
6010,6010,VAT,156.3
6011,6011,Import Duty,3180.09
6012,6012,Customs Duty,1728.96
6013,6013,Customs Duty,115679.16
6014,6014,Import Duty,92485.03
6015,6015,VAT,136285.1
6016,6016,Customs Duty,440.61
6017,6017,Import Duty,258654.82
6018,6018,VAT,150648.83
6019,6019,Customs Duty,5430.48
6020,6020,Import Duty,7032.04
6021,6021,Customs Duty,306.31
6022,6022,Import Duty,184448.91
6023,6023,Service Tax,250.38
6024,6024,Customs Duty,17959.06
6025,6025,VAT,63611.7
6026,6026,Service Tax,15210.17
6027,6027,Customs Duty,52809.07
6028,6028,VAT,233494.83
6029,6029,Export Duty,138481.13
6030,6030,Customs Duty,2024.09
6031,6031,Import Duty,309945.7
6032,6032,Export Duty,850.61
6033,6033,Customs Duty,86858.49
6034,6034,Customs Duty,580.57
6035,6035,Excise Duty,13987.06
6036,6036,Import Duty,363441.33
6037,6037,Import Duty,14178.05
6038,6038,Import Duty,7100.7
6039,6039,Export Duty,129556.93
6040,6040,Export Duty,54041.61
6041,6041,Customs Duty,511.52
6042,6042,Import Duty,15935.67
6043,6043,Import Duty,377509.77
6044,6044,Import Duty,187.84
6045,6045,VAT,1199.99
6046,6046,Export Duty,984.36
6047,6047,Customs Duty,3346.15
6048,6048,VAT,275747.48
6049,6049,VAT,285953.39
6050,6050,Customs Duty,1523.85
6051,6051,Customs Duty,7394.98
6052,6052,Export Duty,434.81
6053,6053,Excise Duty,131716.05
6054,6054,Import Duty,9084.02
6055,6055,VAT,97348.49
6056,6056,Customs Duty,203554.0
6057,6057,VAT,2082.56
6058,6058,Customs Duty,744.25
6059,6059,Customs Duty,167.55
6060,6060,Service Tax,474.48
6061,6061,Export Duty,130972.17
6062,6062,Export Duty,43.69
6063,6063,Import Duty,3625.03
6064,6064,VAT,235048.12
6065,6065,Import Duty,8788.82
6066,6066,Customs Duty,1503.58
6067,6067,Customs Duty,3413.6
6068,6068,Customs Duty,79062.31
6069,6069,Customs Duty,55708.22
6070,6070,Customs Duty,6657.7
6071,6071,VAT,1388.37
6072,6072,Import Duty,487.71
6073,6073,Export Duty,2617.86
6074,6074,Customs Duty,5769.1
6075,6075,Customs Duty,534.62
6076,6076,Customs Duty,59416.52
6077,6077,Excise Duty,6065.98
6078,6078,Service Tax,255.57
6079,6079,Export Duty,42606.83
6080,6080,Customs Duty,1266.46
6081,6081,Excise Duty,182.03
6082,6082,VAT,204.46
6083,6083,Customs Duty,21968.22
6084,6084,Customs Duty,14253.3
6085,6085,VAT,264.13
6086,6086,Import Duty,7228.92
6087,6087,Service Tax,20511.73
6088,6088,Customs Duty,18140.1
6089,6089,VAT,66769.78
6090,6090,Excise Duty,6495.3
6091,6091,VAT,76293.99
6092,6092,Service Tax,21452.58
6093,6093,Service Tax,21529.11
6094,6094,Customs Duty,219.36
6095,6095,VAT,3057.9
6096,6096,Excise Duty,172.78
6097,6097,VAT,1028.12
6098,6098,VAT,107732.28
6099,6099,VAT,2646.64
6100,6100,Customs Duty,464.6
6101,6101,Import Duty,7344.31
6102,6102,VAT,587.03
6103,6103,Customs Duty,40524.08
6104,6104,Export Duty,7141.77
6105,6105,Export Duty,2446.92
6106,6106,VAT,1339.38
6107,6107,Service Tax,702.1
6108,6108,Customs Duty,3000.82
6109,6109,Customs Duty,21585.75
6110,6110,Customs Duty,13013.6
6111,6111,Import Duty,3147.91
6112,6112,Import Duty,2193.9
6113,6113,Customs Duty,1552.93
6114,6114,Customs Duty,1733.06
6115,6115,Import Duty,262928.7
6116,6116,Import Duty,16836.98
6117,6117,Import Duty,4462.79
6118,6118,Export Duty,8674.57
6119,6119,Service Tax,7925.94
6120,6120,VAT,4075.57
6121,6121,VAT,630.77
6122,6122,Import Duty,16120.68
6123,6123,VAT,173.59
6124,6124,Import Duty,248.69
6125,6125,Import Duty,4300.81
6126,6126,VAT,376.01
6127,6127,VAT,1348.79
6128,6128,Customs Duty,153.84
6129,6129,Export Duty,509.01
6130,6130,Customs Duty,130393.35
6131,6131,Excise Duty,43976.92
6132,6132,VAT,183915.09
6133,6133,Service Tax,2105.97
6134,6134,VAT,1441.11
6135,6135,VAT,4221.48
6136,6136,Import Duty,2506.51
6137,6137,Import Duty,12111.09
6138,6138,VAT,14712.13
6139,6139,Customs Duty,776.53
6140,6140,Customs Duty,511.07
6141,6141,Customs Duty,14391.46
6142,6142,VAT,37933.22
6143,6143,Customs Duty,12078.91
6144,6144,Import Duty,3251.77
6145,6145,Import Duty,100777.58
6146,6146,Service Tax,1220.39
6147,6147,Import Duty,711.95
6148,6148,Import Duty,23167.11
6149,6149,Excise Duty,2822.01
6150,6150,Customs Duty,135793.09
6151,6151,Import Duty,471.01
6152,6152,Export Duty,388.26
6153,6153,Import Duty,1046.66
6154,6154,VAT,395.53
6155,6155,VAT,97716.3
6156,6156,Import Duty,139833.92
6157,6157,Import Duty,1966.57
6158,6158,VAT,2273.72
6159,6159,VAT,1516.15
6160,6160,Import Duty,672.13
6161,6161,Customs Duty,4841.89
6162,6162,Customs Duty,14361.68
6163,6163,Import Duty,36224.11
6164,6164,Service Tax,1470.71
6165,6165,Excise Duty,31961.97
6166,6166,Customs Duty,17794.18
6167,6167,Customs Duty,5119.52
6168,6168,Customs Duty,1005.7
6169,6169,Import Duty,74605.08
6170,6170,Import Duty,24964.32
6171,6171,Export Duty,11954.44
6172,6172,Service Tax,5449.63
6173,6173,Import Duty,44276.99
6174,6174,Import Duty,204233.55
6175,6175,Export Duty,1452.1
6176,6176,Export Duty,286.67
6177,6177,Customs Duty,6026.94
6178,6178,Excise Duty,2315.45
6179,6179,Customs Duty,448.4
6180,6180,Export Duty,9804.42
6181,6181,VAT,7093.03
6182,6182,Customs Duty,808.51
6183,6183,Import Duty,1007.84
6184,6184,Import Duty,854.92
6185,6185,VAT,226729.49
6186,6186,VAT,657.02
6187,6187,Service Tax,3382.33
6188,6188,Customs Duty,37168.32
6189,6189,Customs Duty,1648.31
6190,6190,Customs Duty,9292.19
6191,6191,Service Tax,13856.53
6192,6192,VAT,61869.29
6193,6193,VAT,46446.59
6194,6194,Import Duty,1047.07
6195,6195,Import Duty,411142.07
6196,6196,VAT,9271.64
6197,6197,Customs Duty,5256.21
6198,6198,VAT,142659.16
6199,6199,VAT,383.82
6200,6200,VAT,2584.58
6201,6201,VAT,14923.73
6202,6202,Service Tax,54513.91
6203,6203,Customs Duty,128611.63
6204,6204,Import Duty,11528.29
6205,6205,Import Duty,9096.0
6206,6206,Customs Duty,50293.14
6207,6207,Excise Duty,5693.55
6208,6208,Import Duty,4131.81
6209,6209,Customs Duty,14479.34
6210,6210,Service Tax,1864.02
6211,6211,Import Duty,24176.64
6212,6212,Customs Duty,80695.04
6213,6213,Excise Duty,38405.87
6214,6214,VAT,23649.92
6215,6215,Excise Duty,1095.5
6216,6216,VAT,22175.74
6217,6217,Export Duty,614.78
6218,6218,Export Duty,517.3
6219,6219,Customs Duty,385.63
6220,6220,Excise Duty,6226.52
6221,6221,Customs Duty,26309.85
6222,6222,Export Duty,11439.54
6223,6223,VAT,11580.65
6224,6224,VAT,5086.42
6225,6225,Import Duty,2136.03
6226,6226,VAT,299.21
6227,6227,Service Tax,901.49
6228,6228,VAT,126893.73
6229,6229,VAT,85880.74
6230,6230,Export Duty,1950.12
6231,6231,VAT,78451.9
6232,6232,Customs Duty,878.53
6233,6233,Service Tax,2633.92
6234,6234,VAT,253362.14
6235,6235,VAT,1766.45
6236,6236,Customs Duty,518.41
6237,6237,Service Tax,195.34
6238,6238,Customs Duty,66102.64
6239,6239,Excise Duty,34498.69
6240,6240,Customs Duty,724.09
6241,6241,Export Duty,194.78
6242,6242,Customs Duty,56046.38
6243,6243,VAT,12260.59
6244,6244,Customs Duty,11722.47
6245,6245,Customs Duty,54015.15
6246,6246,VAT,119289.17
6247,6247,VAT,133939.01
6248,6248,Import Duty,8592.49
6249,6249,Service Tax,2855.67
6250,6250,Import Duty,2692.83
6251,6251,Customs Duty,324.2
6252,6252,Customs Duty,19121.83
6253,6253,Import Duty,83163.28
6254,6254,Export Duty,4512.1
6255,6255,Service Tax,28928.79
6256,6256,Excise Duty,50475.15
6257,6257,Export Duty,76953.39
6258,6258,VAT,1034.17
6259,6259,Customs Duty,44457.0
6260,6260,Customs Duty,36194.37
6261,6261,Customs Duty,34990.47
6262,6262,Customs Duty,128350.27
6263,6263,Customs Duty,57899.24
6264,6264,Service Tax,1408.54
6265,6265,Service Tax,11152.99
6266,6266,Import Duty,8703.25
6267,6267,Import Duty,9646.36
6268,6268,Customs Duty,66457.43
6269,6269,Customs Duty,17050.39
6270,6270,Service Tax,499.8
6271,6271,Export Duty,1133.43
6272,6272,Customs Duty,66354.72
6273,6273,VAT,7715.32
6274,6274,VAT,374.05
6275,6275,Customs Duty,7011.17
6276,6276,Customs Duty,1467.79
6277,6277,VAT,1857.04
6278,6278,Import Duty,14813.3
6279,6279,Import Duty,17651.4
6280,6280,Customs Duty,8095.77
6281,6281,Excise Duty,76.23
6282,6282,Customs Duty,696.12
6283,6283,VAT,36825.45
6284,6284,VAT,150734.45
6285,6285,Excise Duty,4759.58
6286,6286,Customs Duty,87926.68
6287,6287,Customs Duty,114896.09
6288,6288,VAT,54667.13
6289,6289,Import Duty,7820.81
6290,6290,VAT,15060.34
6291,6291,Customs Duty,51978.52
6292,6292,Import Duty,59678.69
6293,6293,VAT,1519.01
6294,6294,Import Duty,9273.76
6295,6295,Customs Duty,134958.05
6296,6296,Import Duty,290374.79
6297,6297,Customs Duty,19372.07
6298,6298,Customs Duty,2212.27
6299,6299,Customs Duty,4559.87
6300,6300,Customs Duty,7887.58
6301,6301,Customs Duty,45511.27
6302,6302,Import Duty,14207.63
6303,6303,VAT,2385.61
6304,6304,Excise Duty,14190.67
6305,6305,Excise Duty,1350.15
6306,6306,VAT,2936.76
6307,6307,Customs Duty,1191.08
6308,6308,Customs Duty,23.5
6309,6309,VAT,148129.43
6310,6310,Export Duty,27722.6
6311,6311,Customs Duty,5082.71
6312,6312,VAT,45084.29
6313,6313,Import Duty,6294.59
6314,6314,Import Duty,1706.28
6315,6315,Import Duty,24466.09
6316,6316,Import Duty,310.33
6317,6317,Customs Duty,268456.79
6318,6318,VAT,11887.65
6319,6319,Customs Duty,133541.48
6320,6320,VAT,475.17
6321,6321,VAT,104458.41
6322,6322,Excise Duty,425.56
6323,6323,Export Duty,380.16
6324,6324,VAT,291.36
6325,6325,Excise Duty,5516.23
6326,6326,Customs Duty,282.95
6327,6327,Customs Duty,198455.18
6328,6328,Customs Duty,10006.62
6329,6329,VAT,749.27
6330,6330,VAT,8037.43
6331,6331,VAT,763.68
6332,6332,VAT,178122.7
6333,6333,VAT,129807.05
6334,6334,VAT,195683.62
6335,6335,Import Duty,121231.8
6336,6336,Import Duty,314853.55
6337,6337,VAT,123435.74
6338,6338,VAT,18842.17
6339,6339,VAT,1486.78
6340,6340,VAT,40061.07
6341,6341,Import Duty,7867.56
6342,6342,Excise Duty,1265.24
6343,6343,VAT,285369.16
6344,6344,Import Duty,6156.81
6345,6345,Excise Duty,1006.22
6346,6346,Customs Duty,5429.08
6347,6347,Customs Duty,98960.38
6348,6348,Customs Duty,99898.99
6349,6349,Customs Duty,112655.76
6350,6350,Import Duty,1447.03
6351,6351,Customs Duty,186.52
6352,6352,Import Duty,51534.55
6353,6353,Excise Duty,5518.83
6354,6354,Customs Duty,4673.53
6355,6355,Excise Duty,1246.21
6356,6356,Import Duty,1245.89
6357,6357,Service Tax,792.36
6358,6358,Excise Duty,4329.53
6359,6359,Service Tax,10253.61
6360,6360,Service Tax,84689.03
6361,6361,Customs Duty,1551.8
6362,6362,Customs Duty,12537.77
6363,6363,VAT,191560.85
6364,6364,VAT,29933.68
6365,6365,Import Duty,43294.64
6366,6366,Service Tax,2540.78
6367,6367,Service Tax,1663.58
6368,6368,Customs Duty,4918.04
6369,6369,Import Duty,273996.56
6370,6370,VAT,9545.51
6371,6371,VAT,16372.89
6372,6372,Customs Duty,7532.83
6373,6373,Customs Duty,643.99
6374,6374,Customs Duty,4890.4
6375,6375,Customs Duty,2234.11
6376,6376,Customs Duty,195.42
6377,6377,VAT,8650.16
6378,6378,Import Duty,13876.71
6379,6379,Excise Duty,9616.75
6380,6380,Import Duty,84931.04
6381,6381,VAT,127412.83
6382,6382,Customs Duty,1460.51
6383,6383,Customs Duty,25223.72
6384,6384,VAT,2043.63
6385,6385,VAT,1366.58
6386,6386,Export Duty,599.59
6387,6387,Customs Duty,92820.93
6388,6388,VAT,406.54
6389,6389,Import Duty,4572.66
6390,6390,VAT,3784.64
6391,6391,Export Duty,14501.48
6392,6392,VAT,3836.44
6393,6393,Import Duty,2239.55
6394,6394,VAT,217.13
6395,6395,VAT,221.99
6396,6396,Excise Duty,99480.13
6397,6397,Import Duty,1487.97
6398,6398,Excise Duty,1790.24
6399,6399,Import Duty,142545.53
6400,6400,VAT,1756.58
6401,6401,Customs Duty,81635.14
6402,6402,Import Duty,15509.97
6403,6403,Export Duty,947.04
6404,6404,VAT,141612.48
6405,6405,Excise Duty,8417.45
6406,6406,VAT,2860.7
6407,6407,Import Duty,9855.54
6408,6408,Excise Duty,169.76
6409,6409,Customs Duty,5967.3
6410,6410,Customs Duty,34521.71
6411,6411,Excise Duty,434.27
6412,6412,Export Duty,269.7
6413,6413,Customs Duty,1599.74
6414,6414,VAT,60.02
6415,6415,Export Duty,4783.73
6416,6416,Excise Duty,9918.83
6417,6417,Import Duty,21929.77
6418,6418,Customs Duty,157841.42
6419,6419,Export Duty,538.04
6420,6420,VAT,3340.55
6421,6421,Customs Duty,163101.24
6422,6422,Customs Duty,662.36
6423,6423,Service Tax,104979.81
6424,6424,Customs Duty,191950.93
6425,6425,VAT,113013.34
6426,6426,Customs Duty,89.13
6427,6427,Export Duty,2130.82
6428,6428,Customs Duty,8481.27
6429,6429,Export Duty,63446.9
6430,6430,Excise Duty,12327.13
6431,6431,Customs Duty,37271.98
6432,6432,Export Duty,9257.83
6433,6433,Service Tax,505.65
6434,6434,Import Duty,348.77
6435,6435,Customs Duty,13558.79
6436,6436,Customs Duty,941.71
6437,6437,Customs Duty,3348.33
6438,6438,Export Duty,1450.32
6439,6439,VAT,8942.7
6440,6440,Import Duty,22840.27
6441,6441,Export Duty,46112.54
6442,6442,Service Tax,9955.51
6443,6443,VAT,75.75
6444,6444,Customs Duty,12521.88
6445,6445,Export Duty,4319.86
6446,6446,Service Tax,598.85
6447,6447,Customs Duty,148.96
6448,6448,Service Tax,27358.87
6449,6449,Customs Duty,18755.85
6450,6450,VAT,1978.65
6451,6451,Customs Duty,1388.86
6452,6452,Excise Duty,11039.18
6453,6453,VAT,27412.9
6454,6454,VAT,20536.23
6455,6455,Customs Duty,683.97
6456,6456,Customs Duty,40794.47
6457,6457,Import Duty,54642.18
6458,6458,Customs Duty,10795.35
6459,6459,Customs Duty,1138.07
6460,6460,Customs Duty,7565.41
6461,6461,VAT,260041.06
6462,6462,Excise Duty,94028.6
6463,6463,Customs Duty,9419.57
6464,6464,Customs Duty,45482.52
6465,6465,Excise Duty,16476.67
6466,6466,VAT,187790.45
6467,6467,Import Duty,191773.48
6468,6468,VAT,12368.5
6469,6469,Customs Duty,861.08
6470,6470,VAT,96711.98
6471,6471,Import Duty,24603.11
6472,6472,VAT,147765.08
6473,6473,Customs Duty,133051.54
6474,6474,VAT,6293.61
6475,6475,VAT,113256.52
6476,6476,Import Duty,1162.01
6477,6477,Import Duty,37872.6
6478,6478,VAT,255082.25
6479,6479,Service Tax,25756.4
6480,6480,Export Duty,3046.18
6481,6481,Customs Duty,9128.87
6482,6482,Service Tax,492.46
6483,6483,Customs Duty,21102.91
6484,6484,Customs Duty,31408.17
6485,6485,Import Duty,80867.13
6486,6486,Import Duty,8045.22
6487,6487,Export Duty,82654.4
6488,6488,Customs Duty,9832.6
6489,6489,Import Duty,245984.02
6490,6490,Customs Duty,7346.45
6491,6491,Import Duty,89957.26
6492,6492,VAT,23526.36
6493,6493,Import Duty,87061.92
6494,6494,Customs Duty,14340.6
6495,6495,VAT,36935.66
6496,6496,Import Duty,17339.83
6497,6497,Customs Duty,9870.25
6498,6498,Customs Duty,1118.67
6499,6499,Import Duty,4843.73
6500,6500,Customs Duty,662.78
6501,6501,Excise Duty,5877.02
6502,6502,Customs Duty,193.16
6503,6503,VAT,888.6
6504,6504,Customs Duty,15965.71
6505,6505,Import Duty,5899.07
6506,6506,Customs Duty,156.99
6507,6507,VAT,113888.62
6508,6508,Import Duty,998.68
6509,6509,Import Duty,173065.82
6510,6510,Excise Duty,6216.07
6511,6511,Customs Duty,140724.09
6512,6512,VAT,360406.98
6513,6513,VAT,26764.24
6514,6514,Service Tax,1901.24
6515,6515,Export Duty,9888.93
6516,6516,VAT,19763.38
6517,6517,Import Duty,48188.17
6518,6518,Service Tax,7412.6
6519,6519,Import Duty,121877.47
6520,6520,Import Duty,31518.47
6521,6521,Customs Duty,7499.5
6522,6522,Import Duty,14820.63
6523,6523,Import Duty,1022.94
6524,6524,Customs Duty,3194.9
6525,6525,Service Tax,485.08
6526,6526,VAT,203764.71
6527,6527,Customs Duty,118336.02
6528,6528,VAT,1945.54
6529,6529,VAT,71285.07
6530,6530,Import Duty,2476.36
6531,6531,Customs Duty,572.12
6532,6532,VAT,1401.64
6533,6533,Customs Duty,40831.45
6534,6534,Import Duty,42726.42
6535,6535,VAT,22908.26
6536,6536,Customs Duty,182559.34
6537,6537,Export Duty,6382.75
6538,6538,Export Duty,56751.27
6539,6539,Import Duty,63248.25
6540,6540,Excise Duty,188.63
6541,6541,Customs Duty,38977.02
6542,6542,VAT,73192.19
6543,6543,Export Duty,350.83
6544,6544,Service Tax,408.91
6545,6545,Import Duty,2653.99
6546,6546,Import Duty,358862.78
6547,6547,Excise Duty,30724.95
6548,6548,Customs Duty,1965.98
6549,6549,Customs Duty,99807.61
6550,6550,Import Duty,184477.21
6551,6551,Service Tax,84537.33
6552,6552,VAT,8880.71
6553,6553,Excise Duty,19944.82
6554,6554,Import Duty,5706.4
6555,6555,Customs Duty,13013.13
6556,6556,Excise Duty,581.87
6557,6557,Customs Duty,146366.63
6558,6558,Customs Duty,3708.94
6559,6559,Customs Duty,13053.13
6560,6560,Export Duty,14393.18
6561,6561,Customs Duty,351.26
6562,6562,Customs Duty,11105.8
6563,6563,Customs Duty,8887.52
6564,6564,Service Tax,521.04
6565,6565,VAT,189877.61
6566,6566,Customs Duty,9775.57
6567,6567,VAT,25361.99
6568,6568,Import Duty,1397.86
6569,6569,Import Duty,5115.6
6570,6570,VAT,201989.09
6571,6571,VAT,360.93
6572,6572,VAT,808.12
6573,6573,Import Duty,16465.35
6574,6574,VAT,1781.3
6575,6575,Customs Duty,3702.2
6576,6576,Customs Duty,165.58
6577,6577,Service Tax,41115.26
6578,6578,Customs Duty,1826.71
6579,6579,Excise Duty,42493.93
6580,6580,Customs Duty,13558.46
6581,6581,Export Duty,7967.47
6582,6582,Excise Duty,4248.07
6583,6583,Service Tax,234.0
6584,6584,Import Duty,1339.96
6585,6585,Service Tax,60693.58
6586,6586,Export Duty,45484.96
6587,6587,Customs Duty,12025.74
6588,6588,Excise Duty,16937.64
6589,6589,Import Duty,386.53
6590,6590,Service Tax,2283.34
6591,6591,Excise Duty,369.91
6592,6592,Service Tax,11074.47
6593,6593,Export Duty,3647.95
6594,6594,Customs Duty,213665.78
6595,6595,Export Duty,9119.54
6596,6596,Customs Duty,617.16
6597,6597,Customs Duty,204189.54
6598,6598,Import Duty,56116.68
6599,6599,Customs Duty,1152.45
6600,6600,Import Duty,156020.42
6601,6601,Excise Duty,9426.07
6602,6602,Export Duty,304.37
6603,6603,VAT,213601.98
6604,6604,Customs Duty,824.3
6605,6605,VAT,35620.54
6606,6606,Customs Duty,797.28
6607,6607,Excise Duty,128487.6
6608,6608,VAT,940.95
6609,6609,VAT,215928.72
6610,6610,Customs Duty,68104.78
6611,6611,VAT,1823.1
6612,6612,Customs Duty,2129.03
6613,6613,Customs Duty,570.95
6614,6614,Export Duty,2329.66
6615,6615,VAT,3856.2
6616,6616,Service Tax,505.33
6617,6617,Customs Duty,187.16
6618,6618,VAT,239998.37
6619,6619,Import Duty,33862.62
6620,6620,VAT,7621.44
6621,6621,Customs Duty,57.98
6622,6622,Service Tax,210.53
6623,6623,Customs Duty,125144.41
6624,6624,VAT,1752.85
6625,6625,Export Duty,4931.04
6626,6626,VAT,97705.83
6627,6627,Customs Duty,156525.21
6628,6628,VAT,1021.04
6629,6629,Service Tax,566.4
6630,6630,Import Duty,1233.28
6631,6631,Customs Duty,432.02
6632,6632,Export Duty,129356.88
6633,6633,Export Duty,7545.81
6634,6634,Customs Duty,4992.1
6635,6635,Excise Duty,14394.71
6636,6636,Import Duty,47.88
6637,6637,VAT,2300.55
6638,6638,Import Duty,72129.22
6639,6639,VAT,67802.38
6640,6640,VAT,11310.5
6641,6641,Export Duty,2786.99
6642,6642,Service Tax,28364.52
6643,6643,Customs Duty,9681.61
6644,6644,Customs Duty,16104.23
6645,6645,VAT,1070.48
6646,6646,Service Tax,92661.31
6647,6647,VAT,2883.86
6648,6648,VAT,54447.36
6649,6649,Customs Duty,2189.74
6650,6650,VAT,33870.82
6651,6651,Import Duty,7517.18
6652,6652,VAT,932.33
6653,6653,Import Duty,28545.76
6654,6654,Import Duty,1310.36
6655,6655,VAT,1013.94
6656,6656,Customs Duty,1100.25
6657,6657,Customs Duty,91954.26
6658,6658,Import Duty,37276.55
6659,6659,Excise Duty,61.99
6660,6660,Import Duty,3529.33
6661,6661,Export Duty,31628.96
6662,6662,Customs Duty,559.94
6663,6663,Customs Duty,592.28
6664,6664,Export Duty,2111.11
6665,6665,Service Tax,1197.78
6666,6666,Excise Duty,17062.79
6667,6667,Import Duty,307202.98
6668,6668,Import Duty,324573.26
6669,6669,Customs Duty,432.68
6670,6670,Service Tax,3336.25
6671,6671,Customs Duty,77452.45
6672,6672,Import Duty,34007.18
6673,6673,Customs Duty,16368.98
6674,6674,VAT,2623.68
6675,6675,Excise Duty,10805.93
6676,6676,Service Tax,61035.79
6677,6677,Import Duty,178619.23
6678,6678,Customs Duty,7920.24
6679,6679,VAT,2308.97
6680,6680,Customs Duty,89482.24
6681,6681,Excise Duty,15538.03
6682,6682,VAT,84.26
6683,6683,Export Duty,4081.22
6684,6684,Import Duty,328.07
6685,6685,VAT,869.33
6686,6686,Customs Duty,71109.24
6687,6687,Import Duty,186699.13
6688,6688,Import Duty,54123.67
6689,6689,Customs Duty,2881.82
6690,6690,Export Duty,570.21
6691,6691,Customs Duty,9108.34
6692,6692,VAT,9435.98
6693,6693,Service Tax,9842.56
6694,6694,Customs Duty,32967.03
6695,6695,VAT,106149.01
6696,6696,VAT,22489.62
6697,6697,Customs Duty,133134.33
6698,6698,Service Tax,2017.45
6699,6699,VAT,26006.48
6700,6700,VAT,833.55
6701,6701,Customs Duty,8644.23
6702,6702,Import Duty,4072.27
6703,6703,Customs Duty,18579.11
6704,6704,Import Duty,323614.29
6705,6705,Import Duty,824.89
6706,6706,Import Duty,13206.21
6707,6707,Import Duty,9132.9
6708,6708,Customs Duty,14284.53
6709,6709,Import Duty,1477.17
6710,6710,Excise Duty,1687.99
6711,6711,Import Duty,2950.13
6712,6712,Import Duty,2296.25
6713,6713,Export Duty,129587.55
6714,6714,VAT,300537.08
6715,6715,Customs Duty,507.19
6716,6716,VAT,68295.04
6717,6717,Import Duty,2839.64
6718,6718,Import Duty,39670.68
6719,6719,Excise Duty,107094.41
6720,6720,VAT,139043.78
6721,6721,VAT,133693.65
6722,6722,Export Duty,49104.77
6723,6723,Export Duty,52207.27
6724,6724,Import Duty,83.85
6725,6725,Customs Duty,9534.63
6726,6726,Import Duty,442768.2
6727,6727,Excise Duty,820.09
6728,6728,VAT,164435.28
6729,6729,Import Duty,162363.96
6730,6730,Customs Duty,1364.76
6731,6731,Customs Duty,57162.18
6732,6732,VAT,33177.2
6733,6733,VAT,11754.82
6734,6734,Customs Duty,16892.88
6735,6735,Import Duty,14146.64
6736,6736,Import Duty,45497.19
6737,6737,Customs Duty,66258.09
6738,6738,VAT,28435.35
6739,6739,Excise Duty,1647.33
6740,6740,Customs Duty,38612.88
6741,6741,Excise Duty,2883.22
6742,6742,VAT,192243.58
6743,6743,Excise Duty,4191.52
6744,6744,Excise Duty,1349.7
6745,6745,Excise Duty,208.55
6746,6746,Import Duty,6079.9
6747,6747,Import Duty,12584.44
6748,6748,VAT,19744.65
6749,6749,Customs Duty,7351.3
6750,6750,VAT,88266.03
6751,6751,Import Duty,16495.46
6752,6752,Customs Duty,313.15
6753,6753,Customs Duty,174207.62
6754,6754,Export Duty,110.85
6755,6755,Customs Duty,2204.22
6756,6756,Customs Duty,303.16
6757,6757,Excise Duty,567.21
6758,6758,Excise Duty,19835.04
6759,6759,Customs Duty,2740.67
6760,6760,Import Duty,108834.42
6761,6761,VAT,164665.63
6762,6762,VAT,2026.35
6763,6763,Import Duty,4966.61
6764,6764,VAT,1474.56
6765,6765,Import Duty,800.23
6766,6766,Excise Duty,1677.48
6767,6767,VAT,380995.94
6768,6768,Export Duty,26989.33
6769,6769,Service Tax,6216.54
6770,6770,VAT,61157.83
6771,6771,Customs Duty,21706.49
6772,6772,Import Duty,125.29
6773,6773,VAT,25988.09
6774,6774,Service Tax,5003.06
6775,6775,Customs Duty,265.28
6776,6776,Customs Duty,426.45
6777,6777,Service Tax,132.45
6778,6778,Customs Duty,220255.98
6779,6779,Customs Duty,573.48
6780,6780,VAT,7560.01
6781,6781,Customs Duty,58345.28
6782,6782,VAT,84810.99
6783,6783,Service Tax,20590.22
6784,6784,Customs Duty,24300.86
6785,6785,Customs Duty,1243.77
6786,6786,Import Duty,2005.91
6787,6787,VAT,917.94
6788,6788,Customs Duty,14.56
6789,6789,Service Tax,3616.99
6790,6790,Customs Duty,745.33
6791,6791,VAT,27639.62
6792,6792,VAT,10058.11
6793,6793,Customs Duty,65682.28
6794,6794,VAT,4069.06
6795,6795,Service Tax,6086.5
6796,6796,Service Tax,35340.81
6797,6797,Export Duty,365.89
6798,6798,Export Duty,448.26
6799,6799,VAT,2603.12
6800,6800,VAT,127836.27
6801,6801,Customs Duty,322.47
6802,6802,Customs Duty,5535.92
6803,6803,VAT,3336.82
6804,6804,Customs Duty,126177.8
6805,6805,Export Duty,109172.16
6806,6806,Service Tax,22968.95
6807,6807,Import Duty,48447.34
6808,6808,Excise Duty,2062.75
6809,6809,VAT,13470.86
6810,6810,Export Duty,87025.19
6811,6811,Customs Duty,1295.76
6812,6812,Service Tax,34657.12
6813,6813,Import Duty,161.21
6814,6814,VAT,15313.58
6815,6815,VAT,56509.89
6816,6816,Import Duty,7522.64
6817,6817,Export Duty,4107.76
6818,6818,VAT,6677.22
6819,6819,VAT,10637.57
6820,6820,Customs Duty,153475.89
6821,6821,VAT,300180.29
6822,6822,VAT,6578.06
6823,6823,Excise Duty,61890.53
6824,6824,Import Duty,16655.89
6825,6825,Customs Duty,1181.91
6826,6826,Customs Duty,1112.07
6827,6827,Customs Duty,267.44
6828,6828,VAT,13089.72
6829,6829,VAT,3104.92
6830,6830,VAT,14169.88
6831,6831,Customs Duty,93331.95
6832,6832,VAT,1861.97
6833,6833,Customs Duty,4702.28
6834,6834,Import Duty,1952.98
6835,6835,Import Duty,271.09
6836,6836,Export Duty,39393.86
6837,6837,Customs Duty,85068.59
6838,6838,Customs Duty,2704.29
6839,6839,VAT,1948.44
6840,6840,Import Duty,2216.91
6841,6841,Export Duty,66039.23
6842,6842,VAT,863.89
6843,6843,Service Tax,41.86
6844,6844,VAT,419.84
6845,6845,Customs Duty,17709.59
6846,6846,Customs Duty,214.3
6847,6847,Excise Duty,9470.1
6848,6848,Export Duty,135.78
6849,6849,Import Duty,12457.68
6850,6850,Import Duty,1410.9
6851,6851,VAT,125610.21
6852,6852,Export Duty,434.9
6853,6853,Export Duty,557.46
6854,6854,VAT,1303.52
6855,6855,Customs Duty,3487.65
6856,6856,Service Tax,26829.89
6857,6857,VAT,3124.89
6858,6858,Customs Duty,14413.18
6859,6859,Import Duty,8458.49
6860,6860,Customs Duty,4954.82
6861,6861,Excise Duty,96119.89
6862,6862,Customs Duty,463.64
6863,6863,Service Tax,135.86
6864,6864,VAT,1532.69
6865,6865,Customs Duty,157024.07
6866,6866,Customs Duty,968.48
6867,6867,Import Duty,96122.55
6868,6868,Import Duty,7647.0
6869,6869,VAT,164.01
6870,6870,Customs Duty,8597.96
6871,6871,VAT,8830.48
6872,6872,VAT,233536.33
6873,6873,Customs Duty,54909.83
6874,6874,Excise Duty,759.17
6875,6875,Customs Duty,28677.64
6876,6876,Customs Duty,170992.05
6877,6877,Customs Duty,181330.42
6878,6878,Customs Duty,173.74
6879,6879,VAT,88784.72
6880,6880,Export Duty,1177.3
6881,6881,VAT,174767.82
6882,6882,Service Tax,57314.91
6883,6883,Import Duty,30746.93
6884,6884,VAT,30385.04
6885,6885,Export Duty,14271.05
6886,6886,Export Duty,85.52
6887,6887,Service Tax,9562.2
6888,6888,Customs Duty,2816.81
6889,6889,VAT,17824.51
6890,6890,Service Tax,572.39
6891,6891,Export Duty,9831.74
6892,6892,Service Tax,316.58
6893,6893,Import Duty,294.02
6894,6894,Excise Duty,28808.79
6895,6895,Customs Duty,509.27
6896,6896,VAT,97.99
6897,6897,Service Tax,47250.13
6898,6898,Import Duty,160574.04
6899,6899,Import Duty,2944.0
6900,6900,VAT,1075.13
6901,6901,Customs Duty,79976.19
6902,6902,VAT,21736.68
6903,6903,Import Duty,6193.04
6904,6904,Export Duty,72615.2
6905,6905,Service Tax,7823.83
6906,6906,Excise Duty,382.77
6907,6907,Import Duty,487.71
6908,6908,Customs Duty,449.63
6909,6909,Excise Duty,3770.41
6910,6910,Customs Duty,12023.5
6911,6911,Service Tax,64.34
6912,6912,VAT,65336.47
6913,6913,Customs Duty,668.63
6914,6914,VAT,3833.51
6915,6915,VAT,1020.68
6916,6916,Customs Duty,212.35
6917,6917,Export Duty,981.47
6918,6918,Customs Duty,1988.91
6919,6919,VAT,939.14
6920,6920,VAT,205531.07
6921,6921,Customs Duty,17707.26
6922,6922,Export Duty,3123.55
6923,6923,Customs Duty,908.96
6924,6924,Customs Duty,2145.01
6925,6925,Customs Duty,6046.12
6926,6926,Customs Duty,13695.16
6927,6927,VAT,88293.71
6928,6928,Customs Duty,18584.4
6929,6929,Import Duty,22654.61
6930,6930,Excise Duty,21451.57
6931,6931,Customs Duty,146368.75
6932,6932,VAT,2358.96
6933,6933,Customs Duty,7286.95
6934,6934,VAT,20752.43
6935,6935,Customs Duty,7340.07
6936,6936,Customs Duty,22908.69
6937,6937,Customs Duty,445.54
6938,6938,Service Tax,65280.5
6939,6939,Customs Duty,8170.69
6940,6940,Export Duty,8330.33
6941,6941,Service Tax,5428.37
6942,6942,Customs Duty,7639.55
6943,6943,Service Tax,71287.28
6944,6944,VAT,2548.23
6945,6945,Excise Duty,85981.01
6946,6946,Export Duty,9614.13
6947,6947,VAT,17409.83
6948,6948,VAT,55457.97
6949,6949,Import Duty,5070.27
6950,6950,Customs Duty,38380.38
6951,6951,VAT,53524.51
6952,6952,Export Duty,18994.01
6953,6953,Import Duty,4659.29
6954,6954,Import Duty,7102.45
6955,6955,Import Duty,7525.86
6956,6956,Import Duty,194372.38
6957,6957,VAT,19673.1
6958,6958,Excise Duty,7425.59
6959,6959,Import Duty,20960.35
6960,6960,Customs Duty,141519.38
6961,6961,Export Duty,4740.67
6962,6962,Customs Duty,99.15
6963,6963,VAT,1316.8
6964,6964,Excise Duty,3988.02
6965,6965,Customs Duty,55757.92
6966,6966,VAT,2208.67
6967,6967,VAT,161201.24
6968,6968,VAT,7145.51
6969,6969,VAT,8581.49
6970,6970,VAT,8572.71
6971,6971,VAT,469.95
6972,6972,VAT,67889.49
6973,6973,VAT,99147.19
6974,6974,Customs Duty,12867.87
6975,6975,Import Duty,1839.29
6976,6976,VAT,20708.37
6977,6977,VAT,8661.97
6978,6978,Customs Duty,5131.57
6979,6979,Customs Duty,1185.63
6980,6980,Customs Duty,66.16
6981,6981,Export Duty,2158.02
6982,6982,Import Duty,4212.07
6983,6983,Import Duty,23084.25
6984,6984,Export Duty,34303.36
6985,6985,Excise Duty,11568.25
6986,6986,Export Duty,64486.71
6987,6987,VAT,1097.48
6988,6988,Import Duty,121122.85
6989,6989,Customs Duty,849.03
6990,6990,Customs Duty,2088.87
6991,6991,Customs Duty,1073.44
6992,6992,Import Duty,2681.58
6993,6993,VAT,79023.15
6994,6994,Export Duty,2088.87
6995,6995,Customs Duty,716.16
6996,6996,Export Duty,34.09
6997,6997,Service Tax,467.52
6998,6998,Customs Duty,445.67
6999,6999,VAT,15200.74
7000,7000,Customs Duty,8634.69
7001,7001,VAT,2679.0
7002,7002,VAT,139767.0
7003,7003,Customs Duty,137965.99
7004,7004,Customs Duty,34.92
7005,7005,VAT,100170.99
7006,7006,Import Duty,1175.41
7007,7007,Customs Duty,13178.57
7008,7008,Customs Duty,1939.38
7009,7009,Customs Duty,12617.55
7010,7010,Export Duty,69.73
7011,7011,Customs Duty,197.66
7012,7012,Import Duty,1274.71
7013,7013,VAT,2032.84
7014,7014,Customs Duty,5321.55
7015,7015,VAT,730.7
7016,7016,Import Duty,619.85
7017,7017,Import Duty,16234.82
7018,7018,Excise Duty,59.92
7019,7019,Service Tax,3426.01
7020,7020,Customs Duty,12524.5
7021,7021,Excise Duty,247.81
7022,7022,Customs Duty,6532.1
7023,7023,Customs Duty,47743.54
7024,7024,Excise Duty,935.82
7025,7025,Excise Duty,5768.91
7026,7026,Customs Duty,528.07
7027,7027,VAT,2320.95
7028,7028,Import Duty,98770.6
7029,7029,Customs Duty,192.13
7030,7030,Export Duty,4563.23
7031,7031,VAT,112.55
7032,7032,Customs Duty,9753.85
7033,7033,Import Duty,8246.96
7034,7034,Excise Duty,68616.62
7035,7035,Import Duty,8450.04
7036,7036,VAT,20632.67
7037,7037,Export Duty,2252.15
7038,7038,VAT,654.82
7039,7039,Export Duty,76027.18
7040,7040,Import Duty,56774.69
7041,7041,VAT,46063.41
7042,7042,VAT,4532.69
7043,7043,Import Duty,8565.28
7044,7044,Customs Duty,8277.11
7045,7045,Excise Duty,63611.38
7046,7046,Customs Duty,1706.09
7047,7047,Service Tax,4625.35
7048,7048,Import Duty,2047.09
7049,7049,Import Duty,23640.4
7050,7050,Excise Duty,2173.17
7051,7051,VAT,181949.2
7052,7052,Customs Duty,2884.77
7053,7053,VAT,528.03
7054,7054,Import Duty,321.79
7055,7055,Import Duty,1378.33
7056,7056,Export Duty,939.2
7057,7057,Excise Duty,994.37
7058,7058,VAT,3200.43
7059,7059,Import Duty,45229.55
7060,7060,Customs Duty,502.68
7061,7061,Customs Duty,11335.29
7062,7062,Customs Duty,575.38
7063,7063,Customs Duty,3319.13
7064,7064,Import Duty,4320.77
7065,7065,Export Duty,261.49
7066,7066,Customs Duty,29885.95
7067,7067,Export Duty,4562.22
7068,7068,VAT,38755.37
7069,7069,VAT,1869.98
7070,7070,VAT,253993.89
7071,7071,VAT,437.65
7072,7072,Export Duty,71753.67
7073,7073,Import Duty,728.25
7074,7074,Customs Duty,151285.88
7075,7075,VAT,22223.33
7076,7076,Export Duty,625.07
7077,7077,Excise Duty,221.38
7078,7078,Customs Duty,4796.1
7079,7079,VAT,58825.08
7080,7080,VAT,9536.24
7081,7081,Import Duty,8606.45
7082,7082,VAT,150056.4
7083,7083,Excise Duty,109546.84
7084,7084,Customs Duty,957.9
7085,7085,Export Duty,100979.94
7086,7086,Customs Duty,21728.22
7087,7087,VAT,2997.73
7088,7088,Export Duty,103485.08
7089,7089,Import Duty,136.76
7090,7090,Import Duty,11791.52
7091,7091,VAT,2752.1
7092,7092,Customs Duty,84181.74
7093,7093,Export Duty,6500.62
7094,7094,Import Duty,2039.23
7095,7095,Service Tax,14205.86
7096,7096,VAT,75299.92
7097,7097,Customs Duty,1110.44
7098,7098,Excise Duty,1196.91
7099,7099,VAT,1207.15
7100,7100,Service Tax,245.6
7101,7101,Excise Duty,39115.65
7102,7102,Import Duty,174343.44
7103,7103,Import Duty,1452.03
7104,7104,Service Tax,7270.3
7105,7105,Customs Duty,1923.51
7106,7106,Import Duty,176747.84
7107,7107,Customs Duty,13304.45
7108,7108,Import Duty,129947.2
7109,7109,Customs Duty,623.85
7110,7110,Excise Duty,820.91
7111,7111,VAT,226560.67
7112,7112,VAT,186193.77
7113,7113,Excise Duty,2272.19
7114,7114,Import Duty,4334.08
7115,7115,Customs Duty,1663.46
7116,7116,VAT,271.71
7117,7117,Customs Duty,1755.58
7118,7118,Excise Duty,8593.47
7119,7119,Customs Duty,156273.82
7120,7120,Import Duty,627.79
7121,7121,VAT,985.85
7122,7122,Customs Duty,24797.47
7123,7123,Export Duty,398.09
7124,7124,Import Duty,73227.51
7125,7125,Customs Duty,452.87
7126,7126,VAT,9726.35
7127,7127,Service Tax,1043.38
7128,7128,VAT,2348.62
7129,7129,Customs Duty,205615.57
7130,7130,Excise Duty,3884.36
7131,7131,Import Duty,74773.62
7132,7132,Customs Duty,456.31
7133,7133,Import Duty,1325.56
7134,7134,VAT,25088.82
7135,7135,Import Duty,3184.67
7136,7136,Import Duty,36277.73
7137,7137,Service Tax,3382.17
7138,7138,VAT,1324.19
7139,7139,Excise Duty,21982.88
7140,7140,Customs Duty,8641.85
7141,7141,Import Duty,1114.27
7142,7142,Excise Duty,10846.34
7143,7143,Customs Duty,701.72
7144,7144,Customs Duty,87929.86
7145,7145,Customs Duty,365.23
7146,7146,Customs Duty,69712.76
7147,7147,Service Tax,9219.83
7148,7148,Excise Duty,414.53
7149,7149,Customs Duty,100692.98
7150,7150,Customs Duty,1427.03
7151,7151,Customs Duty,3399.66
7152,7152,Customs Duty,4270.56
7153,7153,Service Tax,6533.4
7154,7154,Service Tax,50151.54
7155,7155,Service Tax,3436.38
7156,7156,Import Duty,3371.52
7157,7157,Customs Duty,49794.58
7158,7158,Service Tax,1010.61
7159,7159,Customs Duty,59877.3
7160,7160,Import Duty,58065.11
7161,7161,Import Duty,711.05
7162,7162,Customs Duty,101836.01
7163,7163,Import Duty,80129.19
7164,7164,Customs Duty,2127.48
7165,7165,Customs Duty,7974.11
7166,7166,VAT,2387.8
7167,7167,VAT,81568.23
7168,7168,Export Duty,196.57
7169,7169,VAT,3500.54
7170,7170,Service Tax,260.6
7171,7171,VAT,379.83
7172,7172,Export Duty,689.13
7173,7173,Customs Duty,7320.3
7174,7174,VAT,65435.77
7175,7175,Service Tax,932.76
7176,7176,Customs Duty,292539.46
7177,7177,VAT,30135.33
7178,7178,Import Duty,16166.2
7179,7179,VAT,12811.73
7180,7180,VAT,68631.55
7181,7181,VAT,210677.67
7182,7182,Import Duty,137.33
7183,7183,VAT,2122.51
7184,7184,Customs Duty,47597.47
7185,7185,VAT,9246.67
7186,7186,Service Tax,790.19
7187,7187,Export Duty,158.04
7188,7188,Import Duty,10776.74
7189,7189,Customs Duty,14743.86
7190,7190,Customs Duty,122413.19
7191,7191,Import Duty,164731.92
7192,7192,Import Duty,13167.94
7193,7193,Customs Duty,751.52
7194,7194,Customs Duty,3525.2
7195,7195,Customs Duty,2225.5
7196,7196,VAT,1502.58
7197,7197,VAT,104752.87
7198,7198,Customs Duty,7877.33
7199,7199,Export Duty,1155.55
7200,7200,VAT,1135.84
7201,7201,VAT,18074.89
7202,7202,VAT,7664.2
7203,7203,VAT,127402.95
7204,7204,VAT,1331.39
7205,7205,VAT,993.22
7206,7206,Import Duty,379.86
7207,7207,Import Duty,141039.28
7208,7208,Customs Duty,579.94
7209,7209,Export Duty,203.7
7210,7210,VAT,10964.56
7211,7211,VAT,464.47
7212,7212,Import Duty,971.8
7213,7213,Customs Duty,1608.14
7214,7214,Customs Duty,32354.86
7215,7215,VAT,90604.45
7216,7216,Customs Duty,49941.61
7217,7217,Excise Duty,77.3
7218,7218,Service Tax,32155.21
7219,7219,Customs Duty,3535.28
7220,7220,Export Duty,2190.27
7221,7221,Excise Duty,430.05
7222,7222,Customs Duty,27424.49
7223,7223,VAT,257297.23
7224,7224,Import Duty,379634.2
7225,7225,Export Duty,875.51
7226,7226,Excise Duty,4852.43
7227,7227,VAT,349560.97
7228,7228,Import Duty,395.99
7229,7229,Export Duty,2382.17
7230,7230,VAT,111089.52
7231,7231,Import Duty,10021.41
7232,7232,Import Duty,74497.01
7233,7233,Customs Duty,105672.51
7234,7234,Import Duty,20766.89
7235,7235,Excise Duty,48831.79
7236,7236,Export Duty,4576.88
7237,7237,Customs Duty,12229.86
7238,7238,VAT,8904.52
7239,7239,Import Duty,70902.25
7240,7240,VAT,64640.02
7241,7241,Import Duty,221515.49
7242,7242,VAT,22492.48
7243,7243,Customs Duty,160506.25
7244,7244,Import Duty,3290.49
7245,7245,Customs Duty,62174.35
7246,7246,Customs Duty,122129.16
7247,7247,Import Duty,8477.39
7248,7248,VAT,2801.97
7249,7249,Customs Duty,31175.37
7250,7250,Customs Duty,192952.55
7251,7251,VAT,3584.61
7252,7252,VAT,125451.79
7253,7253,Customs Duty,73578.33
7254,7254,Import Duty,26420.84
7255,7255,Excise Duty,295.22
7256,7256,Import Duty,765.53
7257,7257,Import Duty,597.17
7258,7258,Excise Duty,378.96
7259,7259,VAT,1180.55
7260,7260,VAT,19700.85
7261,7261,Customs Duty,1871.13
7262,7262,Customs Duty,132.33
7263,7263,VAT,1753.05
7264,7264,Export Duty,2160.86
7265,7265,VAT,12919.83
7266,7266,Customs Duty,4156.29
7267,7267,Import Duty,1433.3
7268,7268,Customs Duty,489.89
7269,7269,Customs Duty,155360.84
7270,7270,VAT,5079.54
7271,7271,Customs Duty,369.13
7272,7272,VAT,1999.79
7273,7273,Import Duty,7774.07
7274,7274,Customs Duty,93992.15
7275,7275,Customs Duty,8344.39
7276,7276,Customs Duty,772.85
7277,7277,Import Duty,219312.1
7278,7278,Customs Duty,14999.69
7279,7279,Import Duty,374.77
7280,7280,VAT,10785.21
7281,7281,Customs Duty,191.39
7282,7282,Customs Duty,10733.48
7283,7283,Customs Duty,2167.94
7284,7284,Excise Duty,1339.05
7285,7285,Import Duty,56228.8
7286,7286,Export Duty,7576.76
7287,7287,Customs Duty,903.44
7288,7288,VAT,238246.17
7289,7289,VAT,1502.86
7290,7290,VAT,1845.25
7291,7291,VAT,10063.84
7292,7292,Import Duty,18952.62
7293,7293,Export Duty,9207.08
7294,7294,VAT,7022.79
7295,7295,VAT,7662.42
7296,7296,VAT,9358.56
7297,7297,Export Duty,1228.08
7298,7298,Excise Duty,836.4
7299,7299,Import Duty,518.04
7300,7300,Excise Duty,1245.56
7301,7301,Export Duty,8010.57
7302,7302,VAT,3014.85
7303,7303,Customs Duty,40356.32
7304,7304,Import Duty,31907.45
7305,7305,VAT,10367.68
7306,7306,Export Duty,548.92
7307,7307,Excise Duty,780.46
7308,7308,Import Duty,8573.98
7309,7309,Customs Duty,30929.92
7310,7310,Customs Duty,1940.77
7311,7311,Customs Duty,5890.72
7312,7312,Customs Duty,10011.37
7313,7313,Import Duty,485.03
7314,7314,VAT,154496.51
7315,7315,Customs Duty,161.11
7316,7316,VAT,71348.48
7317,7317,Service Tax,5106.65
7318,7318,Customs Duty,231360.91
7319,7319,Import Duty,52165.4
7320,7320,Service Tax,4486.05
7321,7321,Customs Duty,2016.75
7322,7322,Import Duty,62494.86
7323,7323,Customs Duty,1422.29
7324,7324,Export Duty,8062.43
7325,7325,VAT,272375.36
7326,7326,Customs Duty,1257.18
7327,7327,VAT,34165.75
7328,7328,Excise Duty,148.04
7329,7329,VAT,630.23
7330,7330,Customs Duty,347.46
7331,7331,Import Duty,38463.83
7332,7332,Import Duty,133207.55
7333,7333,VAT,164.6
7334,7334,Customs Duty,9903.17
7335,7335,Import Duty,483.65
7336,7336,Customs Duty,874.99
7337,7337,Excise Duty,7234.35
7338,7338,VAT,62777.65
7339,7339,Customs Duty,841.64
7340,7340,Import Duty,27071.88
7341,7341,Customs Duty,12807.24
7342,7342,Customs Duty,127971.6
7343,7343,Service Tax,88.55
7344,7344,VAT,405.84
7345,7345,VAT,8887.71
7346,7346,Customs Duty,7279.06
7347,7347,Import Duty,5704.3
7348,7348,Excise Duty,6149.09
7349,7349,Import Duty,209639.13
7350,7350,Customs Duty,4750.07
7351,7351,Customs Duty,27137.63
7352,7352,Customs Duty,2534.96
7353,7353,Export Duty,528.79
7354,7354,Import Duty,14967.38
7355,7355,Excise Duty,1153.63
7356,7356,VAT,196870.9
7357,7357,VAT,2843.52
7358,7358,VAT,335.76
7359,7359,VAT,2720.77
7360,7360,Import Duty,36752.81
7361,7361,Customs Duty,963.75
7362,7362,Excise Duty,64080.84
7363,7363,Customs Duty,1120.86
7364,7364,Excise Duty,3071.11
7365,7365,VAT,15742.85
7366,7366,VAT,13350.83
7367,7367,Customs Duty,16588.51
7368,7368,Customs Duty,1185.21
7369,7369,Customs Duty,1480.35
7370,7370,Import Duty,205654.74
7371,7371,Customs Duty,1793.04
7372,7372,Service Tax,575.36
7373,7373,VAT,55175.58
7374,7374,Customs Duty,28500.0
7375,7375,Customs Duty,12748.86
7376,7376,VAT,98981.65
7377,7377,Customs Duty,3951.84
7378,7378,Import Duty,207911.04
7379,7379,VAT,139378.76
7380,7380,Import Duty,9291.19
7381,7381,Service Tax,912.05
7382,7382,Customs Duty,73130.39
7383,7383,Customs Duty,685.67
7384,7384,Excise Duty,67605.87
7385,7385,Export Duty,1552.57
7386,7386,VAT,1880.31
7387,7387,VAT,1568.24
7388,7388,Import Duty,101265.79
7389,7389,Customs Duty,25940.38
7390,7390,Import Duty,436.33
7391,7391,Excise Duty,927.98
7392,7392,Service Tax,2415.11
7393,7393,Import Duty,1101.88
7394,7394,Import Duty,8010.67
7395,7395,Import Duty,1839.76
7396,7396,Customs Duty,52451.45
7397,7397,Customs Duty,4198.83
7398,7398,Customs Duty,1562.6
7399,7399,VAT,4577.89
7400,7400,Import Duty,940.15
7401,7401,Customs Duty,678.99
7402,7402,Customs Duty,52522.55
7403,7403,Import Duty,3275.35
7404,7404,VAT,20982.91
7405,7405,Customs Duty,56447.21
7406,7406,Export Duty,4122.16
7407,7407,Import Duty,29850.72
7408,7408,VAT,3607.86
7409,7409,Export Duty,78466.66
7410,7410,VAT,346.46
7411,7411,VAT,3163.7
7412,7412,Customs Duty,17151.31
7413,7413,VAT,29664.63
7414,7414,Customs Duty,22706.27
7415,7415,Import Duty,24391.04
7416,7416,Service Tax,5696.35
7417,7417,VAT,1272.91
7418,7418,Service Tax,411.82
7419,7419,Export Duty,713.58
7420,7420,Export Duty,30739.13
7421,7421,Customs Duty,4884.42
7422,7422,Excise Duty,164820.66
7423,7423,Export Duty,105.07
7424,7424,Import Duty,852.73
7425,7425,Export Duty,440.63
7426,7426,Customs Duty,6592.9
7427,7427,Export Duty,4249.42
7428,7428,Import Duty,16129.65
7429,7429,Import Duty,4127.07
7430,7430,VAT,685.73
7431,7431,Customs Duty,6863.45
7432,7432,Service Tax,120.71
7433,7433,Customs Duty,605.71
7434,7434,VAT,20128.87
7435,7435,Import Duty,8260.89
7436,7436,VAT,2925.59
7437,7437,VAT,38671.17
7438,7438,Import Duty,9238.81
7439,7439,Export Duty,445.63
7440,7440,VAT,2507.42
7441,7441,Import Duty,200620.71
7442,7442,Customs Duty,2392.21
7443,7443,Customs Duty,58482.57
7444,7444,VAT,104976.53
7445,7445,Import Duty,2215.31
7446,7446,Customs Duty,3526.89
7447,7447,VAT,4356.1
7448,7448,Export Duty,734.88
7449,7449,VAT,486.58
7450,7450,VAT,19559.56
7451,7451,Customs Duty,56.1
7452,7452,VAT,300.32
7453,7453,Customs Duty,9686.01
7454,7454,Customs Duty,232.86
7455,7455,Export Duty,170.76
7456,7456,VAT,104279.91
7457,7457,Export Duty,3868.0
7458,7458,Customs Duty,24178.34
7459,7459,Customs Duty,87954.58
7460,7460,VAT,162207.48
7461,7461,VAT,4433.79
7462,7462,Customs Duty,1543.41
7463,7463,Customs Duty,29005.52
7464,7464,Customs Duty,5532.05
7465,7465,Import Duty,15972.42
7466,7466,Import Duty,675.51
7467,7467,VAT,1940.19
7468,7468,Customs Duty,29203.31
7469,7469,Customs Duty,141.97
7470,7470,Customs Duty,937.19
7471,7471,Service Tax,1483.56
7472,7472,Customs Duty,6561.51
7473,7473,VAT,16144.99
7474,7474,Import Duty,9658.13
7475,7475,VAT,3052.94
7476,7476,Export Duty,318.17
7477,7477,Customs Duty,22237.12
7478,7478,VAT,527.42
7479,7479,Service Tax,78608.23
7480,7480,Customs Duty,1428.72
7481,7481,Import Duty,14050.54
7482,7482,Customs Duty,1002.04
7483,7483,VAT,11253.76
7484,7484,Export Duty,7276.95
7485,7485,VAT,896.78
7486,7486,Customs Duty,19469.84
7487,7487,Excise Duty,132789.92
7488,7488,VAT,239657.07
7489,7489,VAT,345114.69
7490,7490,Export Duty,2986.19
7491,7491,Service Tax,537.14
7492,7492,Import Duty,156.1
7493,7493,Export Duty,264.2
7494,7494,Customs Duty,315.05
7495,7495,Excise Duty,86770.6
7496,7496,VAT,211326.41
7497,7497,Customs Duty,15792.27
7498,7498,VAT,119900.71
7499,7499,Customs Duty,90601.0
7500,7500,Import Duty,1276.42
7501,7501,VAT,2538.98
7502,7502,Customs Duty,119429.5
7503,7503,VAT,9292.7
7504,7504,Service Tax,11549.43
7505,7505,VAT,139058.74
7506,7506,Import Duty,52563.25
7507,7507,Customs Duty,5652.38
7508,7508,Import Duty,17170.16
7509,7509,Customs Duty,244832.06
7510,7510,VAT,7074.12
7511,7511,Import Duty,237.81
7512,7512,Customs Duty,130042.32
7513,7513,Import Duty,72204.61
7514,7514,VAT,160214.33
7515,7515,Export Duty,685.48
7516,7516,Excise Duty,3337.68
7517,7517,Customs Duty,67279.02
7518,7518,VAT,164601.92
7519,7519,Customs Duty,54969.93
7520,7520,Excise Duty,50.18
7521,7521,Import Duty,185435.84
7522,7522,Customs Duty,29.1
7523,7523,VAT,33186.57
7524,7524,VAT,28788.45
7525,7525,Excise Duty,3674.82
7526,7526,Customs Duty,390.66
7527,7527,Customs Duty,17416.55
7528,7528,Import Duty,2218.73
7529,7529,Customs Duty,5523.08
7530,7530,Customs Duty,31582.49
7531,7531,Import Duty,3170.93
7532,7532,Customs Duty,1059.82
7533,7533,VAT,16469.85
7534,7534,Import Duty,2141.86
7535,7535,VAT,4440.59
7536,7536,VAT,63804.69
7537,7537,VAT,341720.25
7538,7538,Import Duty,31365.21
7539,7539,Customs Duty,2811.21
7540,7540,Service Tax,21993.38
7541,7541,Customs Duty,3744.09
7542,7542,Excise Duty,163163.74
7543,7543,Customs Duty,89875.76
7544,7544,VAT,33772.89
7545,7545,Customs Duty,2000.2
7546,7546,Import Duty,2088.63
7547,7547,Export Duty,550.0
7548,7548,Customs Duty,84469.37
7549,7549,VAT,177336.8
7550,7550,Export Duty,7329.68
7551,7551,VAT,145640.57
7552,7552,Excise Duty,6703.19
7553,7553,Import Duty,289798.25
7554,7554,Import Duty,64147.03
7555,7555,Customs Duty,3023.11
7556,7556,Customs Duty,1159.24
7557,7557,Customs Duty,78794.72
7558,7558,Import Duty,2525.28
7559,7559,Customs Duty,7479.96
7560,7560,Excise Duty,5596.45
7561,7561,Import Duty,132859.6
7562,7562,Customs Duty,26405.21
7563,7563,Customs Duty,425.82
7564,7564,Customs Duty,206088.54
7565,7565,Customs Duty,6563.59
7566,7566,VAT,209.84
7567,7567,Customs Duty,13508.91
7568,7568,Service Tax,1648.15
7569,7569,Customs Duty,5174.64
7570,7570,Customs Duty,118697.53
7571,7571,Customs Duty,210554.67
7572,7572,Import Duty,2901.09
7573,7573,Export Duty,411.15
7574,7574,Customs Duty,5865.95
7575,7575,Customs Duty,12868.13
7576,7576,Excise Duty,3312.58
7577,7577,Customs Duty,652.99
7578,7578,Customs Duty,9995.39
7579,7579,VAT,304456.53
7580,7580,Export Duty,15045.2
7581,7581,VAT,2716.13
7582,7582,Service Tax,70807.79
7583,7583,Customs Duty,353.26
7584,7584,VAT,28476.34
7585,7585,Import Duty,14779.75
7586,7586,Customs Duty,121814.69
7587,7587,Export Duty,2252.94
7588,7588,Service Tax,937.66
7589,7589,Customs Duty,4635.17
7590,7590,Excise Duty,5233.23
7591,7591,Customs Duty,591.24
7592,7592,Export Duty,408.01
7593,7593,Export Duty,1348.38
7594,7594,Export Duty,116.59
7595,7595,Import Duty,548.31
7596,7596,Customs Duty,336.21
7597,7597,VAT,15754.08
7598,7598,Export Duty,235.07
7599,7599,Customs Duty,812.52
7600,7600,Customs Duty,148416.58
7601,7601,Customs Duty,175.37
7602,7602,Customs Duty,713.53
7603,7603,Excise Duty,8573.83
7604,7604,Export Duty,5302.93
7605,7605,Import Duty,74958.99
7606,7606,Excise Duty,45008.5
7607,7607,Excise Duty,6360.25
7608,7608,Customs Duty,2773.69
7609,7609,Customs Duty,455.42
7610,7610,Import Duty,10947.24
7611,7611,Import Duty,88023.02
7612,7612,Export Duty,14998.47
7613,7613,Excise Duty,14900.25
7614,7614,Service Tax,7253.34
7615,7615,Export Duty,53184.69
7616,7616,VAT,79453.32
7617,7617,Customs Duty,20215.62
7618,7618,VAT,15981.16
7619,7619,Export Duty,13721.37
7620,7620,Import Duty,60691.04
7621,7621,Export Duty,20890.69
7622,7622,Customs Duty,942.64
7623,7623,Customs Duty,73295.76
7624,7624,Customs Duty,127662.16
7625,7625,VAT,637.17
7626,7626,Excise Duty,64050.32
7627,7627,Customs Duty,506.57
7628,7628,VAT,482.18
7629,7629,Service Tax,1674.45
7630,7630,Customs Duty,135376.84
7631,7631,Service Tax,4003.72
7632,7632,VAT,27357.26
7633,7633,VAT,181577.74
7634,7634,Service Tax,522.83
7635,7635,Customs Duty,1004.16
7636,7636,Export Duty,376.56
7637,7637,Import Duty,259.57
7638,7638,Customs Duty,81.56
7639,7639,Customs Duty,2047.66
7640,7640,Customs Duty,18764.23
7641,7641,Customs Duty,233825.74
7642,7642,Import Duty,6537.68
7643,7643,Customs Duty,10776.14
7644,7644,VAT,254475.41
7645,7645,VAT,18464.87
7646,7646,Customs Duty,887.72
7647,7647,Excise Duty,595.01
7648,7648,Import Duty,2939.02
7649,7649,VAT,13806.14
7650,7650,Import Duty,13013.22
7651,7651,Customs Duty,82040.11
7652,7652,Customs Duty,251820.32
7653,7653,Customs Duty,10275.78
7654,7654,Customs Duty,47509.94
7655,7655,Customs Duty,464.34
7656,7656,VAT,446.74
7657,7657,VAT,2296.03
7658,7658,Customs Duty,16393.01
7659,7659,VAT,7490.35
7660,7660,VAT,144486.35
7661,7661,VAT,2562.64
7662,7662,Customs Duty,881.61
7663,7663,Import Duty,1347.57
7664,7664,Customs Duty,153.21
7665,7665,Excise Duty,43049.48
7666,7666,VAT,176.39
7667,7667,Import Duty,245.5
7668,7668,Import Duty,71296.13
7669,7669,Import Duty,16343.76
7670,7670,Customs Duty,341.12
7671,7671,Customs Duty,6696.8
7672,7672,VAT,102016.2
7673,7673,Export Duty,65.23
7674,7674,VAT,2341.44
7675,7675,Customs Duty,59391.48
7676,7676,Customs Duty,1216.49
7677,7677,VAT,116164.67
7678,7678,Import Duty,2109.56
7679,7679,Customs Duty,135294.03
7680,7680,Import Duty,242500.61
7681,7681,Import Duty,1779.05
7682,7682,Import Duty,75398.38
7683,7683,Customs Duty,1366.36
7684,7684,Customs Duty,51195.99
7685,7685,Customs Duty,70561.42
7686,7686,VAT,791.7
7687,7687,Import Duty,28924.9
7688,7688,Export Duty,455.52
7689,7689,VAT,236770.68
7690,7690,Import Duty,659.98
7691,7691,VAT,897.09
7692,7692,Import Duty,32790.1
7693,7693,Export Duty,79.71
7694,7694,Customs Duty,8770.85
7695,7695,Customs Duty,16538.61
7696,7696,Export Duty,342.57
7697,7697,Service Tax,35717.4
7698,7698,Customs Duty,31066.22
7699,7699,Customs Duty,43476.54
7700,7700,Customs Duty,1377.25
7701,7701,Import Duty,3457.87
7702,7702,Import Duty,207821.69
7703,7703,Export Duty,211.69
7704,7704,Import Duty,991.6
7705,7705,Excise Duty,130291.62
7706,7706,Import Duty,2506.52
7707,7707,Service Tax,775.98
7708,7708,Import Duty,13858.41
7709,7709,Customs Duty,515.82
7710,7710,Customs Duty,6430.6
7711,7711,Service Tax,7080.59
7712,7712,Customs Duty,12364.86
7713,7713,Import Duty,535.25
7714,7714,Import Duty,1278.09
7715,7715,Customs Duty,322.0
7716,7716,Export Duty,27670.77
7717,7717,Customs Duty,1914.56
7718,7718,Customs Duty,40845.24
7719,7719,Excise Duty,11762.03
7720,7720,VAT,279272.96
7721,7721,Customs Duty,6323.39
7722,7722,VAT,1917.23
7723,7723,Import Duty,186455.83
7724,7724,Customs Duty,44976.74
7725,7725,Customs Duty,10887.23
7726,7726,Export Duty,110.82
7727,7727,VAT,273134.01
7728,7728,VAT,31869.05
7729,7729,VAT,6700.66
7730,7730,Customs Duty,36323.4
7731,7731,VAT,10712.1
7732,7732,VAT,14375.09
7733,7733,VAT,301593.44
7734,7734,Import Duty,412036.33
7735,7735,Customs Duty,10499.84
7736,7736,Excise Duty,1375.9
7737,7737,Import Duty,18195.84
7738,7738,Customs Duty,17002.91
7739,7739,Import Duty,259692.13
7740,7740,Import Duty,277461.49
7741,7741,Import Duty,437582.45
7742,7742,Customs Duty,10605.27
7743,7743,Excise Duty,66826.02
7744,7744,Customs Duty,24031.62
7745,7745,Export Duty,2576.55
7746,7746,Service Tax,22.8
7747,7747,VAT,826.83
7748,7748,Import Duty,93387.12
7749,7749,VAT,109532.2
7750,7750,Customs Duty,176372.43
7751,7751,Excise Duty,10243.86
7752,7752,Customs Duty,856.27
7753,7753,VAT,10848.21
7754,7754,Customs Duty,633.5
7755,7755,VAT,19322.25
7756,7756,Excise Duty,813.2
7757,7757,Customs Duty,8538.8
7758,7758,Customs Duty,5347.95
7759,7759,Customs Duty,23820.43
7760,7760,Service Tax,23493.81
7761,7761,Service Tax,15433.72
7762,7762,Excise Duty,75037.18
7763,7763,Export Duty,1063.04
7764,7764,Export Duty,8059.82
7765,7765,Excise Duty,903.32
7766,7766,Customs Duty,10294.56
7767,7767,VAT,1242.84
7768,7768,Import Duty,1941.0
7769,7769,VAT,73894.13
7770,7770,Customs Duty,249607.11
7771,7771,Excise Duty,1393.77
7772,7772,VAT,1749.73
7773,7773,Customs Duty,63913.84
7774,7774,Import Duty,86202.75
7775,7775,Customs Duty,21910.09
7776,7776,Import Duty,842.32
7777,7777,Export Duty,4614.03
7778,7778,Customs Duty,784.09
7779,7779,VAT,370439.6
7780,7780,Export Duty,3039.23
7781,7781,Excise Duty,88641.69
7782,7782,VAT,10638.67
7783,7783,Excise Duty,12685.28
7784,7784,Import Duty,4166.84
7785,7785,Import Duty,155758.91
7786,7786,Customs Duty,18833.6
7787,7787,Export Duty,5762.43
7788,7788,Import Duty,52377.87
7789,7789,VAT,74.4
7790,7790,Import Duty,203699.43
7791,7791,Excise Duty,18616.94
7792,7792,Service Tax,1636.09
7793,7793,VAT,92331.74
7794,7794,Customs Duty,5557.12
7795,7795,VAT,52488.61
7796,7796,Customs Duty,612.2
7797,7797,Import Duty,45515.3
7798,7798,VAT,11417.01
7799,7799,Export Duty,6119.82
7800,7800,Customs Duty,5215.91
7801,7801,Export Duty,37657.18
7802,7802,Service Tax,226.81
7803,7803,Import Duty,12073.99
7804,7804,Customs Duty,1040.43
7805,7805,Import Duty,295730.71
7806,7806,VAT,106452.65
7807,7807,Export Duty,322.56
7808,7808,Import Duty,13020.54
7809,7809,Export Duty,2474.57
7810,7810,Customs Duty,4159.36
7811,7811,Customs Duty,1633.73
7812,7812,Customs Duty,713.69
7813,7813,Export Duty,60883.96
7814,7814,Customs Duty,8701.77
7815,7815,Customs Duty,750.53
7816,7816,Import Duty,2771.98
7817,7817,Customs Duty,45.31
7818,7818,Service Tax,341.7
7819,7819,Export Duty,47373.94
7820,7820,VAT,25868.74
7821,7821,VAT,19160.72
7822,7822,Export Duty,18365.93
7823,7823,Import Duty,4587.15
7824,7824,VAT,44259.02
7825,7825,VAT,15222.9
7826,7826,Service Tax,276.14
7827,7827,Customs Duty,3821.17
7828,7828,VAT,133403.5
7829,7829,Export Duty,2145.29
7830,7830,Customs Duty,1163.81
7831,7831,Customs Duty,31905.98
7832,7832,Excise Duty,48917.34
7833,7833,Import Duty,2894.99
7834,7834,Import Duty,164.02
7835,7835,Customs Duty,56284.91
7836,7836,Customs Duty,24429.18
7837,7837,Export Duty,446.47
7838,7838,Export Duty,37059.03
7839,7839,Import Duty,1124.56
7840,7840,Export Duty,684.74
7841,7841,Service Tax,416.51
7842,7842,Export Duty,5044.75
7843,7843,Export Duty,6062.6
7844,7844,Service Tax,74.36
7845,7845,Customs Duty,43434.2
7846,7846,VAT,358.25
7847,7847,Customs Duty,41003.37
7848,7848,Customs Duty,16380.96
7849,7849,Import Duty,130359.53
7850,7850,Import Duty,72093.56
7851,7851,Import Duty,27168.34
7852,7852,VAT,81172.4
7853,7853,VAT,973.6
7854,7854,VAT,662.98
7855,7855,Import Duty,62044.53
7856,7856,Customs Duty,10758.74
7857,7857,Customs Duty,103270.08
7858,7858,Export Duty,32.89
7859,7859,Export Duty,125593.37
7860,7860,VAT,565.34
7861,7861,Customs Duty,19764.8
7862,7862,Import Duty,91760.48
7863,7863,Customs Duty,612.5
7864,7864,VAT,234570.51
7865,7865,Customs Duty,35097.28
7866,7866,VAT,274409.23
7867,7867,Customs Duty,472.84
7868,7868,Excise Duty,802.26
7869,7869,Import Duty,139952.76
7870,7870,Customs Duty,44320.84
7871,7871,VAT,7824.35
7872,7872,Import Duty,260704.62
7873,7873,Customs Duty,29915.61
7874,7874,Export Duty,723.63
7875,7875,Customs Duty,1275.6
7876,7876,Service Tax,10004.22
7877,7877,VAT,14205.96
7878,7878,Customs Duty,40969.18
7879,7879,Export Duty,4477.51
7880,7880,VAT,103522.55
7881,7881,Export Duty,46238.39
7882,7882,Excise Duty,7395.24
7883,7883,Import Duty,2379.45
7884,7884,Import Duty,138343.28
7885,7885,Import Duty,34867.3
7886,7886,VAT,1062.36
7887,7887,Import Duty,71997.7
7888,7888,Export Duty,26928.41
7889,7889,Excise Duty,64326.76
7890,7890,VAT,1735.47
7891,7891,VAT,76738.79
7892,7892,Excise Duty,28614.4
7893,7893,Import Duty,120465.23
7894,7894,Service Tax,144.45
7895,7895,VAT,347058.8
7896,7896,Customs Duty,195486.5
7897,7897,Import Duty,277673.92
7898,7898,Customs Duty,61580.11
7899,7899,Customs Duty,1740.94
7900,7900,VAT,30598.5
7901,7901,Service Tax,1004.05
7902,7902,Customs Duty,11995.23
7903,7903,Customs Duty,53079.7
7904,7904,Import Duty,707.85
7905,7905,VAT,933.2
7906,7906,Excise Duty,831.62
7907,7907,VAT,233878.32
7908,7908,Customs Duty,123733.94
7909,7909,Excise Duty,53256.64
7910,7910,Customs Duty,1547.74
7911,7911,Import Duty,367.11
7912,7912,Customs Duty,110673.84
7913,7913,Export Duty,2250.52
7914,7914,Import Duty,145917.15
7915,7915,VAT,13793.69
7916,7916,VAT,63.23
7917,7917,VAT,43960.75
7918,7918,Import Duty,94097.88
7919,7919,Excise Duty,1588.82
7920,7920,Customs Duty,6691.07
7921,7921,Customs Duty,4087.35
7922,7922,VAT,2594.32
7923,7923,Excise Duty,63494.23
7924,7924,VAT,20573.11
7925,7925,Customs Duty,942.58
7926,7926,Excise Duty,3934.57
7927,7927,Import Duty,499.27
7928,7928,VAT,1918.24
7929,7929,Import Duty,13984.57
7930,7930,Customs Duty,807.07
7931,7931,Excise Duty,42505.75
7932,7932,Service Tax,17664.55
7933,7933,Customs Duty,24.58
7934,7934,VAT,533.13
7935,7935,Customs Duty,3363.39
7936,7936,Import Duty,1758.37
7937,7937,VAT,11691.91
7938,7938,VAT,72958.1
7939,7939,Customs Duty,175.43
7940,7940,Excise Duty,66.87
7941,7941,VAT,177287.94
7942,7942,VAT,29748.32
7943,7943,Customs Duty,3380.26
7944,7944,VAT,2191.35
7945,7945,Import Duty,186260.26
7946,7946,Excise Duty,2131.96
7947,7947,Customs Duty,1287.85
7948,7948,VAT,36218.85
7949,7949,Import Duty,967.88
7950,7950,VAT,1063.31
7951,7951,Service Tax,2341.25
7952,7952,Customs Duty,197875.66
7953,7953,Service Tax,531.09
7954,7954,VAT,6957.76
7955,7955,Customs Duty,989.43
7956,7956,Export Duty,17990.23
7957,7957,VAT,7577.41
7958,7958,VAT,25861.83
7959,7959,VAT,18332.98
7960,7960,VAT,209102.04
7961,7961,VAT,1191.7
7962,7962,Customs Duty,1276.54
7963,7963,VAT,8683.82
7964,7964,Customs Duty,675.47
7965,7965,VAT,83174.26
7966,7966,Excise Duty,86686.48
7967,7967,VAT,238.58
7968,7968,VAT,1030.3
7969,7969,Customs Duty,101498.43
7970,7970,Customs Duty,33.27
7971,7971,VAT,143298.74
7972,7972,Customs Duty,43539.55
7973,7973,Export Duty,46363.65
7974,7974,Customs Duty,1721.65
7975,7975,VAT,77129.04
7976,7976,Customs Duty,80.34
7977,7977,VAT,3272.69
7978,7978,VAT,16958.74
7979,7979,Service Tax,21662.93
7980,7980,Customs Duty,1472.68
7981,7981,VAT,106931.68
7982,7982,Customs Duty,44069.87
7983,7983,Customs Duty,2536.15
7984,7984,Import Duty,1387.0
7985,7985,Customs Duty,44876.78
7986,7986,Export Duty,27720.01
7987,7987,Import Duty,277.77
7988,7988,VAT,16004.11
7989,7989,Import Duty,12439.52
7990,7990,VAT,6936.6
7991,7991,VAT,109569.06
7992,7992,Customs Duty,6433.9
7993,7993,Customs Duty,12584.02
7994,7994,Customs Duty,11857.03
7995,7995,Import Duty,35674.49
7996,7996,Service Tax,251.79
7997,7997,Export Duty,25428.2
7998,7998,Customs Duty,805.5
7999,7999,Import Duty,1002.83
8000,8000,Import Duty,3365.24
8001,8001,Customs Duty,3726.87
8002,8002,Import Duty,385098.78
8003,8003,Excise Duty,1602.25
8004,8004,VAT,16423.23
8005,8005,Customs Duty,20856.37
8006,8006,VAT,2794.55
8007,8007,Customs Duty,63231.04
8008,8008,VAT,4457.77
8009,8009,Service Tax,58851.5
8010,8010,Import Duty,2541.81
8011,8011,VAT,89163.64
8012,8012,Excise Duty,78312.72
8013,8013,Customs Duty,2503.75
8014,8014,Excise Duty,4712.9
8015,8015,Customs Duty,20109.62
8016,8016,Customs Duty,177092.26
8017,8017,VAT,14512.54
8018,8018,Excise Duty,2036.15
8019,8019,Import Duty,3732.67
8020,8020,Customs Duty,1764.22
8021,8021,Customs Duty,257.08
8022,8022,Customs Duty,351.17
8023,8023,Customs Duty,10644.3
8024,8024,Customs Duty,90601.41
8025,8025,Customs Duty,1978.38
8026,8026,Import Duty,2160.36
8027,8027,VAT,1722.89
8028,8028,Export Duty,9867.89
8029,8029,Service Tax,3407.69
8030,8030,Customs Duty,2310.19
8031,8031,VAT,4501.52
8032,8032,Customs Duty,1678.61
8033,8033,Customs Duty,219.56
8034,8034,Excise Duty,692.82
8035,8035,Import Duty,227933.73
8036,8036,Import Duty,21561.45
8037,8037,VAT,119038.52
8038,8038,Import Duty,346.32
8039,8039,Import Duty,69.06
8040,8040,Import Duty,435279.7
8041,8041,VAT,307086.74
8042,8042,Import Duty,134.61
8043,8043,Import Duty,26535.67
8044,8044,Service Tax,245.17
8045,8045,Excise Duty,41695.8
8046,8046,Excise Duty,967.51
8047,8047,VAT,120438.42
8048,8048,Export Duty,2551.71
8049,8049,Customs Duty,28781.37
8050,8050,VAT,2033.14
8051,8051,VAT,260857.3
8052,8052,Export Duty,96161.06
8053,8053,Service Tax,9818.92
8054,8054,Export Duty,394.03
8055,8055,VAT,71738.61
8056,8056,Export Duty,24626.24
8057,8057,Customs Duty,367.68
8058,8058,Customs Duty,724.71
8059,8059,Export Duty,4193.76
8060,8060,VAT,467.94
8061,8061,VAT,7586.94
8062,8062,VAT,2009.27
8063,8063,VAT,1537.2
8064,8064,Customs Duty,110711.74
8065,8065,Import Duty,810.23
8066,8066,VAT,23959.35
8067,8067,VAT,11961.21
8068,8068,Import Duty,4081.51
8069,8069,Customs Duty,1224.39
8070,8070,Customs Duty,621.63
8071,8071,Customs Duty,85623.36
8072,8072,Customs Duty,391.85
8073,8073,Customs Duty,1335.38
8074,8074,VAT,2878.65
8075,8075,VAT,2314.88
8076,8076,Import Duty,3439.43
8077,8077,VAT,566.83
8078,8078,Customs Duty,5898.79
8079,8079,Export Duty,32974.53
8080,8080,Service Tax,51164.13
8081,8081,VAT,1343.12
8082,8082,Customs Duty,352.79
8083,8083,Customs Duty,19892.68
8084,8084,Excise Duty,24545.44
8085,8085,VAT,2818.5
8086,8086,Export Duty,527.37
8087,8087,Customs Duty,341.59
8088,8088,Service Tax,106.66
8089,8089,Excise Duty,1596.49
8090,8090,Customs Duty,929.75
8091,8091,Import Duty,15558.26
8092,8092,Export Duty,26084.76
8093,8093,Import Duty,5363.18
8094,8094,VAT,167945.51
8095,8095,Excise Duty,1125.13
8096,8096,Import Duty,203341.76
8097,8097,Import Duty,1699.81
8098,8098,VAT,426.94
8099,8099,VAT,272810.08
8100,8100,Export Duty,1650.44
8101,8101,Import Duty,305.61
8102,8102,VAT,1547.0
8103,8103,Service Tax,1812.5
8104,8104,Import Duty,8270.34
8105,8105,Import Duty,3979.86
8106,8106,Customs Duty,59.24
8107,8107,Excise Duty,9894.63
8108,8108,Customs Duty,2053.19
8109,8109,Customs Duty,7207.73
8110,8110,Import Duty,214908.81
8111,8111,VAT,490.13
8112,8112,Import Duty,4394.71
8113,8113,Customs Duty,136707.29
8114,8114,Export Duty,4667.73
8115,8115,Customs Duty,122.38
8116,8116,Import Duty,82684.37
8117,8117,Import Duty,438.92
8118,8118,Customs Duty,1407.07
8119,8119,VAT,2928.24
8120,8120,Import Duty,192432.21
8121,8121,VAT,1879.09
8122,8122,Excise Duty,49247.39
8123,8123,Export Duty,8186.04
8124,8124,Import Duty,127999.6
8125,8125,Customs Duty,1056.63
8126,8126,Customs Duty,29600.47
8127,8127,Import Duty,1647.56
8128,8128,Customs Duty,25802.97
8129,8129,Import Duty,2733.93
8130,8130,Customs Duty,897.48
8131,8131,Customs Duty,9483.93
8132,8132,Customs Duty,1816.82
8133,8133,Customs Duty,61466.68
8134,8134,Import Duty,1998.01
8135,8135,Export Duty,26205.06
8136,8136,Import Duty,468980.53
8137,8137,Export Duty,1211.4
8138,8138,VAT,1956.26
8139,8139,VAT,1993.09
8140,8140,Import Duty,14356.09
8141,8141,Import Duty,25136.53
8142,8142,Export Duty,2129.36
8143,8143,Export Duty,2925.83
8144,8144,Export Duty,4085.23
8145,8145,VAT,262436.85
8146,8146,Customs Duty,49955.96
8147,8147,Customs Duty,7850.82
8148,8148,Customs Duty,25244.1
8149,8149,Customs Duty,18007.18
8150,8150,VAT,21545.96
8151,8151,Import Duty,186481.43
8152,8152,Customs Duty,173737.3
8153,8153,Export Duty,72305.73
8154,8154,Customs Duty,1354.32
8155,8155,VAT,10045.51
8156,8156,Customs Duty,924.05
8157,8157,Import Duty,165986.48
8158,8158,Customs Duty,9621.73
8159,8159,Customs Duty,35444.0
8160,8160,Customs Duty,44153.46
8161,8161,Excise Duty,11627.41
8162,8162,Excise Duty,158432.56
8163,8163,VAT,78836.58
8164,8164,Excise Duty,577.61
8165,8165,VAT,9681.76
8166,8166,Customs Duty,1957.54
8167,8167,Import Duty,20427.11
8168,8168,VAT,2151.7
8169,8169,VAT,610.14
8170,8170,Excise Duty,161.19
8171,8171,Customs Duty,2074.27
8172,8172,VAT,473.82
8173,8173,VAT,71.28
8174,8174,VAT,35881.11
8175,8175,Customs Duty,235254.95
8176,8176,VAT,2448.16
8177,8177,Import Duty,1984.47
8178,8178,Excise Duty,1140.97
8179,8179,VAT,88.42
8180,8180,Service Tax,41.66
8181,8181,Excise Duty,21626.01
8182,8182,Customs Duty,960.15
8183,8183,VAT,8091.2
8184,8184,Customs Duty,5783.5
8185,8185,Export Duty,640.01
8186,8186,Customs Duty,106201.71
8187,8187,Import Duty,74185.79
8188,8188,VAT,297705.71
8189,8189,VAT,70320.34
8190,8190,Service Tax,87.23
8191,8191,VAT,10261.64
8192,8192,Export Duty,3647.54
8193,8193,Import Duty,49693.32
8194,8194,VAT,2427.43
8195,8195,Service Tax,3427.77
8196,8196,Service Tax,1589.95
8197,8197,Service Tax,36566.55
8198,8198,Customs Duty,1262.16
8199,8199,Customs Duty,851.79
8200,8200,VAT,78617.03
8201,8201,Customs Duty,11641.08
8202,8202,Import Duty,53.59
8203,8203,VAT,2095.38
8204,8204,Import Duty,4202.73
8205,8205,VAT,1140.69
8206,8206,Import Duty,23640.53
8207,8207,VAT,182809.26
8208,8208,VAT,5211.78
8209,8209,VAT,12531.65
8210,8210,Customs Duty,14545.2
8211,8211,Customs Duty,207.74
8212,8212,Service Tax,464.8
8213,8213,Customs Duty,276.83
8214,8214,Customs Duty,4562.44
8215,8215,Service Tax,79155.79
8216,8216,Customs Duty,380.7
8217,8217,Customs Duty,4492.11
8218,8218,VAT,4319.62
8219,8219,VAT,13816.98
8220,8220,Excise Duty,20894.15
8221,8221,Export Duty,109500.88
8222,8222,VAT,2011.45
8223,8223,Export Duty,3079.09
8224,8224,Export Duty,3101.95
8225,8225,Customs Duty,229.85
8226,8226,VAT,1090.01
8227,8227,VAT,11162.4
8228,8228,Import Duty,35336.69
8229,8229,Import Duty,18665.36
8230,8230,Customs Duty,8609.91
8231,8231,Service Tax,301.34
8232,8232,Customs Duty,94735.81
8233,8233,VAT,22850.47
8234,8234,Excise Duty,874.17
8235,8235,Export Duty,60.9
8236,8236,VAT,183255.83
8237,8237,VAT,16991.98
8238,8238,Import Duty,20794.99
8239,8239,VAT,2196.15
8240,8240,Import Duty,161565.64
8241,8241,Service Tax,1092.41
8242,8242,Excise Duty,69130.93
8243,8243,VAT,198144.42
8244,8244,Excise Duty,7906.01
8245,8245,Excise Duty,719.69
8246,8246,Service Tax,1928.25
8247,8247,Customs Duty,7595.8
8248,8248,Customs Duty,1290.69
8249,8249,Import Duty,205438.74
8250,8250,Excise Duty,135901.06
8251,8251,VAT,12212.45
8252,8252,VAT,66088.68
8253,8253,Customs Duty,125518.41
8254,8254,Customs Duty,2798.74
8255,8255,Customs Duty,60.8
8256,8256,Excise Duty,3531.07
8257,8257,Customs Duty,256.46
8258,8258,Customs Duty,28093.76
8259,8259,VAT,599.08
8260,8260,Export Duty,3063.69
8261,8261,VAT,1319.44
8262,8262,Import Duty,983.34
8263,8263,VAT,1381.81
8264,8264,Customs Duty,7208.07
8265,8265,VAT,14644.48
8266,8266,Export Duty,196.72
8267,8267,Service Tax,3885.62
8268,8268,VAT,6639.46
8269,8269,Service Tax,7675.15
8270,8270,VAT,60901.3
8271,8271,VAT,239.19
8272,8272,Import Duty,16273.65
8273,8273,VAT,1228.59
8274,8274,VAT,110804.87
8275,8275,Export Duty,269.81
8276,8276,Import Duty,159079.0
8277,8277,Customs Duty,102.77
8278,8278,Service Tax,6725.97
8279,8279,VAT,3319.97
8280,8280,VAT,26801.48
8281,8281,Service Tax,614.58
8282,8282,Customs Duty,24508.36
8283,8283,Customs Duty,571.36
8284,8284,VAT,158.06
8285,8285,Service Tax,10447.45
8286,8286,Customs Duty,637.3
8287,8287,Customs Duty,955.61
8288,8288,Customs Duty,28027.49
8289,8289,Customs Duty,754.69
8290,8290,Customs Duty,92459.78
8291,8291,Export Duty,391.13
8292,8292,Customs Duty,497.91
8293,8293,Service Tax,28040.53
8294,8294,VAT,1500.42
8295,8295,Customs Duty,1038.51
8296,8296,VAT,5801.33
8297,8297,Customs Duty,1628.92
8298,8298,Customs Duty,90592.77
8299,8299,Import Duty,21158.69
8300,8300,VAT,202698.77
8301,8301,Import Duty,3344.13
8302,8302,Import Duty,1027.71
8303,8303,Customs Duty,1785.98
8304,8304,VAT,1361.73
8305,8305,Export Duty,12674.05
8306,8306,Excise Duty,21407.08
8307,8307,Import Duty,55.93
8308,8308,VAT,226284.82
8309,8309,VAT,20473.96
8310,8310,Customs Duty,951.57
8311,8311,VAT,98506.54
8312,8312,Import Duty,48.89
8313,8313,VAT,104613.71
8314,8314,Excise Duty,4721.52
8315,8315,Import Duty,16595.04
8316,8316,Customs Duty,259.56
8317,8317,Customs Duty,11771.92
8318,8318,Customs Duty,879.94
8319,8319,Customs Duty,26558.47
8320,8320,Customs Duty,31759.9
8321,8321,VAT,3727.41
8322,8322,VAT,9668.55
8323,8323,VAT,25792.46
8324,8324,Customs Duty,155339.17
8325,8325,Excise Duty,281.51
8326,8326,Customs Duty,5640.69
8327,8327,Customs Duty,15461.31
8328,8328,Excise Duty,19602.88
8329,8329,Import Duty,1508.58
8330,8330,Customs Duty,4824.82
8331,8331,VAT,186977.77
8332,8332,Excise Duty,1129.51
8333,8333,Excise Duty,10781.25
8334,8334,Customs Duty,59105.88
8335,8335,Excise Duty,10268.65
8336,8336,Import Duty,1533.06
8337,8337,Customs Duty,8988.24
8338,8338,Export Duty,626.63
8339,8339,Service Tax,102.29
8340,8340,Export Duty,50657.54
8341,8341,Customs Duty,2722.77
8342,8342,Customs Duty,6485.44
8343,8343,Import Duty,177444.04
8344,8344,VAT,55754.68
8345,8345,Customs Duty,86256.76
8346,8346,Excise Duty,43625.53
8347,8347,Customs Duty,3495.35
8348,8348,VAT,129451.43
8349,8349,Import Duty,4872.21
8350,8350,Customs Duty,1570.32
8351,8351,Excise Duty,11347.51
8352,8352,Customs Duty,164436.21
8353,8353,Excise Duty,10391.71
8354,8354,Import Duty,2827.57
8355,8355,Import Duty,221323.32
8356,8356,Customs Duty,851.35
8357,8357,Import Duty,22602.56
8358,8358,Customs Duty,5186.67
8359,8359,Import Duty,1868.76
8360,8360,VAT,246613.62
8361,8361,Import Duty,2240.08
8362,8362,VAT,164376.42
8363,8363,Import Duty,193714.82
8364,8364,Export Duty,70.05
8365,8365,VAT,24588.33
8366,8366,VAT,2648.18
8367,8367,Customs Duty,2750.62
8368,8368,VAT,13868.02
8369,8369,VAT,7607.82
8370,8370,Customs Duty,7606.75
8371,8371,VAT,17515.76
8372,8372,Customs Duty,20335.47
8373,8373,Service Tax,650.65
8374,8374,Import Duty,287123.13
8375,8375,Service Tax,9857.6
8376,8376,Export Duty,35670.58
8377,8377,VAT,2010.93
8378,8378,VAT,1437.02
8379,8379,Export Duty,33191.48
8380,8380,Export Duty,201.99
8381,8381,Customs Duty,16857.56
8382,8382,Import Duty,168292.22
8383,8383,VAT,264064.56
8384,8384,Excise Duty,29331.97
8385,8385,Import Duty,18096.28
8386,8386,Excise Duty,12132.15
8387,8387,Excise Duty,58334.55
8388,8388,Export Duty,6989.27
8389,8389,VAT,4772.39
8390,8390,VAT,11151.44
8391,8391,Export Duty,23091.81
8392,8392,Customs Duty,2492.37
8393,8393,Import Duty,270198.06
8394,8394,Service Tax,28108.52
8395,8395,Service Tax,83.4
8396,8396,Customs Duty,4477.82
8397,8397,Import Duty,207499.06
8398,8398,Export Duty,55480.95
8399,8399,Customs Duty,94.1
8400,8400,VAT,856.84
8401,8401,Service Tax,1663.99
8402,8402,Excise Duty,47072.19
8403,8403,Export Duty,48952.04
8404,8404,Import Duty,1516.69
8405,8405,Excise Duty,25098.82
8406,8406,VAT,2013.95
8407,8407,Export Duty,95.39
8408,8408,Export Duty,137.27
8409,8409,Import Duty,2053.24
8410,8410,VAT,152987.65
8411,8411,Import Duty,163586.18
8412,8412,Excise Duty,1255.7
8413,8413,Import Duty,2404.16
8414,8414,Export Duty,16448.49
8415,8415,VAT,3040.38
8416,8416,Customs Duty,77.57
8417,8417,Customs Duty,143085.8
8418,8418,Customs Duty,83876.83
8419,8419,Import Duty,376290.05
8420,8420,Import Duty,7018.34
8421,8421,Import Duty,58783.71
8422,8422,Export Duty,34109.78
8423,8423,Import Duty,415477.95
8424,8424,VAT,1887.24
8425,8425,Customs Duty,10963.64
8426,8426,VAT,2898.85
8427,8427,Import Duty,5269.1
8428,8428,Service Tax,70150.99
8429,8429,Excise Duty,339.0
8430,8430,Service Tax,27.24
8431,8431,Import Duty,42726.7
8432,8432,Import Duty,2419.53
8433,8433,Import Duty,2248.49
8434,8434,Import Duty,15665.89
8435,8435,Customs Duty,109980.44
8436,8436,Customs Duty,498.88
8437,8437,Excise Duty,29023.33
8438,8438,Import Duty,3978.26
8439,8439,Import Duty,696.12
8440,8440,Import Duty,31092.48
8441,8441,Service Tax,951.69
8442,8442,Customs Duty,1961.34
8443,8443,VAT,956.01
8444,8444,Customs Duty,4838.44
8445,8445,Customs Duty,1347.57
8446,8446,Import Duty,2825.36
8447,8447,Excise Duty,883.85
8448,8448,Import Duty,8067.75
8449,8449,Import Duty,139292.73
8450,8450,Customs Duty,193566.18
8451,8451,Customs Duty,983.49
8452,8452,Import Duty,301.95
8453,8453,Customs Duty,11580.23
8454,8454,Customs Duty,4006.63
8455,8455,VAT,16135.07
8456,8456,Customs Duty,414.48
8457,8457,VAT,6556.17
8458,8458,Customs Duty,102877.5
8459,8459,Customs Duty,868.98
8460,8460,Customs Duty,910.92
8461,8461,Excise Duty,499.28
8462,8462,VAT,824.76
8463,8463,Customs Duty,142027.5
8464,8464,Import Duty,38166.39
8465,8465,Customs Duty,10215.13
8466,8466,Customs Duty,270408.59
8467,8467,VAT,19759.08
8468,8468,Import Duty,3645.55
8469,8469,Customs Duty,1036.49
8470,8470,Export Duty,514.21
8471,8471,Import Duty,4673.59
8472,8472,Customs Duty,7224.06
8473,8473,VAT,102084.55
8474,8474,Import Duty,47031.62
8475,8475,VAT,1583.46
8476,8476,Service Tax,2316.2
8477,8477,Excise Duty,298.32
8478,8478,Customs Duty,911.16
8479,8479,Export Duty,2783.91
8480,8480,Import Duty,352.77
8481,8481,Export Duty,704.3
8482,8482,Service Tax,59258.05
8483,8483,VAT,149258.82
8484,8484,VAT,3244.94
8485,8485,VAT,176881.87
8486,8486,VAT,100787.5
8487,8487,VAT,99960.38
8488,8488,Import Duty,1932.72
8489,8489,Customs Duty,80271.4
8490,8490,VAT,481.1
8491,8491,Import Duty,181161.1
8492,8492,Import Duty,17239.91
8493,8493,Customs Duty,2099.3
8494,8494,VAT,4568.56
8495,8495,VAT,89.01
8496,8496,VAT,1158.45
8497,8497,VAT,8130.06
8498,8498,Export Duty,258.41
8499,8499,Excise Duty,503.67
8500,8500,Excise Duty,1025.68
8501,8501,Customs Duty,25875.89
8502,8502,Export Duty,82796.42
8503,8503,Service Tax,4497.78
8504,8504,Import Duty,256636.05
8505,8505,Excise Duty,26044.32
8506,8506,VAT,1468.79
8507,8507,Customs Duty,8495.64
8508,8508,Customs Duty,3132.56
8509,8509,Import Duty,1446.09
8510,8510,VAT,24739.01
8511,8511,Service Tax,44947.66
8512,8512,Export Duty,1279.9
8513,8513,Import Duty,4873.28
8514,8514,VAT,104.39
8515,8515,Customs Duty,94119.55
8516,8516,Excise Duty,33575.25
8517,8517,Import Duty,1537.72
8518,8518,VAT,221016.37
8519,8519,VAT,182689.04
8520,8520,Import Duty,128303.55
8521,8521,VAT,1229.84
8522,8522,Export Duty,1127.57
8523,8523,Import Duty,112.95
8524,8524,Service Tax,3594.61
8525,8525,VAT,15346.84
8526,8526,Import Duty,3868.09
8527,8527,VAT,104749.64
8528,8528,Export Duty,1585.38
8529,8529,Export Duty,106.95
8530,8530,Customs Duty,242.62
8531,8531,VAT,3007.94
8532,8532,Export Duty,6877.87
8533,8533,Customs Duty,170082.83
8534,8534,Import Duty,213773.9
8535,8535,Import Duty,3544.3
8536,8536,Customs Duty,184527.03
8537,8537,Customs Duty,536.76
8538,8538,Customs Duty,12490.2
8539,8539,Import Duty,147.07
8540,8540,Import Duty,27490.55
8541,8541,Export Duty,19522.96
8542,8542,Customs Duty,11955.5
8543,8543,VAT,3590.08
8544,8544,Excise Duty,9581.08
8545,8545,Customs Duty,90236.09
8546,8546,Export Duty,88741.59
8547,8547,Customs Duty,442.84
8548,8548,Import Duty,172181.71
8549,8549,VAT,131530.29
8550,8550,Import Duty,24554.1
8551,8551,VAT,5894.37
8552,8552,Customs Duty,19447.56
8553,8553,VAT,16333.77
8554,8554,VAT,80450.17
8555,8555,Customs Duty,13252.55
8556,8556,Export Duty,32960.94
8557,8557,VAT,3256.08
8558,8558,Import Duty,1678.03
8559,8559,VAT,22810.13
8560,8560,Customs Duty,540.47
8561,8561,Service Tax,133.43
8562,8562,VAT,5373.22
8563,8563,VAT,14186.01
8564,8564,VAT,7720.82
8565,8565,Excise Duty,431.86
8566,8566,Excise Duty,10820.07
8567,8567,Export Duty,11169.6
8568,8568,Customs Duty,1272.72
8569,8569,Import Duty,206301.58
8570,8570,Service Tax,30988.05
8571,8571,VAT,18384.77
8572,8572,Import Duty,357471.9
8573,8573,Customs Duty,1647.5
8574,8574,Excise Duty,1078.53
8575,8575,Import Duty,152387.09
8576,8576,Customs Duty,1223.2
8577,8577,Customs Duty,1815.16
8578,8578,Customs Duty,22254.76
8579,8579,Customs Duty,326.45
8580,8580,Service Tax,1144.45
8581,8581,Customs Duty,1872.73
8582,8582,VAT,957.14
8583,8583,Customs Duty,23338.0
8584,8584,Import Duty,17590.61
8585,8585,Import Duty,937.75
8586,8586,VAT,14013.98
8587,8587,Excise Duty,695.58
8588,8588,VAT,114789.83
8589,8589,VAT,110256.88
8590,8590,Excise Duty,495.07
8591,8591,VAT,6556.84
8592,8592,Excise Duty,10309.06
8593,8593,Customs Duty,1552.27
8594,8594,Customs Duty,10558.45
8595,8595,Excise Duty,2078.28
8596,8596,Service Tax,9579.41
8597,8597,Customs Duty,1382.01
8598,8598,Import Duty,16136.3
8599,8599,VAT,32028.12
8600,8600,VAT,1434.4
8601,8601,Customs Duty,681.68
8602,8602,Excise Duty,18401.76
8603,8603,Service Tax,24924.17
8604,8604,Customs Duty,3404.26
8605,8605,Excise Duty,71632.5
8606,8606,Export Duty,45.0
8607,8607,Service Tax,75752.05
8608,8608,Import Duty,1041.68
8609,8609,VAT,19297.05
8610,8610,Customs Duty,3001.07
8611,8611,Customs Duty,21875.28
8612,8612,Customs Duty,10224.6
8613,8613,Customs Duty,15329.21
8614,8614,Export Duty,57291.86
8615,8615,Import Duty,899.16
8616,8616,VAT,1265.86
8617,8617,Import Duty,1884.87
8618,8618,VAT,102500.48
8619,8619,VAT,59699.83
8620,8620,Customs Duty,2497.15
8621,8621,Import Duty,124619.5
8622,8622,Excise Duty,2197.01
8623,8623,Import Duty,248.49
8624,8624,Import Duty,141521.45
8625,8625,VAT,8939.28
8626,8626,Customs Duty,14372.5
8627,8627,VAT,25159.53
8628,8628,VAT,23524.06
8629,8629,Customs Duty,215207.17
8630,8630,VAT,43583.13
8631,8631,Service Tax,47120.82
8632,8632,Import Duty,1278.66
8633,8633,Import Duty,664.02
8634,8634,Import Duty,1500.05
8635,8635,Export Duty,8500.43
8636,8636,VAT,22149.92
8637,8637,Excise Duty,53024.76
8638,8638,VAT,3038.58
8639,8639,Customs Duty,16531.99
8640,8640,Export Duty,1308.48
8641,8641,Service Tax,403.97
8642,8642,VAT,215403.62
8643,8643,Customs Duty,5269.55
8644,8644,Customs Duty,836.93
8645,8645,Export Duty,503.27
8646,8646,VAT,99541.79
8647,8647,Customs Duty,1439.36
8648,8648,Service Tax,692.21
8649,8649,VAT,20802.02
8650,8650,Export Duty,367.52
8651,8651,VAT,3016.68
8652,8652,Excise Duty,57.21
8653,8653,Import Duty,5258.32
8654,8654,VAT,102.39
8655,8655,VAT,2380.43
8656,8656,Export Duty,823.16
8657,8657,Export Duty,148.49
8658,8658,Customs Duty,4846.06
8659,8659,Export Duty,19615.91
8660,8660,VAT,442.67
8661,8661,Import Duty,23913.98
8662,8662,Customs Duty,568.01
8663,8663,Import Duty,1719.36
8664,8664,Customs Duty,99212.4
8665,8665,VAT,11271.27
8666,8666,Customs Duty,65395.46
8667,8667,Customs Duty,504.85
8668,8668,VAT,21112.86
8669,8669,Import Duty,589.07
8670,8670,Customs Duty,864.52
8671,8671,VAT,177.3
8672,8672,Service Tax,572.66
8673,8673,Customs Duty,49762.19
8674,8674,Service Tax,5799.24
8675,8675,Import Duty,368119.57
8676,8676,VAT,656.16
8677,8677,Customs Duty,93320.33
8678,8678,Import Duty,16878.17
8679,8679,Excise Duty,52.23
8680,8680,Customs Duty,6507.91
8681,8681,Customs Duty,11612.14
8682,8682,Import Duty,8481.91
8683,8683,VAT,59508.31
8684,8684,VAT,79124.8
8685,8685,Excise Duty,83438.83
8686,8686,VAT,59959.9
8687,8687,Excise Duty,75790.73
8688,8688,Customs Duty,1133.12
8689,8689,Import Duty,135424.34
8690,8690,Import Duty,2044.13
8691,8691,Customs Duty,20470.01
8692,8692,Customs Duty,109721.37
8693,8693,Excise Duty,54.05
8694,8694,Customs Duty,62885.69
8695,8695,Import Duty,195600.62
8696,8696,VAT,1610.17
8697,8697,Import Duty,21275.5
8698,8698,VAT,14198.73
8699,8699,Customs Duty,10200.58
8700,8700,Export Duty,256.34
8701,8701,Import Duty,2824.88
8702,8702,VAT,146581.2
8703,8703,Service Tax,31.69
8704,8704,VAT,5566.47
8705,8705,Service Tax,2342.67
8706,8706,Customs Duty,106043.79
8707,8707,Customs Duty,6238.88
8708,8708,Import Duty,125050.31
8709,8709,Import Duty,1171.61
8710,8710,Export Duty,23215.18
8711,8711,Export Duty,331.39
8712,8712,Service Tax,70386.71
8713,8713,Import Duty,876.02
8714,8714,VAT,19936.56
8715,8715,VAT,37342.73
8716,8716,VAT,94503.6
8717,8717,Customs Duty,2281.05
8718,8718,Excise Duty,2492.91
8719,8719,VAT,3656.63
8720,8720,Customs Duty,20593.35
8721,8721,Import Duty,20593.8
8722,8722,Import Duty,91583.3
8723,8723,VAT,85865.9
8724,8724,Customs Duty,21894.73
8725,8725,Import Duty,1342.61
8726,8726,Import Duty,199.0
8727,8727,Excise Duty,2242.12
8728,8728,Customs Duty,19209.56
8729,8729,Customs Duty,119636.88
8730,8730,Import Duty,564.69
8731,8731,Export Duty,1086.25
8732,8732,Excise Duty,46619.72
8733,8733,Import Duty,772.67
8734,8734,Customs Duty,139877.37
8735,8735,VAT,6253.74
8736,8736,Customs Duty,665.92
8737,8737,Service Tax,54794.31
8738,8738,VAT,2835.27
8739,8739,Import Duty,503.46
8740,8740,Import Duty,619.4
8741,8741,Customs Duty,45239.48
8742,8742,Import Duty,196272.23
8743,8743,Export Duty,33063.85
8744,8744,Customs Duty,2048.56
8745,8745,Export Duty,3510.24
8746,8746,Excise Duty,256.43
8747,8747,Customs Duty,14238.24
8748,8748,Customs Duty,5863.87
8749,8749,Service Tax,49334.61
8750,8750,Customs Duty,1966.88
8751,8751,VAT,1285.65
8752,8752,Excise Duty,47039.43
8753,8753,Customs Duty,4297.91
8754,8754,Customs Duty,797.08
8755,8755,Import Duty,1254.05
8756,8756,Service Tax,30033.36
8757,8757,Import Duty,2057.58
8758,8758,Import Duty,961.27
8759,8759,VAT,2239.23
8760,8760,Customs Duty,245872.52
8761,8761,Export Duty,3616.61
8762,8762,VAT,2580.58
8763,8763,Excise Duty,10834.37
8764,8764,VAT,16886.28
8765,8765,Export Duty,20790.88
8766,8766,VAT,16305.7
8767,8767,Export Duty,13073.21
8768,8768,VAT,840.34
8769,8769,Customs Duty,484.21
8770,8770,Export Duty,12850.76
8771,8771,VAT,34066.16
8772,8772,Import Duty,224384.21
8773,8773,Excise Duty,256.93
8774,8774,Import Duty,387827.86
8775,8775,Import Duty,113368.06
8776,8776,Import Duty,142.26
8777,8777,Customs Duty,8873.22
8778,8778,VAT,7745.78
8779,8779,Customs Duty,407.55
8780,8780,Import Duty,1134.76
8781,8781,Customs Duty,1961.89
8782,8782,Export Duty,49.33
8783,8783,VAT,6492.99
8784,8784,VAT,30978.08
8785,8785,Customs Duty,87566.59
8786,8786,VAT,243754.02
8787,8787,Customs Duty,2159.94
8788,8788,Customs Duty,47.73
8789,8789,Customs Duty,102022.13
8790,8790,VAT,50873.82
8791,8791,Import Duty,18512.23
8792,8792,Import Duty,10407.6
8793,8793,Customs Duty,2136.64
8794,8794,Excise Duty,71494.6
8795,8795,VAT,142112.21
8796,8796,VAT,2064.22
8797,8797,Customs Duty,11549.19
8798,8798,VAT,873.02
8799,8799,Import Duty,103193.67
8800,8800,VAT,203065.04
8801,8801,Import Duty,1164.21
8802,8802,Service Tax,254.66
8803,8803,Customs Duty,92626.63
8804,8804,Customs Duty,116505.81
8805,8805,Customs Duty,1712.16
8806,8806,Export Duty,642.04
8807,8807,Customs Duty,361.32
8808,8808,Customs Duty,16127.47
8809,8809,VAT,20805.7
8810,8810,Import Duty,1135.81
8811,8811,VAT,368175.04
8812,8812,Import Duty,3082.15
8813,8813,Customs Duty,8040.19
8814,8814,Customs Duty,5019.35
8815,8815,VAT,64949.64
8816,8816,Customs Duty,10452.69
8817,8817,Customs Duty,135632.69
8818,8818,Import Duty,281.7
8819,8819,VAT,51.72
8820,8820,VAT,2975.31
8821,8821,Customs Duty,77278.17
8822,8822,Export Duty,3335.22
8823,8823,Import Duty,256.87
8824,8824,VAT,302977.38
8825,8825,Customs Duty,190.11
8826,8826,Import Duty,4586.1
8827,8827,VAT,5628.08
8828,8828,VAT,1865.13
8829,8829,Import Duty,380754.7
8830,8830,VAT,37366.29
8831,8831,Customs Duty,215.6
8832,8832,Customs Duty,1707.52
8833,8833,VAT,1400.82
8834,8834,Import Duty,1133.48
8835,8835,Export Duty,189.66
8836,8836,Customs Duty,2333.54
8837,8837,Import Duty,305630.98
8838,8838,VAT,11260.58
8839,8839,VAT,4987.7
8840,8840,Customs Duty,373.13
8841,8841,Export Duty,15300.61
8842,8842,Customs Duty,37316.86
8843,8843,Customs Duty,1165.83
8844,8844,Customs Duty,906.39
8845,8845,Customs Duty,1090.11
8846,8846,Customs Duty,2295.81
8847,8847,VAT,121558.23
8848,8848,Customs Duty,17728.38
8849,8849,Import Duty,4615.65
8850,8850,Import Duty,728.68
8851,8851,Customs Duty,9442.52
8852,8852,Import Duty,4882.44
8853,8853,VAT,366.66
8854,8854,Customs Duty,59966.9
8855,8855,VAT,129632.45
8856,8856,Import Duty,6242.13
8857,8857,Excise Duty,53276.73
8858,8858,Export Duty,25974.29
8859,8859,Customs Duty,39996.9
8860,8860,Customs Duty,1008.52
8861,8861,Excise Duty,1368.04
8862,8862,Import Duty,41397.81
8863,8863,Customs Duty,5686.0
8864,8864,Customs Duty,12957.21
8865,8865,VAT,17050.33
8866,8866,Service Tax,1732.83
8867,8867,Customs Duty,171.05
8868,8868,Excise Duty,3975.21
8869,8869,Import Duty,148373.89
8870,8870,VAT,17990.6
8871,8871,Customs Duty,14888.21
8872,8872,Customs Duty,2666.75
8873,8873,Export Duty,7313.09
8874,8874,Customs Duty,1346.27
8875,8875,Import Duty,449800.74
8876,8876,Customs Duty,27741.9
8877,8877,Service Tax,268.06
8878,8878,Import Duty,13251.94
8879,8879,Excise Duty,1036.86
8880,8880,Export Duty,636.58
8881,8881,Import Duty,545.76
8882,8882,VAT,201813.89
8883,8883,VAT,4860.47
8884,8884,Customs Duty,921.74
8885,8885,Import Duty,4313.41
8886,8886,Service Tax,4335.51
8887,8887,Import Duty,265501.28
8888,8888,VAT,7675.45
8889,8889,Import Duty,23273.61
8890,8890,Customs Duty,6439.7
8891,8891,Import Duty,7905.33
8892,8892,VAT,141.87
8893,8893,Customs Duty,567.35
8894,8894,Customs Duty,374.54
8895,8895,Customs Duty,147427.93
8896,8896,Import Duty,125958.38
8897,8897,Customs Duty,684.26
8898,8898,VAT,1434.63
8899,8899,Customs Duty,2750.11
8900,8900,Customs Duty,69093.54
8901,8901,VAT,1772.17
8902,8902,Service Tax,7780.8
8903,8903,Import Duty,79186.28
8904,8904,Customs Duty,23840.64
8905,8905,Customs Duty,3530.47
8906,8906,Export Duty,502.64
8907,8907,VAT,20153.82
8908,8908,Import Duty,19919.36
8909,8909,Import Duty,148001.02
8910,8910,Customs Duty,50067.58
8911,8911,VAT,44294.81
8912,8912,Excise Duty,4143.07
8913,8913,VAT,1153.93
8914,8914,Service Tax,4724.91
8915,8915,Customs Duty,271.17
8916,8916,Excise Duty,104.98
8917,8917,Import Duty,53303.1
8918,8918,Customs Duty,37491.36
8919,8919,VAT,261189.39
8920,8920,Customs Duty,38814.69
8921,8921,VAT,4981.12
8922,8922,VAT,2412.53
8923,8923,Import Duty,710.98
8924,8924,Excise Duty,13851.35
8925,8925,Customs Duty,18338.12
8926,8926,Customs Duty,1870.42
8927,8927,VAT,1663.03
8928,8928,Import Duty,1425.08
8929,8929,Import Duty,472.8
8930,8930,Import Duty,222109.79
8931,8931,VAT,67.11
8932,8932,Customs Duty,1741.21
8933,8933,Import Duty,1742.24
8934,8934,Import Duty,46175.26
8935,8935,VAT,1004.04
8936,8936,Import Duty,26185.14
8937,8937,Customs Duty,60827.84
8938,8938,Customs Duty,5280.1
8939,8939,Export Duty,24218.55
8940,8940,Export Duty,15.89
8941,8941,Export Duty,492.37
8942,8942,VAT,85186.29
8943,8943,Customs Duty,185693.36
8944,8944,Customs Duty,126481.81
8945,8945,Import Duty,403454.57
8946,8946,Excise Duty,1459.09
8947,8947,Export Duty,5341.83
8948,8948,Customs Duty,163.32
8949,8949,Export Duty,2320.49
8950,8950,Import Duty,4392.89
8951,8951,VAT,32040.82
8952,8952,VAT,8884.84
8953,8953,Customs Duty,20094.9
8954,8954,Customs Duty,193718.41
8955,8955,Customs Duty,1997.05
8956,8956,Excise Duty,2311.63
8957,8957,VAT,17707.26
8958,8958,VAT,107092.44
8959,8959,Customs Duty,57606.61
8960,8960,Export Duty,4644.82
8961,8961,VAT,9939.63
8962,8962,Customs Duty,5211.81
8963,8963,VAT,1549.27
8964,8964,Customs Duty,106862.69
8965,8965,Import Duty,42382.64
8966,8966,Export Duty,179.91
8967,8967,Import Duty,10579.33
8968,8968,Customs Duty,127299.14
8969,8969,VAT,2052.28
8970,8970,Export Duty,88753.44
8971,8971,Import Duty,3104.61
8972,8972,Customs Duty,13588.33
8973,8973,Export Duty,45516.37
8974,8974,Import Duty,110133.58
8975,8975,Service Tax,440.7
8976,8976,Customs Duty,13910.93
8977,8977,Customs Duty,157.52
8978,8978,VAT,12850.15
8979,8979,Import Duty,141165.1
8980,8980,VAT,1434.61
8981,8981,Customs Duty,21840.44
8982,8982,Customs Duty,12281.52
8983,8983,Customs Duty,17056.45
8984,8984,Import Duty,24254.41
8985,8985,Export Duty,29852.2
8986,8986,Import Duty,38824.49
8987,8987,Customs Duty,399.63
8988,8988,Export Duty,15247.01
8989,8989,Import Duty,146765.08
8990,8990,Customs Duty,380.98
8991,8991,Excise Duty,218.58
8992,8992,Import Duty,74.25
8993,8993,Customs Duty,103241.77
8994,8994,VAT,2244.46
8995,8995,Customs Duty,1081.83
8996,8996,Import Duty,14268.55
8997,8997,Excise Duty,5146.02
8998,8998,VAT,82694.91
8999,8999,Import Duty,1696.84
9000,9000,Customs Duty,9269.84
9001,9001,VAT,8159.45
9002,9002,Customs Duty,17033.69
9003,9003,Customs Duty,3523.91
9004,9004,Export Duty,1582.67
9005,9005,Excise Duty,6780.18
9006,9006,Service Tax,6765.14
9007,9007,Customs Duty,47515.66
9008,9008,Import Duty,2426.67
9009,9009,Export Duty,569.93
9010,9010,Excise Duty,210.36
9011,9011,Import Duty,12052.95
9012,9012,Import Duty,498.53
9013,9013,Customs Duty,55403.35
9014,9014,Customs Duty,26106.39
9015,9015,Customs Duty,12736.66
9016,9016,Export Duty,281.37
9017,9017,Service Tax,1268.67
9018,9018,Export Duty,1245.37
9019,9019,Import Duty,28043.25
9020,9020,Customs Duty,8615.88
9021,9021,Customs Duty,3228.72
9022,9022,Customs Duty,112.53
9023,9023,VAT,783.77
9024,9024,Import Duty,19356.77
9025,9025,VAT,220410.95
9026,9026,VAT,223240.96
9027,9027,Import Duty,682.47
9028,9028,VAT,714.75
9029,9029,Service Tax,6760.51
9030,9030,Service Tax,1970.39
9031,9031,Export Duty,2001.72
9032,9032,Customs Duty,147472.28
9033,9033,VAT,1058.33
9034,9034,Excise Duty,90276.4
9035,9035,Import Duty,4557.5
9036,9036,Excise Duty,125510.51
9037,9037,Customs Duty,9049.94
9038,9038,Customs Duty,178.5
9039,9039,VAT,95576.49
9040,9040,Customs Duty,895.94
9041,9041,VAT,6058.79
9042,9042,Import Duty,13147.15
9043,9043,Import Duty,1177.8
9044,9044,Import Duty,7782.31
9045,9045,Import Duty,32028.32
9046,9046,Customs Duty,1100.83
9047,9047,Import Duty,5253.92
9048,9048,Import Duty,441019.77
9049,9049,Import Duty,491754.39
9050,9050,Customs Duty,12193.9
9051,9051,Export Duty,68.03
9052,9052,Excise Duty,223.17
9053,9053,Customs Duty,1650.33
9054,9054,Customs Duty,141130.45
9055,9055,Excise Duty,6327.71
9056,9056,Import Duty,24903.46
9057,9057,Service Tax,38923.9
9058,9058,Customs Duty,4046.95
9059,9059,Export Duty,350.53
9060,9060,Customs Duty,8194.5
9061,9061,Customs Duty,18081.36
9062,9062,Customs Duty,117.53
9063,9063,Export Duty,114340.55
9064,9064,Service Tax,95969.96
9065,9065,Customs Duty,546.3
9066,9066,Customs Duty,56229.34
9067,9067,VAT,150910.26
9068,9068,Import Duty,421178.4
9069,9069,VAT,4928.32
9070,9070,Customs Duty,68121.42
9071,9071,Import Duty,3450.92
9072,9072,Customs Duty,22142.77
9073,9073,VAT,12925.37
9074,9074,Import Duty,24187.63
9075,9075,Customs Duty,397.58
9076,9076,Export Duty,94538.84
9077,9077,Import Duty,1911.88
9078,9078,Customs Duty,21292.52
9079,9079,Excise Duty,14615.83
9080,9080,Import Duty,10387.97
9081,9081,Customs Duty,13606.55
9082,9082,Service Tax,5312.62
9083,9083,Excise Duty,979.57
9084,9084,Customs Duty,12717.86
9085,9085,Excise Duty,71986.51
9086,9086,Export Duty,11712.77
9087,9087,Customs Duty,9782.93
9088,9088,Import Duty,212115.42
9089,9089,Import Duty,23130.48
9090,9090,Service Tax,3227.05
9091,9091,Customs Duty,81050.21
9092,9092,Service Tax,761.58
9093,9093,VAT,638.96
9094,9094,Customs Duty,70650.11
9095,9095,Import Duty,24466.2
9096,9096,VAT,10434.62
9097,9097,Service Tax,607.17
9098,9098,Export Duty,124.64
9099,9099,Customs Duty,240.24
9100,9100,Excise Duty,613.98
9101,9101,Customs Duty,2360.87
9102,9102,Customs Duty,74.76
9103,9103,VAT,90838.8
9104,9104,Customs Duty,2439.16
9105,9105,VAT,5644.86
9106,9106,VAT,1583.95
9107,9107,VAT,1198.85
9108,9108,VAT,1315.73
9109,9109,Customs Duty,622.57
9110,9110,Customs Duty,2334.1
9111,9111,Service Tax,93510.27
9112,9112,Customs Duty,66452.25
9113,9113,Customs Duty,183.89
9114,9114,Export Duty,295.05
9115,9115,Customs Duty,6680.28
9116,9116,Customs Duty,2501.64
9117,9117,VAT,135970.32
9118,9118,Customs Duty,8978.8
9119,9119,Service Tax,117.72
9120,9120,Excise Duty,1131.32
9121,9121,VAT,806.19
9122,9122,Excise Duty,306.96
9123,9123,Customs Duty,12498.61
9124,9124,Customs Duty,2298.74
9125,9125,VAT,29758.82
9126,9126,Service Tax,144.19
9127,9127,Customs Duty,50421.54
9128,9128,VAT,58932.79
9129,9129,Export Duty,467.23
9130,9130,Service Tax,1751.42
9131,9131,VAT,866.15
9132,9132,Customs Duty,1504.89
9133,9133,Customs Duty,887.53
9134,9134,Service Tax,839.19
9135,9135,Import Duty,1204.61
9136,9136,Customs Duty,48071.24
9137,9137,VAT,291.27
9138,9138,Customs Duty,2798.92
9139,9139,Service Tax,676.88
9140,9140,VAT,7571.84
9141,9141,VAT,17071.13
9142,9142,Customs Duty,19545.35
9143,9143,Customs Duty,162840.89
9144,9144,Service Tax,177.29
9145,9145,Import Duty,89129.31
9146,9146,Export Duty,108.87
9147,9147,Service Tax,40740.7
9148,9148,Customs Duty,47521.37
9149,9149,Import Duty,2214.12
9150,9150,VAT,922.26
9151,9151,VAT,7914.06
9152,9152,VAT,2060.03
9153,9153,Customs Duty,60607.75
9154,9154,Excise Duty,4419.06
9155,9155,Import Duty,389756.22
9156,9156,Customs Duty,8770.11
9157,9157,Service Tax,46468.44
9158,9158,VAT,173751.51
9159,9159,Import Duty,41504.39
9160,9160,Excise Duty,26457.42
9161,9161,VAT,14604.25
9162,9162,VAT,1750.14
9163,9163,Excise Duty,399.08
9164,9164,Export Duty,272.77
9165,9165,Customs Duty,554.23
9166,9166,Customs Duty,36476.59
9167,9167,VAT,151282.38
9168,9168,Excise Duty,6228.84
9169,9169,Import Duty,878.88
9170,9170,Export Duty,23333.11
9171,9171,VAT,276972.95
9172,9172,Import Duty,286387.44
9173,9173,Customs Duty,9908.21
9174,9174,VAT,3733.38
9175,9175,Excise Duty,503.68
9176,9176,Customs Duty,125.79
9177,9177,Customs Duty,620.95
9178,9178,VAT,914.68
9179,9179,Import Duty,3370.28
9180,9180,VAT,13461.85
9181,9181,Service Tax,982.3
9182,9182,Excise Duty,18.83
9183,9183,Import Duty,86999.07
9184,9184,Export Duty,63190.52
9185,9185,Excise Duty,18939.14
9186,9186,Customs Duty,2466.17
9187,9187,Service Tax,59724.0
9188,9188,Export Duty,1024.8
9189,9189,Customs Duty,61409.52
9190,9190,VAT,1461.84
9191,9191,Customs Duty,37073.33
9192,9192,VAT,471.89
9193,9193,Export Duty,625.04
9194,9194,Customs Duty,12060.78
9195,9195,Import Duty,2488.31
9196,9196,Customs Duty,11653.09
9197,9197,Export Duty,51060.8
9198,9198,Import Duty,1138.12
9199,9199,VAT,81942.62
9200,9200,Service Tax,705.83
9201,9201,Service Tax,105353.02
9202,9202,Excise Duty,106.26
9203,9203,Import Duty,241829.27
9204,9204,Customs Duty,6730.4
9205,9205,Customs Duty,1189.53
9206,9206,Export Duty,2275.79
9207,9207,VAT,8028.72
9208,9208,Customs Duty,52731.77
9209,9209,Customs Duty,13736.55
9210,9210,VAT,827.27
9211,9211,Service Tax,532.3
9212,9212,VAT,1021.26
9213,9213,Customs Duty,740.13
9214,9214,Customs Duty,40649.52
9215,9215,VAT,139974.11
9216,9216,Export Duty,8581.66
9217,9217,VAT,166275.39
9218,9218,Customs Duty,1341.75
9219,9219,Customs Duty,9191.6
9220,9220,Customs Duty,1678.24
9221,9221,Customs Duty,2599.54
9222,9222,Customs Duty,37386.43
9223,9223,Excise Duty,60676.94
9224,9224,Customs Duty,1822.37
9225,9225,Export Duty,148.72
9226,9226,Excise Duty,12308.69
9227,9227,Customs Duty,41612.42
9228,9228,Import Duty,10578.42
9229,9229,VAT,113828.82
9230,9230,VAT,71588.05
9231,9231,Customs Duty,21747.5
9232,9232,VAT,126.54
9233,9233,Import Duty,291036.98
9234,9234,VAT,351122.43
9235,9235,Service Tax,1166.07
9236,9236,Customs Duty,1827.46
9237,9237,VAT,2809.17
9238,9238,Customs Duty,13511.56
9239,9239,Customs Duty,9030.26
9240,9240,Service Tax,52104.97
9241,9241,Import Duty,9575.96
9242,9242,VAT,188556.02
9243,9243,Customs Duty,79.23
9244,9244,Export Duty,29395.06
9245,9245,VAT,220316.84
9246,9246,VAT,13248.94
9247,9247,VAT,7542.32
9248,9248,Customs Duty,96907.85
9249,9249,Customs Duty,1421.66
9250,9250,VAT,1289.83
9251,9251,Excise Duty,8101.02
9252,9252,VAT,386.68
9253,9253,Customs Duty,19376.51
9254,9254,Export Duty,47761.82
9255,9255,VAT,11676.32
9256,9256,VAT,146172.44
9257,9257,Import Duty,5722.5
9258,9258,VAT,553.44
9259,9259,Export Duty,690.29
9260,9260,VAT,1589.51
9261,9261,Customs Duty,35272.98
9262,9262,Customs Duty,1481.45
9263,9263,Customs Duty,5274.83
9264,9264,VAT,262191.54
9265,9265,Service Tax,59.58
9266,9266,Customs Duty,45601.09
9267,9267,Import Duty,2758.04
9268,9268,Customs Duty,4953.91
9269,9269,Import Duty,5988.61
9270,9270,VAT,10477.36
9271,9271,Import Duty,1314.59
9272,9272,Customs Duty,2768.19
9273,9273,VAT,857.08
9274,9274,VAT,238605.21
9275,9275,Service Tax,278.21
9276,9276,VAT,53144.78
9277,9277,VAT,158577.07
9278,9278,Customs Duty,68945.93
9279,9279,Import Duty,116202.87
9280,9280,Export Duty,11723.85
9281,9281,Import Duty,83227.47
9282,9282,Customs Duty,1525.13
9283,9283,Export Duty,36332.16
9284,9284,Export Duty,22454.77
9285,9285,Import Duty,2567.31
9286,9286,Excise Duty,6808.43
9287,9287,VAT,29517.98
9288,9288,Customs Duty,14547.62
9289,9289,Service Tax,1074.34
9290,9290,Excise Duty,15448.02
9291,9291,Export Duty,12494.94
9292,9292,Import Duty,23065.62
9293,9293,Service Tax,59947.66
9294,9294,Customs Duty,540.62
9295,9295,VAT,10032.28
9296,9296,Customs Duty,62914.94
9297,9297,Customs Duty,130246.33
9298,9298,VAT,19871.33
9299,9299,VAT,2623.18
9300,9300,VAT,1193.18
9301,9301,VAT,25044.89
9302,9302,Excise Duty,13944.27
9303,9303,Customs Duty,509.84
9304,9304,Import Duty,1848.73
9305,9305,Excise Duty,4661.27
9306,9306,VAT,183.25
9307,9307,Import Duty,123999.92
9308,9308,Customs Duty,124379.41
9309,9309,Customs Duty,87721.1
9310,9310,Import Duty,180589.86
9311,9311,Excise Duty,116524.36
9312,9312,Import Duty,749.39
9313,9313,Import Duty,2322.14
9314,9314,Service Tax,199.94
9315,9315,Import Duty,26438.89
9316,9316,VAT,639.1
9317,9317,Excise Duty,761.73
9318,9318,Customs Duty,10795.95
9319,9319,Customs Duty,6661.93
9320,9320,Import Duty,26443.44
9321,9321,VAT,41.01
9322,9322,Import Duty,120812.75
9323,9323,Customs Duty,553.56
9324,9324,Customs Duty,2090.57
9325,9325,Excise Duty,326.97
9326,9326,VAT,13723.43
9327,9327,Customs Duty,5703.57
9328,9328,Customs Duty,11719.62
9329,9329,Import Duty,951.48
9330,9330,Import Duty,4668.19
9331,9331,Customs Duty,726.29
9332,9332,Customs Duty,1242.29
9333,9333,Service Tax,33732.94
9334,9334,Import Duty,13028.38
9335,9335,Export Duty,99462.39
9336,9336,VAT,17303.33
9337,9337,VAT,144914.75
9338,9338,VAT,6589.54
9339,9339,Service Tax,2221.76
9340,9340,Import Duty,3530.94
9341,9341,Import Duty,9146.66
9342,9342,Customs Duty,1037.17
9343,9343,Customs Duty,5589.22
9344,9344,Import Duty,10171.17
9345,9345,Import Duty,11913.63
9346,9346,VAT,17388.9
9347,9347,Customs Duty,1176.02
9348,9348,Excise Duty,39240.75
9349,9349,VAT,1613.95
9350,9350,Import Duty,19180.34
9351,9351,Customs Duty,2351.54
9352,9352,Customs Duty,7698.08
9353,9353,Customs Duty,13045.07
9354,9354,Excise Duty,10128.06
9355,9355,Customs Duty,232332.14
9356,9356,Customs Duty,212.46
9357,9357,Export Duty,1748.92
9358,9358,VAT,160.91
9359,9359,Import Duty,158821.63
9360,9360,Customs Duty,115895.42
9361,9361,Import Duty,2366.21
9362,9362,Excise Duty,42852.37
9363,9363,Import Duty,3889.26
9364,9364,Import Duty,18188.7
9365,9365,Customs Duty,1117.29
9366,9366,Import Duty,1858.39
9367,9367,Customs Duty,8013.39
9368,9368,Import Duty,175387.16
9369,9369,Excise Duty,532.6
9370,9370,Customs Duty,158850.8
9371,9371,Customs Duty,7726.73
9372,9372,Customs Duty,2042.64
9373,9373,Import Duty,217758.95
9374,9374,Customs Duty,67072.24
9375,9375,VAT,13668.06
9376,9376,Import Duty,2561.92
9377,9377,VAT,3879.46
9378,9378,Import Duty,1634.01
9379,9379,Customs Duty,1008.34
9380,9380,Customs Duty,9658.83
9381,9381,VAT,286584.14
9382,9382,Customs Duty,2181.19
9383,9383,VAT,52965.2
9384,9384,Import Duty,7048.41
9385,9385,Customs Duty,33717.93
9386,9386,VAT,397.01
9387,9387,Service Tax,7974.31
9388,9388,Import Duty,2944.44
9389,9389,Customs Duty,168.43
9390,9390,VAT,235185.7
9391,9391,Customs Duty,1120.25
9392,9392,VAT,244921.81
9393,9393,Import Duty,366.82
9394,9394,Excise Duty,4048.43
9395,9395,VAT,1105.11
9396,9396,Export Duty,65892.39
9397,9397,Customs Duty,4690.17
9398,9398,Export Duty,1799.2
9399,9399,VAT,87303.71
9400,9400,VAT,21795.29
9401,9401,Service Tax,33047.49
9402,9402,Export Duty,14993.19
9403,9403,Export Duty,123184.65
9404,9404,Customs Duty,261236.5
9405,9405,VAT,9676.08
9406,9406,Export Duty,62120.62
9407,9407,VAT,114383.58
9408,9408,VAT,127376.64
9409,9409,VAT,43382.19
9410,9410,Export Duty,5547.88
9411,9411,Import Duty,12591.35
9412,9412,Customs Duty,7122.29
9413,9413,Customs Duty,25077.93
9414,9414,Customs Duty,13531.93
9415,9415,Export Duty,3114.46
9416,9416,VAT,4294.17
9417,9417,VAT,17471.35
9418,9418,Customs Duty,10729.2
9419,9419,VAT,190.15
9420,9420,Import Duty,671.0
9421,9421,Customs Duty,7048.06
9422,9422,Customs Duty,4428.35
9423,9423,VAT,79990.54
9424,9424,Customs Duty,113246.01
9425,9425,Import Duty,11644.74
9426,9426,VAT,661.53
9427,9427,Customs Duty,1733.81
9428,9428,VAT,1297.05
9429,9429,Export Duty,3353.15
9430,9430,VAT,12670.04
9431,9431,Service Tax,13060.97
9432,9432,VAT,100214.06
9433,9433,Export Duty,762.27
9434,9434,Excise Duty,112196.86
9435,9435,Customs Duty,50084.73
9436,9436,Import Duty,3244.0
9437,9437,Customs Duty,255.49
9438,9438,VAT,5233.31
9439,9439,VAT,9126.91
9440,9440,Customs Duty,496.62
9441,9441,Import Duty,45498.79
9442,9442,Excise Duty,638.7
9443,9443,VAT,172931.64
9444,9444,VAT,19582.55
9445,9445,Customs Duty,2004.99
9446,9446,Import Duty,5995.13
9447,9447,Customs Duty,316.21
9448,9448,Import Duty,9551.57
9449,9449,Customs Duty,10365.87
9450,9450,Import Duty,202091.58
9451,9451,Import Duty,653.81
9452,9452,Excise Duty,124616.78
9453,9453,Import Duty,607.34
9454,9454,Customs Duty,13734.23
9455,9455,Customs Duty,1038.67
9456,9456,Service Tax,32639.95
9457,9457,Excise Duty,62716.92
9458,9458,Service Tax,214.86
9459,9459,Export Duty,6284.54
9460,9460,VAT,1070.86
9461,9461,VAT,195355.82
9462,9462,Import Duty,125065.85
9463,9463,Customs Duty,6833.68
9464,9464,Customs Duty,249.13
9465,9465,VAT,21846.55
9466,9466,Customs Duty,13925.6
9467,9467,Import Duty,34772.6
9468,9468,Customs Duty,67433.2
9469,9469,Import Duty,1201.29
9470,9470,Import Duty,21403.69
9471,9471,Service Tax,51704.03
9472,9472,Excise Duty,3001.44
9473,9473,Import Duty,41526.49
9474,9474,Customs Duty,2438.54
9475,9475,Import Duty,132622.69
9476,9476,VAT,1927.96
9477,9477,Customs Duty,31140.18
9478,9478,Import Duty,1620.88
9479,9479,VAT,266.91
9480,9480,Export Duty,3968.04
9481,9481,Customs Duty,1652.37
9482,9482,Customs Duty,725.18
9483,9483,VAT,2132.97
9484,9484,Export Duty,2466.01
9485,9485,VAT,9431.04
9486,9486,Customs Duty,2036.58
9487,9487,Export Duty,3925.83
9488,9488,Import Duty,1985.85
9489,9489,Excise Duty,74059.35
9490,9490,Customs Duty,6913.78
9491,9491,Customs Duty,13231.73
9492,9492,Customs Duty,665.08
9493,9493,Export Duty,14161.91
9494,9494,Customs Duty,148102.19
9495,9495,Customs Duty,37540.45
9496,9496,Excise Duty,46132.24
9497,9497,Customs Duty,11870.05
9498,9498,Export Duty,69841.73
9499,9499,Customs Duty,540.98
9500,9500,VAT,2924.49
9501,9501,Excise Duty,52.69
9502,9502,Customs Duty,16780.66
9503,9503,Customs Duty,587.0
9504,9504,Import Duty,52474.14
9505,9505,VAT,3878.15
9506,9506,Customs Duty,2514.54
9507,9507,Customs Duty,406.77
9508,9508,Import Duty,5227.76
9509,9509,Import Duty,1231.81
9510,9510,Import Duty,131996.38
9511,9511,VAT,6289.23
9512,9512,VAT,126062.27
9513,9513,Customs Duty,149778.0
9514,9514,Export Duty,71006.46
9515,9515,Customs Duty,77.72
9516,9516,Import Duty,77847.04
9517,9517,Export Duty,9739.18
9518,9518,VAT,1693.0
9519,9519,Export Duty,25269.42
9520,9520,Excise Duty,99698.73
9521,9521,Customs Duty,1273.36
9522,9522,Import Duty,453363.15
9523,9523,Service Tax,3080.29
9524,9524,Import Duty,82312.22
9525,9525,Customs Duty,88242.62
9526,9526,Customs Duty,877.28
9527,9527,Customs Duty,2938.94
9528,9528,Import Duty,554.68
9529,9529,Import Duty,3533.67
9530,9530,VAT,46225.51
9531,9531,Export Duty,73053.74
9532,9532,Customs Duty,142781.04
9533,9533,Customs Duty,2024.18
9534,9534,Customs Duty,12308.3
9535,9535,Customs Duty,93445.15
9536,9536,VAT,43772.44
9537,9537,Import Duty,2431.8
9538,9538,VAT,1107.33
9539,9539,Customs Duty,25251.0
9540,9540,Import Duty,2020.54
9541,9541,Service Tax,47350.99
9542,9542,Import Duty,8470.22
9543,9543,Import Duty,630.33
9544,9544,VAT,201.5
9545,9545,Import Duty,1317.96
9546,9546,VAT,2605.6
9547,9547,VAT,27156.78
9548,9548,VAT,278508.72
9549,9549,Import Duty,215326.76
9550,9550,Customs Duty,1352.21
9551,9551,VAT,10645.44
9552,9552,Customs Duty,32523.16
9553,9553,VAT,460.83
9554,9554,Customs Duty,122963.44
9555,9555,VAT,22810.94
9556,9556,Excise Duty,1467.93
9557,9557,Import Duty,41269.43
9558,9558,Excise Duty,391.1
9559,9559,Excise Duty,130350.69
9560,9560,VAT,70765.9
9561,9561,VAT,1660.48
9562,9562,Customs Duty,10453.99
9563,9563,Import Duty,14565.33
9564,9564,Excise Duty,1222.32
9565,9565,Import Duty,20205.45
9566,9566,VAT,1534.83
9567,9567,Customs Duty,9680.75
9568,9568,Import Duty,857.02
9569,9569,Import Duty,217161.69
9570,9570,Service Tax,2462.66
9571,9571,Excise Duty,7927.15
9572,9572,Excise Duty,359.18
9573,9573,VAT,155513.44
9574,9574,VAT,22655.96
9575,9575,Export Duty,227.51
9576,9576,Export Duty,218.29
9577,9577,VAT,2455.64
9578,9578,Excise Duty,884.72
9579,9579,VAT,3582.99
9580,9580,Import Duty,231162.63
9581,9581,Customs Duty,864.59
9582,9582,Import Duty,37524.63
9583,9583,Customs Duty,13837.0
9584,9584,Service Tax,3336.82
9585,9585,VAT,960.08
9586,9586,Import Duty,12426.53
9587,9587,Excise Duty,1345.24
9588,9588,Customs Duty,1833.61
9589,9589,VAT,1369.36
9590,9590,Customs Duty,162849.09
9591,9591,Excise Duty,7415.4
9592,9592,VAT,12975.7
9593,9593,VAT,4362.2
9594,9594,VAT,20294.04
9595,9595,Customs Duty,97373.28
9596,9596,VAT,11863.13
9597,9597,Excise Duty,9959.49
9598,9598,VAT,154013.52
9599,9599,Import Duty,31564.37
9600,9600,Customs Duty,41493.44
9601,9601,VAT,200049.08
9602,9602,Customs Duty,5501.18
9603,9603,Excise Duty,10693.77
9604,9604,Import Duty,109814.28
9605,9605,VAT,121.69
9606,9606,Excise Duty,514.73
9607,9607,Import Duty,29410.05
9608,9608,Import Duty,949.51
9609,9609,Import Duty,610.51
9610,9610,Customs Duty,1549.92
9611,9611,VAT,8761.93
9612,9612,Export Duty,8442.8
9613,9613,Customs Duty,18686.32
9614,9614,Customs Duty,1709.3
9615,9615,Customs Duty,2768.64
9616,9616,Customs Duty,253.44
9617,9617,Import Duty,86.48
9618,9618,Import Duty,153430.08
9619,9619,VAT,136991.69
9620,9620,Export Duty,2182.24
9621,9621,VAT,36776.5
9622,9622,Export Duty,792.97
9623,9623,Import Duty,3577.53
9624,9624,VAT,94188.11
9625,9625,Customs Duty,1044.77
9626,9626,Customs Duty,47858.66
9627,9627,Import Duty,26890.94
9628,9628,Customs Duty,155394.3
9629,9629,Import Duty,343390.13
9630,9630,VAT,22474.96
9631,9631,Customs Duty,113820.35
9632,9632,Excise Duty,64438.22
9633,9633,Export Duty,41032.08
9634,9634,Import Duty,33381.19
9635,9635,Customs Duty,9147.36
9636,9636,Import Duty,235076.11
9637,9637,Excise Duty,1068.54
9638,9638,Customs Duty,610.02
9639,9639,VAT,548.41
9640,9640,Import Duty,415.46
9641,9641,VAT,849.07
9642,9642,Import Duty,104458.71
9643,9643,Excise Duty,93219.83
9644,9644,Service Tax,8991.58
9645,9645,Customs Duty,4550.95
9646,9646,Customs Duty,13189.41
9647,9647,VAT,5119.83
9648,9648,Service Tax,137.23
9649,9649,Excise Duty,9658.55
9650,9650,Import Duty,299365.19
9651,9651,VAT,2203.97
9652,9652,Import Duty,3042.93
9653,9653,VAT,586.09
9654,9654,VAT,85219.14
9655,9655,Customs Duty,482.62
9656,9656,VAT,2207.75
9657,9657,Customs Duty,90959.08
9658,9658,Export Duty,19386.19
9659,9659,Customs Duty,52334.5
9660,9660,Import Duty,961.62
9661,9661,Export Duty,37975.42
9662,9662,Service Tax,2997.62
9663,9663,Customs Duty,53842.47
9664,9664,VAT,5046.57
9665,9665,Customs Duty,5773.49
9666,9666,Excise Duty,6083.4
9667,9667,Import Duty,23033.6
9668,9668,VAT,882.28
9669,9669,Customs Duty,113844.67
9670,9670,Excise Duty,1493.05
9671,9671,VAT,950.66
9672,9672,Customs Duty,43387.45
9673,9673,Export Duty,932.12
9674,9674,VAT,19927.35
9675,9675,Import Duty,2932.2
9676,9676,Service Tax,1223.07
9677,9677,Excise Duty,7711.97
9678,9678,Import Duty,16057.5
9679,9679,Customs Duty,2110.69
9680,9680,Customs Duty,12252.85
9681,9681,VAT,550.0
9682,9682,Customs Duty,13431.13
9683,9683,Export Duty,91.53
9684,9684,Import Duty,3235.54
9685,9685,Excise Duty,12987.26
9686,9686,Customs Duty,5767.07
9687,9687,Export Duty,1029.28
9688,9688,VAT,18802.64
9689,9689,Export Duty,6391.12
9690,9690,Customs Duty,319.71
9691,9691,VAT,2861.56
9692,9692,VAT,88002.67
9693,9693,Service Tax,212.31
9694,9694,Customs Duty,386.72
9695,9695,Customs Duty,3576.45
9696,9696,Customs Duty,1012.38
9697,9697,Import Duty,13943.12
9698,9698,VAT,133222.0
9699,9699,Excise Duty,62267.37
9700,9700,Customs Duty,13265.0
9701,9701,VAT,2056.7
9702,9702,VAT,1848.84
9703,9703,VAT,2255.56
9704,9704,Customs Duty,8970.78
9705,9705,Customs Duty,10500.89
9706,9706,Import Duty,104199.9
9707,9707,Export Duty,855.13
9708,9708,Customs Duty,1655.24
9709,9709,VAT,89.44
9710,9710,Import Duty,234.42
9711,9711,Import Duty,78353.03
9712,9712,Excise Duty,2248.23
9713,9713,Customs Duty,4352.25
9714,9714,Import Duty,2380.91
9715,9715,Service Tax,242.34
9716,9716,Customs Duty,136533.07
9717,9717,Export Duty,1011.07
9718,9718,Customs Duty,16456.81
9719,9719,Import Duty,70133.16
9720,9720,VAT,181953.15
9721,9721,VAT,8643.99
9722,9722,Customs Duty,4760.03
9723,9723,VAT,94844.05
9724,9724,Import Duty,56432.57
9725,9725,Service Tax,80681.15
9726,9726,Customs Duty,1196.05
9727,9727,VAT,1403.29
9728,9728,VAT,702.53
9729,9729,Export Duty,777.54
9730,9730,Customs Duty,356.58
9731,9731,VAT,234045.09
9732,9732,VAT,3063.42
9733,9733,Service Tax,572.58
9734,9734,VAT,986.63
9735,9735,Import Duty,248678.04
9736,9736,Import Duty,23113.66
9737,9737,VAT,1107.13
9738,9738,Import Duty,49197.15
9739,9739,VAT,44250.32
9740,9740,VAT,25466.55
9741,9741,VAT,155974.75
9742,9742,Customs Duty,1017.27
9743,9743,VAT,14366.15
9744,9744,Import Duty,23338.9
9745,9745,VAT,2810.65
9746,9746,Import Duty,829.31
9747,9747,Customs Duty,6082.51
9748,9748,Customs Duty,6806.74
9749,9749,Export Duty,2251.15
9750,9750,Customs Duty,2998.39
9751,9751,Import Duty,191261.62
9752,9752,VAT,20353.89
9753,9753,Excise Duty,28336.41
9754,9754,Import Duty,716.75
9755,9755,VAT,3637.07
9756,9756,VAT,111.85
9757,9757,Customs Duty,1159.01
9758,9758,Customs Duty,809.15
9759,9759,VAT,119068.59
9760,9760,Customs Duty,159632.23
9761,9761,Import Duty,287.79
9762,9762,Export Duty,83572.67
9763,9763,VAT,119261.77
9764,9764,Import Duty,26923.0
9765,9765,Export Duty,241.3
9766,9766,Import Duty,9736.65
9767,9767,VAT,11038.57
9768,9768,Export Duty,1086.85
9769,9769,VAT,1212.7
9770,9770,VAT,436.34
9771,9771,VAT,1483.72
9772,9772,VAT,88664.57
9773,9773,Customs Duty,1877.13
9774,9774,Customs Duty,15575.68
9775,9775,VAT,167.43
9776,9776,Customs Duty,8025.58
9777,9777,VAT,6486.56
9778,9778,Import Duty,55763.12
9779,9779,Import Duty,3116.49
9780,9780,Customs Duty,179859.89
9781,9781,Service Tax,724.6
9782,9782,Customs Duty,171.86
9783,9783,Import Duty,3092.43
9784,9784,Customs Duty,135874.46
9785,9785,Customs Duty,688.39
9786,9786,Excise Duty,526.29
9787,9787,Customs Duty,118699.17
9788,9788,Import Duty,815.19
9789,9789,VAT,185299.87
9790,9790,Customs Duty,189.43
9791,9791,VAT,131.3
9792,9792,Import Duty,1410.85
9793,9793,Customs Duty,858.16
9794,9794,Export Duty,48474.04
9795,9795,Import Duty,1852.03
9796,9796,Import Duty,183418.92
9797,9797,Customs Duty,10807.98
9798,9798,Import Duty,111729.16
9799,9799,Service Tax,54270.97
9800,9800,Import Duty,110724.73
9801,9801,Export Duty,4619.86
9802,9802,Import Duty,8659.61
9803,9803,Customs Duty,12887.99
9804,9804,VAT,22015.74
9805,9805,Export Duty,7788.57
9806,9806,Customs Duty,22160.2
9807,9807,Import Duty,18352.68
9808,9808,Import Duty,25946.31
9809,9809,Service Tax,195.78
9810,9810,VAT,8526.66
9811,9811,VAT,77931.8
9812,9812,VAT,2719.76
9813,9813,VAT,5800.27
9814,9814,Import Duty,283760.14
9815,9815,Customs Duty,14115.88
9816,9816,Import Duty,8587.18
9817,9817,Import Duty,585.22
9818,9818,Excise Duty,3104.02
9819,9819,Customs Duty,179457.01
9820,9820,VAT,22049.57
9821,9821,Service Tax,3453.5
9822,9822,Customs Duty,3856.19
9823,9823,Import Duty,30797.99
9824,9824,Import Duty,110530.84
9825,9825,Customs Duty,105886.83
9826,9826,Customs Duty,231873.12
9827,9827,VAT,2309.21
9828,9828,Import Duty,1034.37
9829,9829,Excise Duty,96282.12
9830,9830,Customs Duty,938.72
9831,9831,VAT,1236.55
9832,9832,Excise Duty,28398.31
9833,9833,Import Duty,1020.33
9834,9834,VAT,10618.74
9835,9835,Export Duty,56.86
9836,9836,Customs Duty,38685.07
9837,9837,Customs Duty,9712.63
9838,9838,Export Duty,970.47
9839,9839,VAT,162713.55
9840,9840,Customs Duty,12938.46
9841,9841,Export Duty,149966.93
9842,9842,Import Duty,20618.83
9843,9843,Service Tax,37031.46
9844,9844,Export Duty,594.5
9845,9845,Import Duty,401.77
9846,9846,Import Duty,10823.6
9847,9847,Service Tax,5450.63
9848,9848,VAT,20713.32
9849,9849,Customs Duty,5363.07
9850,9850,Excise Duty,189027.77
9851,9851,Customs Duty,1096.7
9852,9852,Excise Duty,1959.61
9853,9853,Export Duty,42.2
9854,9854,Export Duty,11593.68
9855,9855,Import Duty,22134.21
9856,9856,Import Duty,1384.74
9857,9857,VAT,2295.46
9858,9858,Customs Duty,408.55
9859,9859,Customs Duty,1264.29
9860,9860,Service Tax,187.53
9861,9861,Excise Duty,1416.45
9862,9862,Service Tax,3980.68
9863,9863,VAT,2493.69
9864,9864,Service Tax,2013.53
9865,9865,Export Duty,376.54
9866,9866,VAT,3263.95
9867,9867,Customs Duty,86.62
9868,9868,Excise Duty,529.68
9869,9869,Export Duty,24050.73
9870,9870,Import Duty,30205.04
9871,9871,Import Duty,28865.14
9872,9872,Customs Duty,65779.17
9873,9873,Customs Duty,89.48
9874,9874,Customs Duty,56651.09
9875,9875,Export Duty,1144.48
9876,9876,Export Duty,11726.97
9877,9877,Customs Duty,257.97
9878,9878,Import Duty,24974.9
9879,9879,Customs Duty,73240.22
9880,9880,Service Tax,364.23
9881,9881,Customs Duty,43649.93
9882,9882,VAT,2400.77
9883,9883,VAT,2243.24
9884,9884,Customs Duty,3182.4
9885,9885,Customs Duty,21569.71
9886,9886,Customs Duty,4440.3
9887,9887,Customs Duty,1226.69
9888,9888,Customs Duty,2644.68
9889,9889,VAT,1504.62
9890,9890,Customs Duty,3409.66
9891,9891,Import Duty,39078.65
9892,9892,Import Duty,3674.4
9893,9893,Import Duty,211897.98
9894,9894,Excise Duty,61281.06
9895,9895,VAT,23006.5
9896,9896,Customs Duty,679.48
9897,9897,Import Duty,74179.16
9898,9898,Excise Duty,2092.57
9899,9899,Import Duty,16485.56
9900,9900,VAT,746.46
9901,9901,Service Tax,65659.3
9902,9902,VAT,2799.64
9903,9903,Service Tax,45036.53
9904,9904,VAT,67799.48
9905,9905,VAT,5275.51
9906,9906,Customs Duty,61757.54
9907,9907,Customs Duty,642.38
9908,9908,Customs Duty,112523.36
9909,9909,VAT,674.36
9910,9910,Import Duty,295841.67
9911,9911,Export Duty,1065.65
9912,9912,Import Duty,45461.44
9913,9913,Import Duty,19272.34
9914,9914,VAT,5127.03
9915,9915,Customs Duty,1435.68
9916,9916,Service Tax,685.59
9917,9917,Service Tax,45647.19
9918,9918,Export Duty,23988.84
9919,9919,Customs Duty,26463.61
9920,9920,Import Duty,89306.59
9921,9921,Import Duty,582.95
9922,9922,VAT,143.97
9923,9923,VAT,401.03
9924,9924,VAT,970.34
9925,9925,Import Duty,71160.59
9926,9926,Customs Duty,925.93
9927,9927,Customs Duty,724.21
9928,9928,Customs Duty,18534.7
9929,9929,Import Duty,136443.69
9930,9930,Excise Duty,3584.65
9931,9931,Customs Duty,1204.53
9932,9932,Customs Duty,14800.8
9933,9933,Service Tax,155.29
9934,9934,Import Duty,6997.11
9935,9935,Customs Duty,1305.03
9936,9936,Customs Duty,24904.82
9937,9937,Export Duty,30526.53
9938,9938,Customs Duty,391.45
9939,9939,Import Duty,80.29
9940,9940,VAT,1627.92
9941,9941,VAT,130253.83
9942,9942,Customs Duty,181240.46
9943,9943,Import Duty,104901.73
9944,9944,Import Duty,193.02
9945,9945,Customs Duty,36202.49
9946,9946,Customs Duty,185962.13
9947,9947,Customs Duty,1106.9
9948,9948,Import Duty,211848.6
9949,9949,Customs Duty,96016.7
9950,9950,Customs Duty,196795.02
9951,9951,VAT,63347.77
9952,9952,Import Duty,902.4
9953,9953,VAT,139291.88
9954,9954,Customs Duty,195.86
9955,9955,Customs Duty,20219.2
9956,9956,VAT,7836.37
9957,9957,Service Tax,872.48
9958,9958,Import Duty,1841.4
9959,9959,Import Duty,728.79
9960,9960,Excise Duty,14933.75
9961,9961,Customs Duty,6199.32
9962,9962,Export Duty,19783.29
9963,9963,VAT,4927.71
9964,9964,Import Duty,691.56
9965,9965,Customs Duty,254.03
9966,9966,Customs Duty,11049.27
9967,9967,Export Duty,52745.93
9968,9968,Customs Duty,1247.54
9969,9969,Excise Duty,8683.92
9970,9970,Export Duty,357.07
9971,9971,Customs Duty,541.98
9972,9972,Excise Duty,1328.35
9973,9973,Import Duty,3992.91
9974,9974,Customs Duty,388.43
9975,9975,Customs Duty,47000.04
9976,9976,Export Duty,82385.56
9977,9977,Customs Duty,51086.67
9978,9978,Import Duty,97623.46
9979,9979,Import Duty,23943.46
9980,9980,VAT,87369.56
9981,9981,VAT,131566.36
9982,9982,Import Duty,31188.89
9983,9983,Import Duty,14440.54
9984,9984,Customs Duty,12096.96
9985,9985,Excise Duty,170030.84
9986,9986,Customs Duty,36149.84
9987,9987,VAT,163774.98
9988,9988,Export Duty,7447.57
9989,9989,Customs Duty,12670.92
9990,9990,VAT,1648.4
9991,9991,Service Tax,881.76
9992,9992,VAT,202.43
9993,9993,Excise Duty,3533.67
9994,9994,Customs Duty,133.49
9995,9995,Customs Duty,5736.65
9996,9996,Import Duty,6907.2
9997,9997,Import Duty,701.26
9998,9998,Customs Duty,171848.94
9999,9999,Export Duty,262.87
10000,10000,Excise Duty,2939.34
10001,10001,Export Duty,2688.98
10002,10002,Import Duty,8849.12
10003,10003,Customs Duty,14124.41
10004,10004,Customs Duty,309.23
10005,10005,Import Duty,361.39
10006,10006,Service Tax,59215.69
10007,10007,VAT,4715.15
10008,10008,Import Duty,6279.48
10009,10009,Service Tax,438.21
10010,10010,VAT,19506.85
10011,10011,Import Duty,1112.44
10012,10012,Export Duty,38854.53
10013,10013,VAT,255484.37
10014,10014,Customs Duty,19305.37
10015,10015,Customs Duty,2200.57
10016,10016,Customs Duty,647.51
10017,10017,Import Duty,80.36
10018,10018,Customs Duty,119582.28
10019,10019,Excise Duty,219642.56
10020,10020,Import Duty,3604.18
10021,10021,Export Duty,586.5
10022,10022,Customs Duty,239199.19
10023,10023,VAT,1176.5
10024,10024,Import Duty,4570.75
10025,10025,Service Tax,773.29
10026,10026,Customs Duty,38717.92
10027,10027,VAT,2439.91
10028,10028,Export Duty,10265.62
10029,10029,Customs Duty,72455.07
10030,10030,Customs Duty,56725.76
10031,10031,VAT,49.66
10032,10032,VAT,81758.47
10033,10033,Export Duty,98.82
10034,10034,Export Duty,34235.76
10035,10035,Import Duty,25274.61
10036,10036,Import Duty,1043.57
10037,10037,Export Duty,179.56
10038,10038,VAT,121559.61
10039,10039,VAT,182809.51
10040,10040,Excise Duty,2837.54
10041,10041,Customs Duty,106577.75
10042,10042,VAT,378.85
10043,10043,Customs Duty,61961.97
10044,10044,VAT,1150.07
10045,10045,Export Duty,57465.78
10046,10046,Export Duty,42472.03
10047,10047,Customs Duty,156113.65
10048,10048,Customs Duty,39328.62
10049,10049,VAT,28602.95
10050,10050,Import Duty,1334.45
10051,10051,VAT,211511.1
10052,10052,Import Duty,8319.75
10053,10053,Customs Duty,660.75
10054,10054,Export Duty,5443.91
10055,10055,Import Duty,1787.61
10056,10056,Customs Duty,60145.77
10057,10057,Export Duty,5583.69
10058,10058,VAT,4583.45
10059,10059,Service Tax,37501.52
10060,10060,Service Tax,35278.15
10061,10061,Customs Duty,18194.46
10062,10062,VAT,88.6
10063,10063,Excise Duty,713.15
10064,10064,Export Duty,104139.33
10065,10065,VAT,5793.02
10066,10066,Import Duty,108013.9
10067,10067,Customs Duty,1371.35
10068,10068,Import Duty,1480.81
10069,10069,Customs Duty,1019.42
10070,10070,Import Duty,98043.31
10071,10071,Customs Duty,4034.92
10072,10072,Excise Duty,40317.53
10073,10073,Customs Duty,1640.41
10074,10074,Customs Duty,190.71
10075,10075,VAT,110990.71
10076,10076,VAT,28954.12
10077,10077,Excise Duty,1397.64
10078,10078,Customs Duty,235.47
10079,10079,VAT,5866.71
10080,10080,Import Duty,25246.72
10081,10081,VAT,1334.33
10082,10082,Customs Duty,7048.22
10083,10083,VAT,1917.63
10084,10084,Import Duty,28522.0
10085,10085,Customs Duty,577.05
10086,10086,VAT,794.99
10087,10087,Import Duty,349787.63
10088,10088,Import Duty,10917.16
10089,10089,VAT,101604.76
10090,10090,VAT,127171.62
10091,10091,Service Tax,498.56
10092,10092,Import Duty,28539.19
10093,10093,Import Duty,189343.58
10094,10094,Customs Duty,1274.87
10095,10095,Export Duty,8052.72
10096,10096,Customs Duty,14806.57
10097,10097,Customs Duty,163374.49
10098,10098,Customs Duty,112397.73
10099,10099,Export Duty,124.22
10100,10100,Excise Duty,80.41
10101,10101,Customs Duty,126.07
10102,10102,Import Duty,9633.34
10103,10103,VAT,5412.25
10104,10104,Import Duty,2824.95
10105,10105,Customs Duty,1318.41
10106,10106,VAT,982.48
10107,10107,Customs Duty,135543.49
10108,10108,Excise Duty,402.08
10109,10109,Export Duty,111217.26
10110,10110,Import Duty,7375.98
10111,10111,Customs Duty,73.97
10112,10112,Customs Duty,85454.13
10113,10113,Import Duty,4955.25
10114,10114,Customs Duty,126906.61
10115,10115,Import Duty,66.97
10116,10116,Export Duty,13549.24
10117,10117,Excise Duty,1062.06
10118,10118,Customs Duty,4241.14
10119,10119,Excise Duty,65832.47
10120,10120,VAT,30566.96
10121,10121,VAT,23965.05
10122,10122,VAT,1881.33
10123,10123,Import Duty,60780.4
10124,10124,Excise Duty,18328.04
10125,10125,Excise Duty,96659.03
10126,10126,Export Duty,75490.19
10127,10127,Export Duty,40414.77
10128,10128,VAT,11705.89
10129,10129,Export Duty,189.47
10130,10130,VAT,2091.74
10131,10131,Customs Duty,1523.87
10132,10132,Import Duty,29231.27
10133,10133,Import Duty,3022.37
10134,10134,Customs Duty,13114.85
10135,10135,Import Duty,3453.06
10136,10136,Customs Duty,7598.36
10137,10137,Excise Duty,18752.97
10138,10138,Import Duty,102175.09
10139,10139,VAT,6173.14
10140,10140,Customs Duty,508.68
10141,10141,Customs Duty,14737.11
10142,10142,VAT,58567.43
10143,10143,Service Tax,2919.85
10144,10144,VAT,1376.72
10145,10145,Excise Duty,7478.79
10146,10146,VAT,299839.63
10147,10147,VAT,77627.78
10148,10148,Import Duty,7133.82
10149,10149,Import Duty,2610.04
10150,10150,Service Tax,1236.09
10151,10151,Export Duty,1994.69
10152,10152,Customs Duty,2533.06
10153,10153,VAT,1707.89
10154,10154,Service Tax,56610.72
10155,10155,Import Duty,42184.81
10156,10156,VAT,646.34
10157,10157,Customs Duty,9579.53
10158,10158,Customs Duty,180837.52
10159,10159,Import Duty,295.85
10160,10160,VAT,1756.97
10161,10161,Customs Duty,41952.05
10162,10162,Excise Duty,1346.06
10163,10163,VAT,143612.84
10164,10164,Customs Duty,107748.12
10165,10165,Excise Duty,4444.56
10166,10166,Customs Duty,377.52
10167,10167,Import Duty,910.68
10168,10168,VAT,222898.28
10169,10169,VAT,1283.29
10170,10170,Customs Duty,99.26
10171,10171,Excise Duty,62181.91
10172,10172,Export Duty,728.12
10173,10173,Customs Duty,20835.3
10174,10174,Import Duty,3460.3
10175,10175,VAT,119135.65
10176,10176,Export Duty,331.05
10177,10177,Customs Duty,243.82
10178,10178,Import Duty,1600.08
10179,10179,VAT,22012.97
10180,10180,Customs Duty,9043.62
10181,10181,Customs Duty,2596.08
10182,10182,VAT,246019.96
10183,10183,Excise Duty,70951.74
10184,10184,Customs Duty,2042.55
10185,10185,Customs Duty,4929.57
10186,10186,VAT,51899.46
10187,10187,Customs Duty,82425.91
10188,10188,Import Duty,485.7
10189,10189,Customs Duty,40703.26
10190,10190,Import Duty,6797.31
10191,10191,Export Duty,73.67
10192,10192,VAT,238411.59
10193,10193,Import Duty,70074.57
10194,10194,Customs Duty,1565.63
10195,10195,Service Tax,77.41
10196,10196,Excise Duty,1120.44
10197,10197,Customs Duty,592.22
10198,10198,Customs Duty,33579.97
10199,10199,Export Duty,46.54
10200,10200,Import Duty,225037.45
10201,10201,Import Duty,191.5
10202,10202,Customs Duty,3062.65
10203,10203,Customs Duty,3719.38
10204,10204,Export Duty,17424.67
10205,10205,VAT,2109.09
10206,10206,Import Duty,52883.31
10207,10207,VAT,17679.59
10208,10208,Customs Duty,2418.42
10209,10209,VAT,13147.28
10210,10210,VAT,46.65
10211,10211,Import Duty,30016.45
10212,10212,Import Duty,5721.9
10213,10213,Export Duty,1765.36
10214,10214,Customs Duty,2652.49
10215,10215,Excise Duty,1840.81
10216,10216,Import Duty,7914.38
10217,10217,Import Duty,91887.07
10218,10218,VAT,59565.31
10219,10219,Import Duty,86489.09
10220,10220,VAT,2609.42
10221,10221,Export Duty,35547.17
10222,10222,Customs Duty,170649.36
10223,10223,Customs Duty,6766.44
10224,10224,VAT,121336.16
10225,10225,Import Duty,2646.97
10226,10226,Excise Duty,670.6
10227,10227,Excise Duty,3289.83
10228,10228,Customs Duty,1317.74
10229,10229,VAT,1294.55
10230,10230,Customs Duty,7219.65
10231,10231,Customs Duty,16074.55
10232,10232,Customs Duty,1851.52
10233,10233,VAT,83774.49
10234,10234,Customs Duty,5452.3
10235,10235,Customs Duty,672.18
10236,10236,Import Duty,9336.65
10237,10237,Export Duty,1664.77
10238,10238,VAT,33573.4
10239,10239,VAT,79552.31
10240,10240,VAT,72379.45
10241,10241,Excise Duty,1311.87
10242,10242,Excise Duty,405.32
10243,10243,VAT,1476.63
10244,10244,Excise Duty,66056.64
10245,10245,Customs Duty,174.88
10246,10246,Import Duty,1140.34
10247,10247,Excise Duty,1767.42
10248,10248,Export Duty,229.79
10249,10249,Customs Duty,17691.67
10250,10250,Import Duty,15226.3
10251,10251,Customs Duty,63778.86
10252,10252,Customs Duty,122203.29
10253,10253,Import Duty,574.14
10254,10254,VAT,14471.92
10255,10255,Customs Duty,1727.65
10256,10256,Excise Duty,3608.34
10257,10257,Excise Duty,167514.53
10258,10258,Export Duty,9976.62
10259,10259,Customs Duty,882.7
10260,10260,Service Tax,13862.38
10261,10261,Export Duty,1113.85
10262,10262,Customs Duty,214334.36
10263,10263,Customs Duty,289.1
10264,10264,Export Duty,56473.67
10265,10265,VAT,13745.6
10266,10266,Service Tax,5760.02
10267,10267,Import Duty,8306.09
10268,10268,VAT,224.53
10269,10269,Customs Duty,4727.88
10270,10270,Customs Duty,3405.45
10271,10271,Export Duty,48559.86
10272,10272,Import Duty,16651.63
10273,10273,VAT,1311.96
10274,10274,VAT,317.59
10275,10275,Customs Duty,20496.08
10276,10276,VAT,104036.61
10277,10277,VAT,128043.97
10278,10278,VAT,107634.65
10279,10279,Customs Duty,85998.83
10280,10280,Customs Duty,10735.02
10281,10281,Customs Duty,33859.44
10282,10282,Customs Duty,19451.42
10283,10283,Customs Duty,46394.4
10284,10284,Service Tax,7765.01
10285,10285,Import Duty,94422.83
10286,10286,Excise Duty,4027.52
10287,10287,Customs Duty,71422.2
10288,10288,Customs Duty,6827.78
10289,10289,VAT,526.49
10290,10290,Customs Duty,45250.6
10291,10291,Import Duty,11946.64
10292,10292,Customs Duty,10664.04
10293,10293,VAT,43550.68
10294,10294,Excise Duty,1789.86
10295,10295,Excise Duty,104425.1
10296,10296,Excise Duty,11706.14
10297,10297,VAT,2769.06
10298,10298,VAT,1616.83
10299,10299,Export Duty,4564.1
10300,10300,Customs Duty,92499.96
10301,10301,Excise Duty,2372.69
10302,10302,Import Duty,2915.28
10303,10303,Import Duty,382342.76
10304,10304,VAT,65999.16
10305,10305,Import Duty,276563.11
10306,10306,Customs Duty,112.84
10307,10307,VAT,195892.45
10308,10308,Export Duty,77230.53
10309,10309,Service Tax,69278.39
10310,10310,Import Duty,383.05
10311,10311,Service Tax,24654.35
10312,10312,Import Duty,3299.07
10313,10313,VAT,29145.43
10314,10314,Export Duty,1019.28
10315,10315,Import Duty,257079.35
10316,10316,Customs Duty,849.78
10317,10317,Excise Duty,177.17
10318,10318,Customs Duty,431.46
10319,10319,Import Duty,213365.84
10320,10320,Customs Duty,10472.96
10321,10321,VAT,63466.2
10322,10322,Service Tax,148.5
10323,10323,Customs Duty,18236.57
10324,10324,Customs Duty,4892.88
10325,10325,Customs Duty,18374.27
10326,10326,VAT,16125.07
10327,10327,Service Tax,5775.78
10328,10328,VAT,6751.4
10329,10329,Import Duty,507.81
10330,10330,Export Duty,315.11
10331,10331,Customs Duty,8704.37
10332,10332,Import Duty,2859.47
10333,10333,Customs Duty,1409.71
10334,10334,Customs Duty,752.76
10335,10335,Customs Duty,236.16
10336,10336,Import Duty,12031.62
10337,10337,Customs Duty,524.13
10338,10338,Import Duty,73409.94
10339,10339,Import Duty,7582.25
10340,10340,VAT,44530.51
10341,10341,Export Duty,282.57
10342,10342,Export Duty,269.64
10343,10343,Export Duty,3169.47
10344,10344,Customs Duty,54647.7
10345,10345,VAT,34372.38
10346,10346,Customs Duty,1258.3
10347,10347,VAT,13819.96
10348,10348,Excise Duty,1012.12
10349,10349,VAT,51852.92
10350,10350,VAT,290902.33
10351,10351,Export Duty,789.97
10352,10352,Customs Duty,23273.17
10353,10353,Service Tax,51767.44
10354,10354,Customs Duty,503.82
10355,10355,Export Duty,6367.05
10356,10356,Service Tax,23689.28
10357,10357,Import Duty,1868.82
10358,10358,Customs Duty,111.88
10359,10359,Customs Duty,751.98
10360,10360,Service Tax,771.79
10361,10361,Export Duty,131.37
10362,10362,Customs Duty,12881.17
10363,10363,Customs Duty,21720.8
10364,10364,Customs Duty,41053.82
10365,10365,Export Duty,1889.06
10366,10366,Export Duty,59665.82
10367,10367,Customs Duty,23274.68
10368,10368,Customs Duty,231.23
10369,10369,Customs Duty,10614.28
10370,10370,Import Duty,16586.73
10371,10371,Service Tax,3280.89
10372,10372,Customs Duty,835.49
10373,10373,Export Duty,348.7
10374,10374,Import Duty,116.65
10375,10375,VAT,208321.61
10376,10376,Export Duty,49127.25
10377,10377,Customs Duty,15423.95
10378,10378,Excise Duty,1154.02
10379,10379,Service Tax,5578.12
10380,10380,VAT,211.43
10381,10381,Excise Duty,80937.2
10382,10382,Customs Duty,2116.18
10383,10383,Customs Duty,34125.51
10384,10384,VAT,2850.55
10385,10385,Excise Duty,1052.81
10386,10386,Service Tax,6443.96
10387,10387,Customs Duty,3052.73
10388,10388,Excise Duty,58623.12
10389,10389,Service Tax,84652.71
10390,10390,Customs Duty,70669.23
10391,10391,VAT,1463.54
10392,10392,Export Duty,1044.39
10393,10393,VAT,57672.06
10394,10394,Customs Duty,17776.87
10395,10395,Export Duty,8069.84
10396,10396,Customs Duty,793.28
10397,10397,Import Duty,38707.09
10398,10398,VAT,290319.48
10399,10399,Import Duty,1629.04
10400,10400,VAT,129.9
10401,10401,VAT,835.98
10402,10402,Import Duty,1789.03
10403,10403,VAT,154672.7
10404,10404,VAT,24761.07
10405,10405,Import Duty,13872.33
10406,10406,VAT,8070.8
10407,10407,Service Tax,22521.34
10408,10408,Import Duty,1044.77
10409,10409,Import Duty,172526.98
10410,10410,Customs Duty,14423.99
10411,10411,Service Tax,1668.9
10412,10412,Import Duty,59384.68
10413,10413,Service Tax,7449.56
10414,10414,VAT,454.45
10415,10415,Import Duty,64791.85
10416,10416,Customs Duty,558.75
10417,10417,Customs Duty,385.26
10418,10418,Customs Duty,8285.69
10419,10419,Customs Duty,9420.29
10420,10420,VAT,7777.47
10421,10421,VAT,30608.61
10422,10422,Customs Duty,94828.61
10423,10423,Service Tax,723.2
10424,10424,Customs Duty,95053.66
10425,10425,VAT,12313.57
10426,10426,VAT,12189.34
10427,10427,Customs Duty,1625.97
10428,10428,Import Duty,5088.01
10429,10429,Customs Duty,3249.78
10430,10430,VAT,62582.74
10431,10431,Customs Duty,238.19
10432,10432,VAT,1578.56
10433,10433,Customs Duty,6123.39
10434,10434,Customs Duty,690.62
10435,10435,Service Tax,67.08
10436,10436,Excise Duty,639.01
10437,10437,Excise Duty,5066.61
10438,10438,Export Duty,2852.33
10439,10439,Customs Duty,135961.79
10440,10440,Export Duty,1059.96
10441,10441,Customs Duty,21324.9
10442,10442,Import Duty,188013.7
10443,10443,Customs Duty,6785.43
10444,10444,Customs Duty,5022.3
10445,10445,Customs Duty,519.01
10446,10446,VAT,604.24
10447,10447,Excise Duty,29268.81
10448,10448,Service Tax,490.33
10449,10449,VAT,143362.28
10450,10450,VAT,39333.77
10451,10451,Import Duty,4722.52
10452,10452,Export Duty,972.57
10453,10453,Customs Duty,31855.66
10454,10454,Export Duty,97779.79
10455,10455,Import Duty,80707.26
10456,10456,Import Duty,17117.94
10457,10457,Customs Duty,113.05
10458,10458,Excise Duty,13395.24
10459,10459,Import Duty,130.0
10460,10460,Import Duty,21651.29
10461,10461,Export Duty,566.69
10462,10462,VAT,8595.44
10463,10463,VAT,154323.43
10464,10464,Import Duty,127104.33
10465,10465,Import Duty,16210.21
10466,10466,Customs Duty,3581.35
10467,10467,VAT,21075.79
10468,10468,Import Duty,12892.09
10469,10469,VAT,277.12
10470,10470,Import Duty,8554.18
10471,10471,Customs Duty,275925.02
10472,10472,Import Duty,206245.51
10473,10473,Customs Duty,8004.76
10474,10474,Customs Duty,10397.11
10475,10475,VAT,196829.17
10476,10476,Import Duty,127499.13
10477,10477,Export Duty,2990.31
10478,10478,Customs Duty,1357.55
10479,10479,Import Duty,247301.1
10480,10480,VAT,1703.06
10481,10481,Service Tax,140.26
10482,10482,Service Tax,4789.33
10483,10483,Service Tax,367.84
10484,10484,Import Duty,80644.25
10485,10485,Customs Duty,1119.48
10486,10486,Customs Duty,2140.15
10487,10487,Customs Duty,32433.2
10488,10488,Import Duty,350903.84
10489,10489,VAT,218391.24
10490,10490,Excise Duty,123011.03
10491,10491,VAT,131232.67
10492,10492,Import Duty,4646.49
10493,10493,VAT,30086.31
10494,10494,Customs Duty,6828.19
10495,10495,Import Duty,85.6
10496,10496,Service Tax,11830.73
10497,10497,Customs Duty,115.95
10498,10498,VAT,5635.65
10499,10499,VAT,750.75
10500,10500,Customs Duty,4135.83
10501,10501,VAT,58863.35
10502,10502,Excise Duty,27337.26
10503,10503,Customs Duty,1086.99
10504,10504,VAT,283.61
10505,10505,Customs Duty,100628.15
10506,10506,Export Duty,2470.69
10507,10507,Import Duty,4878.1
10508,10508,Service Tax,7386.61
10509,10509,VAT,7588.17
10510,10510,Customs Duty,11931.55
10511,10511,Customs Duty,9638.09
10512,10512,VAT,159714.6
10513,10513,Import Duty,30729.66
10514,10514,VAT,1399.01
10515,10515,Export Duty,1410.33
10516,10516,Customs Duty,25905.54
10517,10517,Customs Duty,844.35
10518,10518,Excise Duty,187999.25
10519,10519,Import Duty,14574.23
10520,10520,Customs Duty,62782.38
10521,10521,Customs Duty,25565.69
10522,10522,VAT,118818.31
10523,10523,Customs Duty,133846.36
10524,10524,Excise Duty,13337.59
10525,10525,Customs Duty,5187.75
10526,10526,Customs Duty,21313.62
10527,10527,Excise Duty,6509.24
10528,10528,Export Duty,6460.13
10529,10529,Export Duty,1398.12
10530,10530,Import Duty,11765.19
10531,10531,Customs Duty,15272.43
10532,10532,VAT,118596.38
10533,10533,Customs Duty,80453.91
10534,10534,Customs Duty,26635.03
10535,10535,Customs Duty,389.43
10536,10536,Import Duty,186324.49
10537,10537,Excise Duty,147534.63
10538,10538,Customs Duty,3607.82
10539,10539,VAT,22900.38
10540,10540,Customs Duty,341.76
10541,10541,Service Tax,18444.64
10542,10542,Customs Duty,48678.96
10543,10543,VAT,8032.76
10544,10544,Import Duty,151960.06
10545,10545,VAT,435.04
10546,10546,Import Duty,365808.83
10547,10547,Service Tax,4062.26
10548,10548,Service Tax,243.68
10549,10549,Service Tax,51139.46
10550,10550,Customs Duty,964.53
10551,10551,Import Duty,12315.09
10552,10552,Import Duty,465.64
10553,10553,Service Tax,4472.95
10554,10554,Export Duty,126.88
10555,10555,Import Duty,514.93
10556,10556,Customs Duty,183940.95
10557,10557,Export Duty,553.6
10558,10558,Export Duty,48474.15
10559,10559,VAT,7050.26
10560,10560,VAT,567.82
10561,10561,VAT,151657.13
10562,10562,Customs Duty,544.67
10563,10563,VAT,2651.35
10564,10564,Export Duty,550.4
10565,10565,Import Duty,66664.02
10566,10566,Export Duty,4979.22
10567,10567,Import Duty,2030.36
10568,10568,Customs Duty,17261.71
10569,10569,Customs Duty,100472.86
10570,10570,Customs Duty,41669.34
10571,10571,VAT,279468.38
10572,10572,VAT,270220.14
10573,10573,Import Duty,24012.51
10574,10574,VAT,31274.86
10575,10575,Import Duty,4672.49
10576,10576,Customs Duty,556.98
10577,10577,Excise Duty,654.08
10578,10578,VAT,944.46
10579,10579,Import Duty,17485.32
10580,10580,Export Duty,1249.76
10581,10581,Import Duty,424769.84
10582,10582,Service Tax,116.95
10583,10583,Customs Duty,12275.21
10584,10584,Import Duty,18572.71
10585,10585,Export Duty,144.54
10586,10586,Import Duty,92771.55
10587,10587,Excise Duty,91.26
10588,10588,Customs Duty,4516.89
10589,10589,VAT,693.54
10590,10590,Customs Duty,66.55
10591,10591,VAT,1520.11
10592,10592,Excise Duty,2800.16
10593,10593,Customs Duty,692.6
10594,10594,Customs Duty,332.58
10595,10595,Export Duty,19847.95
10596,10596,Customs Duty,17924.85
10597,10597,Export Duty,44695.41
10598,10598,VAT,5045.94
10599,10599,Customs Duty,2407.87
10600,10600,Import Duty,5952.59
10601,10601,Customs Duty,71378.17
10602,10602,Customs Duty,432.35
10603,10603,VAT,38618.81
10604,10604,VAT,113648.82
10605,10605,Customs Duty,7641.18
10606,10606,Excise Duty,104.88
10607,10607,Export Duty,397.18
10608,10608,Excise Duty,44830.82
10609,10609,Import Duty,19407.39
10610,10610,Customs Duty,118423.25
10611,10611,VAT,142.65
10612,10612,VAT,1175.64
10613,10613,Import Duty,2138.96
10614,10614,VAT,116.77
10615,10615,Customs Duty,101940.88
10616,10616,Import Duty,1507.44
10617,10617,VAT,7321.78
10618,10618,Customs Duty,1438.48
10619,10619,Customs Duty,435.02
10620,10620,VAT,224960.93
10621,10621,Export Duty,8298.64
10622,10622,Customs Duty,6352.93
10623,10623,VAT,1860.91
10624,10624,Import Duty,2457.61
10625,10625,VAT,91034.26
10626,10626,Export Duty,4779.6
10627,10627,Import Duty,15643.78
10628,10628,Import Duty,2904.23
10629,10629,Customs Duty,15460.56
10630,10630,Import Duty,24595.82
10631,10631,Service Tax,10900.19
10632,10632,Customs Duty,1368.13
10633,10633,Customs Duty,16284.04
10634,10634,Excise Duty,92923.65
10635,10635,Customs Duty,208007.45
10636,10636,Customs Duty,893.54
10637,10637,Customs Duty,48024.43
10638,10638,Import Duty,1050.24
10639,10639,Service Tax,4303.12
10640,10640,VAT,204601.65
10641,10641,Customs Duty,638.14
10642,10642,Import Duty,141.61
10643,10643,Export Duty,2060.34
10644,10644,Customs Duty,994.7
10645,10645,Customs Duty,25700.2
10646,10646,Customs Duty,81306.12
10647,10647,Customs Duty,22870.37
10648,10648,Customs Duty,34170.67
10649,10649,VAT,387688.04
10650,10650,Service Tax,51813.48
10651,10651,Export Duty,468.38
10652,10652,Customs Duty,135151.38
10653,10653,Import Duty,3818.42
10654,10654,VAT,1834.95
10655,10655,Customs Duty,283.22
10656,10656,Customs Duty,13598.24
10657,10657,Import Duty,11200.21
10658,10658,VAT,5375.32
10659,10659,Customs Duty,274.83
10660,10660,Import Duty,213294.31
10661,10661,VAT,348.41
10662,10662,Excise Duty,249.39
10663,10663,Service Tax,192.78
10664,10664,VAT,112.97
10665,10665,Import Duty,264.84
10666,10666,Customs Duty,51957.63
10667,10667,Import Duty,75508.43
10668,10668,Customs Duty,3641.66
10669,10669,Customs Duty,88161.4
10670,10670,VAT,180220.65
10671,10671,VAT,266058.19
10672,10672,Export Duty,797.25
10673,10673,Customs Duty,469.48
10674,10674,VAT,20818.9
10675,10675,Excise Duty,426.47
10676,10676,VAT,51485.91
10677,10677,VAT,560.75
10678,10678,Excise Duty,99944.52
10679,10679,Customs Duty,219024.28
10680,10680,VAT,2591.88
10681,10681,Export Duty,14610.83
10682,10682,Excise Duty,6425.37
10683,10683,Customs Duty,4827.33
10684,10684,Export Duty,45920.65
10685,10685,VAT,1863.43
10686,10686,Customs Duty,182.48
10687,10687,Import Duty,3174.13
10688,10688,Customs Duty,382.82
10689,10689,VAT,83864.7
10690,10690,VAT,77443.41
10691,10691,Import Duty,41470.94
10692,10692,Export Duty,28936.14
10693,10693,VAT,526.42
10694,10694,Import Duty,403.72
10695,10695,Import Duty,109360.96
10696,10696,Export Duty,3751.21
10697,10697,VAT,15708.27
10698,10698,Customs Duty,4778.87
10699,10699,VAT,17344.22
10700,10700,VAT,90388.03
10701,10701,Customs Duty,57665.79
10702,10702,Customs Duty,158404.47
10703,10703,Import Duty,163.56
10704,10704,Customs Duty,1629.42
10705,10705,Export Duty,10395.97
10706,10706,Import Duty,618.41
10707,10707,VAT,866.99
10708,10708,Export Duty,28051.53
10709,10709,VAT,138.49
10710,10710,Customs Duty,1639.24
10711,10711,VAT,783.91
10712,10712,Import Duty,1914.86
10713,10713,Import Duty,66526.97
10714,10714,Service Tax,142.83
10715,10715,Customs Duty,81368.72
10716,10716,Import Duty,111178.18
10717,10717,Customs Duty,103232.13
10718,10718,Import Duty,348.0
10719,10719,VAT,13187.84
10720,10720,VAT,86295.81
10721,10721,Import Duty,97851.01
10722,10722,VAT,28292.99
10723,10723,Customs Duty,154523.82
10724,10724,VAT,8188.63
10725,10725,Export Duty,6336.18
10726,10726,Customs Duty,162364.51
10727,10727,Customs Duty,4642.34
10728,10728,VAT,21304.71
10729,10729,VAT,15615.17
10730,10730,Import Duty,244016.94
10731,10731,Import Duty,197256.41
10732,10732,Service Tax,1852.77
10733,10733,Service Tax,2851.54
10734,10734,VAT,674.32
10735,10735,Customs Duty,755.48
10736,10736,Import Duty,789.01
10737,10737,Customs Duty,99313.04
10738,10738,Export Duty,19695.27
10739,10739,Customs Duty,2248.0
10740,10740,Excise Duty,2222.95
10741,10741,Import Duty,8839.28
10742,10742,Customs Duty,2144.93
10743,10743,Customs Duty,18572.79
10744,10744,Service Tax,7656.68
10745,10745,Excise Duty,108680.07
10746,10746,VAT,2154.52
10747,10747,VAT,196029.64
10748,10748,Customs Duty,65.47
10749,10749,VAT,134292.88
10750,10750,Customs Duty,6252.82
10751,10751,Import Duty,7437.43
10752,10752,Customs Duty,8369.45
10753,10753,VAT,150719.71
10754,10754,VAT,13924.04
10755,10755,Customs Duty,93243.82
10756,10756,VAT,24979.91
10757,10757,Import Duty,352973.15
10758,10758,Export Duty,9288.65
10759,10759,Customs Duty,8997.54
10760,10760,Customs Duty,15142.29
10761,10761,Customs Duty,507.02
10762,10762,Customs Duty,5681.8
10763,10763,VAT,54949.97
10764,10764,Excise Duty,4937.26
10765,10765,Customs Duty,3317.07
10766,10766,Import Duty,99664.49
10767,10767,Import Duty,22370.32
10768,10768,Customs Duty,6728.86
10769,10769,Service Tax,11598.64
10770,10770,VAT,327.72
10771,10771,Customs Duty,448.92
10772,10772,Customs Duty,1936.5
10773,10773,Customs Duty,7034.1
10774,10774,VAT,32258.66
10775,10775,VAT,2824.0
10776,10776,Customs Duty,7537.38
10777,10777,Customs Duty,14691.57
10778,10778,VAT,6610.66
10779,10779,Export Duty,6267.97
10780,10780,VAT,1411.34
10781,10781,Excise Duty,5513.99
10782,10782,Export Duty,6860.57
10783,10783,Excise Duty,117861.86
10784,10784,Customs Duty,151250.11
10785,10785,Service Tax,62288.89
10786,10786,Customs Duty,2207.06
10787,10787,VAT,242737.2
10788,10788,Customs Duty,43130.61
10789,10789,Import Duty,152.79
10790,10790,VAT,21638.4
10791,10791,Customs Duty,40702.52
10792,10792,Customs Duty,118278.86
10793,10793,Export Duty,40215.42
10794,10794,Customs Duty,807.3
10795,10795,Customs Duty,579.67
10796,10796,Import Duty,25790.79
10797,10797,Excise Duty,759.7
10798,10798,Import Duty,2836.75
10799,10799,Customs Duty,4840.56
10800,10800,Export Duty,164.06
10801,10801,VAT,184139.07
10802,10802,VAT,67640.81
10803,10803,Customs Duty,583.53
10804,10804,Customs Duty,801.07
10805,10805,VAT,1094.93
10806,10806,Import Duty,168432.85
10807,10807,Import Duty,4077.56
10808,10808,Customs Duty,31667.45
10809,10809,VAT,80426.15
10810,10810,VAT,141586.02
10811,10811,VAT,1662.41
10812,10812,Import Duty,2943.96
10813,10813,Excise Duty,662.58
10814,10814,Customs Duty,5554.73
10815,10815,Import Duty,83859.7
10816,10816,Customs Duty,109085.05
10817,10817,Customs Duty,21777.92
10818,10818,Import Duty,113.62
10819,10819,Export Duty,27606.92
10820,10820,VAT,3139.89
10821,10821,Import Duty,14294.84
10822,10822,Excise Duty,5281.62
10823,10823,Import Duty,483.29
10824,10824,Customs Duty,2378.46
10825,10825,Import Duty,117914.77
10826,10826,Service Tax,82958.95
10827,10827,Customs Duty,9109.73
10828,10828,Service Tax,40585.89
10829,10829,Customs Duty,8327.81
10830,10830,Import Duty,113601.19
10831,10831,Service Tax,2657.32
10832,10832,Import Duty,118824.03
10833,10833,Import Duty,1306.78
10834,10834,Excise Duty,5159.1
10835,10835,VAT,163198.68
10836,10836,VAT,13975.01
10837,10837,Import Duty,16810.78
10838,10838,Import Duty,411431.59
10839,10839,Import Duty,300742.5
10840,10840,Import Duty,262102.7
10841,10841,Import Duty,7527.84
10842,10842,VAT,796.92
10843,10843,Import Duty,104263.94
10844,10844,Import Duty,261684.56
10845,10845,Import Duty,288953.36
10846,10846,Customs Duty,463.36
10847,10847,Export Duty,841.48
10848,10848,Excise Duty,2385.11
10849,10849,VAT,1644.45
10850,10850,VAT,843.2
10851,10851,Export Duty,65941.16
10852,10852,VAT,57979.29
10853,10853,Customs Duty,4129.83
10854,10854,Customs Duty,1327.38
10855,10855,VAT,1337.29
10856,10856,Import Duty,42558.13
10857,10857,Customs Duty,21682.09
10858,10858,Customs Duty,129711.32
10859,10859,Import Duty,39380.31
10860,10860,VAT,1756.32
10861,10861,VAT,227892.42
10862,10862,Customs Duty,1660.73
10863,10863,Export Duty,1056.44
10864,10864,VAT,72536.41
10865,10865,Import Duty,823.94
10866,10866,Export Duty,604.41
10867,10867,Service Tax,5823.33
10868,10868,VAT,12175.05
10869,10869,Customs Duty,2458.75
10870,10870,VAT,19402.66
10871,10871,Customs Duty,1994.36
10872,10872,Customs Duty,2061.64
10873,10873,Customs Duty,25675.69
10874,10874,Import Duty,11708.77
10875,10875,Export Duty,11637.56
10876,10876,Customs Duty,4924.33
10877,10877,VAT,19971.64
10878,10878,Service Tax,18034.04
10879,10879,Export Duty,749.72
10880,10880,Import Duty,27227.08
10881,10881,VAT,243984.99
10882,10882,Export Duty,2291.71
10883,10883,Customs Duty,95407.57
10884,10884,Export Duty,7116.07
10885,10885,Customs Duty,17255.24
10886,10886,Excise Duty,12013.74
10887,10887,Customs Duty,1067.32
10888,10888,Service Tax,5521.61
10889,10889,Excise Duty,1550.96
10890,10890,Export Duty,217.07
10891,10891,Customs Duty,82854.04
10892,10892,Import Duty,1139.31
10893,10893,Export Duty,544.29
10894,10894,Customs Duty,123127.43
10895,10895,Import Duty,329939.87
10896,10896,Export Duty,94689.08
10897,10897,Excise Duty,2065.04
10898,10898,Customs Duty,51242.62
10899,10899,Export Duty,875.45
10900,10900,VAT,12409.92
10901,10901,Import Duty,942.47
10902,10902,VAT,253658.14
10903,10903,VAT,1313.16
10904,10904,Excise Duty,1196.03
10905,10905,VAT,1093.26
10906,10906,Import Duty,1060.42
10907,10907,Import Duty,157049.1
10908,10908,Customs Duty,170827.64
10909,10909,Excise Duty,5192.02
10910,10910,VAT,178.44
10911,10911,Customs Duty,777.76
10912,10912,VAT,190711.16
10913,10913,VAT,1346.29
10914,10914,Import Duty,269863.7
10915,10915,Import Duty,51377.38
10916,10916,VAT,1109.35
10917,10917,Customs Duty,6070.07
10918,10918,Export Duty,4725.34
10919,10919,VAT,8587.03
10920,10920,Customs Duty,26155.98
10921,10921,VAT,146934.31
10922,10922,Excise Duty,5720.43
10923,10923,Customs Duty,179875.39
10924,10924,VAT,35320.2
10925,10925,Export Duty,152.57
10926,10926,Service Tax,101.86
10927,10927,Import Duty,8925.04
10928,10928,Customs Duty,868.57
10929,10929,Import Duty,1098.43
10930,10930,VAT,1433.97
10931,10931,Customs Duty,122442.31
10932,10932,VAT,1025.72
10933,10933,VAT,196412.11
10934,10934,VAT,10926.71
10935,10935,Import Duty,3751.61
10936,10936,Service Tax,109620.1
10937,10937,Customs Duty,180327.86
10938,10938,Customs Duty,109.43
10939,10939,VAT,1646.89
10940,10940,VAT,62029.88
10941,10941,VAT,2380.93
10942,10942,VAT,207769.59
10943,10943,Customs Duty,15543.63
10944,10944,Excise Duty,11012.13
10945,10945,VAT,5962.25
10946,10946,VAT,788.39
10947,10947,Import Duty,27646.84
10948,10948,Import Duty,108077.67
10949,10949,VAT,46421.28
10950,10950,Service Tax,1560.51
10951,10951,Customs Duty,4180.59
10952,10952,Export Duty,606.32
10953,10953,VAT,12607.78
10954,10954,Service Tax,187.54
10955,10955,Service Tax,59.62
10956,10956,Customs Duty,151560.75
10957,10957,Customs Duty,187193.35
10958,10958,Service Tax,62156.15
10959,10959,Import Duty,185872.2
10960,10960,VAT,9963.03
10961,10961,VAT,91059.27
10962,10962,Export Duty,934.8
10963,10963,Excise Duty,81158.65
10964,10964,Import Duty,9735.82
10965,10965,Service Tax,10573.14
10966,10966,VAT,1193.39
10967,10967,Service Tax,9299.2
10968,10968,VAT,20940.94
10969,10969,VAT,396.32
10970,10970,Service Tax,3556.08
10971,10971,Excise Duty,285.09
10972,10972,Import Duty,27929.09
10973,10973,Import Duty,32737.29
10974,10974,Export Duty,37475.7
10975,10975,Import Duty,17003.52
10976,10976,Import Duty,2720.93
10977,10977,Service Tax,63500.75
10978,10978,Customs Duty,171859.27
10979,10979,Service Tax,23768.49
10980,10980,VAT,30565.05
10981,10981,Export Duty,34699.11
10982,10982,Export Duty,2771.17
10983,10983,Customs Duty,105677.58
10984,10984,Customs Duty,2379.38
10985,10985,VAT,10265.51
10986,10986,VAT,177796.36
10987,10987,VAT,2770.52
10988,10988,Customs Duty,37066.97
10989,10989,Customs Duty,2451.83
10990,10990,Import Duty,543.43
10991,10991,Customs Duty,15595.95
10992,10992,VAT,29344.12
10993,10993,Customs Duty,36362.76
10994,10994,Customs Duty,19152.16
10995,10995,Customs Duty,142187.51
10996,10996,Service Tax,5110.77
10997,10997,Import Duty,2658.74
10998,10998,Import Duty,29147.5
10999,10999,VAT,5813.55
11000,11000,VAT,5407.42
11001,11001,Export Duty,1172.62
11002,11002,VAT,37805.24
11003,11003,Import Duty,64651.42
11004,11004,Excise Duty,568.1
11005,11005,Service Tax,251.64
11006,11006,VAT,175.81
11007,11007,Customs Duty,19988.32
11008,11008,Export Duty,10354.95
11009,11009,Excise Duty,12136.34
11010,11010,Excise Duty,13786.06
11011,11011,Service Tax,63627.57
11012,11012,VAT,31967.69
11013,11013,Customs Duty,174391.99
11014,11014,Customs Duty,7278.82
11015,11015,Excise Duty,32220.44
11016,11016,Export Duty,33223.27
11017,11017,Excise Duty,4267.0
11018,11018,Customs Duty,9560.1
11019,11019,VAT,2319.4
11020,11020,Customs Duty,498.94
11021,11021,VAT,85317.3
11022,11022,Import Duty,118302.42
11023,11023,Customs Duty,189.04
11024,11024,Customs Duty,73004.48
11025,11025,Export Duty,24166.51
11026,11026,Import Duty,6078.88
11027,11027,VAT,19067.34
11028,11028,Customs Duty,1051.72
11029,11029,Export Duty,36642.03
11030,11030,Import Duty,271659.03
11031,11031,Excise Duty,67666.2
11032,11032,Excise Duty,36709.0
11033,11033,Customs Duty,25692.34
11034,11034,Import Duty,35909.3
11035,11035,Import Duty,3484.74
11036,11036,Import Duty,40344.41
11037,11037,Import Duty,59649.56
11038,11038,Export Duty,3861.63
11039,11039,VAT,35795.53
11040,11040,Import Duty,282582.91
11041,11041,VAT,13406.22
11042,11042,Excise Duty,237.26
11043,11043,Customs Duty,186279.85
11044,11044,Import Duty,181375.1
11045,11045,Import Duty,12030.1
11046,11046,VAT,1357.05
11047,11047,Excise Duty,52013.16
11048,11048,Customs Duty,5928.35
11049,11049,VAT,23653.86
11050,11050,VAT,811.68
11051,11051,Excise Duty,12159.52
11052,11052,Excise Duty,5354.26
11053,11053,Service Tax,29367.38
11054,11054,Import Duty,9013.32
11055,11055,VAT,192576.69
11056,11056,Customs Duty,151815.53
11057,11057,VAT,7780.84
11058,11058,Export Duty,29952.13
11059,11059,Import Duty,62117.05
11060,11060,Service Tax,177.98
11061,11061,Customs Duty,192144.45
11062,11062,Customs Duty,129476.62
11063,11063,Service Tax,6553.82
11064,11064,VAT,80300.8
11065,11065,Import Duty,56348.93
11066,11066,Export Duty,78354.88
11067,11067,Customs Duty,162.52
11068,11068,Import Duty,54782.73
11069,11069,VAT,349946.46
11070,11070,Service Tax,3355.63
11071,11071,Import Duty,99918.56
11072,11072,VAT,18336.83
11073,11073,VAT,1181.73
11074,11074,Customs Duty,13362.95
11075,11075,VAT,170085.76
11076,11076,Import Duty,194196.07
11077,11077,VAT,13966.79
11078,11078,VAT,26432.61
11079,11079,Excise Duty,16069.85
11080,11080,Customs Duty,52667.87
11081,11081,Customs Duty,121737.66
11082,11082,Service Tax,4569.35
11083,11083,VAT,16983.3
11084,11084,Export Duty,870.03
11085,11085,VAT,21698.29
11086,11086,Import Duty,1711.67
11087,11087,VAT,2122.15
11088,11088,Export Duty,474.61
11089,11089,Import Duty,1169.17
11090,11090,Customs Duty,1789.12
11091,11091,Export Duty,4321.97
11092,11092,Customs Duty,19429.83
11093,11093,Customs Duty,9938.97
11094,11094,Export Duty,301.91
11095,11095,Excise Duty,66357.73
11096,11096,Customs Duty,216351.82
11097,11097,VAT,29695.44
11098,11098,Customs Duty,183.51
11099,11099,VAT,19748.41
11100,11100,Customs Duty,6016.91
11101,11101,VAT,1547.43
11102,11102,Customs Duty,2532.66
11103,11103,Import Duty,1338.95
11104,11104,VAT,23508.21
11105,11105,VAT,106638.1
11106,11106,VAT,629.78
11107,11107,Import Duty,83598.17
11108,11108,Customs Duty,848.47
11109,11109,VAT,23860.81
11110,11110,Customs Duty,17572.18
11111,11111,Customs Duty,641.06
11112,11112,VAT,131274.8
11113,11113,Import Duty,27569.71
11114,11114,VAT,178196.08
11115,11115,Customs Duty,52659.1
11116,11116,Import Duty,2165.19
11117,11117,Customs Duty,75015.99
11118,11118,Customs Duty,55228.92
11119,11119,Export Duty,2964.14
11120,11120,Customs Duty,20178.17
11121,11121,VAT,29237.59
11122,11122,Export Duty,325.17
11123,11123,Import Duty,157310.53
11124,11124,VAT,579.49
11125,11125,VAT,5365.99
11126,11126,Customs Duty,396.65
11127,11127,VAT,200442.4
11128,11128,Export Duty,102607.93
11129,11129,Customs Duty,134466.86
11130,11130,Export Duty,50652.76
11131,11131,Import Duty,78894.69
11132,11132,Import Duty,15564.81
11133,11133,VAT,876.78
11134,11134,Service Tax,4441.08
11135,11135,Customs Duty,19296.57
11136,11136,Import Duty,149745.48
11137,11137,Export Duty,9978.49
11138,11138,Customs Duty,834.52
11139,11139,Service Tax,68043.62
11140,11140,VAT,7943.91
11141,11141,VAT,149231.71
11142,11142,Excise Duty,5860.35
11143,11143,Customs Duty,97659.3
11144,11144,Import Duty,51.45
11145,11145,VAT,73500.27
11146,11146,Customs Duty,3779.63
11147,11147,Customs Duty,1351.08
11148,11148,Excise Duty,113.3
11149,11149,Customs Duty,4456.22
11150,11150,Import Duty,58156.81
11151,11151,Customs Duty,1229.49
11152,11152,VAT,54602.24
11153,11153,Service Tax,4378.08
11154,11154,Service Tax,11146.29
11155,11155,Customs Duty,114957.83
11156,11156,VAT,104207.33
11157,11157,Service Tax,626.16
11158,11158,Import Duty,382558.19
11159,11159,Excise Duty,78245.58
11160,11160,Import Duty,34627.34
11161,11161,VAT,8042.55
11162,11162,Import Duty,461781.48
11163,11163,Customs Duty,405.65
11164,11164,Customs Duty,784.37
11165,11165,Excise Duty,22174.9
11166,11166,VAT,6355.15
11167,11167,Customs Duty,47.22
11168,11168,Customs Duty,6432.97
11169,11169,Customs Duty,43929.92
11170,11170,Customs Duty,2849.25
11171,11171,Customs Duty,144419.57
11172,11172,Customs Duty,165.52
11173,11173,Import Duty,563.13
11174,11174,VAT,9572.76
11175,11175,VAT,932.61
11176,11176,Excise Duty,201.03
11177,11177,VAT,4537.36
11178,11178,Customs Duty,1012.95
11179,11179,Excise Duty,18140.38
11180,11180,Import Duty,9551.54
11181,11181,VAT,1709.55
11182,11182,Export Duty,21160.51
11183,11183,VAT,183166.79
11184,11184,VAT,8573.69
11185,11185,Customs Duty,2456.12
11186,11186,Import Duty,2786.71
11187,11187,Service Tax,4186.66
11188,11188,Service Tax,102218.79
11189,11189,Import Duty,46297.15
11190,11190,Import Duty,261146.34
11191,11191,VAT,6926.66
11192,11192,Export Duty,46487.42
11193,11193,Export Duty,4462.41
11194,11194,Import Duty,167300.17
11195,11195,Import Duty,1882.75
11196,11196,Service Tax,26092.2
11197,11197,VAT,6620.55
11198,11198,Customs Duty,205224.82
11199,11199,Service Tax,97111.04
11200,11200,VAT,202347.58
11201,11201,Customs Duty,927.98
11202,11202,Import Duty,139948.41
11203,11203,Service Tax,2957.71
11204,11204,Export Duty,1090.51
11205,11205,Customs Duty,47688.66
11206,11206,Excise Duty,7603.4
11207,11207,Customs Duty,80473.77
11208,11208,VAT,698.44
11209,11209,VAT,123835.29
11210,11210,Customs Duty,834.19
11211,11211,Export Duty,793.81
11212,11212,VAT,10494.73
11213,11213,Customs Duty,1515.44
11214,11214,Import Duty,33327.96
11215,11215,Import Duty,155975.67
11216,11216,Import Duty,19979.8
11217,11217,Customs Duty,139626.27
11218,11218,Import Duty,311.55
11219,11219,VAT,6214.54
11220,11220,VAT,1316.81
11221,11221,VAT,14886.13
11222,11222,Import Duty,34.03
11223,11223,Import Duty,742.86
11224,11224,Import Duty,26521.72
11225,11225,Import Duty,226022.25
11226,11226,Excise Duty,419.88
11227,11227,Export Duty,157.49
11228,11228,Customs Duty,5267.44
11229,11229,Customs Duty,1627.45
11230,11230,Export Duty,22666.73
11231,11231,VAT,1579.52
11232,11232,Excise Duty,4147.68
11233,11233,Import Duty,556.86
11234,11234,Service Tax,190.3
11235,11235,Customs Duty,85215.23
11236,11236,Customs Duty,38001.51
11237,11237,VAT,6106.31
11238,11238,VAT,27080.67
11239,11239,Customs Duty,225.79
11240,11240,VAT,37888.17
11241,11241,Import Duty,115423.31
11242,11242,VAT,4339.02
11243,11243,VAT,137131.4
11244,11244,Excise Duty,74086.84
11245,11245,VAT,2866.71
11246,11246,Customs Duty,3892.97
11247,11247,VAT,157987.57
11248,11248,Excise Duty,30629.21
11249,11249,Import Duty,933.39
11250,11250,Export Duty,977.06
11251,11251,Import Duty,9498.47
11252,11252,Export Duty,214.3
11253,11253,VAT,2200.8
11254,11254,VAT,1873.35
11255,11255,Customs Duty,6332.26
11256,11256,Customs Duty,284.35
11257,11257,Import Duty,17005.3
11258,11258,VAT,90741.92
11259,11259,Service Tax,17190.71
11260,11260,VAT,179120.36
11261,11261,VAT,48616.97
11262,11262,VAT,2566.01
11263,11263,VAT,6770.78
11264,11264,Customs Duty,146884.82
11265,11265,Customs Duty,11963.11
11266,11266,VAT,564.68
11267,11267,VAT,5281.96
11268,11268,VAT,2447.8
11269,11269,Customs Duty,65109.38
11270,11270,Customs Duty,4342.42
11271,11271,Customs Duty,1513.96
11272,11272,Customs Duty,68.29
11273,11273,Service Tax,697.81
11274,11274,VAT,481.84
11275,11275,VAT,132888.49
11276,11276,Export Duty,1581.77
11277,11277,VAT,5618.29
11278,11278,VAT,41062.43
11279,11279,Export Duty,8.27
11280,11280,Import Duty,333850.64
11281,11281,VAT,79860.56
11282,11282,Customs Duty,1414.75
11283,11283,Import Duty,6914.47
11284,11284,Import Duty,31124.47
11285,11285,Customs Duty,1294.89
11286,11286,VAT,1200.93
11287,11287,Import Duty,23443.28
11288,11288,Customs Duty,1704.37
11289,11289,Import Duty,8472.39
11290,11290,Import Duty,11045.84
11291,11291,Service Tax,20693.21
11292,11292,Customs Duty,201.02
11293,11293,Import Duty,20537.91
11294,11294,Import Duty,2400.45
11295,11295,Customs Duty,42538.15
11296,11296,VAT,67280.95
11297,11297,VAT,1481.03
11298,11298,Import Duty,97101.59
11299,11299,Customs Duty,18226.15
11300,11300,VAT,1660.68
11301,11301,VAT,1170.86
11302,11302,Service Tax,46361.02
11303,11303,VAT,13262.41
11304,11304,Service Tax,801.49
11305,11305,Export Duty,7987.28
11306,11306,Service Tax,37536.18
11307,11307,VAT,45781.47
11308,11308,Excise Duty,6663.42
11309,11309,Customs Duty,525.66
11310,11310,Service Tax,832.3
11311,11311,VAT,96.71
11312,11312,Service Tax,92.63
11313,11313,Customs Duty,948.66
11314,11314,Import Duty,2265.12
11315,11315,Import Duty,3573.89
11316,11316,Service Tax,88513.16
11317,11317,Customs Duty,201672.67
11318,11318,VAT,23978.03
11319,11319,Service Tax,56.23
11320,11320,Customs Duty,1586.54
11321,11321,Import Duty,1686.28
11322,11322,Import Duty,347281.71
11323,11323,Import Duty,124814.79
11324,11324,VAT,542.09
11325,11325,Customs Duty,40789.33
11326,11326,Import Duty,78287.82
11327,11327,VAT,1558.53
11328,11328,VAT,1564.82
11329,11329,Customs Duty,58766.89
11330,11330,Customs Duty,355.08
11331,11331,Customs Duty,9362.3
11332,11332,Customs Duty,582.95
11333,11333,VAT,111054.56
11334,11334,VAT,109956.51
11335,11335,Export Duty,113004.74
11336,11336,VAT,160111.06
11337,11337,Customs Duty,136064.16
11338,11338,VAT,128454.91
11339,11339,Customs Duty,62969.91
11340,11340,VAT,36635.38
11341,11341,Customs Duty,29330.1
11342,11342,Customs Duty,3614.64
11343,11343,VAT,46553.94
11344,11344,Export Duty,320.91
11345,11345,Excise Duty,328.27
11346,11346,Customs Duty,165693.75
11347,11347,Excise Duty,13975.11
11348,11348,Customs Duty,7198.29
11349,11349,Customs Duty,82813.7
11350,11350,VAT,132211.4
11351,11351,VAT,12819.31
11352,11352,Customs Duty,1896.87
11353,11353,Import Duty,21019.99
11354,11354,Import Duty,121463.67
11355,11355,Import Duty,6690.99
11356,11356,Export Duty,112.47
11357,11357,Import Duty,21394.86
11358,11358,VAT,179258.74
11359,11359,Customs Duty,261.14
11360,11360,Import Duty,1439.26
11361,11361,Customs Duty,553.73
11362,11362,Excise Duty,117683.41
11363,11363,Customs Duty,6238.83
11364,11364,VAT,39065.99
11365,11365,VAT,3662.49
11366,11366,Excise Duty,29828.39
11367,11367,VAT,20023.41
11368,11368,Service Tax,6805.24
11369,11369,Export Duty,63.77
11370,11370,Customs Duty,238.86
11371,11371,VAT,291.94
11372,11372,VAT,688.02
11373,11373,Customs Duty,3830.08
11374,11374,Export Duty,53808.93
11375,11375,Export Duty,98851.7
11376,11376,VAT,37059.35
11377,11377,Customs Duty,166767.67
11378,11378,Customs Duty,60465.72
11379,11379,Import Duty,215.06
11380,11380,Customs Duty,3199.43
11381,11381,VAT,2574.61
11382,11382,Service Tax,4642.92
11383,11383,Customs Duty,20349.76
11384,11384,Customs Duty,8052.92
11385,11385,VAT,240886.15
11386,11386,Import Duty,13356.22
11387,11387,Import Duty,25274.21
11388,11388,VAT,206983.03
11389,11389,Import Duty,6529.5
11390,11390,Customs Duty,1844.55
11391,11391,Import Duty,33374.99
11392,11392,Customs Duty,51393.78
11393,11393,Import Duty,13228.16
11394,11394,VAT,149868.07
11395,11395,Import Duty,902.97
11396,11396,VAT,78.11
11397,11397,Customs Duty,11804.01
11398,11398,VAT,13246.07
11399,11399,VAT,124496.48
11400,11400,VAT,17697.34
11401,11401,VAT,1472.27
11402,11402,VAT,188.1
11403,11403,Import Duty,18438.14
11404,11404,Excise Duty,2521.59
11405,11405,Customs Duty,21830.46
11406,11406,Import Duty,112029.57
11407,11407,Export Duty,368.84
11408,11408,Customs Duty,3820.62
11409,11409,Customs Duty,88023.99
11410,11410,VAT,12367.6
11411,11411,Excise Duty,29675.1
11412,11412,VAT,91927.6
11413,11413,Excise Duty,3268.98
11414,11414,VAT,4807.16
11415,11415,Excise Duty,1642.79
11416,11416,Service Tax,152.86
11417,11417,VAT,6351.02
11418,11418,Customs Duty,128364.18
11419,11419,Import Duty,247369.81
11420,11420,Export Duty,949.37
11421,11421,Customs Duty,125.42
11422,11422,Import Duty,3890.06
11423,11423,Customs Duty,38436.68
11424,11424,Export Duty,110735.25
11425,11425,Excise Duty,1607.34
11426,11426,Import Duty,169722.02
11427,11427,VAT,1480.66
11428,11428,Import Duty,8209.71
11429,11429,Export Duty,2885.29
11430,11430,Import Duty,318588.52
11431,11431,VAT,65071.42
11432,11432,VAT,232715.33
11433,11433,Import Duty,58134.08
11434,11434,Export Duty,1508.03
11435,11435,Import Duty,606.53
11436,11436,Import Duty,266870.13
11437,11437,VAT,142807.3
11438,11438,VAT,148601.27
11439,11439,Customs Duty,6068.42
11440,11440,Customs Duty,617.88
11441,11441,Customs Duty,1327.68
11442,11442,Service Tax,28085.4
11443,11443,Customs Duty,1195.54
11444,11444,VAT,150004.55
11445,11445,Customs Duty,112223.44
11446,11446,Import Duty,1164.51
11447,11447,Import Duty,309264.4
11448,11448,Customs Duty,842.68
11449,11449,VAT,33419.9
11450,11450,Import Duty,260187.06
11451,11451,VAT,6421.38
11452,11452,VAT,70764.04
11453,11453,Service Tax,862.56
11454,11454,Import Duty,241746.17
11455,11455,Import Duty,2735.15
11456,11456,Customs Duty,7373.84
11457,11457,Excise Duty,5264.55
11458,11458,VAT,306.3
11459,11459,Service Tax,121.59
11460,11460,VAT,13750.08
11461,11461,Excise Duty,1091.83
11462,11462,VAT,265298.76
11463,11463,Customs Duty,205304.07
11464,11464,Excise Duty,194550.64
11465,11465,VAT,736.29
11466,11466,Customs Duty,15788.6
11467,11467,Customs Duty,916.73
11468,11468,Export Duty,313.86
11469,11469,Import Duty,410261.09
11470,11470,VAT,2134.04
11471,11471,Import Duty,962.09
11472,11472,VAT,176030.69
11473,11473,Excise Duty,4957.43
11474,11474,Customs Duty,301.94
11475,11475,Import Duty,184680.2
11476,11476,Import Duty,42958.33
11477,11477,Customs Duty,763.88
11478,11478,Customs Duty,277642.1
11479,11479,Customs Duty,5669.77
11480,11480,Export Duty,22644.31
11481,11481,VAT,2360.31
11482,11482,Customs Duty,113.85
11483,11483,Customs Duty,59269.94
11484,11484,Export Duty,595.17
11485,11485,VAT,4842.75
11486,11486,Customs Duty,20299.86
11487,11487,Customs Duty,241585.04
11488,11488,Customs Duty,651.56
11489,11489,Import Duty,5805.24
11490,11490,Customs Duty,75470.43
11491,11491,Export Duty,230.13
11492,11492,Customs Duty,6114.02
11493,11493,Excise Duty,44749.63
11494,11494,Import Duty,13731.94
11495,11495,Excise Duty,29753.92
11496,11496,VAT,1122.31
11497,11497,Export Duty,352.75
11498,11498,VAT,12032.89
11499,11499,Excise Duty,3715.17
11500,11500,Customs Duty,155647.56
11501,11501,Import Duty,211488.82
11502,11502,Import Duty,92279.22
11503,11503,Import Duty,19170.14
11504,11504,Import Duty,924.53
11505,11505,Customs Duty,10273.29
11506,11506,Excise Duty,1250.97
11507,11507,Customs Duty,2933.35
11508,11508,VAT,602.76
11509,11509,Import Duty,19209.45
11510,11510,Customs Duty,41197.66
11511,11511,VAT,1213.95
11512,11512,Import Duty,6087.81
11513,11513,Customs Duty,16074.17
11514,11514,Service Tax,18945.11
11515,11515,Import Duty,3450.85
11516,11516,VAT,11086.87
11517,11517,Service Tax,36463.47
11518,11518,Import Duty,502.4
11519,11519,Import Duty,19677.29
11520,11520,Customs Duty,1331.62
11521,11521,Import Duty,123015.94
11522,11522,Excise Duty,5807.79
11523,11523,Excise Duty,1743.29
11524,11524,Export Duty,3378.01
11525,11525,Import Duty,122147.08
11526,11526,Customs Duty,883.74
11527,11527,Excise Duty,11785.81
11528,11528,VAT,2763.53
11529,11529,VAT,2587.1
11530,11530,VAT,115996.28
11531,11531,Customs Duty,24525.46
11532,11532,Customs Duty,6682.37
11533,11533,Excise Duty,208011.79
11534,11534,Import Duty,502.59
11535,11535,Import Duty,381.8
11536,11536,Import Duty,492.96
11537,11537,Excise Duty,541.62
11538,11538,Customs Duty,180.25
11539,11539,VAT,929.43
11540,11540,Customs Duty,6767.49
11541,11541,Customs Duty,3334.1
11542,11542,VAT,1437.72
11543,11543,VAT,1858.28
11544,11544,Export Duty,408.38
11545,11545,Import Duty,233035.55
11546,11546,Excise Duty,45662.91
11547,11547,VAT,18328.31
11548,11548,Service Tax,4674.18
11549,11549,VAT,1936.88
11550,11550,VAT,2692.3
11551,11551,Import Duty,320095.75
11552,11552,Import Duty,130512.27
11553,11553,Export Duty,2154.08
11554,11554,Import Duty,44243.02
11555,11555,Import Duty,340.96
11556,11556,Service Tax,9026.83
11557,11557,VAT,640.02
11558,11558,Export Duty,5654.72
11559,11559,VAT,220578.64
11560,11560,Customs Duty,251.27
11561,11561,Import Duty,13794.26
11562,11562,VAT,86093.2
11563,11563,VAT,2274.9
11564,11564,VAT,777.22
11565,11565,Excise Duty,116467.81
11566,11566,Export Duty,29755.53
11567,11567,Excise Duty,241.94
11568,11568,Import Duty,8015.11
11569,11569,Import Duty,41496.38
11570,11570,Customs Duty,118683.47
11571,11571,Excise Duty,16978.59
11572,11572,Excise Duty,6061.35
11573,11573,Import Duty,12255.24
11574,11574,Customs Duty,145331.39
11575,11575,Customs Duty,1112.89
11576,11576,Import Duty,149734.2
11577,11577,VAT,177269.85
11578,11578,Import Duty,3727.66
11579,11579,Customs Duty,336.64
11580,11580,Export Duty,8669.09
11581,11581,Customs Duty,34518.39
11582,11582,VAT,11122.79
11583,11583,VAT,1992.12
11584,11584,Export Duty,140.38
11585,11585,VAT,366.3
11586,11586,Customs Duty,348.33
11587,11587,Excise Duty,103197.6
11588,11588,VAT,81131.65
11589,11589,Import Duty,10701.84
11590,11590,Customs Duty,8483.25
11591,11591,Import Duty,109469.38
11592,11592,Export Duty,7855.56
11593,11593,VAT,1472.21
11594,11594,Customs Duty,2216.02
11595,11595,VAT,183124.8
11596,11596,Export Duty,1203.53
11597,11597,Excise Duty,176.89
11598,11598,VAT,156630.97
11599,11599,Import Duty,66743.18
11600,11600,Customs Duty,816.56
11601,11601,VAT,23782.73
11602,11602,Service Tax,3742.31
11603,11603,Excise Duty,198124.97
11604,11604,Export Duty,32147.67
11605,11605,Service Tax,232.07
11606,11606,Import Duty,2013.54
11607,11607,Customs Duty,228.17
11608,11608,Import Duty,9654.67
11609,11609,Import Duty,4237.62
11610,11610,Customs Duty,215.27
11611,11611,VAT,3454.58
11612,11612,VAT,862.3
11613,11613,Import Duty,144411.57
11614,11614,Excise Duty,32111.02
11615,11615,Customs Duty,1878.88
11616,11616,Import Duty,344827.9
11617,11617,VAT,41920.46
11618,11618,VAT,4868.73
11619,11619,Excise Duty,273.71
11620,11620,Customs Duty,27682.33
11621,11621,Import Duty,99076.86
11622,11622,Customs Duty,1314.54
11623,11623,Excise Duty,83.67
11624,11624,Customs Duty,16321.32
11625,11625,Customs Duty,1653.01
11626,11626,Customs Duty,12929.18
11627,11627,Export Duty,80145.72
11628,11628,VAT,4537.8
11629,11629,Customs Duty,21592.96
11630,11630,Excise Duty,5033.96
11631,11631,VAT,2025.36
11632,11632,Customs Duty,27798.0
11633,11633,VAT,4552.49
11634,11634,Customs Duty,1989.28
11635,11635,Excise Duty,54777.9
11636,11636,VAT,17992.09
11637,11637,VAT,936.16
11638,11638,VAT,27554.86
11639,11639,VAT,193212.01
11640,11640,VAT,12017.05
11641,11641,Import Duty,1177.0
11642,11642,VAT,31898.05
11643,11643,Import Duty,35015.91
11644,11644,Customs Duty,2673.8
11645,11645,VAT,100.1
11646,11646,VAT,205790.43
11647,11647,VAT,1265.7
11648,11648,Excise Duty,49996.34
11649,11649,Import Duty,157494.84
11650,11650,Customs Duty,1670.13
11651,11651,Customs Duty,158698.49
11652,11652,VAT,2580.63
11653,11653,Customs Duty,2233.42
11654,11654,Import Duty,312997.45
11655,11655,Export Duty,1491.76
11656,11656,Import Duty,242289.4
11657,11657,Customs Duty,6915.43
11658,11658,Export Duty,649.62
11659,11659,Customs Duty,7941.0
11660,11660,Service Tax,67042.66
11661,11661,Import Duty,133156.32
11662,11662,Excise Duty,3529.88
11663,11663,Customs Duty,9507.22
11664,11664,Service Tax,1236.45
11665,11665,VAT,3119.87
11666,11666,Customs Duty,136616.41
11667,11667,Customs Duty,270.21
11668,11668,Import Duty,29324.56
11669,11669,Customs Duty,119.76
11670,11670,VAT,125820.7
11671,11671,Import Duty,5729.86
11672,11672,VAT,123294.1
11673,11673,Import Duty,242980.65
11674,11674,Excise Duty,131016.92
11675,11675,VAT,65251.05
11676,11676,Customs Duty,253.19
11677,11677,Import Duty,1518.62
11678,11678,VAT,82469.72
11679,11679,Import Duty,56416.02
11680,11680,VAT,28642.51
11681,11681,VAT,569.92
11682,11682,VAT,98122.33
11683,11683,Import Duty,8563.58
11684,11684,Customs Duty,12221.98
11685,11685,Import Duty,515.53
11686,11686,Import Duty,624.83
11687,11687,VAT,60069.8
11688,11688,Customs Duty,516.44
11689,11689,VAT,1751.55
11690,11690,Service Tax,10438.83
11691,11691,Import Duty,284240.25
11692,11692,Customs Duty,31452.56
11693,11693,Customs Duty,11138.67
11694,11694,Import Duty,69945.56
11695,11695,Customs Duty,27527.68
11696,11696,Customs Duty,1634.34
11697,11697,VAT,12913.52
11698,11698,VAT,120797.23
11699,11699,Import Duty,4788.23
11700,11700,VAT,12514.9
11701,11701,Import Duty,132557.39
11702,11702,Customs Duty,166138.49
11703,11703,VAT,1881.18
11704,11704,Customs Duty,627.76
11705,11705,Import Duty,77.16
11706,11706,Excise Duty,384.95
11707,11707,Import Duty,635.89
11708,11708,Customs Duty,1322.58
11709,11709,Customs Duty,11926.49
11710,11710,Import Duty,159627.11
11711,11711,VAT,1402.77
11712,11712,Service Tax,23634.82
11713,11713,VAT,184996.12
11714,11714,VAT,24873.25
11715,11715,Customs Duty,222524.24
11716,11716,VAT,88377.43
11717,11717,VAT,2420.63
11718,11718,Customs Duty,5364.39
11719,11719,VAT,16198.16
11720,11720,Export Duty,173.4
11721,11721,Export Duty,7392.49
11722,11722,Export Duty,10743.69
11723,11723,VAT,348602.4
11724,11724,Export Duty,15390.53
11725,11725,Import Duty,300282.33
11726,11726,VAT,916.22
11727,11727,Import Duty,10258.24
11728,11728,VAT,54605.28
11729,11729,Customs Duty,721.84
11730,11730,VAT,48186.28
11731,11731,VAT,30753.31
11732,11732,VAT,100706.0
11733,11733,Import Duty,2533.77
11734,11734,Customs Duty,247.2
11735,11735,VAT,22129.47
11736,11736,Import Duty,6273.6
11737,11737,Import Duty,144907.79
11738,11738,Export Duty,280.57
11739,11739,VAT,108277.39
11740,11740,VAT,1754.63
11741,11741,VAT,14687.2
11742,11742,Import Duty,5598.66
11743,11743,VAT,2105.04
11744,11744,Customs Duty,516.33
11745,11745,Import Duty,44300.18
11746,11746,Export Duty,349.47
11747,11747,VAT,507.51
11748,11748,Customs Duty,11961.4
11749,11749,Import Duty,99153.95
11750,11750,VAT,417.99
11751,11751,Customs Duty,13187.2
11752,11752,VAT,326924.26
11753,11753,Customs Duty,402.47
11754,11754,Customs Duty,17857.29
11755,11755,VAT,146100.4
11756,11756,Import Duty,1611.25
11757,11757,Service Tax,580.55
11758,11758,VAT,260845.34
11759,11759,Customs Duty,412.69
11760,11760,Customs Duty,189346.33
11761,11761,Import Duty,185050.21
11762,11762,Customs Duty,27357.68
11763,11763,Customs Duty,1308.34
11764,11764,Export Duty,275.97
11765,11765,VAT,4149.84
11766,11766,Import Duty,161401.09
11767,11767,Customs Duty,281.61
11768,11768,Export Duty,382.51
11769,11769,Customs Duty,1269.72
11770,11770,VAT,792.87
11771,11771,Customs Duty,151082.1
11772,11772,Customs Duty,264.58
11773,11773,Export Duty,11522.92
11774,11774,Service Tax,455.9
11775,11775,Import Duty,31238.64
11776,11776,Customs Duty,66160.57
11777,11777,Export Duty,192.77
11778,11778,Customs Duty,5309.79
11779,11779,VAT,1598.48
11780,11780,VAT,32572.69
11781,11781,Service Tax,41212.61
11782,11782,Export Duty,815.77
11783,11783,Customs Duty,1278.92
11784,11784,Customs Duty,29883.47
11785,11785,Import Duty,126203.89
11786,11786,Customs Duty,18955.59
11787,11787,VAT,4649.66
11788,11788,VAT,403.59
11789,11789,VAT,265044.6
11790,11790,VAT,1020.04
11791,11791,Customs Duty,85137.03
11792,11792,Export Duty,1476.44
11793,11793,Import Duty,13512.61
11794,11794,Excise Duty,8004.49
11795,11795,Import Duty,9438.74
11796,11796,VAT,18163.13
11797,11797,VAT,76576.49
11798,11798,Service Tax,58638.86
11799,11799,Customs Duty,1236.37
11800,11800,Export Duty,71.45
11801,11801,VAT,36735.69
11802,11802,Export Duty,79.23
11803,11803,Export Duty,17469.44
11804,11804,Import Duty,2976.76
11805,11805,Excise Duty,27003.08
11806,11806,Import Duty,333840.74
11807,11807,VAT,28990.8
11808,11808,Customs Duty,14861.93
11809,11809,Customs Duty,988.58
11810,11810,VAT,73267.08
11811,11811,VAT,10712.97
11812,11812,VAT,494.72
11813,11813,VAT,1721.99
11814,11814,Excise Duty,751.27
11815,11815,Service Tax,2367.59
11816,11816,Customs Duty,7425.55
11817,11817,Import Duty,2625.07
11818,11818,VAT,451.46
11819,11819,Customs Duty,10975.71
11820,11820,Customs Duty,633.26
11821,11821,Excise Duty,8178.46
11822,11822,VAT,5387.29
11823,11823,VAT,13319.69
11824,11824,Export Duty,880.76
11825,11825,Customs Duty,51600.24
11826,11826,VAT,2587.1
11827,11827,VAT,37831.61
11828,11828,Export Duty,11162.55
11829,11829,Excise Duty,537.53
11830,11830,Excise Duty,22879.36
11831,11831,Customs Duty,142507.8
11832,11832,Service Tax,311.98
11833,11833,Import Duty,549.55
11834,11834,VAT,137444.93
11835,11835,Customs Duty,7524.68
11836,11836,Customs Duty,7281.72
11837,11837,Customs Duty,2154.49
11838,11838,Customs Duty,1299.57
11839,11839,VAT,137151.21
11840,11840,Customs Duty,31453.13
11841,11841,Customs Duty,803.03
11842,11842,Customs Duty,1568.63
11843,11843,Customs Duty,391.72
11844,11844,Customs Duty,1198.93
11845,11845,Import Duty,15998.22
11846,11846,VAT,6937.38
11847,11847,VAT,1685.68
11848,11848,Excise Duty,10689.68
11849,11849,Import Duty,4990.32
11850,11850,Customs Duty,72920.75
11851,11851,Customs Duty,503.92
11852,11852,VAT,3110.39
11853,11853,Customs Duty,14524.86
11854,11854,Service Tax,502.74
11855,11855,VAT,1841.37
11856,11856,VAT,3866.84
11857,11857,Customs Duty,103.1
11858,11858,Customs Duty,100648.76
11859,11859,Import Duty,13645.03
11860,11860,Customs Duty,1216.97
11861,11861,Export Duty,754.88
11862,11862,Customs Duty,5443.51
11863,11863,Import Duty,3661.63
11864,11864,VAT,245718.86
11865,11865,VAT,231.34
11866,11866,Customs Duty,31551.59
11867,11867,Export Duty,14181.47
11868,11868,Customs Duty,4356.17
11869,11869,Excise Duty,10807.85
11870,11870,VAT,32251.79
11871,11871,Export Duty,5748.44
11872,11872,Import Duty,179060.51
11873,11873,Excise Duty,4410.08
11874,11874,Customs Duty,818.58
11875,11875,Excise Duty,650.53
11876,11876,Customs Duty,39976.22
11877,11877,Import Duty,3654.36
11878,11878,Import Duty,782.2
11879,11879,Customs Duty,7383.26
11880,11880,Import Duty,830.79
11881,11881,Customs Duty,25256.5
11882,11882,Customs Duty,30528.13
11883,11883,Customs Duty,5448.39
11884,11884,VAT,1571.06
11885,11885,Service Tax,55387.83
11886,11886,Customs Duty,200.69
11887,11887,Customs Duty,545.15
11888,11888,Customs Duty,6487.75
11889,11889,Export Duty,78.4
11890,11890,VAT,19529.0
11891,11891,Excise Duty,333.61
11892,11892,Customs Duty,63846.41
11893,11893,Service Tax,6143.81
11894,11894,Import Duty,1574.44
11895,11895,Customs Duty,229.16
11896,11896,Import Duty,3694.29
11897,11897,VAT,22018.25
11898,11898,VAT,209642.98
11899,11899,Customs Duty,488.12
11900,11900,Service Tax,422.65
11901,11901,Customs Duty,182.64
11902,11902,VAT,125190.14
11903,11903,VAT,2644.0
11904,11904,Service Tax,104663.26
11905,11905,Customs Duty,859.3
11906,11906,VAT,2747.81
11907,11907,Import Duty,131514.01
11908,11908,VAT,630.98
11909,11909,VAT,89719.42
11910,11910,VAT,179857.44
11911,11911,Customs Duty,457.46
11912,11912,Customs Duty,185.37
11913,11913,VAT,4692.03
11914,11914,Import Duty,30103.26
11915,11915,Customs Duty,3125.31
11916,11916,Excise Duty,505.98
11917,11917,Customs Duty,7800.82
11918,11918,Customs Duty,99458.01
11919,11919,Export Duty,42406.63
11920,11920,Customs Duty,537.37
11921,11921,VAT,58011.31
11922,11922,Customs Duty,10666.88
11923,11923,Customs Duty,333.85
11924,11924,Customs Duty,436.35
11925,11925,VAT,312339.42
11926,11926,Import Duty,84710.14
11927,11927,Customs Duty,7151.06
11928,11928,VAT,8916.48
11929,11929,Customs Duty,677.05
11930,11930,Service Tax,24924.28
11931,11931,Export Duty,94764.37
11932,11932,Import Duty,69222.46
11933,11933,VAT,158450.82
11934,11934,VAT,1721.33
11935,11935,VAT,5405.41
11936,11936,Import Duty,13976.76
11937,11937,Customs Duty,19920.27
11938,11938,Customs Duty,1586.0
11939,11939,Customs Duty,79975.85
11940,11940,Export Duty,19969.36
11941,11941,VAT,3715.16
11942,11942,Customs Duty,33324.13
11943,11943,Export Duty,86.86
11944,11944,Import Duty,8934.58
11945,11945,VAT,36314.62
11946,11946,Customs Duty,1177.93
11947,11947,VAT,118415.75
11948,11948,Export Duty,8040.87
11949,11949,Customs Duty,39590.4
11950,11950,Import Duty,1431.05
11951,11951,Customs Duty,2017.09
11952,11952,VAT,11017.57
11953,11953,Import Duty,130572.2
11954,11954,Import Duty,1196.85
11955,11955,Excise Duty,45010.41
11956,11956,Export Duty,933.6
11957,11957,Export Duty,20745.95
11958,11958,Import Duty,77107.41
11959,11959,Customs Duty,16177.26
11960,11960,Import Duty,480.27
11961,11961,Import Duty,54.17
11962,11962,Import Duty,3040.95
11963,11963,VAT,1203.82
11964,11964,Excise Duty,39789.04
11965,11965,VAT,34585.81
11966,11966,Customs Duty,1049.99
11967,11967,Customs Duty,21943.9
11968,11968,Import Duty,130618.25
11969,11969,Customs Duty,161378.01
11970,11970,Export Duty,277.47
11971,11971,Export Duty,1019.47
11972,11972,Customs Duty,8563.78
11973,11973,Customs Duty,12705.67
11974,11974,VAT,2149.79
11975,11975,Customs Duty,9979.81
11976,11976,VAT,26870.17
11977,11977,Customs Duty,218.73
11978,11978,Customs Duty,7487.18
11979,11979,Customs Duty,9093.92
11980,11980,Customs Duty,756.48
11981,11981,VAT,127983.96
11982,11982,Import Duty,34.17
11983,11983,Customs Duty,130.6
11984,11984,Customs Duty,12638.48
11985,11985,Service Tax,47045.07
11986,11986,Customs Duty,1099.33
11987,11987,Export Duty,1977.14
11988,11988,VAT,2854.39
11989,11989,Import Duty,1016.32
11990,11990,Export Duty,52771.51
11991,11991,Customs Duty,86275.02
11992,11992,Customs Duty,31829.96
11993,11993,Export Duty,1374.2
11994,11994,Import Duty,32399.54
11995,11995,VAT,295975.26
11996,11996,Customs Duty,9384.31
11997,11997,Import Duty,908.28
11998,11998,Import Duty,34585.99
11999,11999,Import Duty,27576.93
12000,12000,Import Duty,1568.93
12001,12001,Export Duty,1867.39
12002,12002,Customs Duty,4002.45
12003,12003,Customs Duty,6746.24
12004,12004,VAT,611.94
12005,12005,Service Tax,276.48
12006,12006,Excise Duty,1331.43
12007,12007,VAT,9942.86
12008,12008,Customs Duty,3733.69
12009,12009,Export Duty,67299.95
12010,12010,VAT,18147.51
12011,12011,Import Duty,7134.96
12012,12012,Customs Duty,24123.75
12013,12013,Customs Duty,3901.94
12014,12014,VAT,150387.26
12015,12015,Import Duty,37984.69
12016,12016,Import Duty,231959.67
12017,12017,VAT,276.21
12018,12018,Import Duty,69856.12
12019,12019,Import Duty,93252.53
12020,12020,Excise Duty,7319.97
12021,12021,VAT,133961.94
12022,12022,Excise Duty,1105.99
12023,12023,Excise Duty,9162.02
12024,12024,Customs Duty,4204.15
12025,12025,Customs Duty,3144.9
12026,12026,VAT,20036.39
12027,12027,Import Duty,134469.11
12028,12028,Export Duty,3067.66
12029,12029,Import Duty,4600.31
12030,12030,VAT,18911.44
12031,12031,Service Tax,1787.74
12032,12032,VAT,28463.45
12033,12033,Service Tax,623.47
12034,12034,Import Duty,9216.46
12035,12035,VAT,1088.87
12036,12036,Customs Duty,4003.62
12037,12037,Customs Duty,6929.61
12038,12038,VAT,1614.68
12039,12039,VAT,1012.43
12040,12040,Excise Duty,1923.9
12041,12041,VAT,458.16
12042,12042,Import Duty,87473.72
12043,12043,VAT,17474.66
12044,12044,Customs Duty,18917.79
12045,12045,Customs Duty,255461.62
12046,12046,Customs Duty,3552.9
12047,12047,VAT,68223.3
12048,12048,Customs Duty,5833.05
12049,12049,Export Duty,156.72
12050,12050,VAT,220802.31
12051,12051,Import Duty,129966.43
12052,12052,Export Duty,14630.29
12053,12053,Import Duty,265552.9
12054,12054,Service Tax,21827.37
12055,12055,VAT,2348.78
12056,12056,Customs Duty,21419.47
12057,12057,Excise Duty,67806.75
12058,12058,Export Duty,12041.72
12059,12059,Import Duty,15835.94
12060,12060,Import Duty,276227.62
12061,12061,Customs Duty,43942.49
12062,12062,Service Tax,44569.22
12063,12063,Import Duty,59755.45
12064,12064,VAT,11809.1
12065,12065,Import Duty,43771.93
12066,12066,VAT,162196.48
12067,12067,Customs Duty,12947.21
12068,12068,Customs Duty,57827.83
12069,12069,Customs Duty,768.63
12070,12070,VAT,114723.3
12071,12071,Customs Duty,1662.7
12072,12072,VAT,503.05
12073,12073,VAT,1376.94
12074,12074,Import Duty,115742.0
12075,12075,Customs Duty,1162.97
12076,12076,Customs Duty,4372.59
12077,12077,VAT,194126.24
12078,12078,Import Duty,273.76
12079,12079,VAT,1143.4
12080,12080,Import Duty,220.22
12081,12081,Excise Duty,9195.67
12082,12082,Customs Duty,110978.04
12083,12083,Excise Duty,9544.15
12084,12084,Customs Duty,70137.4
12085,12085,Customs Duty,6945.87
12086,12086,Customs Duty,585.91
12087,12087,Customs Duty,89622.98
12088,12088,Export Duty,32405.25
12089,12089,Import Duty,1285.06
12090,12090,VAT,21259.11
12091,12091,VAT,22205.98
12092,12092,Customs Duty,730.43
12093,12093,Excise Duty,405.35
12094,12094,Service Tax,8942.17
12095,12095,Export Duty,30148.73
12096,12096,Export Duty,14775.99
12097,12097,VAT,11040.5
12098,12098,VAT,725.62
12099,12099,Import Duty,5246.76
12100,12100,Export Duty,11993.7
12101,12101,Import Duty,1710.45
12102,12102,Import Duty,1621.93
12103,12103,Excise Duty,990.24
12104,12104,VAT,5899.75
12105,12105,VAT,37277.94
12106,12106,Import Duty,100.73
12107,12107,VAT,444.54
12108,12108,Service Tax,6777.75
12109,12109,Import Duty,82751.77
12110,12110,Import Duty,15033.02
12111,12111,VAT,148629.46
12112,12112,VAT,3538.37
12113,12113,Import Duty,1983.33
12114,12114,Customs Duty,55192.41
12115,12115,VAT,5345.96
12116,12116,VAT,2019.54
12117,12117,Customs Duty,1996.91
12118,12118,Excise Duty,46.05
12119,12119,Import Duty,4541.3
12120,12120,VAT,219.58
12121,12121,Import Duty,11130.7
12122,12122,Customs Duty,11973.73
12123,12123,VAT,6794.5
12124,12124,VAT,24274.75
12125,12125,Import Duty,49925.78
12126,12126,Customs Duty,656.49
12127,12127,VAT,1881.36
12128,12128,Import Duty,2122.58
12129,12129,Service Tax,9962.17
12130,12130,VAT,2154.6
12131,12131,VAT,34033.51
12132,12132,VAT,600.52
12133,12133,VAT,3373.68
12134,12134,VAT,12560.74
12135,12135,VAT,1910.52
12136,12136,VAT,263.33
12137,12137,Excise Duty,22535.21
12138,12138,Import Duty,1531.69
12139,12139,VAT,22662.51
12140,12140,VAT,2194.88
12141,12141,Customs Duty,6440.91
12142,12142,Import Duty,112522.01
12143,12143,Export Duty,100995.26
12144,12144,VAT,1315.69
12145,12145,Excise Duty,503.52
12146,12146,Export Duty,3959.71
12147,12147,VAT,295626.79
12148,12148,Customs Duty,409.68
12149,12149,VAT,737.29
12150,12150,Import Duty,13393.47
12151,12151,VAT,55776.32
12152,12152,VAT,690.28
12153,12153,Import Duty,32068.36
12154,12154,Customs Duty,14398.09
12155,12155,Export Duty,3875.47
12156,12156,Customs Duty,183398.98
12157,12157,Customs Duty,7603.64
12158,12158,Import Duty,20334.72
12159,12159,VAT,359175.24
12160,12160,VAT,887.15
12161,12161,Customs Duty,1541.89
12162,12162,Customs Duty,9384.57
12163,12163,Customs Duty,124939.51
12164,12164,Import Duty,119688.69
12165,12165,VAT,30892.04
12166,12166,VAT,160997.0
12167,12167,Customs Duty,43342.04
12168,12168,VAT,5651.58
12169,12169,Customs Duty,117082.87
12170,12170,Import Duty,672.97
12171,12171,VAT,5452.88
12172,12172,Customs Duty,9373.42
12173,12173,Import Duty,2166.64
12174,12174,Export Duty,1002.34
12175,12175,Export Duty,784.54
12176,12176,Import Duty,53359.91
12177,12177,VAT,201528.95
12178,12178,Customs Duty,16346.72
12179,12179,VAT,31292.3
12180,12180,Excise Duty,1246.3
12181,12181,Customs Duty,191745.0
12182,12182,VAT,489.43
12183,12183,VAT,321983.86
12184,12184,Customs Duty,1508.01
12185,12185,Customs Duty,10431.83
12186,12186,Customs Duty,965.11
12187,12187,Export Duty,4293.52
12188,12188,VAT,5000.73
12189,12189,Customs Duty,1862.13
12190,12190,VAT,1951.44
12191,12191,Customs Duty,76367.68
12192,12192,Customs Duty,3168.37
12193,12193,Customs Duty,7514.53
12194,12194,Customs Duty,3441.7
12195,12195,VAT,795.02
12196,12196,Customs Duty,2401.25
12197,12197,VAT,41802.69
12198,12198,Customs Duty,61.7
12199,12199,Import Duty,1529.21
12200,12200,Import Duty,106032.32
12201,12201,VAT,2134.83
12202,12202,Service Tax,41857.44
12203,12203,VAT,8801.95
12204,12204,VAT,112388.08
12205,12205,Customs Duty,160413.58
12206,12206,VAT,123491.47
12207,12207,VAT,749.93
12208,12208,VAT,68209.44
12209,12209,Customs Duty,335.19
12210,12210,Export Duty,22265.11
12211,12211,VAT,225.2
12212,12212,VAT,15284.19
12213,12213,Import Duty,160325.76
12214,12214,Import Duty,109658.29
12215,12215,Customs Duty,122048.14
12216,12216,Customs Duty,1809.25
12217,12217,VAT,7497.82
12218,12218,Customs Duty,20268.81
12219,12219,Import Duty,971.44
12220,12220,VAT,1134.33
12221,12221,Excise Duty,821.31
12222,12222,Customs Duty,97751.01
12223,12223,Customs Duty,920.05
12224,12224,Import Duty,28724.18
12225,12225,Import Duty,15793.56
12226,12226,VAT,161276.09
12227,12227,Customs Duty,95793.28
12228,12228,VAT,48495.97
12229,12229,Customs Duty,505.94
12230,12230,VAT,12533.62
12231,12231,VAT,9898.7
12232,12232,Customs Duty,19854.42
12233,12233,Service Tax,16170.44
12234,12234,Import Duty,7627.57
12235,12235,Service Tax,26982.56
12236,12236,VAT,4355.9
12237,12237,Excise Duty,1801.22
12238,12238,Customs Duty,12215.82
12239,12239,Export Duty,19642.41
12240,12240,VAT,8925.14
12241,12241,Customs Duty,178.46
12242,12242,Customs Duty,22558.46
12243,12243,Import Duty,801.75
12244,12244,Excise Duty,3463.91
12245,12245,VAT,6994.74
12246,12246,Customs Duty,12915.17
12247,12247,Import Duty,4429.7
12248,12248,VAT,88088.54
12249,12249,Import Duty,16681.9
12250,12250,VAT,1187.15
12251,12251,Excise Duty,3791.13
12252,12252,VAT,1690.54
12253,12253,Service Tax,76.82
12254,12254,Import Duty,359509.9
12255,12255,VAT,2867.1
12256,12256,VAT,5494.87
12257,12257,Import Duty,1198.43
12258,12258,Export Duty,8437.96
12259,12259,Customs Duty,21427.21
12260,12260,Service Tax,58135.36
12261,12261,Customs Duty,36576.89
12262,12262,Customs Duty,75604.72
12263,12263,Customs Duty,78569.91
12264,12264,VAT,92884.16
12265,12265,Import Duty,1587.37
12266,12266,VAT,182487.15
12267,12267,Import Duty,1699.86
12268,12268,Import Duty,11115.92
12269,12269,Customs Duty,16689.03
12270,12270,VAT,223514.43
12271,12271,Customs Duty,5840.33
12272,12272,VAT,219230.51
12273,12273,Service Tax,145.94
12274,12274,Export Duty,4508.2
12275,12275,Import Duty,111889.63
12276,12276,Customs Duty,1320.92
12277,12277,Import Duty,27719.33
12278,12278,Customs Duty,474.05
12279,12279,VAT,10045.4
12280,12280,VAT,402.23
12281,12281,Service Tax,3731.56
12282,12282,Excise Duty,68563.98
12283,12283,Import Duty,196294.81
12284,12284,VAT,34496.79
12285,12285,Export Duty,28.78
12286,12286,Service Tax,954.33
12287,12287,Import Duty,7857.21
12288,12288,Service Tax,5261.02
12289,12289,Customs Duty,4709.67
12290,12290,VAT,3709.35
12291,12291,VAT,1434.19
12292,12292,Customs Duty,11128.17
12293,12293,VAT,104660.61
12294,12294,Export Duty,12472.89
12295,12295,Customs Duty,192046.75
12296,12296,Customs Duty,8241.77
12297,12297,Customs Duty,966.49
12298,12298,Import Duty,1175.27
12299,12299,Import Duty,15681.8
12300,12300,Customs Duty,9021.26
12301,12301,Customs Duty,16619.84
12302,12302,VAT,2096.62
12303,12303,Customs Duty,39.98
12304,12304,Customs Duty,324.72
12305,12305,VAT,359621.79
12306,12306,Import Duty,131600.98
12307,12307,Excise Duty,446.83
12308,12308,VAT,4285.06
12309,12309,VAT,2501.37
12310,12310,Customs Duty,926.58
12311,12311,Import Duty,182231.6
12312,12312,Export Duty,18528.73
12313,12313,Excise Duty,443.43
12314,12314,Service Tax,512.88
12315,12315,Import Duty,189851.67
12316,12316,Customs Duty,182690.02
12317,12317,VAT,10064.6
12318,12318,Service Tax,4489.6
12319,12319,VAT,12107.42
12320,12320,VAT,5174.88
12321,12321,VAT,164525.27
12322,12322,Customs Duty,368.1
12323,12323,VAT,2785.86
12324,12324,VAT,27770.66
12325,12325,Service Tax,21.7
12326,12326,VAT,18061.44
12327,12327,Customs Duty,2328.1
12328,12328,Import Duty,15851.82
12329,12329,Service Tax,2552.31
12330,12330,Customs Duty,23808.67
12331,12331,Export Duty,889.55
12332,12332,Customs Duty,1358.1
12333,12333,Import Duty,18469.92
12334,12334,Import Duty,15549.26
12335,12335,Customs Duty,21969.35
12336,12336,VAT,1104.2
12337,12337,Customs Duty,7068.62
12338,12338,VAT,17093.85
12339,12339,Import Duty,31722.93
12340,12340,Customs Duty,543.1
12341,12341,VAT,1958.41
12342,12342,Customs Duty,104.81
12343,12343,Customs Duty,142260.04
12344,12344,Export Duty,7766.57
12345,12345,Import Duty,102319.29
12346,12346,Service Tax,5354.83
12347,12347,Export Duty,11965.54
12348,12348,Customs Duty,1339.32
12349,12349,Excise Duty,302.58
12350,12350,Import Duty,1082.99
12351,12351,Customs Duty,3823.48
12352,12352,Service Tax,30670.54
12353,12353,VAT,31160.14
12354,12354,Import Duty,400.72
12355,12355,Export Duty,3183.26
12356,12356,Excise Duty,155.85
12357,12357,Customs Duty,5058.6
12358,12358,Excise Duty,109233.12
12359,12359,Customs Duty,11081.45
12360,12360,Export Duty,37128.86
12361,12361,VAT,137489.34
12362,12362,VAT,10445.33
12363,12363,Customs Duty,104946.83
12364,12364,Import Duty,115851.97
12365,12365,VAT,5083.32
12366,12366,Import Duty,130248.25
12367,12367,VAT,41740.24
12368,12368,Customs Duty,11303.39
12369,12369,Import Duty,83453.77
12370,12370,Import Duty,1568.95
12371,12371,Customs Duty,12261.41
12372,12372,VAT,58675.44
12373,12373,Import Duty,12633.86
12374,12374,Service Tax,1646.79
12375,12375,Import Duty,33869.64
12376,12376,Customs Duty,261401.91
12377,12377,Excise Duty,82339.91
12378,12378,Excise Duty,90608.25
12379,12379,Customs Duty,394.33
12380,12380,Import Duty,102931.69
12381,12381,Import Duty,4411.57
12382,12382,Service Tax,26346.03
12383,12383,VAT,1381.39
12384,12384,Export Duty,30961.37
12385,12385,VAT,290.62
12386,12386,Excise Duty,1023.5
12387,12387,Import Duty,247925.06
12388,12388,VAT,258551.27
12389,12389,Export Duty,227.14
12390,12390,Import Duty,22599.02
12391,12391,VAT,479.1
12392,12392,VAT,114422.09
12393,12393,Import Duty,39147.65
12394,12394,Excise Duty,794.3
12395,12395,VAT,168601.6
12396,12396,VAT,125776.22
12397,12397,Customs Duty,665.44
12398,12398,Import Duty,100044.21
12399,12399,Customs Duty,37142.72
12400,12400,Import Duty,91002.43
12401,12401,VAT,699.79
12402,12402,Import Duty,21909.22
12403,12403,VAT,220328.88
12404,12404,Customs Duty,3998.88
12405,12405,Customs Duty,128174.13
12406,12406,Export Duty,129279.08
12407,12407,Export Duty,111293.72
12408,12408,Customs Duty,1577.51
12409,12409,VAT,1075.79
12410,12410,Customs Duty,145681.14
12411,12411,VAT,17973.42
12412,12412,Import Duty,3890.0
12413,12413,Import Duty,231068.73
12414,12414,Customs Duty,189162.44
12415,12415,Import Duty,9691.4
12416,12416,Customs Duty,110875.68
12417,12417,Export Duty,1343.37
12418,12418,Customs Duty,53.87
12419,12419,VAT,259287.93
12420,12420,Customs Duty,2067.17
12421,12421,Import Duty,981.37
12422,12422,Customs Duty,16877.86
12423,12423,Customs Duty,67942.83
12424,12424,Export Duty,70.87
12425,12425,Customs Duty,92042.44
12426,12426,Excise Duty,867.79
12427,12427,Customs Duty,16925.76
12428,12428,Customs Duty,11749.71
12429,12429,Customs Duty,94743.26
12430,12430,VAT,36437.62
12431,12431,Service Tax,2673.14
12432,12432,Customs Duty,1852.1
12433,12433,Customs Duty,257.62
12434,12434,VAT,1087.55
12435,12435,Customs Duty,1259.0
12436,12436,VAT,178981.07
12437,12437,VAT,173320.58
12438,12438,VAT,18580.6
12439,12439,Import Duty,126167.87
12440,12440,VAT,2326.59
12441,12441,Service Tax,684.01
12442,12442,VAT,700.27
12443,12443,Excise Duty,1371.63
12444,12444,Excise Duty,1081.28
12445,12445,VAT,1370.96
12446,12446,Excise Duty,497.04
12447,12447,Customs Duty,202947.38
12448,12448,Customs Duty,575.0
12449,12449,Excise Duty,47926.01
12450,12450,Customs Duty,13106.29
12451,12451,Customs Duty,2701.09
12452,12452,VAT,286091.73
12453,12453,Import Duty,98242.55
12454,12454,Excise Duty,13730.88
12455,12455,Export Duty,8286.52
12456,12456,Service Tax,74886.6
12457,12457,VAT,30186.96
12458,12458,Import Duty,240295.57
12459,12459,Import Duty,25492.29
12460,12460,Import Duty,16943.89
12461,12461,Export Duty,85.5
12462,12462,Export Duty,1142.25
12463,12463,Excise Duty,47436.76
12464,12464,Service Tax,4519.62
12465,12465,Import Duty,1429.0
12466,12466,VAT,1702.48
12467,12467,Customs Duty,1930.72
12468,12468,Excise Duty,43231.03
12469,12469,VAT,1056.51
12470,12470,VAT,3191.51
12471,12471,Import Duty,266300.94
12472,12472,Import Duty,338137.51
12473,12473,Service Tax,26176.21
12474,12474,Customs Duty,74413.54
12475,12475,Customs Duty,106497.64
12476,12476,VAT,3076.91
12477,12477,Export Duty,33106.56
12478,12478,Import Duty,1982.51
12479,12479,Import Duty,332.46
12480,12480,Excise Duty,51647.69
12481,12481,Import Duty,325.56
12482,12482,Excise Duty,2631.74
12483,12483,Customs Duty,1517.64
12484,12484,Customs Duty,576.7
12485,12485,Service Tax,494.75
12486,12486,Excise Duty,11461.54
12487,12487,Import Duty,2773.57
12488,12488,Customs Duty,17707.25
12489,12489,Customs Duty,2188.55
12490,12490,Import Duty,131850.63
12491,12491,Export Duty,2547.93
12492,12492,Export Duty,1756.97
12493,12493,Customs Duty,119032.32
12494,12494,VAT,534.51
12495,12495,Excise Duty,164.89
12496,12496,VAT,10941.82
12497,12497,Customs Duty,37281.22
12498,12498,Import Duty,9830.7
12499,12499,Import Duty,89146.12
12500,12500,Import Duty,43230.84
12501,12501,Export Duty,1828.64
12502,12502,Excise Duty,722.46
12503,12503,Customs Duty,325.59
12504,12504,VAT,2540.38
12505,12505,Customs Duty,16121.77
12506,12506,Excise Duty,12716.95
12507,12507,Export Duty,226.93
12508,12508,Export Duty,24574.51
12509,12509,Export Duty,2555.07
12510,12510,Export Duty,2993.69
12511,12511,Import Duty,360448.6
12512,12512,Excise Duty,621.21
12513,12513,Export Duty,93633.76
12514,12514,VAT,9870.87
12515,12515,Import Duty,29341.16
12516,12516,Customs Duty,73403.9
12517,12517,Import Duty,5508.53
12518,12518,Import Duty,4824.77
12519,12519,Import Duty,279549.63
12520,12520,Import Duty,10659.39
12521,12521,Customs Duty,1563.45
12522,12522,Customs Duty,12534.27
12523,12523,Customs Duty,2256.77
12524,12524,Import Duty,76179.1
12525,12525,Import Duty,1654.48
12526,12526,VAT,13250.39
12527,12527,Import Duty,847.55
12528,12528,Excise Duty,13909.08
12529,12529,VAT,42709.65
12530,12530,Export Duty,266.29
12531,12531,Customs Duty,76911.28
12532,12532,VAT,152739.17
12533,12533,Customs Duty,3975.37
12534,12534,VAT,112892.75
12535,12535,VAT,107228.61
12536,12536,Export Duty,5102.45
12537,12537,Customs Duty,132274.01
12538,12538,VAT,14979.16
12539,12539,Customs Duty,2642.91
12540,12540,Customs Duty,19366.16
12541,12541,Service Tax,32080.52
12542,12542,Service Tax,45837.59
12543,12543,Service Tax,599.64
12544,12544,VAT,1208.67
12545,12545,VAT,17947.22
12546,12546,Import Duty,3929.04
12547,12547,VAT,3168.36
12548,12548,Customs Duty,15996.88
12549,12549,Import Duty,3499.66
12550,12550,Customs Duty,653.4
12551,12551,Customs Duty,77498.83
12552,12552,VAT,9486.26
12553,12553,VAT,335.06
12554,12554,VAT,103140.81
12555,12555,Import Duty,3493.98
12556,12556,Customs Duty,72353.66
12557,12557,Excise Duty,29625.0
12558,12558,VAT,3486.19
12559,12559,Export Duty,601.81
12560,12560,Import Duty,2543.69
12561,12561,VAT,15251.72
12562,12562,VAT,98.29
12563,12563,Customs Duty,5920.42
12564,12564,Customs Duty,1217.36
12565,12565,Customs Duty,127953.59
12566,12566,Customs Duty,53302.9
12567,12567,Export Duty,157.68
12568,12568,Import Duty,26050.79
12569,12569,Import Duty,805.65
12570,12570,Import Duty,32193.03
12571,12571,Export Duty,43845.09
12572,12572,Import Duty,214868.29
12573,12573,VAT,15576.7
12574,12574,Customs Duty,20638.7
12575,12575,Excise Duty,19753.36
12576,12576,VAT,117812.62
12577,12577,Customs Duty,1618.28
12578,12578,VAT,79939.4
12579,12579,Excise Duty,1125.63
12580,12580,Import Duty,340758.07
12581,12581,VAT,45698.21
12582,12582,Service Tax,703.39
12583,12583,Export Duty,42837.25
12584,12584,VAT,10743.61
12585,12585,Service Tax,977.56
12586,12586,Import Duty,135090.02
12587,12587,VAT,69977.66
12588,12588,Customs Duty,1835.57
12589,12589,Customs Duty,154268.08
12590,12590,VAT,72404.45
12591,12591,Customs Duty,845.89
12592,12592,VAT,4337.09
12593,12593,VAT,218999.03
12594,12594,Export Duty,442.15
12595,12595,Customs Duty,7743.59
12596,12596,Import Duty,2509.48
12597,12597,Customs Duty,1147.5
12598,12598,Customs Duty,4458.62
12599,12599,Import Duty,8842.38
12600,12600,Customs Duty,1168.58
12601,12601,Import Duty,10160.26
12602,12602,Customs Duty,52607.29
12603,12603,VAT,508.18
12604,12604,Customs Duty,5998.26
12605,12605,Excise Duty,5698.06
12606,12606,Customs Duty,579.85
12607,12607,Export Duty,5394.04
12608,12608,VAT,89923.24
12609,12609,Customs Duty,19473.74
12610,12610,VAT,125545.77
12611,12611,Customs Duty,29673.0
12612,12612,Customs Duty,14760.75
12613,12613,VAT,1163.65
12614,12614,Customs Duty,20640.94
12615,12615,VAT,803.71
12616,12616,Excise Duty,357.7
12617,12617,Customs Duty,112779.28
12618,12618,Export Duty,5639.8
12619,12619,Import Duty,31645.45
12620,12620,VAT,4444.19
12621,12621,VAT,1795.76
12622,12622,Import Duty,467.34
12623,12623,Customs Duty,426.51
12624,12624,Export Duty,290.22
12625,12625,Customs Duty,161.98
12626,12626,VAT,18821.09
12627,12627,VAT,16700.81
12628,12628,Import Duty,2360.5
12629,12629,Customs Duty,2566.72
12630,12630,VAT,583.5
12631,12631,Customs Duty,822.31
12632,12632,Excise Duty,747.1
12633,12633,Customs Duty,3621.33
12634,12634,Import Duty,269.06
12635,12635,Customs Duty,12473.38
12636,12636,Customs Duty,98856.39
12637,12637,Customs Duty,2269.46
12638,12638,VAT,16469.74
12639,12639,Customs Duty,527.49
12640,12640,Customs Duty,8318.57
12641,12641,VAT,4410.76
12642,12642,Import Duty,2632.98
12643,12643,Customs Duty,843.45
12644,12644,Export Duty,29.77
12645,12645,Import Duty,990.68
12646,12646,VAT,13333.16
12647,12647,Export Duty,441.06
12648,12648,Customs Duty,496.91
12649,12649,Import Duty,7092.82
12650,12650,VAT,17972.16
12651,12651,Excise Duty,13701.74
12652,12652,Service Tax,38808.75
12653,12653,Customs Duty,25430.27
12654,12654,VAT,16735.88
12655,12655,Customs Duty,276.93
12656,12656,Export Duty,81597.56
12657,12657,Customs Duty,77119.93
12658,12658,VAT,95917.29
12659,12659,VAT,3663.09
12660,12660,VAT,3153.12
12661,12661,Customs Duty,23079.87
12662,12662,Customs Duty,15855.05
12663,12663,Customs Duty,85764.65
12664,12664,Service Tax,463.64
12665,12665,VAT,22067.31
12666,12666,Customs Duty,2026.07
12667,12667,Customs Duty,1532.1
12668,12668,Service Tax,371.63
12669,12669,Import Duty,131.17
12670,12670,Customs Duty,3159.71
12671,12671,Customs Duty,10623.38
12672,12672,Customs Duty,676.33
12673,12673,Customs Duty,839.65
12674,12674,Customs Duty,6745.18
12675,12675,Customs Duty,56334.77
12676,12676,Customs Duty,2071.17
12677,12677,Import Duty,26894.01
12678,12678,Customs Duty,42674.89
12679,12679,Customs Duty,12336.92
12680,12680,Customs Duty,4333.78
12681,12681,Customs Duty,24768.35
12682,12682,Import Duty,1309.28
12683,12683,Customs Duty,32.74
12684,12684,Import Duty,6945.8
12685,12685,Service Tax,2573.32
12686,12686,Customs Duty,174.23
12687,12687,Export Duty,11704.34
12688,12688,Customs Duty,1060.32
12689,12689,VAT,1017.82
12690,12690,Export Duty,97214.68
12691,12691,Customs Duty,109701.72
12692,12692,Customs Duty,75976.78
12693,12693,Service Tax,90787.13
12694,12694,Import Duty,11529.62
12695,12695,Service Tax,34652.22
12696,12696,Customs Duty,661.72
12697,12697,VAT,20476.26
12698,12698,VAT,196.11
12699,12699,Import Duty,4111.24
12700,12700,Customs Duty,145.99
12701,12701,Customs Duty,41813.63
12702,12702,Import Duty,46594.32
12703,12703,Import Duty,1883.72
12704,12704,Customs Duty,7289.81
12705,12705,Export Duty,57663.78
12706,12706,Excise Duty,29880.79
12707,12707,VAT,1413.05
12708,12708,Customs Duty,1007.35
12709,12709,Service Tax,1459.86
12710,12710,Customs Duty,42846.83
12711,12711,Excise Duty,299.91
12712,12712,Customs Duty,90393.43
12713,12713,Import Duty,7540.02
12714,12714,Export Duty,38745.06
12715,12715,Import Duty,214581.92
12716,12716,Import Duty,5450.72
12717,12717,VAT,4837.1
12718,12718,Customs Duty,41988.7
12719,12719,Service Tax,2154.4
12720,12720,Customs Duty,34974.76
12721,12721,Export Duty,5412.78
12722,12722,VAT,123100.69
12723,12723,VAT,217.88
12724,12724,VAT,21247.58
12725,12725,VAT,13805.61
12726,12726,VAT,44701.48
12727,12727,Import Duty,44024.1
12728,12728,Customs Duty,404.9
12729,12729,Customs Duty,1544.83
12730,12730,Export Duty,91354.62
12731,12731,Customs Duty,2406.55
12732,12732,Customs Duty,80622.44
12733,12733,Export Duty,3217.35
12734,12734,Customs Duty,428.62
12735,12735,VAT,21487.19
12736,12736,Import Duty,2702.29
12737,12737,Service Tax,46755.81
12738,12738,Service Tax,651.01
12739,12739,Service Tax,709.31
12740,12740,Import Duty,21837.48
12741,12741,Excise Duty,1601.83
12742,12742,Import Duty,45861.61
12743,12743,Import Duty,2414.37
12744,12744,Excise Duty,5881.5
12745,12745,Excise Duty,20501.05
12746,12746,Customs Duty,19753.86
12747,12747,Excise Duty,293.72
12748,12748,VAT,16006.28
12749,12749,Customs Duty,16077.87
12750,12750,Export Duty,1860.12
12751,12751,Export Duty,1487.92
12752,12752,Import Duty,11980.18
12753,12753,Export Duty,8373.4
12754,12754,Export Duty,200.61
12755,12755,Customs Duty,145177.55
12756,12756,Import Duty,1605.81
12757,12757,Export Duty,494.95
12758,12758,Customs Duty,10753.55
12759,12759,Customs Duty,9032.63
12760,12760,Import Duty,14091.41
12761,12761,Service Tax,11179.18
12762,12762,Customs Duty,68430.56
12763,12763,Customs Duty,1080.18
12764,12764,Excise Duty,129.18
12765,12765,Service Tax,24245.39
12766,12766,Customs Duty,41899.14
12767,12767,Service Tax,4057.38
12768,12768,Customs Duty,48100.67
12769,12769,Excise Duty,158436.45
12770,12770,Excise Duty,352.31
12771,12771,Customs Duty,2239.71
12772,12772,Customs Duty,204265.88
12773,12773,Customs Duty,3040.51
12774,12774,Customs Duty,1219.57
12775,12775,Import Duty,692.49
12776,12776,Service Tax,397.87
12777,12777,Customs Duty,19922.92
12778,12778,Import Duty,47570.53
12779,12779,VAT,3941.26
12780,12780,Import Duty,328128.48
12781,12781,Import Duty,2750.79
12782,12782,VAT,10886.53
12783,12783,Import Duty,27211.58
12784,12784,Excise Duty,958.66
12785,12785,Import Duty,4293.61
12786,12786,Export Duty,2234.81
12787,12787,VAT,27906.19
12788,12788,Customs Duty,389.27
12789,12789,VAT,788.27
12790,12790,Import Duty,1196.5
12791,12791,Customs Duty,6610.22
12792,12792,Import Duty,102831.91
12793,12793,VAT,6825.12
12794,12794,Import Duty,66357.77
12795,12795,Customs Duty,237.53
12796,12796,Customs Duty,5946.34
12797,12797,Excise Duty,46485.62
12798,12798,Customs Duty,10360.46
12799,12799,Import Duty,7422.59
12800,12800,Import Duty,15812.83
12801,12801,Export Duty,381.1
12802,12802,VAT,935.27
12803,12803,VAT,16901.93
12804,12804,VAT,738.14
12805,12805,Customs Duty,912.11
12806,12806,Excise Duty,641.89
12807,12807,Export Duty,121253.6
12808,12808,Export Duty,27308.31
12809,12809,Service Tax,675.02
12810,12810,Customs Duty,8637.86
12811,12811,Service Tax,180.67
12812,12812,Export Duty,9007.96
12813,12813,VAT,2361.49
12814,12814,VAT,104387.69
12815,12815,Customs Duty,474.41
12816,12816,VAT,26207.51
12817,12817,VAT,1375.69
12818,12818,VAT,82650.11
12819,12819,VAT,98781.0
12820,12820,Import Duty,81318.62
12821,12821,Export Duty,43139.3
12822,12822,Import Duty,26296.19
12823,12823,Customs Duty,48334.07
12824,12824,Excise Duty,291.53
12825,12825,Import Duty,72584.55
12826,12826,Import Duty,11556.9
12827,12827,Customs Duty,12019.0
12828,12828,Export Duty,6541.87
12829,12829,Customs Duty,9604.88
12830,12830,VAT,37858.23
12831,12831,Customs Duty,20687.42
12832,12832,Customs Duty,1605.02
12833,12833,VAT,1685.03
12834,12834,VAT,92850.48
12835,12835,Customs Duty,844.23
12836,12836,Excise Duty,65470.22
12837,12837,Customs Duty,177806.22
12838,12838,Import Duty,570.02
12839,12839,Customs Duty,188150.64
12840,12840,Export Duty,14006.24
12841,12841,Customs Duty,374.01
12842,12842,Excise Duty,199973.43
12843,12843,VAT,17856.26
12844,12844,VAT,20894.92
12845,12845,Service Tax,1565.8
12846,12846,Customs Duty,7270.86
12847,12847,Customs Duty,27688.02
12848,12848,Service Tax,4531.3
12849,12849,Import Duty,78972.73
12850,12850,VAT,235941.18
12851,12851,Customs Duty,10816.83
12852,12852,Import Duty,892.67
12853,12853,Import Duty,63081.02
12854,12854,Customs Duty,157.24
12855,12855,Customs Duty,134470.97
12856,12856,Import Duty,1302.37
12857,12857,VAT,988.51
12858,12858,Import Duty,180708.04
12859,12859,Export Duty,1781.28
12860,12860,VAT,17649.67
12861,12861,Customs Duty,1466.01
12862,12862,Customs Duty,1018.84
12863,12863,VAT,902.3
12864,12864,Excise Duty,9739.34
12865,12865,Customs Duty,3053.58
12866,12866,Customs Duty,237.09
12867,12867,Import Duty,2483.33
12868,12868,VAT,14126.02
12869,12869,Export Duty,37352.29
12870,12870,Customs Duty,1712.92
12871,12871,Import Duty,1936.95
12872,12872,VAT,2545.45
12873,12873,Customs Duty,8116.76
12874,12874,Customs Duty,152.36
12875,12875,Import Duty,2966.31
12876,12876,Excise Duty,4111.12
12877,12877,Customs Duty,20014.94
12878,12878,VAT,733.02
12879,12879,VAT,119989.94
12880,12880,Import Duty,17554.37
12881,12881,Import Duty,17139.53
12882,12882,Export Duty,45.23
12883,12883,Customs Duty,432.22
12884,12884,VAT,80893.33
12885,12885,Service Tax,14308.59
12886,12886,Customs Duty,53847.9
12887,12887,Customs Duty,41254.28
12888,12888,Customs Duty,5495.09
12889,12889,VAT,2687.62
12890,12890,Customs Duty,244757.54
12891,12891,Import Duty,5690.13
12892,12892,Customs Duty,1355.39
12893,12893,Customs Duty,2619.58
12894,12894,Customs Duty,1597.13
12895,12895,VAT,1254.4
12896,12896,VAT,140168.16
12897,12897,VAT,1174.78
12898,12898,Excise Duty,25659.53
12899,12899,Customs Duty,9242.35
12900,12900,VAT,1896.06
12901,12901,VAT,79574.37
12902,12902,Import Duty,13980.51
12903,12903,Excise Duty,983.22
12904,12904,VAT,2205.6
12905,12905,Customs Duty,600.99
12906,12906,Customs Duty,880.22
12907,12907,VAT,33962.05
12908,12908,Import Duty,59810.9
12909,12909,Customs Duty,58270.38
12910,12910,Customs Duty,20.9
12911,12911,VAT,140991.66
12912,12912,Service Tax,14909.53
12913,12913,VAT,2857.73
12914,12914,Customs Duty,1435.18
12915,12915,VAT,181157.26
12916,12916,Export Duty,4083.76
12917,12917,VAT,57698.44
12918,12918,Customs Duty,14876.9
12919,12919,Excise Duty,6630.12
12920,12920,Customs Duty,3726.68
12921,12921,Excise Duty,2407.1
12922,12922,Import Duty,801.2
12923,12923,Service Tax,30.41
12924,12924,VAT,257802.31
12925,12925,VAT,134434.08
12926,12926,VAT,1358.55
12927,12927,Import Duty,2835.19
12928,12928,VAT,818.9
12929,12929,VAT,4901.99
12930,12930,VAT,988.16
12931,12931,Excise Duty,10452.81
12932,12932,VAT,14967.18
12933,12933,Import Duty,1914.16
12934,12934,VAT,10536.04
12935,12935,VAT,3443.4
12936,12936,Import Duty,19825.26
12937,12937,Import Duty,101909.69
12938,12938,Service Tax,571.38
12939,12939,Service Tax,4324.52
12940,12940,Excise Duty,33686.55
12941,12941,Customs Duty,2455.93
12942,12942,Import Duty,11008.76
12943,12943,Customs Duty,9151.61
12944,12944,Import Duty,279201.29
12945,12945,VAT,10727.78
12946,12946,Export Duty,6221.86
12947,12947,Customs Duty,138328.95
12948,12948,VAT,370.66
12949,12949,Customs Duty,755.16
12950,12950,Excise Duty,182.67
12951,12951,VAT,23127.89
12952,12952,Excise Duty,1106.7
12953,12953,VAT,207245.41
12954,12954,Export Duty,87821.18
12955,12955,Customs Duty,11907.23
12956,12956,VAT,2399.43
12957,12957,VAT,60041.8
12958,12958,Customs Duty,8792.9
12959,12959,Customs Duty,29434.59
12960,12960,Customs Duty,129565.72
12961,12961,VAT,7895.7
12962,12962,Customs Duty,11318.56
12963,12963,Customs Duty,35.23
12964,12964,Export Duty,1098.04
12965,12965,Export Duty,45311.8
12966,12966,VAT,2417.63
12967,12967,VAT,45704.23
12968,12968,Export Duty,229.73
12969,12969,Customs Duty,217994.04
12970,12970,VAT,228107.12
12971,12971,Customs Duty,678.74
12972,12972,Export Duty,114570.46
12973,12973,VAT,1158.57
12974,12974,Excise Duty,468.4
12975,12975,Customs Duty,178360.59
12976,12976,Customs Duty,605.4
12977,12977,Customs Duty,11819.95
12978,12978,VAT,1380.58
12979,12979,VAT,638.22
12980,12980,Import Duty,176.8
12981,12981,VAT,146249.63
12982,12982,Customs Duty,11792.16
12983,12983,Customs Duty,1631.21
12984,12984,Service Tax,28696.48
12985,12985,VAT,75204.42
12986,12986,Import Duty,24588.17
12987,12987,Customs Duty,415.3
12988,12988,VAT,285.48
12989,12989,VAT,2488.06
12990,12990,VAT,6817.48
12991,12991,Import Duty,1243.3
12992,12992,Customs Duty,170.64
12993,12993,Customs Duty,66728.62
12994,12994,Import Duty,27330.52
12995,12995,Customs Duty,271.76
12996,12996,Import Duty,122371.26
12997,12997,Customs Duty,208263.75
12998,12998,VAT,1026.08
12999,12999,VAT,1931.8
13000,13000,Customs Duty,628.5
13001,13001,Excise Duty,15609.62
13002,13002,VAT,885.31
13003,13003,Import Duty,281197.29
13004,13004,Excise Duty,4486.92
13005,13005,VAT,7347.97
13006,13006,Customs Duty,998.81
13007,13007,VAT,90.83
13008,13008,VAT,981.35
13009,13009,Import Duty,1197.16
13010,13010,Import Duty,20571.98
13011,13011,VAT,132.28
13012,13012,Service Tax,770.35
13013,13013,Customs Duty,545.41
13014,13014,Import Duty,98255.04
13015,13015,VAT,245.22
13016,13016,Customs Duty,67170.52
13017,13017,VAT,21104.76
13018,13018,Import Duty,6270.65
13019,13019,Excise Duty,130840.67
13020,13020,Import Duty,9239.59
13021,13021,Service Tax,4646.64
13022,13022,VAT,6077.03
13023,13023,Excise Duty,1084.44
13024,13024,Import Duty,2131.11
13025,13025,Import Duty,9235.7
13026,13026,Import Duty,46586.47
13027,13027,VAT,45309.17
13028,13028,VAT,1361.74
13029,13029,Import Duty,2568.16
13030,13030,VAT,278916.89
13031,13031,Import Duty,2512.26
13032,13032,VAT,1980.74
13033,13033,Import Duty,1098.62
13034,13034,Customs Duty,29343.5
13035,13035,Customs Duty,6943.24
13036,13036,Excise Duty,409.1
13037,13037,Export Duty,5920.56
13038,13038,Service Tax,9710.43
13039,13039,Export Duty,678.5
13040,13040,Service Tax,17.0
13041,13041,Customs Duty,4372.02
13042,13042,Service Tax,7438.67
13043,13043,Customs Duty,1517.15
13044,13044,VAT,838.73
13045,13045,VAT,140744.25
13046,13046,Customs Duty,597.72
13047,13047,VAT,27251.28
13048,13048,Customs Duty,807.61
13049,13049,VAT,21368.28
13050,13050,Service Tax,155.42
13051,13051,Service Tax,4604.85
13052,13052,Import Duty,5600.12
13053,13053,Export Duty,2728.62
13054,13054,Customs Duty,12221.8
13055,13055,Customs Duty,9838.41
13056,13056,Excise Duty,164698.89
13057,13057,Customs Duty,2659.2
13058,13058,Import Duty,9186.2
13059,13059,VAT,24194.49
13060,13060,Export Duty,7258.79
13061,13061,Customs Duty,21652.96
13062,13062,VAT,189748.12
13063,13063,VAT,120313.29
13064,13064,Import Duty,19461.85
13065,13065,VAT,86192.21
13066,13066,Excise Duty,8682.13
13067,13067,Service Tax,5217.24
13068,13068,Customs Duty,66428.94
13069,13069,Customs Duty,30887.69
13070,13070,Customs Duty,52007.19
13071,13071,Customs Duty,18143.18
13072,13072,Import Duty,214.19
13073,13073,Customs Duty,134.59
13074,13074,Import Duty,6254.83
13075,13075,Excise Duty,11999.37
13076,13076,Import Duty,1494.14
13077,13077,Export Duty,75287.43
13078,13078,VAT,2215.87
13079,13079,Customs Duty,2055.37
13080,13080,Customs Duty,6519.41
13081,13081,VAT,26217.43
13082,13082,Export Duty,19557.62
13083,13083,Customs Duty,258720.7
13084,13084,Customs Duty,1041.74
13085,13085,Customs Duty,103455.47
13086,13086,VAT,902.35
13087,13087,Import Duty,39544.66
13088,13088,Service Tax,290.09
13089,13089,Import Duty,273802.99
13090,13090,Import Duty,161361.76
13091,13091,Import Duty,1316.47
13092,13092,VAT,154971.74
13093,13093,VAT,112707.51
13094,13094,Import Duty,343.39
13095,13095,Customs Duty,5707.15
13096,13096,Customs Duty,2101.45
13097,13097,Customs Duty,166777.7
13098,13098,Import Duty,1929.51
13099,13099,VAT,2628.07
13100,13100,VAT,38281.3
13101,13101,Import Duty,2484.98
13102,13102,VAT,2098.98
13103,13103,Customs Duty,602.86
13104,13104,Customs Duty,7258.72
13105,13105,Export Duty,134.4
13106,13106,Customs Duty,499.15
13107,13107,Customs Duty,1859.77
13108,13108,Export Duty,24434.49
13109,13109,Export Duty,55029.22
13110,13110,Customs Duty,1546.77
13111,13111,Excise Duty,255.71
13112,13112,Customs Duty,303.03
13113,13113,Customs Duty,114374.78
13114,13114,Service Tax,98118.88
13115,13115,Customs Duty,234.8
13116,13116,Customs Duty,158659.63
13117,13117,Import Duty,285126.32
13118,13118,VAT,10996.77
13119,13119,Excise Duty,1776.15
13120,13120,VAT,511.49
13121,13121,Import Duty,744.51
13122,13122,Import Duty,4592.78
13123,13123,VAT,2814.36
13124,13124,Import Duty,42933.03
13125,13125,VAT,113711.17
13126,13126,Import Duty,1287.37
13127,13127,VAT,10224.29
13128,13128,Customs Duty,57697.16
13129,13129,Excise Duty,421.87
13130,13130,VAT,2830.39
13131,13131,Import Duty,1842.12
13132,13132,Customs Duty,4941.03
13133,13133,Import Duty,89552.22
13134,13134,Customs Duty,28495.3
13135,13135,Import Duty,101169.47
13136,13136,VAT,136465.15
13137,13137,Customs Duty,47614.05
13138,13138,Customs Duty,92936.08
13139,13139,Export Duty,633.2
13140,13140,VAT,356.75
13141,13141,Customs Duty,17264.32
13142,13142,Import Duty,105482.8
13143,13143,Export Duty,604.09
13144,13144,VAT,3694.03
13145,13145,VAT,6266.92
13146,13146,Import Duty,2133.46
13147,13147,Excise Duty,78.42
13148,13148,VAT,10924.02
13149,13149,VAT,34147.18
13150,13150,Customs Duty,8174.28
13151,13151,Export Duty,6977.07
13152,13152,Customs Duty,25495.7
13153,13153,VAT,29946.47
13154,13154,Customs Duty,17147.39
13155,13155,Export Duty,4598.62
13156,13156,VAT,90.73
13157,13157,Customs Duty,297.06
13158,13158,Excise Duty,81554.07
13159,13159,Import Duty,2398.58
13160,13160,VAT,33767.2
13161,13161,VAT,802.52
13162,13162,Import Duty,288.56
13163,13163,Export Duty,74618.59
13164,13164,Service Tax,47799.03
13165,13165,Import Duty,1271.27
13166,13166,Customs Duty,190831.42
13167,13167,VAT,1874.35
13168,13168,Export Duty,694.58
13169,13169,VAT,27583.92
13170,13170,Service Tax,56898.06
13171,13171,Customs Duty,75.91
13172,13172,VAT,21338.84
13173,13173,VAT,169766.69
13174,13174,Customs Duty,19647.49
13175,13175,VAT,238989.09
13176,13176,Service Tax,3366.51
13177,13177,Import Duty,666.67
13178,13178,VAT,217808.63
13179,13179,Customs Duty,5555.43
13180,13180,Customs Duty,3686.37
13181,13181,Import Duty,4034.89
13182,13182,Customs Duty,113.25
13183,13183,Service Tax,443.73
13184,13184,Export Duty,63948.52
13185,13185,Export Duty,115.93
13186,13186,Customs Duty,4189.04
13187,13187,Import Duty,148483.87
13188,13188,Import Duty,2002.1
13189,13189,VAT,2529.57
13190,13190,Import Duty,20162.41
13191,13191,VAT,9667.83
13192,13192,Service Tax,414.59
13193,13193,Customs Duty,75957.43
13194,13194,Import Duty,1122.51
13195,13195,VAT,136367.72
13196,13196,Import Duty,3453.61
13197,13197,Import Duty,1865.94
13198,13198,VAT,174393.59
13199,13199,Excise Duty,69.34
13200,13200,Customs Duty,3332.36
13201,13201,Customs Duty,67426.82
13202,13202,Customs Duty,16044.28
13203,13203,Import Duty,19100.71
13204,13204,Customs Duty,2295.89
13205,13205,Import Duty,739.45
13206,13206,Customs Duty,287866.75
13207,13207,Import Duty,44015.47
13208,13208,Excise Duty,1339.07
13209,13209,Import Duty,11305.27
13210,13210,Import Duty,185919.68
13211,13211,Export Duty,51213.72
13212,13212,Customs Duty,128399.3
13213,13213,VAT,8619.78
13214,13214,VAT,381881.97
13215,13215,Import Duty,1328.81
13216,13216,VAT,61.77
13217,13217,Customs Duty,9735.13
13218,13218,VAT,22652.89
13219,13219,Export Duty,13665.6
13220,13220,Customs Duty,18995.84
13221,13221,VAT,1828.61
13222,13222,Import Duty,14249.81
13223,13223,Import Duty,22318.7
13224,13224,Customs Duty,3558.31
13225,13225,Export Duty,548.24
13226,13226,Customs Duty,136.36
13227,13227,Customs Duty,73433.03
13228,13228,VAT,53202.85
13229,13229,Import Duty,39613.62
13230,13230,Service Tax,206.76
13231,13231,Excise Duty,2330.01
13232,13232,Import Duty,358603.43
13233,13233,Export Duty,11160.76
13234,13234,Customs Duty,4752.38
13235,13235,VAT,29017.93
13236,13236,VAT,90364.22
13237,13237,Customs Duty,146.48
13238,13238,Import Duty,3820.69
13239,13239,Customs Duty,148039.81
13240,13240,Export Duty,3618.07
13241,13241,VAT,624.44
13242,13242,Customs Duty,13772.47
13243,13243,Customs Duty,229.42
13244,13244,Import Duty,68292.66
13245,13245,VAT,67156.09
13246,13246,Import Duty,108649.24
13247,13247,Customs Duty,232885.96
13248,13248,Export Duty,5908.59
13249,13249,Export Duty,90681.56
13250,13250,Service Tax,5132.41
13251,13251,Excise Duty,15349.13
13252,13252,Customs Duty,18868.5
13253,13253,Export Duty,90.47
13254,13254,Import Duty,45463.75
13255,13255,Customs Duty,190.42
13256,13256,Service Tax,234.91
13257,13257,VAT,1988.39
13258,13258,Import Duty,41406.23
13259,13259,VAT,27702.44
13260,13260,VAT,4971.3
13261,13261,Service Tax,451.93
13262,13262,Import Duty,9996.89
13263,13263,Export Duty,41348.07
13264,13264,Import Duty,2561.3
13265,13265,Customs Duty,6032.82
13266,13266,Customs Duty,181242.82
13267,13267,Import Duty,80846.53
13268,13268,Customs Duty,478.78
13269,13269,Excise Duty,495.05
13270,13270,VAT,1714.9
13271,13271,Import Duty,221605.57
13272,13272,Import Duty,18410.42
13273,13273,Import Duty,18586.91
13274,13274,Customs Duty,1393.05
13275,13275,VAT,42110.94
13276,13276,Customs Duty,152.25
13277,13277,VAT,329.06
13278,13278,VAT,636.89
13279,13279,VAT,20719.44
13280,13280,Export Duty,120328.53
13281,13281,VAT,1312.22
13282,13282,Service Tax,6010.21
13283,13283,VAT,100971.14
13284,13284,Customs Duty,77504.59
13285,13285,Customs Duty,8906.26
13286,13286,Customs Duty,24391.65
13287,13287,VAT,100134.21
13288,13288,Customs Duty,67265.77
13289,13289,Customs Duty,186199.59
13290,13290,Customs Duty,930.7
13291,13291,Customs Duty,87425.33
13292,13292,Service Tax,90731.93
13293,13293,VAT,21659.41
13294,13294,Export Duty,6934.08
13295,13295,Import Duty,17150.52
13296,13296,Import Duty,440796.86
13297,13297,Customs Duty,170140.84
13298,13298,VAT,30838.07
13299,13299,Import Duty,23397.47
13300,13300,Service Tax,17.23
13301,13301,VAT,162899.31
13302,13302,Customs Duty,605.96
13303,13303,Customs Duty,132982.85
13304,13304,Customs Duty,235258.84
13305,13305,Customs Duty,95602.33
13306,13306,Excise Duty,18125.79
13307,13307,Customs Duty,17693.87
13308,13308,VAT,193.93
13309,13309,VAT,68058.45
13310,13310,Import Duty,84840.01
13311,13311,Import Duty,1079.68
13312,13312,Customs Duty,116390.53
13313,13313,Import Duty,342795.98
13314,13314,VAT,1286.53
13315,13315,VAT,52909.62
13316,13316,Customs Duty,1640.4
13317,13317,Import Duty,551.22
13318,13318,VAT,962.32
13319,13319,VAT,660.89
13320,13320,Customs Duty,19332.13
13321,13321,Import Duty,2556.59
13322,13322,Customs Duty,5542.33
13323,13323,Import Duty,406.89
13324,13324,Service Tax,3594.77
13325,13325,VAT,174.13
13326,13326,Customs Duty,69030.49
13327,13327,VAT,11217.18
13328,13328,Customs Duty,1745.25
13329,13329,VAT,46201.62
13330,13330,Import Duty,1577.33
13331,13331,VAT,10417.15
13332,13332,VAT,265581.52
13333,13333,Import Duty,287403.0
13334,13334,Import Duty,14174.18
13335,13335,Import Duty,4522.72
13336,13336,Customs Duty,120573.45
13337,13337,Excise Duty,756.57
13338,13338,Import Duty,36438.95
13339,13339,VAT,7494.36
13340,13340,Import Duty,17286.92
13341,13341,Customs Duty,7183.52
13342,13342,VAT,11639.32
13343,13343,Customs Duty,68425.77
13344,13344,Import Duty,39547.27
13345,13345,Excise Duty,173591.34
13346,13346,VAT,220244.61
13347,13347,VAT,609.92
13348,13348,Customs Duty,841.42
13349,13349,Export Duty,103.51
13350,13350,Export Duty,1042.35
13351,13351,VAT,2115.26
13352,13352,Import Duty,109294.98
13353,13353,Import Duty,6446.2
13354,13354,VAT,18934.72
13355,13355,Excise Duty,263.17
13356,13356,VAT,95664.54
13357,13357,VAT,3489.01
13358,13358,VAT,568.3
13359,13359,Export Duty,11310.23
13360,13360,VAT,216973.37
13361,13361,Export Duty,134.41
13362,13362,Import Duty,40676.21
13363,13363,Customs Duty,824.53
13364,13364,Customs Duty,564.64
13365,13365,Customs Duty,241.1
13366,13366,Import Duty,462.81
13367,13367,Export Duty,10988.38
13368,13368,Customs Duty,2148.97
13369,13369,VAT,18858.65
13370,13370,Excise Duty,64354.94
13371,13371,Export Duty,31809.78
13372,13372,Export Duty,11542.37
13373,13373,VAT,77859.36
13374,13374,Import Duty,4823.09
13375,13375,Customs Duty,1808.18
13376,13376,Customs Duty,1079.33
13377,13377,Customs Duty,93486.16
13378,13378,Excise Duty,60572.74
13379,13379,VAT,10644.95
13380,13380,Import Duty,426.24
13381,13381,Service Tax,3530.76
13382,13382,Import Duty,1108.31
13383,13383,Service Tax,30107.44
13384,13384,VAT,240.57
13385,13385,VAT,28480.95
13386,13386,Customs Duty,869.81
13387,13387,Import Duty,205.83
13388,13388,Customs Duty,50083.03
13389,13389,Customs Duty,65.52
13390,13390,Import Duty,345297.21
13391,13391,VAT,1328.17
13392,13392,Import Duty,4414.79
13393,13393,Excise Duty,219.19
13394,13394,Customs Duty,248.17
13395,13395,Import Duty,256345.15
13396,13396,Export Duty,519.6
13397,13397,Import Duty,914.35
13398,13398,VAT,100.33
13399,13399,Customs Duty,784.66
13400,13400,Customs Duty,768.08
13401,13401,Excise Duty,146766.14
13402,13402,Customs Duty,81626.21
13403,13403,VAT,1880.13
13404,13404,Excise Duty,4863.34
13405,13405,Import Duty,69608.77
13406,13406,VAT,18149.04
13407,13407,Export Duty,5870.8
13408,13408,Customs Duty,141786.73
13409,13409,Customs Duty,698.71
13410,13410,Export Duty,1028.83
13411,13411,Customs Duty,52608.24
13412,13412,Import Duty,116215.3
13413,13413,VAT,2009.17
13414,13414,Customs Duty,547.58
13415,13415,Customs Duty,12596.57
13416,13416,Export Duty,3788.55
13417,13417,Customs Duty,217.92
13418,13418,Customs Duty,246072.15
13419,13419,VAT,45273.45
13420,13420,Excise Duty,29415.23
13421,13421,VAT,128121.32
13422,13422,Import Duty,1512.03
13423,13423,VAT,626.28
13424,13424,VAT,2187.37
13425,13425,Customs Duty,2043.93
13426,13426,Import Duty,69340.05
13427,13427,Import Duty,12487.32
13428,13428,VAT,15491.72
13429,13429,VAT,1069.47
13430,13430,Customs Duty,4314.18
13431,13431,Customs Duty,2040.29
13432,13432,Customs Duty,515.87
13433,13433,VAT,138723.44
13434,13434,Export Duty,2579.61
13435,13435,Excise Duty,273.31
13436,13436,Customs Duty,8138.78
13437,13437,Customs Duty,1959.22
13438,13438,Import Duty,34078.52
13439,13439,Import Duty,15429.75
13440,13440,Excise Duty,8158.25
13441,13441,VAT,33895.65
13442,13442,Import Duty,2018.84
13443,13443,Service Tax,559.86
13444,13444,Customs Duty,1986.32
13445,13445,VAT,54864.3
13446,13446,Excise Duty,77.99
13447,13447,Import Duty,288432.61
13448,13448,Export Duty,7420.75
13449,13449,Excise Duty,223.86
13450,13450,Customs Duty,3659.89
13451,13451,Export Duty,41824.48
13452,13452,VAT,3207.77
13453,13453,Export Duty,38858.01
13454,13454,Customs Duty,15834.9
13455,13455,Excise Duty,1102.83
13456,13456,Service Tax,310.8
13457,13457,Customs Duty,721.7
13458,13458,Service Tax,4971.71
13459,13459,Customs Duty,268.39
13460,13460,Customs Duty,556.1
13461,13461,VAT,26668.28
13462,13462,Customs Duty,825.56
13463,13463,Customs Duty,686.32
13464,13464,VAT,184391.83
13465,13465,Service Tax,39526.44
13466,13466,Customs Duty,232149.87
13467,13467,Customs Duty,1390.7
13468,13468,Export Duty,115300.9
13469,13469,Export Duty,275.87
13470,13470,Customs Duty,6931.77
13471,13471,VAT,9934.55
13472,13472,Import Duty,8503.21
13473,13473,VAT,24752.71
13474,13474,VAT,36082.39
13475,13475,Export Duty,14556.85
13476,13476,Service Tax,825.41
13477,13477,Excise Duty,59759.68
13478,13478,Customs Duty,112271.19
13479,13479,VAT,128842.9
13480,13480,VAT,1067.66
13481,13481,Import Duty,75252.52
13482,13482,VAT,135743.5
13483,13483,VAT,17780.56
13484,13484,Customs Duty,95001.44
13485,13485,Import Duty,8625.87
13486,13486,VAT,4184.62
13487,13487,VAT,51383.33
13488,13488,Export Duty,6627.47
13489,13489,VAT,115834.65
13490,13490,VAT,482.69
13491,13491,Export Duty,10786.44
13492,13492,Import Duty,34881.72
13493,13493,Customs Duty,656.02
13494,13494,VAT,34535.61
13495,13495,VAT,912.9
13496,13496,Import Duty,1617.22
13497,13497,Excise Duty,9258.64
13498,13498,VAT,135307.44
13499,13499,VAT,1220.35
13500,13500,VAT,230501.99
13501,13501,Customs Duty,11434.34
13502,13502,Excise Duty,76418.27
13503,13503,Export Duty,42168.77
13504,13504,VAT,1402.97
13505,13505,Customs Duty,672.13
13506,13506,Import Duty,70300.87
13507,13507,Import Duty,741.66
13508,13508,Service Tax,17688.22
13509,13509,Import Duty,166045.99
13510,13510,Import Duty,424.83
13511,13511,Service Tax,119.93
13512,13512,VAT,3673.44
13513,13513,VAT,27036.62
13514,13514,Service Tax,38712.83
13515,13515,VAT,3328.29
13516,13516,Import Duty,80877.02
13517,13517,VAT,9655.26
13518,13518,VAT,65527.69
13519,13519,Customs Duty,53975.44
13520,13520,Customs Duty,55690.9
13521,13521,Excise Duty,51181.62
13522,13522,Import Duty,496.03
13523,13523,VAT,30260.75
13524,13524,VAT,137205.12
13525,13525,VAT,212480.14
13526,13526,VAT,1611.64
13527,13527,Customs Duty,13110.98
13528,13528,Import Duty,14387.66
13529,13529,Customs Duty,1328.36
13530,13530,VAT,1939.56
13531,13531,Customs Duty,4068.48
13532,13532,Import Duty,128.15
13533,13533,Service Tax,641.91
13534,13534,VAT,1962.03
13535,13535,Import Duty,2291.14
13536,13536,VAT,14375.66
13537,13537,Customs Duty,27117.9
13538,13538,Service Tax,41750.52
13539,13539,Customs Duty,6168.67
13540,13540,Import Duty,289646.81
13541,13541,Export Duty,5531.02
13542,13542,Excise Duty,10399.93
13543,13543,Service Tax,10917.27
13544,13544,Customs Duty,530.37
13545,13545,Customs Duty,105257.23
13546,13546,Import Duty,1554.73
13547,13547,Export Duty,406.96
13548,13548,Customs Duty,78289.59
13549,13549,VAT,786.68
13550,13550,Export Duty,239.46
13551,13551,Import Duty,322923.4
13552,13552,Customs Duty,20999.73
13553,13553,Export Duty,11849.51
13554,13554,Customs Duty,5361.87
13555,13555,Import Duty,6528.78
13556,13556,Import Duty,350347.03
13557,13557,VAT,471.09
13558,13558,VAT,597.37
13559,13559,VAT,1983.86
13560,13560,Excise Duty,1443.76
13561,13561,VAT,7830.14
13562,13562,VAT,520.21
13563,13563,Customs Duty,1407.79
13564,13564,Import Duty,29878.76
13565,13565,Import Duty,330.42
13566,13566,Import Duty,10678.01
13567,13567,Export Duty,4202.2
13568,13568,Service Tax,628.9
13569,13569,Import Duty,206784.97
13570,13570,Customs Duty,124875.63
13571,13571,VAT,70197.54
13572,13572,VAT,3638.82
13573,13573,VAT,796.9
13574,13574,Excise Duty,65851.64
13575,13575,Export Duty,47975.07
13576,13576,Customs Duty,4254.01
13577,13577,Customs Duty,60831.59
13578,13578,VAT,46318.39
13579,13579,Import Duty,10764.8
13580,13580,Customs Duty,1745.47
13581,13581,Customs Duty,21415.51
13582,13582,VAT,50157.26
13583,13583,Export Duty,577.65
13584,13584,VAT,2811.79
13585,13585,Service Tax,37.13
13586,13586,VAT,2529.1
13587,13587,Export Duty,10286.76
13588,13588,VAT,60784.16
13589,13589,Customs Duty,6290.92
13590,13590,VAT,24753.8
13591,13591,VAT,9644.8
13592,13592,Import Duty,1827.97
13593,13593,Customs Duty,23464.28
13594,13594,Customs Duty,122788.5
13595,13595,Customs Duty,1480.32
13596,13596,VAT,53384.13
13597,13597,Export Duty,183.02
13598,13598,VAT,51736.89
13599,13599,Excise Duty,93.6
13600,13600,Export Duty,586.77
13601,13601,Export Duty,134473.82
13602,13602,Import Duty,19905.76
13603,13603,Customs Duty,10680.2
13604,13604,Export Duty,27002.68
13605,13605,Customs Duty,12631.55
13606,13606,Customs Duty,532.33
13607,13607,Excise Duty,8998.47
13608,13608,VAT,26177.08
13609,13609,Import Duty,9128.59
13610,13610,Import Duty,50586.41
13611,13611,Excise Duty,1428.99
13612,13612,Import Duty,9495.7
13613,13613,Customs Duty,5611.42
13614,13614,Export Duty,11062.54
13615,13615,Service Tax,2128.61
13616,13616,Customs Duty,120323.76
13617,13617,VAT,562.14
13618,13618,Import Duty,37163.86
13619,13619,VAT,2050.34
13620,13620,Import Duty,2639.2
13621,13621,Customs Duty,99312.38
13622,13622,VAT,13782.92
13623,13623,Excise Duty,33916.82
13624,13624,Export Duty,41500.66
13625,13625,VAT,32167.0
13626,13626,VAT,56148.21
13627,13627,Customs Duty,73192.8
13628,13628,Customs Duty,4906.93
13629,13629,Service Tax,437.63
13630,13630,Customs Duty,2603.57
13631,13631,Customs Duty,9985.88
13632,13632,Import Duty,46.28
13633,13633,Customs Duty,9389.32
13634,13634,Import Duty,60043.53
13635,13635,Customs Duty,4703.21
13636,13636,Import Duty,74629.69
13637,13637,Customs Duty,79294.94
13638,13638,VAT,458.61
13639,13639,Service Tax,17950.37
13640,13640,Service Tax,1622.33
13641,13641,VAT,14250.59
13642,13642,Customs Duty,53032.91
13643,13643,Service Tax,4688.59
13644,13644,Customs Duty,4403.8
13645,13645,Excise Duty,127611.15
13646,13646,Customs Duty,11516.53
13647,13647,Customs Duty,588.96
13648,13648,Customs Duty,21199.98
13649,13649,Customs Duty,6278.25
13650,13650,Export Duty,5413.32
13651,13651,Customs Duty,109865.63
13652,13652,VAT,54587.07
13653,13653,Service Tax,474.32
13654,13654,Service Tax,265.55
13655,13655,Customs Duty,36749.87
13656,13656,Export Duty,56265.44
13657,13657,Customs Duty,68139.43
13658,13658,Export Duty,89688.45
13659,13659,VAT,196183.03
13660,13660,Export Duty,282.45
13661,13661,Import Duty,3671.79
13662,13662,Service Tax,3167.45
13663,13663,Customs Duty,13261.67
13664,13664,Import Duty,327.2
13665,13665,Customs Duty,16645.4
13666,13666,Customs Duty,145339.39
13667,13667,Customs Duty,10027.65
13668,13668,Excise Duty,370.87
13669,13669,VAT,2845.02
13670,13670,Import Duty,1439.91
13671,13671,Export Duty,639.37
13672,13672,Excise Duty,97721.07
13673,13673,Customs Duty,20925.6
13674,13674,Customs Duty,109028.36
13675,13675,Export Duty,99302.44
13676,13676,Import Duty,102630.22
13677,13677,Service Tax,1671.11
13678,13678,Excise Duty,94023.14
13679,13679,Excise Duty,171440.59
13680,13680,Import Duty,86314.03
13681,13681,Excise Duty,10861.02
13682,13682,Import Duty,31255.71
13683,13683,VAT,22184.14
13684,13684,VAT,17074.61
13685,13685,VAT,479.43
13686,13686,VAT,215791.27
13687,13687,VAT,809.05
13688,13688,Customs Duty,17855.32
13689,13689,Customs Duty,11624.28
13690,13690,VAT,46519.16
13691,13691,VAT,2875.84
13692,13692,Import Duty,55941.84
13693,13693,Customs Duty,10930.52
13694,13694,Excise Duty,5855.17
13695,13695,Customs Duty,3690.26
13696,13696,Service Tax,5597.71
13697,13697,Export Duty,273.73
13698,13698,Import Duty,323446.14
13699,13699,Import Duty,4046.72
13700,13700,Service Tax,68793.51
13701,13701,Import Duty,125.65
13702,13702,Customs Duty,15895.72
13703,13703,Excise Duty,73894.93
13704,13704,Export Duty,38000.34
13705,13705,Import Duty,2436.14
13706,13706,Customs Duty,44352.69
13707,13707,VAT,10538.26
13708,13708,Import Duty,1542.78
13709,13709,VAT,22935.76
13710,13710,Excise Duty,3040.88
13711,13711,VAT,113.04
13712,13712,Customs Duty,33892.76
13713,13713,VAT,7999.6
13714,13714,VAT,1645.66
13715,13715,Service Tax,3911.41
13716,13716,VAT,2859.65
13717,13717,VAT,30127.81
13718,13718,Import Duty,1457.93
13719,13719,Customs Duty,414.62
13720,13720,Customs Duty,1192.22
13721,13721,Service Tax,305.44
13722,13722,Customs Duty,135730.98
13723,13723,Customs Duty,144316.0
13724,13724,VAT,43862.83
13725,13725,Customs Duty,217.48
13726,13726,Customs Duty,55241.77
13727,13727,VAT,155544.51
13728,13728,Export Duty,3707.85
13729,13729,VAT,2908.22
13730,13730,VAT,49639.07
13731,13731,Customs Duty,157.25
13732,13732,VAT,7977.62
13733,13733,Customs Duty,7271.42
13734,13734,Export Duty,21187.78
13735,13735,Excise Duty,3946.1
13736,13736,Customs Duty,37079.35
13737,13737,Excise Duty,185582.11
13738,13738,Service Tax,7307.16
13739,13739,VAT,346.81
13740,13740,Customs Duty,234620.57
13741,13741,Service Tax,458.68
13742,13742,Import Duty,7834.97
13743,13743,Export Duty,52245.85
13744,13744,VAT,100879.89
13745,13745,Export Duty,7816.61
13746,13746,Excise Duty,45407.35
13747,13747,Import Duty,134.01
13748,13748,VAT,8443.19
13749,13749,VAT,53558.55
13750,13750,VAT,1494.57
13751,13751,VAT,2636.66
13752,13752,Customs Duty,9819.27
13753,13753,Import Duty,11164.17
13754,13754,Customs Duty,1330.81
13755,13755,VAT,230203.43
13756,13756,VAT,818.56
13757,13757,VAT,161762.91
13758,13758,Import Duty,84180.28
13759,13759,Import Duty,1325.15
13760,13760,Import Duty,1616.17
13761,13761,VAT,29940.6
13762,13762,Export Duty,3045.9
13763,13763,VAT,5180.92
13764,13764,Customs Duty,8489.42
13765,13765,Export Duty,8636.64
13766,13766,Service Tax,27168.99
13767,13767,Import Duty,577.98
13768,13768,Import Duty,822.24
13769,13769,Customs Duty,4553.74
13770,13770,Customs Duty,71201.94
13771,13771,Excise Duty,1105.25
13772,13772,Export Duty,61.05
13773,13773,Customs Duty,67726.64
13774,13774,VAT,3510.4
13775,13775,Export Duty,6909.79
13776,13776,Export Duty,2907.09
13777,13777,Customs Duty,1547.89
13778,13778,Import Duty,4888.56
13779,13779,Export Duty,38903.68
13780,13780,Customs Duty,22801.85
13781,13781,Export Duty,92834.4
13782,13782,Customs Duty,1200.31
13783,13783,Import Duty,136733.91
13784,13784,Import Duty,30611.82
13785,13785,Customs Duty,435.09
13786,13786,Import Duty,138292.36
13787,13787,VAT,137.53
13788,13788,Customs Duty,3948.09
13789,13789,VAT,1262.98
13790,13790,Customs Duty,694.53
13791,13791,VAT,2900.29
13792,13792,Export Duty,837.36
13793,13793,Customs Duty,1641.79
13794,13794,Export Duty,1863.5
13795,13795,Customs Duty,5367.52
13796,13796,VAT,19211.98
13797,13797,Service Tax,15448.19
13798,13798,VAT,7311.75
13799,13799,Customs Duty,44560.84
13800,13800,VAT,5462.73
13801,13801,Customs Duty,121.09
13802,13802,Customs Duty,1715.93
13803,13803,Customs Duty,9423.0
13804,13804,Import Duty,28381.28
13805,13805,Import Duty,1918.54
13806,13806,VAT,30955.67
13807,13807,Export Duty,22.05
13808,13808,Export Duty,8873.9
13809,13809,Import Duty,389824.72
13810,13810,VAT,161999.02
13811,13811,VAT,277534.35
13812,13812,Customs Duty,3127.29
13813,13813,Customs Duty,395.22
13814,13814,Service Tax,340.72
13815,13815,Customs Duty,16368.95
13816,13816,Customs Duty,1579.26
13817,13817,Import Duty,49907.8
13818,13818,Customs Duty,26557.26
13819,13819,Import Duty,333540.83
13820,13820,Export Duty,39197.64
13821,13821,Customs Duty,62947.21
13822,13822,VAT,1484.29
13823,13823,Import Duty,12987.06
13824,13824,Export Duty,544.97
13825,13825,VAT,1240.8
13826,13826,Excise Duty,5247.72
13827,13827,Import Duty,446.68
13828,13828,Customs Duty,245390.12
13829,13829,Import Duty,34896.16
13830,13830,Import Duty,209489.91
13831,13831,Customs Duty,11504.2
13832,13832,Import Duty,50300.92
13833,13833,Export Duty,14390.31
13834,13834,Service Tax,38.34
13835,13835,Customs Duty,187862.39
13836,13836,Export Duty,1958.41
13837,13837,Customs Duty,7435.38
13838,13838,Service Tax,44908.25
13839,13839,Excise Duty,3208.06
13840,13840,Excise Duty,1261.32
13841,13841,Import Duty,5194.9
13842,13842,Export Duty,202.67
13843,13843,Import Duty,92242.9
13844,13844,VAT,84222.08
13845,13845,Customs Duty,20762.88
13846,13846,Import Duty,95842.22
13847,13847,VAT,3623.66
13848,13848,Import Duty,1507.77
13849,13849,Customs Duty,117383.32
13850,13850,Export Duty,580.9
13851,13851,Excise Duty,390.98
13852,13852,Service Tax,44846.22
13853,13853,Customs Duty,5036.33
13854,13854,VAT,38179.99
13855,13855,Customs Duty,1516.62
13856,13856,Import Duty,123400.78
13857,13857,Export Duty,5178.48
13858,13858,Customs Duty,22878.98
13859,13859,VAT,654.55
13860,13860,Customs Duty,6478.02
13861,13861,VAT,22528.93
13862,13862,Export Duty,38.68
13863,13863,Import Duty,373693.88
13864,13864,Customs Duty,272.48
13865,13865,Service Tax,374.18
13866,13866,Export Duty,11221.43
13867,13867,Customs Duty,669.79
13868,13868,Import Duty,64745.86
13869,13869,VAT,18503.92
13870,13870,Customs Duty,1084.67
13871,13871,VAT,98635.31
13872,13872,VAT,18732.07
13873,13873,VAT,839.45
13874,13874,Export Duty,139388.52
13875,13875,Export Duty,63.97
13876,13876,Export Duty,222.1
13877,13877,Customs Duty,159.72
13878,13878,VAT,66522.43
13879,13879,Import Duty,67144.17
13880,13880,Customs Duty,969.44
13881,13881,Export Duty,233.4
13882,13882,Customs Duty,21724.95
13883,13883,VAT,17123.94
13884,13884,Import Duty,4773.79
13885,13885,Service Tax,2533.76
13886,13886,Customs Duty,10547.27
13887,13887,Customs Duty,10001.79
13888,13888,Customs Duty,365.65
13889,13889,Customs Duty,829.62
13890,13890,VAT,271.7
13891,13891,Excise Duty,62782.82
13892,13892,VAT,37401.12
13893,13893,VAT,1464.18
13894,13894,Import Duty,181582.93
13895,13895,Customs Duty,8119.18
13896,13896,Excise Duty,251.84
13897,13897,Export Duty,94.63
13898,13898,Customs Duty,3034.16
13899,13899,Export Duty,3270.32
13900,13900,Excise Duty,5948.35
13901,13901,Export Duty,44030.22
13902,13902,Customs Duty,296.63
13903,13903,VAT,62110.66
13904,13904,Customs Duty,87287.03
13905,13905,VAT,41012.34
13906,13906,VAT,182024.64
13907,13907,VAT,624.88
13908,13908,Customs Duty,103306.57
13909,13909,Customs Duty,3140.96
13910,13910,VAT,6845.32
13911,13911,Service Tax,206.62
13912,13912,VAT,114124.95
13913,13913,Service Tax,503.06
13914,13914,Customs Duty,8581.83
13915,13915,Export Duty,6830.06
13916,13916,Customs Duty,100229.88
13917,13917,Import Duty,1756.73
13918,13918,Import Duty,4740.06
13919,13919,Import Duty,22472.65
13920,13920,Import Duty,943.21
13921,13921,VAT,2141.03
13922,13922,Import Duty,38703.2
13923,13923,Export Duty,3884.34
13924,13924,Excise Duty,466.1
13925,13925,Import Duty,40205.84
13926,13926,Customs Duty,498.2
13927,13927,VAT,11304.76
13928,13928,Excise Duty,59187.54
13929,13929,Export Duty,518.37
13930,13930,VAT,858.02
13931,13931,Customs Duty,223.93
13932,13932,VAT,288.91
13933,13933,Export Duty,316.46
13934,13934,Service Tax,6375.64
13935,13935,Customs Duty,73377.69
13936,13936,Customs Duty,17378.35
13937,13937,Import Duty,10715.52
13938,13938,Import Duty,11529.0
13939,13939,Import Duty,29872.8
13940,13940,Customs Duty,2827.05
13941,13941,Customs Duty,5933.72
13942,13942,Import Duty,28406.54
13943,13943,Customs Duty,275154.52
13944,13944,Export Duty,104241.44
13945,13945,VAT,123552.62
13946,13946,Customs Duty,281.03
13947,13947,VAT,7042.97
13948,13948,Customs Duty,5764.38
13949,13949,Export Duty,24150.0
13950,13950,Import Duty,340191.0
13951,13951,Import Duty,588.76
13952,13952,Import Duty,1139.44
13953,13953,VAT,74311.03
13954,13954,Customs Duty,848.79
13955,13955,VAT,335200.16
13956,13956,Customs Duty,377.11
13957,13957,Excise Duty,158102.74
13958,13958,VAT,34729.33
13959,13959,Import Duty,205632.22
13960,13960,Import Duty,3081.87
13961,13961,Export Duty,1619.34
13962,13962,Customs Duty,522.24
13963,13963,Service Tax,169.27
13964,13964,Export Duty,13055.18
13965,13965,VAT,92508.47
13966,13966,Service Tax,429.68
13967,13967,Customs Duty,1230.75
13968,13968,Customs Duty,26341.17
13969,13969,VAT,1184.16
13970,13970,Service Tax,38210.0
13971,13971,VAT,129698.11
13972,13972,VAT,1014.3
13973,13973,Export Duty,1003.69
13974,13974,Customs Duty,138136.61
13975,13975,Customs Duty,696.92
13976,13976,VAT,32011.64
13977,13977,Customs Duty,5588.86
13978,13978,VAT,34145.99
13979,13979,Customs Duty,40741.53
13980,13980,Customs Duty,2827.06
13981,13981,Customs Duty,196379.28
13982,13982,VAT,1777.18
13983,13983,Excise Duty,10959.52
13984,13984,Service Tax,1778.69
13985,13985,VAT,1482.9
13986,13986,Customs Duty,1097.88
13987,13987,VAT,69464.43
13988,13988,Excise Duty,20255.6
13989,13989,Customs Duty,39477.19
13990,13990,Import Duty,38739.87
13991,13991,VAT,1711.12
13992,13992,Import Duty,8544.3
13993,13993,Export Duty,241.41
13994,13994,VAT,1177.31
13995,13995,VAT,43574.53
13996,13996,Import Duty,234395.41
13997,13997,Customs Duty,94476.52
13998,13998,VAT,70917.5
13999,13999,Import Duty,16499.1
14000,14000,Import Duty,62731.99
14001,14001,Customs Duty,10201.41
14002,14002,Import Duty,619.28
14003,14003,Customs Duty,23855.72
14004,14004,Import Duty,195001.6
14005,14005,Customs Duty,4370.99
14006,14006,VAT,147981.67
14007,14007,VAT,67151.16
14008,14008,VAT,230155.0
14009,14009,Customs Duty,18952.42
14010,14010,Service Tax,434.68
14011,14011,VAT,2229.1
14012,14012,Customs Duty,95850.57
14013,14013,Customs Duty,1708.44
14014,14014,VAT,1575.67
14015,14015,Customs Duty,107490.0
14016,14016,Import Duty,72606.22
14017,14017,Import Duty,946.97
14018,14018,Import Duty,13248.31
14019,14019,Customs Duty,26233.47
14020,14020,Customs Duty,90756.72
14021,14021,Service Tax,697.73
14022,14022,Customs Duty,114499.09
14023,14023,VAT,24522.86
14024,14024,Import Duty,59751.6
14025,14025,Import Duty,9765.27
14026,14026,Customs Duty,22858.42
14027,14027,Export Duty,58674.75
14028,14028,VAT,8691.02
14029,14029,Import Duty,298304.36
14030,14030,Import Duty,241326.61
14031,14031,VAT,67228.3
14032,14032,Customs Duty,98768.37
14033,14033,VAT,9672.28
14034,14034,Export Duty,106627.76
14035,14035,Excise Duty,5071.12
14036,14036,Export Duty,3668.45
14037,14037,VAT,394.42
14038,14038,Customs Duty,8316.33
14039,14039,Customs Duty,588.13
14040,14040,Customs Duty,661.08
14041,14041,Export Duty,1265.02
14042,14042,Customs Duty,120869.23
14043,14043,Customs Duty,4232.32
14044,14044,Customs Duty,9736.07
14045,14045,Excise Duty,466.13
14046,14046,Customs Duty,178313.96
14047,14047,Excise Duty,41959.66
14048,14048,Import Duty,7709.59
14049,14049,Service Tax,190.11
14050,14050,VAT,2195.64
14051,14051,Excise Duty,436.03
14052,14052,Import Duty,36827.81
14053,14053,Export Duty,113345.77
14054,14054,VAT,4772.7
14055,14055,VAT,18861.21
14056,14056,Customs Duty,10057.87
14057,14057,Import Duty,1887.61
14058,14058,Import Duty,209.19
14059,14059,VAT,11941.54
14060,14060,VAT,117479.05
14061,14061,Import Duty,16221.26
14062,14062,Service Tax,3503.26
14063,14063,VAT,6787.42
14064,14064,Import Duty,646.0
14065,14065,Import Duty,409851.04
14066,14066,Customs Duty,1637.82
14067,14067,Import Duty,31218.32
14068,14068,VAT,16731.23
14069,14069,VAT,10300.32
14070,14070,VAT,153164.9
14071,14071,VAT,10917.32
14072,14072,VAT,17210.77
14073,14073,VAT,22613.07
14074,14074,Export Duty,6431.04
14075,14075,VAT,58294.65
14076,14076,Customs Duty,278.93
14077,14077,Excise Duty,106948.65
14078,14078,Export Duty,269.75
14079,14079,Export Duty,1276.17
14080,14080,Import Duty,4274.77
14081,14081,Export Duty,160.08
14082,14082,Customs Duty,30.02
14083,14083,Service Tax,422.6
14084,14084,Excise Duty,437.42
14085,14085,VAT,164423.26
14086,14086,Import Duty,41989.07
14087,14087,Import Duty,247418.4
14088,14088,Service Tax,22968.76
14089,14089,Customs Duty,1752.01
14090,14090,Customs Duty,183.81
14091,14091,Import Duty,502.11
14092,14092,VAT,27647.33
14093,14093,Excise Duty,2921.43
14094,14094,Service Tax,39391.13
14095,14095,VAT,116141.66
14096,14096,Customs Duty,7544.67
14097,14097,Import Duty,2701.14
14098,14098,Excise Duty,281.82
14099,14099,Customs Duty,1644.66
14100,14100,Customs Duty,120.72
14101,14101,Import Duty,125564.39
14102,14102,Customs Duty,151861.29
14103,14103,Customs Duty,1510.83
14104,14104,Customs Duty,375.53
14105,14105,VAT,17653.62
14106,14106,Export Duty,92290.09
14107,14107,Import Duty,1107.53
14108,14108,Customs Duty,1440.66
14109,14109,Service Tax,209.99
14110,14110,Import Duty,1072.27
14111,14111,VAT,159265.0
14112,14112,VAT,429.13
14113,14113,Export Duty,1093.23
14114,14114,VAT,199924.65
14115,14115,Customs Duty,9318.93
14116,14116,Import Duty,10188.28
14117,14117,Customs Duty,63382.29
14118,14118,Customs Duty,65649.21
14119,14119,VAT,301931.94
14120,14120,Export Duty,184.31
14121,14121,VAT,50880.6
14122,14122,Customs Duty,20763.86
14123,14123,Excise Duty,437.12
14124,14124,Import Duty,1559.77
14125,14125,VAT,234802.23
14126,14126,VAT,11285.13
14127,14127,Import Duty,2826.36
14128,14128,VAT,161262.61
14129,14129,Export Duty,6765.37
14130,14130,Import Duty,820.14
14131,14131,VAT,2524.01
14132,14132,Import Duty,103956.97
14133,14133,Customs Duty,115407.83
14134,14134,Customs Duty,111.92
14135,14135,Import Duty,1538.57
14136,14136,Excise Duty,90747.44
14137,14137,Customs Duty,2341.21
14138,14138,Import Duty,1367.77
14139,14139,Excise Duty,6075.6
14140,14140,Export Duty,569.62
14141,14141,VAT,211.72
14142,14142,Customs Duty,416.17
14143,14143,Service Tax,7453.57
14144,14144,Customs Duty,1925.56
14145,14145,Export Duty,4283.31
14146,14146,Customs Duty,1425.03
14147,14147,Import Duty,2089.76
14148,14148,Customs Duty,109.96
14149,14149,Excise Duty,13967.56
14150,14150,Customs Duty,371.14
14151,14151,VAT,12511.99
14152,14152,Import Duty,270540.02
14153,14153,Customs Duty,13321.65
14154,14154,Export Duty,873.54
14155,14155,Customs Duty,18781.95
14156,14156,Customs Duty,183134.75
14157,14157,Customs Duty,12393.07
14158,14158,Service Tax,168.35
14159,14159,Customs Duty,2761.0
14160,14160,VAT,15400.1
14161,14161,Customs Duty,43436.39
14162,14162,Customs Duty,19081.93
14163,14163,Export Duty,336.91
14164,14164,Customs Duty,6406.04
14165,14165,Customs Duty,10423.27
14166,14166,VAT,2026.54
14167,14167,Excise Duty,15146.42
14168,14168,VAT,3077.9
14169,14169,Import Duty,9333.98
14170,14170,Import Duty,274048.63
14171,14171,Import Duty,38873.48
14172,14172,Customs Duty,475.11
14173,14173,Customs Duty,12775.26
14174,14174,Import Duty,35803.04
14175,14175,Excise Duty,845.44
14176,14176,Customs Duty,1203.15
14177,14177,Service Tax,852.29
14178,14178,Import Duty,8020.53
14179,14179,Import Duty,58313.42
14180,14180,Customs Duty,2048.58
14181,14181,Customs Duty,14414.93
14182,14182,Import Duty,664.03
14183,14183,Service Tax,247.05
14184,14184,Customs Duty,14645.85
14185,14185,VAT,35840.18
14186,14186,Export Duty,210.71
14187,14187,Export Duty,86.7
14188,14188,Service Tax,730.24
14189,14189,Export Duty,719.58
14190,14190,Export Duty,198.8
14191,14191,Customs Duty,16000.96
14192,14192,VAT,33279.65
14193,14193,Export Duty,538.18
14194,14194,Excise Duty,8290.65
14195,14195,Import Duty,439.53
14196,14196,VAT,15409.63
14197,14197,Export Duty,678.9
14198,14198,VAT,4767.49
14199,14199,Export Duty,5981.09
14200,14200,Excise Duty,76933.55
14201,14201,VAT,88637.32
14202,14202,Customs Duty,25811.95
14203,14203,VAT,80482.53
14204,14204,Customs Duty,168050.08
14205,14205,Customs Duty,892.42
14206,14206,Customs Duty,1716.27
14207,14207,Import Duty,6798.45
14208,14208,Excise Duty,8622.1
14209,14209,Customs Duty,127.28
14210,14210,Service Tax,1012.94
14211,14211,Customs Duty,104983.86
14212,14212,VAT,23377.99
14213,14213,Customs Duty,1199.66
14214,14214,VAT,36057.6
14215,14215,Customs Duty,103671.68
14216,14216,VAT,61074.28
14217,14217,Import Duty,7047.22
14218,14218,Export Duty,308.88
14219,14219,VAT,209481.68
14220,14220,VAT,645.33
14221,14221,Customs Duty,5515.24
14222,14222,Import Duty,118460.34
14223,14223,Customs Duty,6580.37
14224,14224,Import Duty,62680.86
14225,14225,Service Tax,37700.05
14226,14226,Customs Duty,14666.26
14227,14227,Customs Duty,4962.85
14228,14228,Export Duty,25774.0
14229,14229,Customs Duty,592.97
14230,14230,VAT,922.11
14231,14231,Import Duty,7250.45
14232,14232,VAT,130904.81
14233,14233,Excise Duty,11111.8
14234,14234,Export Duty,1056.2
14235,14235,Customs Duty,33044.05
14236,14236,Customs Duty,68361.1
14237,14237,Import Duty,280949.75
14238,14238,VAT,1168.14
14239,14239,Customs Duty,304.6
14240,14240,Import Duty,146612.93
14241,14241,VAT,28829.21
14242,14242,Customs Duty,38780.3
14243,14243,Customs Duty,96132.79
14244,14244,Customs Duty,85901.87
14245,14245,VAT,137645.91
14246,14246,VAT,301992.71
14247,14247,VAT,693.41
14248,14248,Customs Duty,83417.96
14249,14249,Customs Duty,1037.43
14250,14250,Customs Duty,389.53
14251,14251,Import Duty,7009.24
14252,14252,VAT,1259.56
14253,14253,Import Duty,2596.8
14254,14254,Customs Duty,74737.9
14255,14255,VAT,9434.36
14256,14256,Import Duty,1275.43
14257,14257,Import Duty,6830.19
14258,14258,Customs Duty,133679.23
14259,14259,VAT,193656.43
14260,14260,VAT,426.93
14261,14261,Import Duty,145721.67
14262,14262,Customs Duty,25173.19
14263,14263,VAT,83100.53
14264,14264,Customs Duty,753.49
14265,14265,Import Duty,12731.75
14266,14266,Import Duty,1516.32
14267,14267,VAT,605.08
14268,14268,Customs Duty,158276.83
14269,14269,Customs Duty,56143.22
14270,14270,VAT,3540.61
14271,14271,VAT,3515.41
14272,14272,Export Duty,17790.15
14273,14273,Excise Duty,1048.85
14274,14274,VAT,1380.37
14275,14275,Service Tax,40038.81
14276,14276,Customs Duty,939.72
14277,14277,Customs Duty,5408.52
14278,14278,Customs Duty,2002.57
14279,14279,Import Duty,1382.55
14280,14280,Customs Duty,5176.83
14281,14281,Excise Duty,139465.71
14282,14282,Excise Duty,12042.21
14283,14283,Export Duty,296.23
14284,14284,VAT,33843.47
14285,14285,VAT,797.83
14286,14286,Excise Duty,49029.76
14287,14287,VAT,4203.45
14288,14288,Customs Duty,120084.14
14289,14289,VAT,228894.77
14290,14290,VAT,4409.22
14291,14291,VAT,515.39
14292,14292,Customs Duty,633.6
14293,14293,VAT,338.38
14294,14294,Service Tax,60400.51
14295,14295,Export Duty,115492.48
14296,14296,Excise Duty,236.13
14297,14297,Excise Duty,275.64
14298,14298,Customs Duty,178284.89
14299,14299,Export Duty,727.24
14300,14300,Customs Duty,37024.03
14301,14301,Customs Duty,140.62
14302,14302,Export Duty,180.44
14303,14303,Export Duty,43104.16
14304,14304,Import Duty,75261.91
14305,14305,Service Tax,126.95
14306,14306,VAT,10415.26
14307,14307,Customs Duty,12412.8
14308,14308,Import Duty,75476.78
14309,14309,Import Duty,54310.21
14310,14310,Customs Duty,296449.77
14311,14311,Customs Duty,4627.54
14312,14312,Customs Duty,10244.98
14313,14313,Customs Duty,4845.73
14314,14314,Service Tax,618.48
14315,14315,Customs Duty,139209.19
14316,14316,Export Duty,99.97
14317,14317,Import Duty,245823.17
14318,14318,VAT,18636.06
14319,14319,VAT,77278.06
14320,14320,Import Duty,23415.03
14321,14321,Import Duty,383.66
14322,14322,Import Duty,23924.67
14323,14323,Import Duty,1212.5
14324,14324,Customs Duty,811.26
14325,14325,Customs Duty,58912.15
14326,14326,VAT,1149.22
14327,14327,Customs Duty,28448.85
14328,14328,Customs Duty,208857.31
14329,14329,Customs Duty,2251.96
14330,14330,Import Duty,4116.87
14331,14331,Customs Duty,3695.83
14332,14332,Customs Duty,250796.22
14333,14333,Excise Duty,1084.7
14334,14334,Excise Duty,254.15
14335,14335,Customs Duty,1079.63
14336,14336,Service Tax,1227.67
14337,14337,Customs Duty,143.32
14338,14338,Service Tax,241.75
14339,14339,Import Duty,13244.86
14340,14340,Customs Duty,273.68
14341,14341,Customs Duty,57771.66
14342,14342,VAT,16912.99
14343,14343,Import Duty,290.99
14344,14344,VAT,14055.02
14345,14345,Customs Duty,902.94
14346,14346,Customs Duty,20687.25
14347,14347,Import Duty,1606.99
14348,14348,Customs Duty,9564.78
14349,14349,Import Duty,13345.85
14350,14350,VAT,22287.38
14351,14351,Excise Duty,25264.72
14352,14352,VAT,1312.91
14353,14353,Customs Duty,131059.34
14354,14354,VAT,96651.72
14355,14355,VAT,21467.77
14356,14356,Customs Duty,733.24
14357,14357,Excise Duty,4446.78
14358,14358,Customs Duty,102000.16
14359,14359,Excise Duty,9655.13
14360,14360,Import Duty,166160.95
14361,14361,Import Duty,12666.22
14362,14362,Service Tax,66417.43
14363,14363,Export Duty,24825.92
14364,14364,Excise Duty,65771.51
14365,14365,VAT,53950.2
14366,14366,Import Duty,1112.09
14367,14367,Service Tax,2143.88
14368,14368,Service Tax,796.94
14369,14369,Import Duty,3693.81
14370,14370,VAT,262578.98
14371,14371,VAT,34597.55
14372,14372,VAT,9773.79
14373,14373,Customs Duty,1742.28
14374,14374,Customs Duty,1692.31
14375,14375,Customs Duty,4375.48
14376,14376,Import Duty,179827.63
14377,14377,VAT,225035.64
14378,14378,VAT,153.66
14379,14379,VAT,1038.06
14380,14380,Import Duty,1096.84
14381,14381,VAT,18172.95
14382,14382,Customs Duty,83864.06
14383,14383,Import Duty,17001.85
14384,14384,Customs Duty,111667.47
14385,14385,Customs Duty,4808.05
14386,14386,Customs Duty,6802.45
14387,14387,VAT,110257.07
14388,14388,VAT,81412.35
14389,14389,VAT,6621.58
14390,14390,Export Duty,659.33
14391,14391,Customs Duty,4264.46
14392,14392,Excise Duty,11807.56
14393,14393,Customs Duty,52237.91
14394,14394,Customs Duty,651.15
14395,14395,VAT,99929.57
14396,14396,Customs Duty,270.44
14397,14397,Import Duty,9703.0
14398,14398,Customs Duty,19125.33
14399,14399,Import Duty,3766.23
14400,14400,VAT,17801.89
14401,14401,Customs Duty,96.47
14402,14402,Service Tax,307.63
14403,14403,Customs Duty,11522.52
14404,14404,Service Tax,679.9
14405,14405,Excise Duty,107877.83
14406,14406,Customs Duty,142030.97
14407,14407,VAT,1602.32
14408,14408,Customs Duty,1905.73
14409,14409,VAT,130899.0
14410,14410,Import Duty,786.77
14411,14411,Import Duty,280993.13
14412,14412,VAT,77730.6
14413,14413,VAT,84106.51
14414,14414,Customs Duty,60136.06
14415,14415,VAT,56557.95
14416,14416,Excise Duty,67701.83
14417,14417,Customs Duty,56696.44
14418,14418,Export Duty,120481.88
14419,14419,Import Duty,559.35
14420,14420,Customs Duty,417.45
14421,14421,VAT,8684.82
14422,14422,Excise Duty,16452.1
14423,14423,Import Duty,4440.36
14424,14424,VAT,68516.57
14425,14425,VAT,106318.76
14426,14426,Customs Duty,21514.29
14427,14427,Customs Duty,10126.58
14428,14428,VAT,122854.45
14429,14429,VAT,454.64
14430,14430,Customs Duty,3904.41
14431,14431,Excise Duty,775.89
14432,14432,Export Duty,67220.46
14433,14433,Import Duty,1211.42
14434,14434,Excise Duty,19367.63
14435,14435,Service Tax,213.94
14436,14436,Customs Duty,17338.88
14437,14437,Customs Duty,523.34
14438,14438,Export Duty,637.4
14439,14439,Excise Duty,1615.0
14440,14440,Customs Duty,2258.15
14441,14441,Customs Duty,2401.82
14442,14442,Service Tax,31.51
14443,14443,Customs Duty,2517.28
14444,14444,Service Tax,24446.43
14445,14445,Service Tax,92581.67
14446,14446,Excise Duty,72793.23
14447,14447,VAT,3316.46
14448,14448,VAT,1269.22
14449,14449,Customs Duty,64853.12
14450,14450,VAT,107384.63
14451,14451,VAT,199306.11
14452,14452,VAT,1009.38
14453,14453,Customs Duty,1061.54
14454,14454,Customs Duty,8631.0
14455,14455,VAT,271544.55
14456,14456,Customs Duty,133687.85
14457,14457,Customs Duty,221340.52
14458,14458,Customs Duty,19166.92
14459,14459,Import Duty,181831.66
14460,14460,Service Tax,4295.45
14461,14461,Customs Duty,1274.42
14462,14462,Excise Duty,73342.72
14463,14463,Customs Duty,6428.04
14464,14464,Customs Duty,4656.91
14465,14465,Export Duty,79932.57
14466,14466,Import Duty,3748.9
14467,14467,VAT,13433.39
14468,14468,Import Duty,106915.13
14469,14469,Customs Duty,64805.16
14470,14470,Customs Duty,41046.41
14471,14471,VAT,138423.69
14472,14472,Import Duty,174949.38
14473,14473,VAT,1257.8
14474,14474,Service Tax,2080.51
14475,14475,Import Duty,13828.46
14476,14476,Export Duty,48908.22
14477,14477,Export Duty,642.83
14478,14478,Customs Duty,90429.79
14479,14479,Service Tax,9648.29
14480,14480,Service Tax,351.32
14481,14481,Import Duty,7474.63
14482,14482,Customs Duty,95350.07
14483,14483,Customs Duty,1628.55
14484,14484,Customs Duty,1056.47
14485,14485,Import Duty,5663.09
14486,14486,VAT,325781.69
14487,14487,Customs Duty,774.93
14488,14488,Import Duty,10843.08
14489,14489,VAT,1480.27
14490,14490,Customs Duty,199.78
14491,14491,VAT,1647.69
14492,14492,Customs Duty,2379.94
14493,14493,Customs Duty,385.86
14494,14494,VAT,220241.46
14495,14495,Service Tax,602.87
14496,14496,Customs Duty,199750.26
14497,14497,Import Duty,10080.91
14498,14498,Import Duty,734.94
14499,14499,Export Duty,3739.89
14500,14500,Customs Duty,119903.48
14501,14501,Import Duty,20443.36
14502,14502,VAT,698.99
14503,14503,Export Duty,296.06
14504,14504,Excise Duty,1406.47
14505,14505,Customs Duty,15937.56
14506,14506,Excise Duty,389.07
14507,14507,Customs Duty,2256.78
14508,14508,Customs Duty,14302.01
14509,14509,Service Tax,6332.42
14510,14510,Service Tax,446.23
14511,14511,Customs Duty,2188.89
14512,14512,Export Duty,2638.22
14513,14513,VAT,115749.85
14514,14514,VAT,3828.17
14515,14515,Import Duty,15451.3
14516,14516,Excise Duty,10679.19
14517,14517,Import Duty,5042.93
14518,14518,Export Duty,47.36
14519,14519,Excise Duty,324.42
14520,14520,Customs Duty,11294.42
14521,14521,Import Duty,5973.72
14522,14522,VAT,1014.7
14523,14523,Customs Duty,114.93
14524,14524,Customs Duty,57703.03
14525,14525,Customs Duty,121427.24
14526,14526,VAT,3571.67
14527,14527,Excise Duty,42991.3
14528,14528,Customs Duty,12917.92
14529,14529,Export Duty,446.26
14530,14530,Service Tax,21386.97
14531,14531,Excise Duty,76.51
14532,14532,VAT,16555.9
14533,14533,VAT,20487.19
14534,14534,VAT,21453.97
14535,14535,Customs Duty,2532.55
14536,14536,Customs Duty,72683.45
14537,14537,Service Tax,300.85
14538,14538,Service Tax,55921.5
14539,14539,VAT,1153.54
14540,14540,Excise Duty,12560.22
14541,14541,Customs Duty,89430.47
14542,14542,VAT,285.89
14543,14543,Import Duty,952.19
14544,14544,Export Duty,1180.21
14545,14545,Export Duty,8060.27
14546,14546,Import Duty,22816.66
14547,14547,Customs Duty,15940.27
14548,14548,VAT,117545.09
14549,14549,Import Duty,79857.58
14550,14550,Export Duty,61565.04
14551,14551,Excise Duty,14000.14
14552,14552,Import Duty,114035.18
14553,14553,Import Duty,20373.22
14554,14554,VAT,16415.4
14555,14555,Import Duty,47660.43
14556,14556,VAT,25588.68
14557,14557,Excise Duty,119156.79
14558,14558,VAT,253755.22
14559,14559,Customs Duty,103897.01
14560,14560,Customs Duty,2702.62
14561,14561,Import Duty,152836.16
14562,14562,Import Duty,50024.97
14563,14563,Customs Duty,9799.67
14564,14564,VAT,800.51
14565,14565,Import Duty,61.58
14566,14566,Import Duty,28046.58
14567,14567,Import Duty,523.82
14568,14568,VAT,12205.22
14569,14569,Service Tax,8854.38
14570,14570,Export Duty,248.0
14571,14571,VAT,7730.12
14572,14572,Customs Duty,23490.91
14573,14573,Import Duty,328937.96
14574,14574,VAT,270140.66
14575,14575,Customs Duty,1164.97
14576,14576,Customs Duty,134860.39
14577,14577,Customs Duty,230952.58
14578,14578,VAT,8980.77
14579,14579,VAT,1201.97
14580,14580,VAT,10149.7
14581,14581,VAT,168351.48
14582,14582,Import Duty,49059.6
14583,14583,VAT,196605.57
14584,14584,Export Duty,2840.26
14585,14585,VAT,87040.17
14586,14586,Customs Duty,134706.51
14587,14587,VAT,34884.74
14588,14588,VAT,30835.16
14589,14589,Customs Duty,21926.87
14590,14590,Import Duty,238520.09
14591,14591,Import Duty,198546.17
14592,14592,Customs Duty,11313.39
14593,14593,VAT,4320.96
14594,14594,Export Duty,1666.79
14595,14595,VAT,3279.99
14596,14596,Export Duty,3662.76
14597,14597,Import Duty,1242.12
14598,14598,Service Tax,66107.2
14599,14599,Customs Duty,45642.6
14600,14600,Customs Duty,1091.6
14601,14601,Import Duty,2220.23
14602,14602,Import Duty,420.48
14603,14603,Service Tax,44.99
14604,14604,Customs Duty,37981.49
14605,14605,Excise Duty,660.82
14606,14606,VAT,76270.23
14607,14607,Customs Duty,12890.21
14608,14608,Import Duty,29537.17
14609,14609,VAT,3935.03
14610,14610,Customs Duty,96645.69
14611,14611,VAT,39960.62
14612,14612,Import Duty,1116.53
14613,14613,Service Tax,1026.48
14614,14614,Customs Duty,8455.63
14615,14615,Customs Duty,169152.08
14616,14616,Customs Duty,252.77
14617,14617,Customs Duty,12461.4
14618,14618,Service Tax,6064.42
14619,14619,VAT,3309.06
14620,14620,Customs Duty,2871.41
14621,14621,Service Tax,313.82
14622,14622,VAT,122213.67
14623,14623,VAT,1005.85
14624,14624,Export Duty,4619.62
14625,14625,VAT,542.94
14626,14626,VAT,242426.89
14627,14627,VAT,909.59
14628,14628,Customs Duty,118369.44
14629,14629,Service Tax,847.81
14630,14630,VAT,27855.92
14631,14631,Customs Duty,3043.23
14632,14632,Import Duty,1399.96
14633,14633,Export Duty,98895.08
14634,14634,Import Duty,105510.3
14635,14635,Import Duty,2885.72
14636,14636,Customs Duty,1759.44
14637,14637,Customs Duty,15386.37
14638,14638,Customs Duty,53384.18
14639,14639,Import Duty,2863.55
14640,14640,Excise Duty,70234.22
14641,14641,Export Duty,246.51
14642,14642,Export Duty,1070.86
14643,14643,Customs Duty,73297.37
14644,14644,VAT,125803.49
14645,14645,VAT,28281.98
14646,14646,VAT,9915.29
14647,14647,Customs Duty,1788.55
14648,14648,Customs Duty,2888.22
14649,14649,Customs Duty,618.83
14650,14650,Service Tax,1876.7
14651,14651,Excise Duty,298.23
14652,14652,Customs Duty,254.21
14653,14653,VAT,57044.18
14654,14654,Customs Duty,32884.58
14655,14655,Service Tax,2144.56
14656,14656,VAT,103247.96
14657,14657,Customs Duty,1772.78
14658,14658,Import Duty,24722.46
14659,14659,VAT,1024.17
14660,14660,Excise Duty,1730.28
14661,14661,Customs Duty,34346.83
14662,14662,VAT,17897.12
14663,14663,Import Duty,30015.62
14664,14664,Customs Duty,162936.39
14665,14665,Import Duty,184.62
14666,14666,VAT,332.54
14667,14667,VAT,10948.65
14668,14668,Customs Duty,4220.17
14669,14669,Import Duty,1888.88
14670,14670,Customs Duty,3764.93
14671,14671,Service Tax,68247.36
14672,14672,VAT,909.99
14673,14673,VAT,533.4
14674,14674,Customs Duty,13766.14
14675,14675,VAT,31787.74
14676,14676,VAT,754.65
14677,14677,VAT,2055.22
14678,14678,Excise Duty,3678.29
14679,14679,Import Duty,3403.86
14680,14680,VAT,118642.79
14681,14681,VAT,16104.06
14682,14682,Service Tax,1924.82
14683,14683,Export Duty,186.63
14684,14684,VAT,145707.42
14685,14685,VAT,157844.81
14686,14686,Customs Duty,134635.83
14687,14687,Import Duty,1458.77
14688,14688,Import Duty,70019.29
14689,14689,Customs Duty,25428.09
14690,14690,VAT,27321.95
14691,14691,Customs Duty,600.57
14692,14692,Service Tax,6044.92
14693,14693,VAT,95426.16
14694,14694,VAT,10984.94
14695,14695,Customs Duty,12993.22
14696,14696,VAT,10249.17
14697,14697,Import Duty,454.42
14698,14698,Export Duty,357.02
14699,14699,VAT,7429.78
14700,14700,VAT,2625.82
14701,14701,Export Duty,1727.22
14702,14702,VAT,1840.3
14703,14703,Service Tax,78860.24
14704,14704,VAT,69534.81
14705,14705,Import Duty,8486.2
14706,14706,VAT,3486.43
14707,14707,Import Duty,20465.87
14708,14708,VAT,18198.72
14709,14709,VAT,3078.72
14710,14710,Customs Duty,283.89
14711,14711,Customs Duty,4249.09
14712,14712,Customs Duty,291.9
14713,14713,Export Duty,524.61
14714,14714,VAT,9561.67
14715,14715,Service Tax,3979.59
14716,14716,VAT,244.1
14717,14717,VAT,12267.45
14718,14718,Import Duty,69946.01
14719,14719,Customs Duty,2923.79
14720,14720,Service Tax,2403.51
14721,14721,Export Duty,648.34
14722,14722,Export Duty,1317.3
14723,14723,Customs Duty,11252.88
14724,14724,Excise Duty,2408.62
14725,14725,VAT,132084.14
14726,14726,Service Tax,564.88
14727,14727,Export Duty,219.9
14728,14728,Customs Duty,503.24
14729,14729,Export Duty,4461.18
14730,14730,VAT,210771.48
14731,14731,VAT,81740.87
14732,14732,Excise Duty,26549.43
14733,14733,Service Tax,53219.64
14734,14734,Excise Duty,11822.9
14735,14735,VAT,58975.52
14736,14736,Excise Duty,1996.79
14737,14737,Import Duty,11331.63
14738,14738,Customs Duty,57008.66
14739,14739,Import Duty,26510.02
14740,14740,Customs Duty,3880.78
14741,14741,Customs Duty,5946.19
14742,14742,Customs Duty,18237.57
14743,14743,Service Tax,4357.27
14744,14744,Customs Duty,4468.51
14745,14745,Service Tax,2839.26
14746,14746,Customs Duty,10648.04
14747,14747,VAT,79255.28
14748,14748,Customs Duty,15571.45
14749,14749,Import Duty,176539.6
14750,14750,Excise Duty,185.45
14751,14751,VAT,221.92
14752,14752,Customs Duty,7888.78
14753,14753,Export Duty,8723.42
14754,14754,Customs Duty,24406.47
14755,14755,Import Duty,162980.3
14756,14756,Import Duty,30214.23
14757,14757,Export Duty,207.18
14758,14758,Import Duty,133.78
14759,14759,VAT,7314.61
14760,14760,Export Duty,794.38
14761,14761,VAT,135605.43
14762,14762,VAT,175823.93
14763,14763,Import Duty,271619.8
14764,14764,VAT,75163.99
14765,14765,Import Duty,40508.74
14766,14766,VAT,681.59
14767,14767,Service Tax,318.81
14768,14768,Export Duty,7246.95
14769,14769,VAT,12807.49
14770,14770,VAT,30735.93
14771,14771,VAT,207997.72
14772,14772,VAT,2437.42
14773,14773,Export Duty,131168.73
14774,14774,Export Duty,151.13
14775,14775,Excise Duty,24997.84
14776,14776,Customs Duty,124521.08
14777,14777,Customs Duty,1314.23
14778,14778,Customs Duty,1504.89
14779,14779,Customs Duty,105074.1
14780,14780,Import Duty,94504.53
14781,14781,VAT,9881.99
14782,14782,VAT,163887.43
14783,14783,VAT,4425.79
14784,14784,VAT,1078.56
14785,14785,VAT,1825.11
14786,14786,Export Duty,22492.5
14787,14787,Import Duty,14384.45
14788,14788,Customs Duty,15019.33
14789,14789,VAT,160433.61
14790,14790,Export Duty,495.62
14791,14791,Import Duty,343096.52
14792,14792,Import Duty,1574.15
14793,14793,Customs Duty,203.78
14794,14794,Customs Duty,22475.72
14795,14795,Customs Duty,34170.46
14796,14796,VAT,2915.5
14797,14797,VAT,564.42
14798,14798,Export Duty,73959.8
14799,14799,VAT,104568.55
14800,14800,Customs Duty,188258.89
14801,14801,VAT,1979.19
14802,14802,VAT,50499.76
14803,14803,Customs Duty,58559.79
14804,14804,Customs Duty,8835.65
14805,14805,VAT,32329.34
14806,14806,Service Tax,3197.29
14807,14807,Service Tax,316.22
14808,14808,VAT,1880.01
14809,14809,Customs Duty,128720.58
14810,14810,Excise Duty,222.72
14811,14811,Import Duty,68529.64
14812,14812,Import Duty,41197.63
14813,14813,VAT,34015.15
14814,14814,Customs Duty,389.66
14815,14815,VAT,2142.17
14816,14816,Customs Duty,15524.26
14817,14817,Customs Duty,216915.95
14818,14818,Import Duty,273993.05
14819,14819,Customs Duty,39481.27
14820,14820,Customs Duty,6175.96
14821,14821,VAT,54037.72
14822,14822,Service Tax,2925.68
14823,14823,Customs Duty,11884.19
14824,14824,VAT,383603.85
14825,14825,Import Duty,2615.38
14826,14826,Service Tax,320.59
14827,14827,Service Tax,4825.76
14828,14828,Export Duty,5000.32
14829,14829,VAT,14587.23
14830,14830,Import Duty,30974.25
14831,14831,VAT,1946.28
14832,14832,Excise Duty,163411.68
14833,14833,Excise Duty,12341.97
14834,14834,VAT,35253.6
14835,14835,Customs Duty,522.11
14836,14836,Customs Duty,11241.47
14837,14837,Customs Duty,943.79
14838,14838,Customs Duty,15677.16
14839,14839,Service Tax,172.88
14840,14840,Import Duty,35823.14
14841,14841,VAT,22552.73
14842,14842,Customs Duty,171.16
14843,14843,VAT,543.32
14844,14844,Customs Duty,218.7
14845,14845,Service Tax,8699.62
14846,14846,Customs Duty,285.31
14847,14847,Import Duty,1768.25
14848,14848,Service Tax,9440.55
14849,14849,Service Tax,1379.8
14850,14850,Customs Duty,63906.72
14851,14851,Import Duty,416473.66
14852,14852,VAT,96591.35
14853,14853,Service Tax,8978.2
14854,14854,VAT,48064.04
14855,14855,Customs Duty,18750.81
14856,14856,VAT,4621.06
14857,14857,Customs Duty,93424.22
14858,14858,Export Duty,6298.18
14859,14859,VAT,239590.5
14860,14860,Customs Duty,40605.01
14861,14861,Import Duty,95899.67
14862,14862,Service Tax,510.14
14863,14863,VAT,19015.65
14864,14864,Customs Duty,1325.96
14865,14865,Export Duty,805.31
14866,14866,Import Duty,9868.52
14867,14867,Export Duty,5055.28
14868,14868,Customs Duty,1083.22
14869,14869,Customs Duty,11174.57
14870,14870,Customs Duty,562.05
14871,14871,Customs Duty,2020.07
14872,14872,Service Tax,3973.88
14873,14873,Service Tax,319.35
14874,14874,VAT,5212.36
14875,14875,Customs Duty,1032.23
14876,14876,Excise Duty,126994.36
14877,14877,VAT,128661.0
14878,14878,Customs Duty,1059.13
14879,14879,Excise Duty,1197.37
14880,14880,Customs Duty,521.11
14881,14881,VAT,16572.69
14882,14882,Export Duty,7.95
14883,14883,Excise Duty,549.69
14884,14884,Customs Duty,66075.05
14885,14885,Service Tax,79589.82
14886,14886,Customs Duty,44354.26
14887,14887,VAT,20916.23
14888,14888,VAT,31897.69
14889,14889,Export Duty,2672.34
14890,14890,Customs Duty,101.72
14891,14891,Customs Duty,916.23
14892,14892,Customs Duty,4172.78
14893,14893,VAT,25524.9
14894,14894,VAT,149254.65
14895,14895,VAT,812.03
14896,14896,Export Duty,43350.7
14897,14897,Customs Duty,804.09
14898,14898,Service Tax,40444.31
14899,14899,Import Duty,1961.64
14900,14900,Import Duty,20366.18
14901,14901,Import Duty,1187.98
14902,14902,Import Duty,2779.76
14903,14903,Import Duty,211767.28
14904,14904,Service Tax,19526.53
14905,14905,VAT,19064.66
14906,14906,VAT,2405.86
14907,14907,Import Duty,21895.3
14908,14908,Import Duty,34191.31
14909,14909,Excise Duty,232.28
14910,14910,Import Duty,317609.9
14911,14911,Export Duty,117725.08
14912,14912,Excise Duty,1013.07
14913,14913,VAT,2503.34
14914,14914,Import Duty,3338.53
14915,14915,VAT,2565.45
14916,14916,Customs Duty,157524.81
14917,14917,Export Duty,12542.21
14918,14918,VAT,66969.47
14919,14919,VAT,102546.97
14920,14920,Import Duty,143252.94
14921,14921,Service Tax,129.03
14922,14922,Service Tax,42.51
14923,14923,Customs Duty,191904.39
14924,14924,VAT,18982.39
14925,14925,Customs Duty,969.35
14926,14926,VAT,35075.09
14927,14927,Import Duty,213558.75
14928,14928,Excise Duty,4919.65
14929,14929,VAT,57450.25
14930,14930,Customs Duty,1230.35
14931,14931,Customs Duty,18694.83
14932,14932,VAT,5893.98
14933,14933,Customs Duty,196431.04
14934,14934,Excise Duty,2262.68
14935,14935,Excise Duty,14290.71
14936,14936,Customs Duty,159887.25
14937,14937,Import Duty,1668.59
14938,14938,Customs Duty,2092.78
14939,14939,Customs Duty,30647.55
14940,14940,Customs Duty,1099.98
14941,14941,Export Duty,19552.8
14942,14942,Customs Duty,7418.2
14943,14943,Customs Duty,153430.95
14944,14944,VAT,100536.08
14945,14945,VAT,209723.68
14946,14946,VAT,249508.19
14947,14947,Customs Duty,402.68
14948,14948,Customs Duty,15835.13
14949,14949,Customs Duty,5197.99
14950,14950,Import Duty,2082.34
14951,14951,Excise Duty,4925.74
14952,14952,Customs Duty,9580.21
14953,14953,Import Duty,43389.41
14954,14954,Customs Duty,146428.7
14955,14955,Export Duty,31267.68
14956,14956,Import Duty,23418.73
14957,14957,VAT,102905.18
14958,14958,Service Tax,26311.59
14959,14959,Import Duty,1217.3
14960,14960,Customs Duty,44930.63
14961,14961,Excise Duty,1010.31
14962,14962,Import Duty,147614.39
14963,14963,Import Duty,129111.97
14964,14964,Import Duty,2271.56
14965,14965,VAT,232079.79
14966,14966,Import Duty,17445.81
14967,14967,Service Tax,72273.62
14968,14968,VAT,1077.64
14969,14969,Import Duty,1363.93
14970,14970,Customs Duty,8846.94
14971,14971,Import Duty,11700.63
14972,14972,VAT,11045.82
14973,14973,Excise Duty,3028.13
14974,14974,Import Duty,141590.25
14975,14975,VAT,285662.4
14976,14976,VAT,3162.82
14977,14977,Import Duty,21073.77
14978,14978,Export Duty,53844.09
14979,14979,VAT,1638.6
14980,14980,Customs Duty,4092.5
14981,14981,Export Duty,87854.9
14982,14982,Excise Duty,6184.78
14983,14983,Excise Duty,4357.41
14984,14984,VAT,78933.81
14985,14985,Import Duty,933.0
14986,14986,Customs Duty,1958.84
14987,14987,Excise Duty,671.04
14988,14988,Service Tax,157.62
14989,14989,Import Duty,80384.66
14990,14990,Export Duty,547.15
14991,14991,Excise Duty,55575.29
14992,14992,Customs Duty,4390.48
14993,14993,Import Duty,4174.75
14994,14994,Customs Duty,21728.92
14995,14995,VAT,21828.84
14996,14996,VAT,10436.83
14997,14997,Service Tax,644.22
14998,14998,Export Duty,2774.48
14999,14999,Customs Duty,53077.32
15000,15000,Import Duty,3094.66
15001,15001,Export Duty,41738.55
15002,15002,VAT,9514.37
15003,15003,Customs Duty,1829.13
15004,15004,Excise Duty,418.24
15005,15005,Customs Duty,2223.27
15006,15006,Export Duty,9322.68
15007,15007,Customs Duty,82845.68
15008,15008,VAT,9910.7
15009,15009,Customs Duty,17352.36
15010,15010,Import Duty,1820.89
15011,15011,Import Duty,26427.99
15012,15012,Import Duty,20650.99
15013,15013,Customs Duty,6970.51
15014,15014,Customs Duty,9255.84
15015,15015,Service Tax,263.11
15016,15016,Customs Duty,320.45
15017,15017,Import Duty,2410.91
15018,15018,Export Duty,5307.87
15019,15019,Service Tax,60.2
15020,15020,VAT,945.53
15021,15021,Customs Duty,41.07
15022,15022,Import Duty,65813.61
15023,15023,Import Duty,11102.97
15024,15024,Import Duty,81917.62
15025,15025,Export Duty,334.59
15026,15026,Import Duty,11186.18
15027,15027,Customs Duty,592.59
15028,15028,Export Duty,1081.15
15029,15029,VAT,1004.19
15030,15030,Excise Duty,122333.15
15031,15031,VAT,97165.84
15032,15032,Import Duty,88.45
15033,15033,Import Duty,51.05
15034,15034,Export Duty,65790.66
15035,15035,Import Duty,2564.43
15036,15036,VAT,270.59
15037,15037,Import Duty,2636.45
15038,15038,VAT,293146.03
15039,15039,Import Duty,309.98
15040,15040,Customs Duty,697.92
15041,15041,Customs Duty,66345.78
15042,15042,Export Duty,22280.84
15043,15043,Excise Duty,412.53
15044,15044,Service Tax,33171.88
15045,15045,Customs Duty,9560.8
15046,15046,VAT,964.17
15047,15047,Excise Duty,23645.89
15048,15048,Customs Duty,70165.72
15049,15049,Customs Duty,18707.63
15050,15050,VAT,1039.46
15051,15051,Customs Duty,383.8
15052,15052,VAT,115903.01
15053,15053,VAT,26255.9
15054,15054,Customs Duty,5058.59
15055,15055,Import Duty,1194.6
15056,15056,Customs Duty,12599.51
15057,15057,VAT,1649.03
15058,15058,Customs Duty,8397.97
15059,15059,Service Tax,20000.25
15060,15060,Customs Duty,2814.77
15061,15061,Export Duty,6594.35
15062,15062,VAT,28150.44
15063,15063,Import Duty,2718.41
15064,15064,Import Duty,32143.73
15065,15065,VAT,117793.1
15066,15066,VAT,302.17
15067,15067,Customs Duty,557.22
15068,15068,VAT,22940.66
15069,15069,VAT,13979.22
15070,15070,Customs Duty,66471.35
15071,15071,Import Duty,49503.94
15072,15072,Customs Duty,5718.99
15073,15073,Export Duty,46539.89
15074,15074,VAT,994.09
15075,15075,Import Duty,829.93
15076,15076,VAT,131085.29
15077,15077,Customs Duty,350.01
15078,15078,Export Duty,1093.04
15079,15079,Import Duty,916.36
15080,15080,Customs Duty,1739.72
15081,15081,Customs Duty,4489.97
15082,15082,VAT,159.46
15083,15083,Import Duty,17136.7
15084,15084,Customs Duty,34235.37
15085,15085,Import Duty,120490.32
15086,15086,Customs Duty,174648.46
15087,15087,Service Tax,7542.88
15088,15088,Customs Duty,147993.38
15089,15089,Import Duty,154784.07
15090,15090,VAT,685.36
15091,15091,Customs Duty,687.09
15092,15092,Customs Duty,51793.27
15093,15093,Service Tax,214.0
15094,15094,Import Duty,372963.71
15095,15095,Export Duty,4943.92
15096,15096,Import Duty,7472.84
15097,15097,Export Duty,7803.56
15098,15098,VAT,2269.59
15099,15099,Import Duty,270563.43
15100,15100,Customs Duty,39651.95
15101,15101,Customs Duty,214.7
15102,15102,VAT,100624.29
15103,15103,VAT,22434.07
15104,15104,Service Tax,71152.72
15105,15105,VAT,24209.13
15106,15106,Excise Duty,9568.43
15107,15107,Excise Duty,113985.78
15108,15108,Customs Duty,7786.96
15109,15109,Customs Duty,501.85
15110,15110,Service Tax,29723.1
15111,15111,Customs Duty,531.41
15112,15112,Customs Duty,80.34
15113,15113,VAT,1235.74
15114,15114,Export Duty,378.86
15115,15115,Import Duty,1394.18
15116,15116,VAT,503.61
15117,15117,Export Duty,32065.32
15118,15118,VAT,169150.26
15119,15119,Excise Duty,4945.09
15120,15120,Customs Duty,10882.11
15121,15121,Customs Duty,45317.46
15122,15122,Customs Duty,48166.01
15123,15123,Import Duty,78234.18
15124,15124,Customs Duty,518.2
15125,15125,Customs Duty,146.74
15126,15126,VAT,626.17
15127,15127,Customs Duty,64589.5
15128,15128,Service Tax,39299.67
15129,15129,Customs Duty,111673.96
15130,15130,Excise Duty,24452.01
15131,15131,Import Duty,1739.65
15132,15132,Import Duty,36134.07
15133,15133,Import Duty,2689.02
15134,15134,Excise Duty,637.29
15135,15135,VAT,11969.73
15136,15136,Export Duty,753.6
15137,15137,Import Duty,24926.55
15138,15138,VAT,106774.35
15139,15139,Import Duty,736.67
15140,15140,Import Duty,41899.19
15141,15141,Customs Duty,5837.41
15142,15142,Customs Duty,15694.91
15143,15143,Customs Duty,11199.57
15144,15144,Excise Duty,100933.85
15145,15145,Excise Duty,23396.95
15146,15146,Excise Duty,16440.27
15147,15147,Customs Duty,929.34
15148,15148,VAT,771.36
15149,15149,VAT,30977.03
15150,15150,Import Duty,73720.83
15151,15151,Customs Duty,166293.38
15152,15152,Export Duty,42561.18
15153,15153,Customs Duty,70811.34
15154,15154,Service Tax,9838.78
15155,15155,Excise Duty,14732.74
15156,15156,VAT,286.75
15157,15157,Import Duty,22553.85
15158,15158,Customs Duty,1519.05
15159,15159,Customs Duty,10113.31
15160,15160,Customs Duty,8410.81
15161,15161,Customs Duty,7759.46
15162,15162,VAT,248.08
15163,15163,VAT,3062.14
15164,15164,Customs Duty,12836.83
15165,15165,VAT,22072.81
15166,15166,VAT,4507.98
15167,15167,VAT,989.96
15168,15168,VAT,8265.44
15169,15169,Excise Duty,129.69
15170,15170,VAT,21171.04
15171,15171,Customs Duty,1939.38
15172,15172,VAT,265.38
15173,15173,Customs Duty,283.43
15174,15174,VAT,2290.01
15175,15175,Import Duty,167653.08
15176,15176,Customs Duty,1988.39
15177,15177,Import Duty,31164.07
15178,15178,Excise Duty,425.87
15179,15179,VAT,1049.14
15180,15180,Import Duty,86229.53
15181,15181,VAT,10167.93
15182,15182,Import Duty,40535.2
15183,15183,VAT,138045.28
15184,15184,Customs Duty,563.63
15185,15185,Customs Duty,13033.62
15186,15186,Export Duty,58765.7
15187,15187,VAT,607.0
15188,15188,Import Duty,22660.6
15189,15189,VAT,4283.83
15190,15190,VAT,6179.73
15191,15191,Export Duty,2558.53
15192,15192,Import Duty,392.41
15193,15193,Customs Duty,72816.43
15194,15194,Customs Duty,3593.21
15195,15195,Customs Duty,25649.07
15196,15196,Customs Duty,618.9
15197,15197,Import Duty,9488.91
15198,15198,VAT,33770.33
15199,15199,Export Duty,597.51
15200,15200,Customs Duty,66743.92
15201,15201,Customs Duty,6802.1
15202,15202,Customs Duty,69836.22
15203,15203,VAT,47863.87
15204,15204,Customs Duty,284.91
15205,15205,VAT,344.36
15206,15206,VAT,999.47
15207,15207,Service Tax,11391.1
15208,15208,Export Duty,4376.59
15209,15209,VAT,86912.68
15210,15210,Export Duty,34814.69
15211,15211,VAT,9521.12
15212,15212,Export Duty,8271.96
15213,15213,Import Duty,577.91
15214,15214,Service Tax,9592.09
15215,15215,Import Duty,153290.94
15216,15216,Excise Duty,7357.52
15217,15217,Import Duty,130849.88
15218,15218,Service Tax,2681.01
15219,15219,Customs Duty,54266.02
15220,15220,Customs Duty,216613.86
15221,15221,Customs Duty,222942.41
15222,15222,VAT,157120.16
15223,15223,Import Duty,982.91
15224,15224,Customs Duty,91424.52
15225,15225,Service Tax,23.08
15226,15226,VAT,41860.12
15227,15227,Import Duty,61406.07
15228,15228,Excise Duty,8052.26
15229,15229,Export Duty,1241.07
15230,15230,Service Tax,3409.9
15231,15231,Import Duty,33007.2
15232,15232,Import Duty,10920.76
15233,15233,Import Duty,3115.96
15234,15234,Service Tax,135.49
15235,15235,Customs Duty,376.97
15236,15236,Export Duty,23783.95
15237,15237,Customs Duty,92155.0
15238,15238,Import Duty,251481.59
15239,15239,Import Duty,40017.5
15240,15240,Customs Duty,3743.21
15241,15241,VAT,2019.57
15242,15242,Import Duty,393420.7
15243,15243,VAT,74471.41
15244,15244,VAT,107033.82
15245,15245,Excise Duty,916.65
15246,15246,VAT,434.28
15247,15247,Customs Duty,17597.9
15248,15248,VAT,37120.67
15249,15249,VAT,226222.1
15250,15250,VAT,206244.06
15251,15251,Excise Duty,5787.71
15252,15252,Import Duty,112.05
15253,15253,Import Duty,1289.22
15254,15254,Customs Duty,906.49
15255,15255,Service Tax,186.38
15256,15256,Customs Duty,16700.66
15257,15257,VAT,912.51
15258,15258,Service Tax,1527.89
15259,15259,Customs Duty,3019.84
15260,15260,Customs Duty,486.37
15261,15261,Customs Duty,107613.51
15262,15262,VAT,59643.05
15263,15263,Import Duty,25630.67
15264,15264,Import Duty,2233.1
15265,15265,VAT,2066.52
15266,15266,Customs Duty,132694.69
15267,15267,Import Duty,231117.88
15268,15268,Import Duty,78831.88
15269,15269,Customs Duty,121176.62
15270,15270,Export Duty,78204.15
15271,15271,Export Duty,1334.15
15272,15272,Import Duty,246858.82
15273,15273,Export Duty,545.74
15274,15274,VAT,31199.41
15275,15275,Customs Duty,1959.93
15276,15276,Export Duty,20918.3
15277,15277,Service Tax,7150.15
15278,15278,Excise Duty,4256.16
15279,15279,VAT,15705.29
15280,15280,Service Tax,5384.83
15281,15281,Customs Duty,1059.3
15282,15282,Import Duty,47468.66
15283,15283,Excise Duty,9929.83
15284,15284,VAT,15631.56
15285,15285,Excise Duty,3289.25
15286,15286,VAT,27804.48
15287,15287,VAT,10070.78
15288,15288,VAT,1707.59
15289,15289,Service Tax,57617.91
15290,15290,Customs Duty,1567.06
15291,15291,VAT,68524.37
15292,15292,VAT,132927.86
15293,15293,Import Duty,96091.96
15294,15294,Import Duty,11066.44
15295,15295,Customs Duty,3232.54
15296,15296,Import Duty,231564.78
15297,15297,Customs Duty,152285.33
15298,15298,Customs Duty,945.96
15299,15299,Customs Duty,209837.15
15300,15300,Import Duty,108764.82
15301,15301,Customs Duty,71691.44
15302,15302,VAT,642.31
15303,15303,VAT,715.41
15304,15304,Import Duty,98279.24
15305,15305,VAT,331652.21
15306,15306,Import Duty,2926.4
15307,15307,Customs Duty,45764.92
15308,15308,VAT,45233.94
15309,15309,Customs Duty,57857.28
15310,15310,Export Duty,14079.86
15311,15311,VAT,23227.72
15312,15312,Import Duty,140141.44
15313,15313,Excise Duty,5145.94
15314,15314,Import Duty,7545.35
15315,15315,Import Duty,61241.12
15316,15316,VAT,6404.37
15317,15317,Export Duty,93404.71
15318,15318,Import Duty,13998.35
15319,15319,Customs Duty,100523.57
15320,15320,Service Tax,126.57
15321,15321,Customs Duty,3094.39
15322,15322,VAT,140864.55
15323,15323,Import Duty,3268.14
15324,15324,Excise Duty,50202.06
15325,15325,Excise Duty,163.32
15326,15326,VAT,110183.99
15327,15327,Customs Duty,6091.47
15328,15328,Service Tax,13438.07
15329,15329,VAT,28560.4
15330,15330,VAT,1719.27
15331,15331,Customs Duty,3534.14
15332,15332,Customs Duty,111312.49
15333,15333,Customs Duty,2187.1
15334,15334,Import Duty,176594.7
15335,15335,Import Duty,192144.67
15336,15336,Import Duty,304468.21
15337,15337,Customs Duty,18686.76
15338,15338,Import Duty,53175.74
15339,15339,Customs Duty,15458.21
15340,15340,VAT,30085.27
15341,15341,Customs Duty,4832.41
15342,15342,VAT,135419.1
15343,15343,VAT,41953.28
15344,15344,Export Duty,22214.95
15345,15345,Service Tax,37281.65
15346,15346,Customs Duty,3770.52
15347,15347,Excise Duty,4421.93
15348,15348,Import Duty,25158.68
15349,15349,Customs Duty,9998.45
15350,15350,Customs Duty,19311.85
15351,15351,Import Duty,53158.69
15352,15352,Export Duty,2890.71
15353,15353,Service Tax,53497.73
15354,15354,Customs Duty,2381.52
15355,15355,VAT,1828.42
15356,15356,Export Duty,44702.49
15357,15357,VAT,1107.92
15358,15358,Customs Duty,12948.79
15359,15359,VAT,1702.12
15360,15360,Customs Duty,283.53
15361,15361,Excise Duty,10269.07
15362,15362,Excise Duty,981.2
15363,15363,Import Duty,19216.77
15364,15364,Customs Duty,5637.15
15365,15365,Export Duty,10764.51
15366,15366,Customs Duty,1656.79
15367,15367,Import Duty,25915.47
15368,15368,Service Tax,2556.59
15369,15369,Service Tax,30.39
15370,15370,Import Duty,54236.86
15371,15371,VAT,615.7
15372,15372,Customs Duty,428.03
15373,15373,Import Duty,33448.49
15374,15374,Customs Duty,121.91
15375,15375,Export Duty,803.72
15376,15376,Customs Duty,1396.06
15377,15377,Export Duty,5561.5
15378,15378,Customs Duty,6652.0
15379,15379,VAT,13590.15
15380,15380,Import Duty,34750.79
15381,15381,Customs Duty,503.78
15382,15382,Import Duty,808.7
15383,15383,Customs Duty,7154.25
15384,15384,Customs Duty,10621.06
15385,15385,Import Duty,3218.29
15386,15386,Excise Duty,110686.62
15387,15387,VAT,143258.42
15388,15388,Customs Duty,7216.43
15389,15389,VAT,780.1
15390,15390,VAT,143535.28
15391,15391,Export Duty,43056.12
15392,15392,Service Tax,49.32
15393,15393,Customs Duty,85110.16
15394,15394,Import Duty,2371.42
15395,15395,Customs Duty,710.0
15396,15396,VAT,1838.19
15397,15397,Import Duty,566.53
15398,15398,Customs Duty,19478.94
15399,15399,Import Duty,688.9
15400,15400,Customs Duty,7752.05
15401,15401,Import Duty,36876.79
15402,15402,Service Tax,4194.5
15403,15403,VAT,359465.59
15404,15404,VAT,190845.01
15405,15405,Export Duty,51674.28
15406,15406,Excise Duty,1006.34
15407,15407,Customs Duty,640.62
15408,15408,VAT,1092.29
15409,15409,Export Duty,64.03
15410,15410,Import Duty,19622.44
15411,15411,Customs Duty,313.56
15412,15412,VAT,76151.55
15413,15413,Service Tax,193.02
15414,15414,Excise Duty,45.65
15415,15415,Customs Duty,120.97
15416,15416,Import Duty,156788.01
15417,15417,VAT,264218.63
15418,15418,Import Duty,223112.41
15419,15419,Customs Duty,19280.48
15420,15420,Import Duty,86947.36
15421,15421,Customs Duty,3253.42
15422,15422,Export Duty,515.27
15423,15423,Excise Duty,9337.48
15424,15424,Import Duty,208722.21
15425,15425,Customs Duty,10370.64
15426,15426,VAT,2721.73
15427,15427,Service Tax,148.21
15428,15428,Excise Duty,11177.52
15429,15429,Customs Duty,19871.03
15430,15430,Customs Duty,3375.73
15431,15431,Customs Duty,31838.91
15432,15432,Excise Duty,97.88
15433,15433,Import Duty,320651.59
15434,15434,VAT,19396.61
15435,15435,Customs Duty,319.15
15436,15436,VAT,18000.72
15437,15437,Customs Duty,1008.69
15438,15438,Customs Duty,1283.72
15439,15439,Service Tax,6358.33
15440,15440,Import Duty,67888.38
15441,15441,Import Duty,25037.36
15442,15442,Customs Duty,21698.83
15443,15443,Service Tax,3891.98
15444,15444,Export Duty,31403.95
15445,15445,Customs Duty,1089.15
15446,15446,Export Duty,2824.4
15447,15447,VAT,3492.89
15448,15448,Import Duty,91927.81
15449,15449,VAT,35208.47
15450,15450,VAT,50544.86
15451,15451,Customs Duty,28853.31
15452,15452,VAT,56662.02
15453,15453,Customs Duty,74134.66
15454,15454,Import Duty,13885.22
15455,15455,Customs Duty,60369.49
15456,15456,Import Duty,459.25
15457,15457,VAT,62562.15
15458,15458,VAT,14521.11
15459,15459,Customs Duty,184652.58
15460,15460,Customs Duty,15299.25
15461,15461,Customs Duty,346.71
15462,15462,Export Duty,7445.94
15463,15463,Customs Duty,898.67
15464,15464,Export Duty,32463.21
15465,15465,Customs Duty,29151.88
15466,15466,Import Duty,114034.95
15467,15467,Import Duty,1020.06
15468,15468,Import Duty,20363.64
15469,15469,Import Duty,1307.37
15470,15470,VAT,18541.24
15471,15471,Customs Duty,3894.82
15472,15472,Import Duty,1645.69
15473,15473,Import Duty,11016.59
15474,15474,VAT,10960.32
15475,15475,VAT,3711.87
15476,15476,VAT,9015.43
15477,15477,Customs Duty,14424.14
15478,15478,Export Duty,1452.97
15479,15479,Export Duty,12603.39
15480,15480,Customs Duty,4345.74
15481,15481,Customs Duty,59456.1
15482,15482,Service Tax,141.01
15483,15483,VAT,1401.82
15484,15484,VAT,305367.72
15485,15485,Customs Duty,11196.01
15486,15486,Export Duty,1333.01
15487,15487,VAT,33700.85
15488,15488,Excise Duty,9699.2
15489,15489,Excise Duty,373.6
15490,15490,Import Duty,1519.19
15491,15491,VAT,255748.63
15492,15492,VAT,865.8
15493,15493,Customs Duty,175.84
15494,15494,Export Duty,704.94
15495,15495,VAT,2631.16
15496,15496,VAT,22738.39
15497,15497,Import Duty,2341.0
15498,15498,VAT,327.49
15499,15499,Excise Duty,754.62
15500,15500,Customs Duty,7305.29
15501,15501,Service Tax,480.32
15502,15502,Customs Duty,860.64
15503,15503,VAT,25413.09
15504,15504,Customs Duty,183960.53
15505,15505,VAT,797.68
15506,15506,Customs Duty,601.78
15507,15507,Export Duty,134369.03
15508,15508,Customs Duty,808.66
15509,15509,Customs Duty,160747.82
15510,15510,VAT,131385.65
15511,15511,Customs Duty,1398.4
15512,15512,VAT,13619.51
15513,15513,Customs Duty,9603.82
15514,15514,VAT,153714.66
15515,15515,Customs Duty,36633.48
15516,15516,Customs Duty,794.21
15517,15517,VAT,224095.64
15518,15518,Service Tax,26927.84
15519,15519,Import Duty,23943.1
15520,15520,Import Duty,59958.91
15521,15521,VAT,29722.66
15522,15522,Customs Duty,762.77
15523,15523,VAT,2684.88
15524,15524,Export Duty,785.83
15525,15525,Customs Duty,227008.98
15526,15526,Export Duty,6241.83
15527,15527,VAT,694.85
15528,15528,VAT,11059.94
15529,15529,VAT,253.49
15530,15530,Export Duty,228.07
15531,15531,Service Tax,227.01
15532,15532,Customs Duty,20058.57
15533,15533,Import Duty,731.57
15534,15534,VAT,2264.22
15535,15535,Excise Duty,1388.63
15536,15536,Import Duty,24694.6
15537,15537,Excise Duty,17719.15
15538,15538,Import Duty,2799.01
15539,15539,VAT,2245.99
15540,15540,VAT,161241.27
15541,15541,Import Duty,19945.5
15542,15542,Customs Duty,801.39
15543,15543,Service Tax,25610.54
15544,15544,Customs Duty,171540.5
15545,15545,Export Duty,48314.2
15546,15546,Customs Duty,331.49
15547,15547,Service Tax,51744.17
15548,15548,Import Duty,97330.8
15549,15549,Customs Duty,13232.48
15550,15550,Export Duty,2069.2
15551,15551,Export Duty,671.68
15552,15552,Customs Duty,31363.92
15553,15553,Customs Duty,9065.51
15554,15554,Customs Duty,52.37
15555,15555,Import Duty,41443.88
15556,15556,VAT,367.51
15557,15557,VAT,549.8
15558,15558,VAT,128435.88
15559,15559,Import Duty,1198.23
15560,15560,Export Duty,88095.35
15561,15561,Import Duty,47900.84
15562,15562,Import Duty,12896.73
15563,15563,VAT,29819.6
15564,15564,Import Duty,2934.81
15565,15565,Import Duty,20227.86
15566,15566,VAT,112617.37
15567,15567,Import Duty,2649.75
15568,15568,VAT,176815.96
15569,15569,Customs Duty,6739.95
15570,15570,Customs Duty,8132.55
15571,15571,Excise Duty,15083.38
15572,15572,Import Duty,2285.25
15573,15573,Customs Duty,195299.57
15574,15574,VAT,165922.05
15575,15575,Import Duty,28692.86
15576,15576,Customs Duty,84879.71
15577,15577,Service Tax,32567.12
15578,15578,Import Duty,5747.92
15579,15579,VAT,14275.31
15580,15580,Import Duty,255858.33
15581,15581,VAT,1440.32
15582,15582,VAT,12714.61
15583,15583,Import Duty,12497.53
15584,15584,Customs Duty,1908.35
15585,15585,Export Duty,12230.06
15586,15586,VAT,131045.33
15587,15587,VAT,626.68
15588,15588,VAT,15934.12
15589,15589,Customs Duty,1535.96
15590,15590,Customs Duty,81969.27
15591,15591,VAT,183490.83
15592,15592,Service Tax,3163.0
15593,15593,VAT,14767.65
15594,15594,Customs Duty,24792.95
15595,15595,Export Duty,309.69
15596,15596,Customs Duty,215408.57
15597,15597,Service Tax,26758.32
15598,15598,VAT,3186.94
15599,15599,Excise Duty,318.56
15600,15600,Customs Duty,17899.37
15601,15601,VAT,82150.25
15602,15602,VAT,90623.72
15603,15603,Import Duty,15771.58
15604,15604,Export Duty,4827.31
15605,15605,Service Tax,15175.5
15606,15606,Customs Duty,150.17
15607,15607,Customs Duty,47792.64
15608,15608,Import Duty,108.64
15609,15609,Customs Duty,2206.33
15610,15610,Export Duty,97947.82
15611,15611,Customs Duty,145155.75
15612,15612,Service Tax,195.75
15613,15613,Import Duty,1351.6
15614,15614,VAT,13743.44
15615,15615,Customs Duty,520.3
15616,15616,VAT,1078.98
15617,15617,VAT,34452.81
15618,15618,Export Duty,476.59
15619,15619,Customs Duty,3513.91
15620,15620,Export Duty,2713.12
15621,15621,Service Tax,15161.58
15622,15622,Service Tax,154.06
15623,15623,Customs Duty,1041.14
15624,15624,VAT,250328.21
15625,15625,VAT,2725.65
15626,15626,Customs Duty,156.11
15627,15627,VAT,10596.81
15628,15628,Customs Duty,485.82
15629,15629,Import Duty,537.54
15630,15630,Excise Duty,972.37
15631,15631,VAT,683.04
15632,15632,Export Duty,2042.67
15633,15633,Customs Duty,147450.08
15634,15634,VAT,80814.62
15635,15635,Service Tax,5901.86
15636,15636,Customs Duty,426.52
15637,15637,Customs Duty,1292.59
15638,15638,VAT,14595.15
15639,15639,Excise Duty,625.4
15640,15640,Customs Duty,103818.81
15641,15641,Customs Duty,899.07
15642,15642,Customs Duty,13726.29
15643,15643,Customs Duty,1401.2
15644,15644,Import Duty,38572.8
15645,15645,Customs Duty,98555.06
15646,15646,VAT,27886.23
15647,15647,Customs Duty,24380.16
15648,15648,Customs Duty,177446.96
15649,15649,Import Duty,6606.95
15650,15650,VAT,101283.07
15651,15651,Customs Duty,112497.32
15652,15652,VAT,7711.16
15653,15653,Export Duty,3036.34
15654,15654,VAT,65988.42
15655,15655,Service Tax,6168.62
15656,15656,Service Tax,9191.35
15657,15657,VAT,287272.63
15658,15658,Import Duty,976.89
15659,15659,VAT,403.1
15660,15660,Import Duty,118891.19
15661,15661,Customs Duty,22076.18
15662,15662,Import Duty,3370.11
15663,15663,VAT,18265.33
15664,15664,Import Duty,583.38
15665,15665,Import Duty,99689.92
15666,15666,Import Duty,35048.89
15667,15667,Customs Duty,136426.79
15668,15668,Service Tax,4788.58
15669,15669,Customs Duty,45732.35
15670,15670,VAT,1262.12
15671,15671,VAT,617.07
15672,15672,Import Duty,25608.81
15673,15673,VAT,5522.55
15674,15674,Customs Duty,1780.67
15675,15675,Customs Duty,2674.39
15676,15676,VAT,1651.03
15677,15677,VAT,215134.65
15678,15678,Service Tax,7978.72
15679,15679,Customs Duty,92007.84
15680,15680,Customs Duty,46868.26
15681,15681,Customs Duty,6866.37
15682,15682,Import Duty,1298.17
15683,15683,Customs Duty,7206.19
15684,15684,VAT,247751.75
15685,15685,Customs Duty,596.35
15686,15686,Customs Duty,104630.51
15687,15687,Customs Duty,1926.09
15688,15688,VAT,67726.82
15689,15689,Customs Duty,519.69
15690,15690,Import Duty,153631.37
15691,15691,Customs Duty,25044.99
15692,15692,Excise Duty,4470.2
15693,15693,VAT,76355.58
15694,15694,VAT,66190.28
15695,15695,Export Duty,12191.6
15696,15696,Customs Duty,183866.67
15697,15697,Customs Duty,804.76
15698,15698,Import Duty,611.11
15699,15699,VAT,42096.67
15700,15700,Import Duty,419.45
15701,15701,Export Duty,74768.52
15702,15702,Customs Duty,42013.55
15703,15703,VAT,1725.56
15704,15704,Import Duty,23026.48
15705,15705,VAT,32124.39
15706,15706,Customs Duty,21714.61
15707,15707,VAT,604.65
15708,15708,Customs Duty,33955.12
15709,15709,Excise Duty,59.21
15710,15710,Import Duty,16712.49
15711,15711,Export Duty,684.24
15712,15712,Export Duty,1296.16
15713,15713,Export Duty,17124.04
15714,15714,Customs Duty,775.03
15715,15715,VAT,7387.81
15716,15716,Customs Duty,429.26
15717,15717,Customs Duty,383.37
15718,15718,VAT,294914.77
15719,15719,Customs Duty,12660.98
15720,15720,Customs Duty,271.71
15721,15721,Import Duty,19740.35
15722,15722,Export Duty,4827.97
15723,15723,VAT,9052.47
15724,15724,Customs Duty,320.41
15725,15725,Customs Duty,14244.11
15726,15726,Import Duty,1456.98
15727,15727,Customs Duty,72.75
15728,15728,Service Tax,159.44
15729,15729,Export Duty,1294.87
15730,15730,Customs Duty,336.96
15731,15731,Customs Duty,11206.66
15732,15732,Import Duty,3003.22
15733,15733,Excise Duty,6744.62
15734,15734,VAT,190610.88
15735,15735,Customs Duty,26708.52
15736,15736,Import Duty,7876.77
15737,15737,Customs Duty,20004.71
15738,15738,Service Tax,836.25
15739,15739,VAT,3372.26
15740,15740,Service Tax,6180.31
15741,15741,Import Duty,4457.86
15742,15742,Import Duty,228562.97
15743,15743,VAT,8483.72
15744,15744,Customs Duty,6688.2
15745,15745,Export Duty,50359.26
15746,15746,VAT,1425.83
15747,15747,Import Duty,1060.1
15748,15748,Service Tax,7355.76
15749,15749,Import Duty,1084.64
15750,15750,VAT,9550.57
15751,15751,Import Duty,3712.89
15752,15752,Import Duty,2386.45
15753,15753,Import Duty,17427.2
15754,15754,Excise Duty,1020.47
15755,15755,Customs Duty,1893.29
15756,15756,Customs Duty,959.89
15757,15757,Import Duty,2292.77
15758,15758,Customs Duty,3651.8
15759,15759,Customs Duty,1149.07
15760,15760,Customs Duty,67.57
15761,15761,Import Duty,95940.71
15762,15762,Customs Duty,51.45
15763,15763,VAT,832.66
15764,15764,Customs Duty,2523.14
15765,15765,Customs Duty,111298.96
15766,15766,Excise Duty,527.46
15767,15767,VAT,46245.35
15768,15768,VAT,2842.44
15769,15769,Import Duty,254.52
15770,15770,Import Duty,768.08
15771,15771,VAT,8991.41
15772,15772,Export Duty,88227.94
15773,15773,Export Duty,76507.71
15774,15774,Import Duty,20316.9
15775,15775,Customs Duty,1208.55
15776,15776,VAT,211831.94
15777,15777,Import Duty,75772.13
15778,15778,VAT,562.54
15779,15779,Import Duty,10800.38
15780,15780,VAT,19485.22
15781,15781,VAT,286988.97
15782,15782,VAT,2921.74
15783,15783,Customs Duty,786.41
15784,15784,Import Duty,14481.13
15785,15785,Customs Duty,77.34
15786,15786,Import Duty,87.16
15787,15787,Customs Duty,1984.41
15788,15788,Service Tax,1922.52
15789,15789,Import Duty,1094.93
15790,15790,VAT,5169.89
15791,15791,VAT,148821.07
15792,15792,Export Duty,61736.94
15793,15793,Service Tax,38735.1
15794,15794,Import Duty,77457.17
15795,15795,Export Duty,5926.5
15796,15796,Service Tax,3974.48
15797,15797,VAT,1532.3
15798,15798,VAT,2013.33
15799,15799,Export Duty,796.7
15800,15800,Excise Duty,138076.66
15801,15801,VAT,15236.09
15802,15802,Customs Duty,12580.68
15803,15803,Import Duty,66235.33
15804,15804,Import Duty,20023.7
15805,15805,Import Duty,34279.31
15806,15806,Customs Duty,9221.24
15807,15807,Import Duty,2601.59
15808,15808,Import Duty,8490.63
15809,15809,Customs Duty,6691.67
15810,15810,Service Tax,1465.14
15811,15811,Customs Duty,20534.7
15812,15812,VAT,46785.97
15813,15813,Import Duty,30895.8
15814,15814,Service Tax,7816.29
15815,15815,Export Duty,282.14
15816,15816,Service Tax,1931.85
15817,15817,Import Duty,69326.12
15818,15818,Import Duty,229.81
15819,15819,VAT,2038.62
15820,15820,VAT,203997.3
15821,15821,VAT,117382.69
15822,15822,VAT,253994.53
15823,15823,Export Duty,1163.57
15824,15824,Service Tax,140.38
15825,15825,Customs Duty,12011.39
15826,15826,Customs Duty,23756.04
15827,15827,VAT,28916.81
15828,15828,Customs Duty,35017.85
15829,15829,Customs Duty,36303.53
15830,15830,VAT,3287.07
15831,15831,Export Duty,428.86
15832,15832,Customs Duty,14070.0
15833,15833,Customs Duty,38572.18
15834,15834,Customs Duty,67742.42
15835,15835,Customs Duty,6468.67
15836,15836,Customs Duty,21092.93
15837,15837,VAT,20172.21
15838,15838,Import Duty,2477.35
15839,15839,VAT,24163.46
15840,15840,VAT,642.78
15841,15841,Import Duty,3249.02
15842,15842,VAT,121561.62
15843,15843,Customs Duty,449.65
15844,15844,Import Duty,636.88
15845,15845,VAT,83490.4
15846,15846,VAT,231.59
15847,15847,Import Duty,2036.26
15848,15848,VAT,103630.41
15849,15849,Customs Duty,192.83
15850,15850,Export Duty,275.44
15851,15851,Customs Duty,2116.64
15852,15852,VAT,263178.37
15853,15853,Customs Duty,23413.19
15854,15854,Import Duty,12502.22
15855,15855,Service Tax,2002.67
15856,15856,VAT,778.18
15857,15857,VAT,9170.07
15858,15858,Customs Duty,843.33
15859,15859,Customs Duty,5434.69
15860,15860,Service Tax,30.83
15861,15861,Import Duty,33937.31
15862,15862,Service Tax,147.82
15863,15863,Service Tax,304.27
15864,15864,Customs Duty,1921.53
15865,15865,Export Duty,18861.1
15866,15866,Service Tax,64650.6
15867,15867,Customs Duty,227163.36
15868,15868,Import Duty,789.85
15869,15869,Excise Duty,11146.19
15870,15870,Customs Duty,8906.63
15871,15871,Excise Duty,227.11
15872,15872,Import Duty,665.77
15873,15873,Import Duty,43042.63
15874,15874,Customs Duty,42.99
15875,15875,Customs Duty,513.63
15876,15876,Customs Duty,24116.64
15877,15877,Service Tax,5464.21
15878,15878,Customs Duty,333.22
15879,15879,VAT,37874.86
15880,15880,Customs Duty,14393.33
15881,15881,Customs Duty,15250.36
15882,15882,Excise Duty,49931.76
15883,15883,Import Duty,5665.74
15884,15884,VAT,2043.22
15885,15885,Export Duty,186.02
15886,15886,Excise Duty,19019.19
15887,15887,Export Duty,281.9
15888,15888,Import Duty,74027.07
15889,15889,Import Duty,2055.5
15890,15890,Excise Duty,430.38
15891,15891,Customs Duty,46177.02
15892,15892,VAT,1621.67
15893,15893,VAT,433.34
15894,15894,VAT,111725.32
15895,15895,Customs Duty,474.16
15896,15896,Import Duty,5717.87
15897,15897,Customs Duty,67718.27
15898,15898,Excise Duty,14698.73
15899,15899,Customs Duty,116991.65
15900,15900,Customs Duty,13650.64
15901,15901,Customs Duty,7791.29
15902,15902,Customs Duty,170153.95
15903,15903,Customs Duty,17429.31
15904,15904,VAT,8078.16
15905,15905,Customs Duty,7947.98
15906,15906,Excise Duty,1485.77
15907,15907,Customs Duty,150.97
15908,15908,VAT,386.05
15909,15909,VAT,3122.45
15910,15910,Customs Duty,5289.21
15911,15911,Export Duty,45.82
15912,15912,VAT,1408.55
15913,15913,Customs Duty,67797.99
15914,15914,VAT,74168.98
15915,15915,VAT,14009.88
15916,15916,VAT,78943.15
15917,15917,Import Duty,25693.0
15918,15918,Export Duty,11146.6
15919,15919,Import Duty,188137.8
15920,15920,Excise Duty,25228.64
15921,15921,Import Duty,17767.01
15922,15922,Import Duty,5081.57
15923,15923,Import Duty,9571.93
15924,15924,Customs Duty,1379.12
15925,15925,VAT,85145.05
15926,15926,Export Duty,102514.89
15927,15927,Export Duty,114388.25
15928,15928,VAT,652.11
15929,15929,VAT,224128.29
15930,15930,Import Duty,666.3
15931,15931,Customs Duty,579.19
15932,15932,Import Duty,32727.08
15933,15933,Customs Duty,122.42
15934,15934,Export Duty,18696.87
15935,15935,Customs Duty,9810.05
15936,15936,Import Duty,192420.1
15937,15937,Customs Duty,23402.64
15938,15938,VAT,14274.1
15939,15939,Customs Duty,533.36
15940,15940,Customs Duty,1443.79
15941,15941,Customs Duty,1641.73
15942,15942,Import Duty,18576.55
15943,15943,VAT,2056.12
15944,15944,Customs Duty,91168.37
15945,15945,Import Duty,4660.66
15946,15946,VAT,17489.68
15947,15947,VAT,11429.49
15948,15948,Service Tax,544.16
15949,15949,Export Duty,1136.72
15950,15950,Import Duty,29366.37
15951,15951,Customs Duty,644.75
15952,15952,Customs Duty,2018.49
15953,15953,Customs Duty,731.22
15954,15954,Customs Duty,380.67
15955,15955,Import Duty,33466.66
15956,15956,Export Duty,6393.16
15957,15957,Export Duty,27966.65
15958,15958,Excise Duty,114512.31
15959,15959,Customs Duty,5016.83
15960,15960,Export Duty,668.08
15961,15961,Export Duty,286.46
15962,15962,Export Duty,5276.75
15963,15963,VAT,12890.77
15964,15964,Excise Duty,184306.7
15965,15965,Import Duty,27235.39
15966,15966,Import Duty,149446.34
15967,15967,Customs Duty,13046.5
15968,15968,Customs Duty,3896.9
15969,15969,Customs Duty,14980.29
15970,15970,Import Duty,7225.1
15971,15971,VAT,82431.52
15972,15972,VAT,96893.09
15973,15973,Customs Duty,8860.14
15974,15974,Excise Duty,41357.48
15975,15975,Customs Duty,1140.51
15976,15976,Import Duty,3843.81
15977,15977,Customs Duty,176870.26
15978,15978,Customs Duty,421.52
15979,15979,Customs Duty,3082.55
15980,15980,VAT,22182.73
15981,15981,Customs Duty,21028.17
15982,15982,VAT,4531.03
15983,15983,VAT,6963.79
15984,15984,Export Duty,2475.91
15985,15985,Import Duty,119641.16
15986,15986,Import Duty,365686.41
15987,15987,Excise Duty,14237.75
15988,15988,Excise Duty,825.23
15989,15989,VAT,720.29
15990,15990,Import Duty,34.43
15991,15991,Excise Duty,199.28
15992,15992,Import Duty,1365.01
15993,15993,Customs Duty,863.43
15994,15994,Import Duty,3038.44
15995,15995,VAT,183325.85
15996,15996,Customs Duty,157.33
15997,15997,Customs Duty,28247.42
15998,15998,Import Duty,1160.86
15999,15999,Import Duty,1394.79
16000,16000,Customs Duty,1573.8
16001,16001,VAT,2774.51
16002,16002,Customs Duty,41270.59
16003,16003,Service Tax,170.18
16004,16004,VAT,924.45
16005,16005,Import Duty,4014.62
16006,16006,Customs Duty,43571.49
16007,16007,Import Duty,75774.27
16008,16008,VAT,101832.56
16009,16009,Customs Duty,21088.06
16010,16010,Import Duty,21966.38
16011,16011,VAT,31504.52
16012,16012,Export Duty,42898.12
16013,16013,Customs Duty,2109.24
16014,16014,Customs Duty,4850.76
16015,16015,Import Duty,76638.12
16016,16016,VAT,160704.89
16017,16017,Import Duty,3988.98
16018,16018,Import Duty,74964.03
16019,16019,Customs Duty,12396.89
16020,16020,Customs Duty,82.78
16021,16021,Customs Duty,769.07
16022,16022,VAT,103728.94
16023,16023,Import Duty,17851.38
16024,16024,Customs Duty,566.5
16025,16025,VAT,9826.97
16026,16026,VAT,268811.67
16027,16027,Customs Duty,609.18
16028,16028,Customs Duty,94013.04
16029,16029,VAT,901.13
16030,16030,Customs Duty,200867.26
16031,16031,Import Duty,2529.07
16032,16032,Export Duty,5249.9
16033,16033,Customs Duty,13803.15
16034,16034,Customs Duty,68367.18
16035,16035,VAT,915.21
16036,16036,VAT,2390.74
16037,16037,VAT,1773.51
16038,16038,Customs Duty,4235.76
16039,16039,Export Duty,4088.19
16040,16040,Customs Duty,2680.82
16041,16041,Service Tax,295.61
16042,16042,Import Duty,1246.67
16043,16043,VAT,1711.51
16044,16044,Customs Duty,215.43
16045,16045,Excise Duty,112167.63
16046,16046,Export Duty,13605.93
16047,16047,Excise Duty,211.78
16048,16048,Export Duty,38339.84
16049,16049,Customs Duty,999.94
16050,16050,Customs Duty,10920.57
16051,16051,VAT,27036.97
16052,16052,VAT,1070.83
16053,16053,Customs Duty,541.91
16054,16054,Customs Duty,163981.49
16055,16055,Customs Duty,714.81
16056,16056,VAT,13569.86
16057,16057,Import Duty,2489.87
16058,16058,Export Duty,33182.7
16059,16059,Excise Duty,732.55
16060,16060,Customs Duty,557.85
16061,16061,Excise Duty,329.7
16062,16062,Export Duty,5040.36
16063,16063,Customs Duty,297.6
16064,16064,Export Duty,92842.84
16065,16065,VAT,116.36
16066,16066,VAT,1682.03
16067,16067,Customs Duty,11279.12
16068,16068,Import Duty,21801.28
16069,16069,VAT,1133.48
16070,16070,VAT,785.01
16071,16071,Customs Duty,44854.08
16072,16072,Customs Duty,162.54
16073,16073,VAT,224407.78
16074,16074,VAT,8720.55
16075,16075,VAT,10837.37
16076,16076,Customs Duty,7940.09
16077,16077,Customs Duty,88.14
16078,16078,Import Duty,223538.77
16079,16079,Customs Duty,1236.21
16080,16080,Customs Duty,23450.26
16081,16081,Customs Duty,31760.04
16082,16082,Import Duty,1442.8
16083,16083,Customs Duty,111.86
16084,16084,Customs Duty,313.63
16085,16085,Customs Duty,104716.76
16086,16086,Customs Duty,182284.79
16087,16087,Customs Duty,87750.84
16088,16088,Export Duty,133.94
16089,16089,Import Duty,11812.88
16090,16090,Import Duty,883.66
16091,16091,Import Duty,1066.89
16092,16092,Export Duty,190.89
16093,16093,Customs Duty,784.02
16094,16094,Customs Duty,29678.18
16095,16095,Export Duty,6251.97
16096,16096,Import Duty,125439.4
16097,16097,Export Duty,104823.88
16098,16098,Export Duty,33.24
16099,16099,VAT,192789.37
16100,16100,Service Tax,2000.01
16101,16101,Customs Duty,5033.17
16102,16102,Customs Duty,8361.65
16103,16103,Import Duty,44381.43
16104,16104,Export Duty,6510.05
16105,16105,Export Duty,1458.71
16106,16106,Customs Duty,94730.3
16107,16107,VAT,2083.7
16108,16108,Excise Duty,820.25
16109,16109,Customs Duty,2917.4
16110,16110,Service Tax,48463.99
16111,16111,VAT,42575.66
16112,16112,Import Duty,291553.39
16113,16113,Import Duty,8079.83
16114,16114,Customs Duty,835.23
16115,16115,VAT,15573.08
16116,16116,Customs Duty,512.01
16117,16117,VAT,1464.54
16118,16118,Customs Duty,166.48
16119,16119,Import Duty,84008.54
16120,16120,Customs Duty,1007.86
16121,16121,Import Duty,1425.78
16122,16122,Customs Duty,1540.48
16123,16123,Customs Duty,10255.49
16124,16124,Service Tax,30.86
16125,16125,VAT,11259.46
16126,16126,VAT,11534.9
16127,16127,VAT,28477.56
16128,16128,Export Duty,138.75
16129,16129,Import Duty,9518.49
16130,16130,Import Duty,15300.92
16131,16131,Customs Duty,55640.57
16132,16132,Service Tax,19651.83
16133,16133,VAT,106142.32
16134,16134,Service Tax,146.92
16135,16135,Export Duty,762.03
16136,16136,Customs Duty,2124.52
16137,16137,Import Duty,350306.88
16138,16138,Service Tax,184.47
16139,16139,Service Tax,740.25
16140,16140,Customs Duty,20388.47
16141,16141,Service Tax,1831.71
16142,16142,Export Duty,14275.52
16143,16143,Customs Duty,10342.33
16144,16144,Service Tax,523.93
16145,16145,VAT,6739.84
16146,16146,VAT,555.8
16147,16147,VAT,5522.72
16148,16148,VAT,6221.26
16149,16149,Import Duty,60748.91
16150,16150,VAT,956.17
16151,16151,VAT,1225.09
16152,16152,Customs Duty,86886.5
16153,16153,Customs Duty,44320.09
16154,16154,Import Duty,35023.64
16155,16155,VAT,5575.91
16156,16156,Import Duty,2492.86
16157,16157,Import Duty,17640.99
16158,16158,Export Duty,101.94
16159,16159,VAT,10803.49
16160,16160,Customs Duty,1670.87
16161,16161,Import Duty,5862.78
16162,16162,Import Duty,135277.61
16163,16163,Customs Duty,1445.58
16164,16164,VAT,130488.41
16165,16165,Customs Duty,14041.44
16166,16166,Customs Duty,1628.88
16167,16167,Customs Duty,723.35
16168,16168,VAT,172672.84
16169,16169,Import Duty,5999.6
16170,16170,VAT,327.84
16171,16171,Service Tax,22976.22
16172,16172,VAT,3093.73
16173,16173,Export Duty,95276.15
16174,16174,Customs Duty,4823.89
16175,16175,Customs Duty,59575.45
16176,16176,Service Tax,39347.52
16177,16177,Service Tax,87.57
16178,16178,Import Duty,6628.84
16179,16179,VAT,17945.4
16180,16180,Customs Duty,1287.46
16181,16181,Export Duty,63731.21
16182,16182,VAT,760.28
16183,16183,Service Tax,4988.99
16184,16184,Customs Duty,11921.51
16185,16185,VAT,17113.49
16186,16186,Customs Duty,4418.95
16187,16187,Service Tax,3695.41
16188,16188,Customs Duty,5471.25
16189,16189,Customs Duty,7329.77
16190,16190,Customs Duty,24348.19
16191,16191,VAT,20191.67
16192,16192,Service Tax,2915.9
16193,16193,Import Duty,231100.32
16194,16194,Import Duty,4778.94
16195,16195,Import Duty,23416.96
16196,16196,Customs Duty,82211.75
16197,16197,VAT,21600.76
16198,16198,Excise Duty,420.98
16199,16199,Import Duty,300649.66
16200,16200,Export Duty,420.1
16201,16201,Customs Duty,125.05
16202,16202,Import Duty,27251.51
16203,16203,Excise Duty,534.79
16204,16204,Import Duty,1831.65
16205,16205,Customs Duty,2119.49
16206,16206,VAT,133977.07
16207,16207,Export Duty,44592.35
16208,16208,VAT,13578.81
16209,16209,Customs Duty,9293.41
16210,16210,Import Duty,507.26
16211,16211,Import Duty,1905.8
16212,16212,Customs Duty,33520.73
16213,16213,Customs Duty,6513.27
16214,16214,Customs Duty,1433.14
16215,16215,Export Duty,443.79
16216,16216,Customs Duty,441.42
16217,16217,VAT,83675.41
16218,16218,Import Duty,361.22
16219,16219,VAT,109109.74
16220,16220,Export Duty,12287.24
16221,16221,Customs Duty,18117.43
16222,16222,VAT,240719.74
16223,16223,Export Duty,40818.78
16224,16224,Customs Duty,479.01
16225,16225,Import Duty,106911.75
16226,16226,Service Tax,19286.67
16227,16227,Excise Duty,7108.93
16228,16228,VAT,306.9
16229,16229,Service Tax,84202.16
16230,16230,VAT,151053.42
16231,16231,Excise Duty,695.2
16232,16232,Service Tax,355.72
16233,16233,Import Duty,244.82
16234,16234,Customs Duty,35616.96
16235,16235,Import Duty,18464.46
16236,16236,Export Duty,868.37
16237,16237,Excise Duty,10123.63
16238,16238,Excise Duty,3907.67
16239,16239,Import Duty,84.36
16240,16240,Customs Duty,1687.17
16241,16241,Customs Duty,224451.88
16242,16242,VAT,17401.5
16243,16243,Export Duty,13185.62
16244,16244,Customs Duty,21185.18
16245,16245,Customs Duty,105712.47
16246,16246,Customs Duty,70512.62
16247,16247,VAT,2777.88
16248,16248,Customs Duty,1981.1
16249,16249,Import Duty,223.05
16250,16250,VAT,186884.18
16251,16251,VAT,140784.43
16252,16252,VAT,5432.63
16253,16253,VAT,23187.8
16254,16254,Import Duty,90829.7
16255,16255,Export Duty,9221.46
16256,16256,Customs Duty,876.13
16257,16257,Customs Duty,7334.58
16258,16258,VAT,224127.17
16259,16259,Customs Duty,14921.38
16260,16260,Export Duty,7662.05
16261,16261,Customs Duty,85739.78
16262,16262,Import Duty,278359.5
16263,16263,VAT,610.09
16264,16264,Export Duty,527.34
16265,16265,VAT,22561.07
16266,16266,Import Duty,805.84
16267,16267,Excise Duty,115180.94
16268,16268,Import Duty,18580.59
16269,16269,VAT,155159.93
16270,16270,Export Duty,839.25
16271,16271,VAT,81108.48
16272,16272,Export Duty,267.06
16273,16273,Export Duty,61.57
16274,16274,Import Duty,56308.18
16275,16275,Customs Duty,125.34
16276,16276,Import Duty,22666.69
16277,16277,VAT,248171.33
16278,16278,Customs Duty,105763.22
16279,16279,Excise Duty,3532.92
16280,16280,Import Duty,103569.66
16281,16281,Import Duty,277225.5
16282,16282,Excise Duty,859.96
16283,16283,Excise Duty,135.27
16284,16284,VAT,1309.94
16285,16285,VAT,6497.69
16286,16286,Excise Duty,5576.36
16287,16287,Customs Duty,91289.0
16288,16288,VAT,212315.4
16289,16289,Customs Duty,11617.34
16290,16290,Customs Duty,1654.9
16291,16291,VAT,715.11
16292,16292,Export Duty,96.33
16293,16293,Import Duty,11356.12
16294,16294,VAT,1238.68
16295,16295,Customs Duty,13822.42
16296,16296,Export Duty,1935.46
16297,16297,Customs Duty,10350.8
16298,16298,Import Duty,29937.17
16299,16299,Import Duty,66341.12
16300,16300,VAT,2801.97
16301,16301,Customs Duty,3064.84
16302,16302,Import Duty,6564.43
16303,16303,Excise Duty,280.06
16304,16304,Import Duty,20932.95
16305,16305,Customs Duty,1938.23
16306,16306,Customs Duty,54718.61
16307,16307,Import Duty,46397.75
16308,16308,VAT,23328.16
16309,16309,Customs Duty,70102.38
16310,16310,VAT,6431.98
16311,16311,Customs Duty,98360.74
16312,16312,Import Duty,9897.25
16313,16313,Import Duty,180503.71
16314,16314,VAT,4855.77
16315,16315,Customs Duty,192.55
16316,16316,VAT,5590.52
16317,16317,Excise Duty,96179.43
16318,16318,VAT,678.6
16319,16319,Import Duty,578.7
16320,16320,Customs Duty,501.53
16321,16321,Customs Duty,3952.13
16322,16322,VAT,147935.09
16323,16323,Customs Duty,61174.03
16324,16324,Customs Duty,10068.72
16325,16325,Customs Duty,9424.55
16326,16326,Export Duty,26697.36
16327,16327,Export Duty,4942.24
16328,16328,Excise Duty,11179.15
16329,16329,Import Duty,181484.17
16330,16330,Customs Duty,127522.51
16331,16331,Customs Duty,2269.53
16332,16332,VAT,7069.52
16333,16333,Service Tax,774.33
16334,16334,VAT,24119.75
16335,16335,VAT,6950.89
16336,16336,VAT,51318.85
16337,16337,Customs Duty,7015.38
16338,16338,Customs Duty,50149.38
16339,16339,Export Duty,490.54
16340,16340,Import Duty,3319.09
16341,16341,Service Tax,6436.61
16342,16342,Customs Duty,18782.48
16343,16343,Customs Duty,82764.92
16344,16344,VAT,209028.19
16345,16345,VAT,11456.03
16346,16346,Import Duty,14526.95
16347,16347,Customs Duty,1193.66
16348,16348,Excise Duty,63.16
16349,16349,Import Duty,3249.96
16350,16350,Import Duty,181780.63
16351,16351,VAT,8815.38
16352,16352,Import Duty,71753.73
16353,16353,VAT,27516.51
16354,16354,Excise Duty,79372.35
16355,16355,Customs Duty,637.38
16356,16356,Excise Duty,90636.14
16357,16357,VAT,268708.09
16358,16358,Import Duty,1536.81
16359,16359,VAT,2168.1
16360,16360,Import Duty,172207.83
16361,16361,Import Duty,3193.15
16362,16362,Import Duty,1552.32
16363,16363,VAT,69796.59
16364,16364,Import Duty,3707.43
16365,16365,Import Duty,18471.59
16366,16366,Customs Duty,379.29
16367,16367,Export Duty,1869.99
16368,16368,Import Duty,1019.38
16369,16369,Import Duty,584.66
16370,16370,Import Duty,18489.36
16371,16371,Export Duty,10465.63
16372,16372,Import Duty,4557.25
16373,16373,Import Duty,37270.93
16374,16374,Import Duty,28138.26
16375,16375,Customs Duty,4234.55
16376,16376,VAT,2325.19
16377,16377,Import Duty,210.08
16378,16378,Customs Duty,230.66
16379,16379,Customs Duty,53427.64
16380,16380,Export Duty,34567.91
16381,16381,VAT,9973.19
16382,16382,Import Duty,505.56
16383,16383,Customs Duty,779.33
16384,16384,Service Tax,567.3
16385,16385,Customs Duty,1814.78
16386,16386,VAT,14999.13
16387,16387,Export Duty,3770.28
16388,16388,VAT,2523.14
16389,16389,Excise Duty,1436.83
16390,16390,Import Duty,642.77
16391,16391,Customs Duty,2591.62
16392,16392,Import Duty,1496.03
16393,16393,VAT,363156.07
16394,16394,Customs Duty,52057.05
16395,16395,VAT,211528.3
16396,16396,Service Tax,1827.08
16397,16397,Excise Duty,163610.15
16398,16398,Customs Duty,1987.36
16399,16399,Customs Duty,3623.08
16400,16400,Export Duty,477.14
16401,16401,VAT,29940.39
16402,16402,VAT,47773.5
16403,16403,VAT,857.71
16404,16404,VAT,8429.35
16405,16405,Excise Duty,35.9
16406,16406,Export Duty,802.78
16407,16407,Customs Duty,66422.19
16408,16408,VAT,1219.51
16409,16409,Customs Duty,249.63
16410,16410,VAT,91705.14
16411,16411,Customs Duty,7906.29
16412,16412,Customs Duty,2817.81
16413,16413,VAT,2286.86
16414,16414,VAT,212421.21
16415,16415,VAT,1015.22
16416,16416,Export Duty,699.09
16417,16417,Export Duty,34380.07
16418,16418,Import Duty,10998.45
16419,16419,Customs Duty,16.8
16420,16420,Customs Duty,1103.25
16421,16421,VAT,30719.48
16422,16422,VAT,202618.63
16423,16423,Export Duty,9628.54
16424,16424,Customs Duty,2581.69
16425,16425,Customs Duty,1940.1
16426,16426,Export Duty,1188.86
16427,16427,VAT,1087.47
16428,16428,VAT,9436.91
16429,16429,VAT,1461.35
16430,16430,VAT,16875.31
16431,16431,Import Duty,181175.31
16432,16432,Export Duty,22307.19
16433,16433,Excise Duty,41305.07
16434,16434,Excise Duty,30675.36
16435,16435,Export Duty,37929.01
16436,16436,VAT,21164.9
16437,16437,VAT,2088.64
16438,16438,Excise Duty,738.26
16439,16439,Customs Duty,622.83
16440,16440,VAT,595.41
16441,16441,Import Duty,127315.66
16442,16442,Export Duty,1156.86
16443,16443,Excise Duty,188689.5
16444,16444,VAT,2582.81
16445,16445,Customs Duty,3782.0
16446,16446,Export Duty,5065.08
16447,16447,Customs Duty,1676.51
16448,16448,VAT,1129.11
16449,16449,Customs Duty,2776.15
16450,16450,Import Duty,29936.16
16451,16451,Excise Duty,70208.36
16452,16452,VAT,9437.22
16453,16453,Customs Duty,13090.6
16454,16454,Import Duty,655.38
16455,16455,Import Duty,557.46
16456,16456,VAT,1575.93
16457,16457,Import Duty,11972.78
16458,16458,Customs Duty,993.06
16459,16459,Customs Duty,566.99
16460,16460,Excise Duty,11621.22
16461,16461,VAT,119184.36
16462,16462,VAT,618.95
16463,16463,Service Tax,78948.57
16464,16464,VAT,176270.64
16465,16465,VAT,247031.12
16466,16466,Export Duty,27124.77
16467,16467,Import Duty,82541.32
16468,16468,VAT,10712.79
16469,16469,VAT,131160.16
16470,16470,Export Duty,110727.58
16471,16471,Excise Duty,6421.19
16472,16472,Excise Duty,451.9
16473,16473,Service Tax,49526.18
16474,16474,VAT,3082.16
16475,16475,VAT,6317.99
16476,16476,Import Duty,390.17
16477,16477,VAT,3214.27
16478,16478,VAT,17350.22
16479,16479,Export Duty,417.88
16480,16480,Customs Duty,1776.72
16481,16481,Customs Duty,1243.45
16482,16482,Customs Duty,1582.88
16483,16483,Customs Duty,3374.38
16484,16484,Customs Duty,2490.98
16485,16485,Customs Duty,264202.71
16486,16486,Import Duty,133732.04
16487,16487,Customs Duty,437.59
16488,16488,Export Duty,2814.83
16489,16489,Customs Duty,51589.22
16490,16490,Service Tax,46029.61
16491,16491,Export Duty,59.97
16492,16492,VAT,9345.16
16493,16493,VAT,2771.28
16494,16494,VAT,4869.24
16495,16495,VAT,23547.45
16496,16496,Export Duty,479.55
16497,16497,VAT,3236.63
16498,16498,Import Duty,8127.33
16499,16499,Customs Duty,59210.6
16500,16500,VAT,130141.62
16501,16501,Import Duty,8839.08
16502,16502,Import Duty,68284.55
16503,16503,Customs Duty,1489.5
16504,16504,Import Duty,95.08
16505,16505,Import Duty,51502.31
16506,16506,Export Duty,137.05
16507,16507,Customs Duty,14572.18
16508,16508,Import Duty,19880.95
16509,16509,Service Tax,8732.74
16510,16510,Customs Duty,78409.41
16511,16511,VAT,3468.26
16512,16512,VAT,1299.33
16513,16513,Customs Duty,93509.07
16514,16514,Customs Duty,4805.73
16515,16515,Customs Duty,827.57
16516,16516,Import Duty,899.21
16517,16517,VAT,1064.79
16518,16518,Customs Duty,100642.5
16519,16519,Customs Duty,80438.5
16520,16520,Import Duty,1707.6
16521,16521,VAT,114870.63
16522,16522,Service Tax,3394.12
16523,16523,VAT,95868.12
16524,16524,Customs Duty,24266.75
16525,16525,Customs Duty,72220.45
16526,16526,Export Duty,1503.03
16527,16527,VAT,206076.16
16528,16528,Customs Duty,23926.46
16529,16529,VAT,3251.02
16530,16530,Import Duty,21133.16
16531,16531,Export Duty,48241.4
16532,16532,Customs Duty,20149.07
16533,16533,Excise Duty,306.22
16534,16534,VAT,6526.28
16535,16535,Excise Duty,87779.95
16536,16536,Customs Duty,505.36
16537,16537,VAT,65409.73
16538,16538,VAT,22615.74
16539,16539,VAT,3152.4
16540,16540,Import Duty,560.79
16541,16541,VAT,4438.07
16542,16542,Customs Duty,1491.33
16543,16543,Customs Duty,287993.02
16544,16544,Customs Duty,15174.14
16545,16545,Customs Duty,54.3
16546,16546,Export Duty,1277.25
16547,16547,Import Duty,13270.63
16548,16548,Service Tax,209.76
16549,16549,Customs Duty,7272.13
16550,16550,Import Duty,12366.67
16551,16551,Import Duty,269.57
16552,16552,Import Duty,227.09
16553,16553,Export Duty,4779.37
16554,16554,Excise Duty,154151.61
16555,16555,VAT,33927.67
16556,16556,Service Tax,3885.14
16557,16557,Import Duty,63985.91
16558,16558,Excise Duty,8727.47
16559,16559,Customs Duty,67823.74
16560,16560,VAT,1772.13
16561,16561,VAT,40179.33
16562,16562,VAT,1893.11
16563,16563,Customs Duty,1885.26
16564,16564,Customs Duty,1411.95
16565,16565,VAT,466.93
16566,16566,Excise Duty,641.17
16567,16567,Service Tax,151.43
16568,16568,VAT,23712.29
16569,16569,Import Duty,38193.06
16570,16570,Import Duty,23787.49
16571,16571,VAT,1978.07
16572,16572,Import Duty,3457.57
16573,16573,Service Tax,14824.01
16574,16574,VAT,77486.72
16575,16575,Import Duty,25134.19
16576,16576,Export Duty,8392.77
16577,16577,Import Duty,10380.98
16578,16578,Import Duty,84.84
16579,16579,Customs Duty,223501.14
16580,16580,Excise Duty,39657.18
16581,16581,Customs Duty,5078.23
16582,16582,Customs Duty,1974.23
16583,16583,Import Duty,246690.21
16584,16584,Customs Duty,2254.33
16585,16585,VAT,74781.53
16586,16586,Import Duty,75287.21
16587,16587,Import Duty,896.85
16588,16588,Import Duty,7781.83
16589,16589,Customs Duty,20495.16
16590,16590,Export Duty,24898.95
16591,16591,VAT,8203.96
16592,16592,Export Duty,670.82
16593,16593,Import Duty,23345.31
16594,16594,Customs Duty,4929.06
16595,16595,VAT,87874.99
16596,16596,Customs Duty,1104.55
16597,16597,Customs Duty,45087.67
16598,16598,Import Duty,8086.21
16599,16599,Export Duty,4500.9
16600,16600,Customs Duty,14855.44
16601,16601,Import Duty,36222.69
16602,16602,VAT,130116.47
16603,16603,Export Duty,1210.52
16604,16604,Customs Duty,139676.3
16605,16605,Import Duty,785.59
16606,16606,Export Duty,93047.68
16607,16607,Excise Duty,37649.84
16608,16608,VAT,328.32
16609,16609,Import Duty,8025.93
16610,16610,Customs Duty,121161.12
16611,16611,Export Duty,3330.04
16612,16612,Customs Duty,1559.01
16613,16613,VAT,34240.05
16614,16614,Excise Duty,18390.5
16615,16615,VAT,11185.22
16616,16616,VAT,811.93
16617,16617,Import Duty,1718.57
16618,16618,VAT,179.68
16619,16619,Customs Duty,13087.72
16620,16620,VAT,10949.67
16621,16621,Import Duty,2722.6
16622,16622,Service Tax,6361.38
16623,16623,Import Duty,7405.26
16624,16624,Customs Duty,36997.26
16625,16625,Customs Duty,3521.54
16626,16626,Export Duty,84932.89
16627,16627,Import Duty,25733.67
16628,16628,VAT,23463.28
16629,16629,Excise Duty,120865.49
16630,16630,Customs Duty,439.11
16631,16631,VAT,13504.15
16632,16632,VAT,21682.29
16633,16633,Customs Duty,349.39
16634,16634,Import Duty,1916.65
16635,16635,Customs Duty,5179.43
16636,16636,Customs Duty,57400.19
16637,16637,Export Duty,102196.66
16638,16638,Import Duty,901.16
16639,16639,VAT,13142.98
16640,16640,Export Duty,5570.26
16641,16641,VAT,464.63
16642,16642,Export Duty,44337.03
16643,16643,VAT,130355.77
16644,16644,Import Duty,109266.96
16645,16645,Excise Duty,817.75
16646,16646,Import Duty,1144.67
16647,16647,Customs Duty,127526.03
16648,16648,Import Duty,3053.21
16649,16649,Customs Duty,5256.72
16650,16650,Export Duty,1265.14
16651,16651,Excise Duty,195367.86
16652,16652,Export Duty,6392.18
16653,16653,Excise Duty,31929.93
16654,16654,VAT,108279.43
16655,16655,Export Duty,45067.34
16656,16656,Customs Duty,1359.15
16657,16657,VAT,134711.6
16658,16658,VAT,36241.29
16659,16659,VAT,142316.79
16660,16660,Service Tax,288.04
16661,16661,Import Duty,545.06
16662,16662,Import Duty,19851.86
16663,16663,Export Duty,6244.09
16664,16664,Import Duty,1712.66
16665,16665,Export Duty,27071.1
16666,16666,Export Duty,14079.88
16667,16667,Import Duty,1961.22
16668,16668,VAT,3989.82
16669,16669,Customs Duty,5954.44
16670,16670,Service Tax,26684.02
16671,16671,VAT,79796.19
16672,16672,Customs Duty,9287.94
16673,16673,VAT,4366.51
16674,16674,VAT,589.13
16675,16675,Excise Duty,6082.04
16676,16676,Import Duty,1978.23
16677,16677,Excise Duty,1708.56
16678,16678,Import Duty,66611.93
16679,16679,VAT,119673.07
16680,16680,Excise Duty,9275.45
16681,16681,Customs Duty,104284.6
16682,16682,Excise Duty,14737.97
16683,16683,Service Tax,46372.08
16684,16684,Import Duty,121917.56
16685,16685,Export Duty,39544.6
16686,16686,Service Tax,29963.95
16687,16687,VAT,10827.37
16688,16688,Export Duty,196.9
16689,16689,VAT,19048.19
16690,16690,Import Duty,403515.19
16691,16691,Excise Duty,13382.12
16692,16692,Customs Duty,119137.81
16693,16693,Customs Duty,124649.39
16694,16694,Customs Duty,779.28
16695,16695,Customs Duty,747.37
16696,16696,Import Duty,985.54
16697,16697,Import Duty,160078.6
16698,16698,Excise Duty,78667.7
16699,16699,Customs Duty,397.67
16700,16700,VAT,244.74
16701,16701,VAT,125954.66
16702,16702,Customs Duty,6028.22
16703,16703,Customs Duty,5265.45
16704,16704,Import Duty,252423.6
16705,16705,Import Duty,306968.22
16706,16706,Customs Duty,54689.31
16707,16707,Customs Duty,391.45
16708,16708,VAT,156225.07
16709,16709,VAT,135771.39
16710,16710,Excise Duty,105834.15
16711,16711,Service Tax,85.27
16712,16712,VAT,1490.28
16713,16713,Import Duty,4381.95
16714,16714,Import Duty,12156.67
16715,16715,VAT,259.33
16716,16716,Customs Duty,1972.85
16717,16717,Import Duty,175403.07
16718,16718,Customs Duty,1201.76
16719,16719,Export Duty,2069.02
16720,16720,Customs Duty,20949.81
16721,16721,Export Duty,16236.02
16722,16722,VAT,81609.29
16723,16723,Export Duty,550.91
16724,16724,VAT,105149.85
16725,16725,Export Duty,342.55
16726,16726,Customs Duty,119909.13
16727,16727,Customs Duty,5103.29
16728,16728,Import Duty,59020.3
16729,16729,Customs Duty,11220.03
16730,16730,Excise Duty,181.6
16731,16731,VAT,230849.32
16732,16732,Service Tax,786.16
16733,16733,Export Duty,740.26
16734,16734,Service Tax,83013.02
16735,16735,VAT,40883.32
16736,16736,VAT,122445.93
16737,16737,Customs Duty,169.66
16738,16738,Import Duty,16990.83
16739,16739,Service Tax,783.06
16740,16740,Excise Duty,4450.55
16741,16741,Service Tax,1096.68
16742,16742,Export Duty,193.22
16743,16743,Excise Duty,266.19
16744,16744,Import Duty,173793.9
16745,16745,VAT,2838.63
16746,16746,VAT,6584.85
16747,16747,Customs Duty,14501.32
16748,16748,Customs Duty,228.76
16749,16749,Import Duty,18227.36
16750,16750,VAT,142652.44
16751,16751,Import Duty,497.05
16752,16752,Customs Duty,90376.22
16753,16753,Import Duty,572.84
16754,16754,Customs Duty,13943.48
16755,16755,Customs Duty,28711.59
16756,16756,Export Duty,15623.05
16757,16757,Import Duty,887.52
16758,16758,Import Duty,67976.36
16759,16759,Excise Duty,6307.43
16760,16760,Customs Duty,17659.23
16761,16761,VAT,172332.13
16762,16762,Excise Duty,14354.21
16763,16763,VAT,511.96
16764,16764,VAT,300614.74
16765,16765,Customs Duty,60737.62
16766,16766,Excise Duty,1275.29
16767,16767,VAT,117620.59
16768,16768,Service Tax,17011.76
16769,16769,Customs Duty,668.18
16770,16770,Export Duty,1912.92
16771,16771,Excise Duty,1486.85
16772,16772,VAT,252633.44
16773,16773,Import Duty,408.39
16774,16774,Customs Duty,243.24
16775,16775,Customs Duty,824.0
16776,16776,Import Duty,422.9
16777,16777,Import Duty,137980.6
16778,16778,Import Duty,59801.06
16779,16779,VAT,312609.2
16780,16780,Customs Duty,26916.35
16781,16781,Customs Duty,39217.68
16782,16782,Customs Duty,1025.88
16783,16783,Customs Duty,39587.48
16784,16784,VAT,1093.55
16785,16785,Customs Duty,20085.64
16786,16786,VAT,15326.11
16787,16787,Service Tax,35212.71
16788,16788,Export Duty,46.39
16789,16789,Excise Duty,12592.99
16790,16790,Import Duty,5353.14
16791,16791,Customs Duty,30778.87
16792,16792,Service Tax,1203.35
16793,16793,Service Tax,108.67
16794,16794,Service Tax,17739.78
16795,16795,Export Duty,5729.65
16796,16796,VAT,3214.65
16797,16797,Customs Duty,96208.34
16798,16798,Export Duty,748.73
16799,16799,Excise Duty,12859.2
16800,16800,Import Duty,398.4
16801,16801,VAT,1487.81
16802,16802,Customs Duty,231.55
16803,16803,VAT,750.47
16804,16804,Export Duty,182.93
16805,16805,Import Duty,12617.83
16806,16806,Import Duty,1336.82
16807,16807,VAT,2188.41
16808,16808,Customs Duty,8084.33
16809,16809,Service Tax,21865.29
16810,16810,Service Tax,277.83
16811,16811,Customs Duty,64501.91
16812,16812,VAT,952.48
16813,16813,Import Duty,1487.48
16814,16814,Export Duty,4567.21
16815,16815,Import Duty,66687.99
16816,16816,Customs Duty,5774.8
16817,16817,Customs Duty,34374.4
16818,16818,Excise Duty,395.72
16819,16819,Import Duty,168.83
16820,16820,VAT,4697.88
16821,16821,VAT,61557.91
16822,16822,Customs Duty,932.71
16823,16823,VAT,149570.44
16824,16824,Export Duty,1679.35
16825,16825,Customs Duty,18759.37
16826,16826,Import Duty,79854.38
16827,16827,Excise Duty,864.58
16828,16828,Customs Duty,151.76
16829,16829,Import Duty,3571.55
16830,16830,Service Tax,121.06
16831,16831,Customs Duty,19840.64
16832,16832,Customs Duty,624.32
16833,16833,Import Duty,18885.06
16834,16834,Excise Duty,1495.25
16835,16835,Import Duty,13486.62
16836,16836,Customs Duty,1590.05
16837,16837,Customs Duty,21083.68
16838,16838,Export Duty,10649.23
16839,16839,VAT,2291.21
16840,16840,Excise Duty,103.39
16841,16841,Customs Duty,59832.73
16842,16842,Customs Duty,165863.19
16843,16843,Import Duty,14825.06
16844,16844,Customs Duty,553.51
16845,16845,VAT,25772.84
16846,16846,Service Tax,43425.12
16847,16847,Import Duty,2478.23
16848,16848,Excise Duty,8436.89
16849,16849,Customs Duty,13378.83
16850,16850,Import Duty,117978.88
16851,16851,Import Duty,1154.78
16852,16852,Import Duty,1305.85
16853,16853,VAT,295121.49
16854,16854,Customs Duty,6615.05
16855,16855,VAT,164586.62
16856,16856,Customs Duty,2473.37
16857,16857,VAT,13213.52
16858,16858,Import Duty,6513.18
16859,16859,Import Duty,111472.87
16860,16860,Import Duty,9326.09
16861,16861,VAT,3235.52
16862,16862,VAT,144766.82
16863,16863,Import Duty,297599.18
16864,16864,Service Tax,219.28
16865,16865,Import Duty,65113.66
16866,16866,Import Duty,31260.93
16867,16867,Customs Duty,243.68
16868,16868,Import Duty,886.54
16869,16869,VAT,943.89
16870,16870,Import Duty,551.14
16871,16871,Export Duty,9424.06
16872,16872,VAT,2083.23
16873,16873,Customs Duty,1868.64
16874,16874,Import Duty,16463.48
16875,16875,Customs Duty,27057.89
16876,16876,Export Duty,1140.43
16877,16877,Customs Duty,131936.64
16878,16878,Service Tax,8317.64
16879,16879,Export Duty,1321.07
16880,16880,Service Tax,1902.0
16881,16881,VAT,529.28
16882,16882,Customs Duty,52366.45
16883,16883,Import Duty,76993.34
16884,16884,Import Duty,3004.7
16885,16885,VAT,33863.39
16886,16886,VAT,8984.45
16887,16887,Customs Duty,472.91
16888,16888,Customs Duty,6895.15
16889,16889,Service Tax,38346.3
16890,16890,Customs Duty,203849.94
16891,16891,VAT,203392.53
16892,16892,VAT,179.65
16893,16893,Import Duty,252.33
16894,16894,Import Duty,4493.54
16895,16895,Customs Duty,20197.58
16896,16896,Customs Duty,5663.46
16897,16897,Import Duty,177.2
16898,16898,Import Duty,172439.6
16899,16899,Export Duty,13540.49
16900,16900,Export Duty,6922.09
16901,16901,Customs Duty,5640.55
16902,16902,Customs Duty,232505.25
16903,16903,Excise Duty,1007.36
16904,16904,Export Duty,260.99
16905,16905,Customs Duty,152911.52
16906,16906,Customs Duty,946.75
16907,16907,Export Duty,52900.39
16908,16908,Export Duty,1391.85
16909,16909,Service Tax,421.1
16910,16910,Service Tax,4770.18
16911,16911,VAT,2175.13
16912,16912,Import Duty,45.82
16913,16913,Import Duty,17939.77
16914,16914,Excise Duty,1943.65
16915,16915,VAT,57686.78
16916,16916,Import Duty,213572.71
16917,16917,Import Duty,184162.67
16918,16918,VAT,279.47
16919,16919,Import Duty,391.32
16920,16920,Import Duty,38.83
16921,16921,VAT,22398.09
16922,16922,Import Duty,654.4
16923,16923,Customs Duty,2213.79
16924,16924,Customs Duty,250568.79
16925,16925,Service Tax,8535.69
16926,16926,Customs Duty,4909.1
16927,16927,Import Duty,3291.54
16928,16928,Service Tax,31070.56
16929,16929,VAT,228026.69
16930,16930,Export Duty,610.15
16931,16931,Import Duty,3117.17
16932,16932,Service Tax,4499.76
16933,16933,Service Tax,38.44
16934,16934,Excise Duty,613.6
16935,16935,Service Tax,200.82
16936,16936,Import Duty,29079.32
16937,16937,Customs Duty,13691.84
16938,16938,VAT,975.49
16939,16939,Customs Duty,84125.21
16940,16940,Customs Duty,48294.29
16941,16941,VAT,253921.48
16942,16942,Import Duty,19862.53
16943,16943,Customs Duty,26373.36
16944,16944,Import Duty,326.07
16945,16945,Service Tax,239.12
16946,16946,Import Duty,42948.52
16947,16947,Export Duty,671.98
16948,16948,Import Duty,4527.97
16949,16949,Import Duty,64733.93
16950,16950,Customs Duty,100779.77
16951,16951,VAT,18525.42
16952,16952,Import Duty,7168.43
16953,16953,Customs Duty,10757.66
16954,16954,VAT,96102.12
16955,16955,VAT,25312.88
16956,16956,Export Duty,1745.91
16957,16957,Customs Duty,6537.36
16958,16958,Import Duty,289790.98
16959,16959,VAT,121582.64
16960,16960,VAT,145223.27
16961,16961,Export Duty,5571.19
16962,16962,Service Tax,3729.77
16963,16963,Excise Duty,1808.74
16964,16964,VAT,1624.42
16965,16965,Customs Duty,261111.49
16966,16966,VAT,1512.93
16967,16967,Customs Duty,3150.19
16968,16968,Service Tax,19037.44
16969,16969,Customs Duty,38792.52
16970,16970,Customs Duty,1291.6
16971,16971,Customs Duty,3195.54
16972,16972,VAT,505.5
16973,16973,Excise Duty,11717.0
16974,16974,VAT,1773.02
16975,16975,Excise Duty,297.08
16976,16976,Export Duty,8757.83
16977,16977,Excise Duty,12440.01
16978,16978,Customs Duty,18486.34
16979,16979,Excise Duty,4284.07
16980,16980,Import Duty,620.07
16981,16981,Export Duty,45403.42
16982,16982,Service Tax,2912.47
16983,16983,VAT,1146.21
16984,16984,Import Duty,15813.48
16985,16985,Export Duty,452.25
16986,16986,Export Duty,1786.02
16987,16987,VAT,273327.72
16988,16988,Customs Duty,1930.28
16989,16989,Import Duty,13853.63
16990,16990,Customs Duty,1762.36
16991,16991,Import Duty,12938.51
16992,16992,VAT,361.53
16993,16993,Customs Duty,56166.61
16994,16994,Customs Duty,7373.0
16995,16995,VAT,9622.6
16996,16996,Import Duty,27166.21
16997,16997,Excise Duty,483.2
16998,16998,Export Duty,114.83
16999,16999,Import Duty,1193.9
17000,17000,Import Duty,63210.5
17001,17001,Customs Duty,7540.3
17002,17002,Customs Duty,2922.31
17003,17003,VAT,873.42
17004,17004,Customs Duty,849.72
17005,17005,Import Duty,57870.55
17006,17006,Import Duty,917.47
17007,17007,VAT,1453.49
17008,17008,VAT,106611.25
17009,17009,Customs Duty,11700.77
17010,17010,VAT,1430.99
17011,17011,Import Duty,253946.39
17012,17012,Service Tax,2963.94
17013,17013,Customs Duty,234.2
17014,17014,VAT,118648.97
17015,17015,Import Duty,6293.05
17016,17016,Customs Duty,1157.32
17017,17017,VAT,172597.99
17018,17018,Excise Duty,1368.04
17019,17019,Import Duty,118067.89
17020,17020,Customs Duty,7833.62
17021,17021,Customs Duty,74868.2
17022,17022,VAT,11562.17
17023,17023,Customs Duty,19329.65
17024,17024,VAT,71275.16
17025,17025,Customs Duty,98444.23
17026,17026,VAT,145457.63
17027,17027,VAT,195641.41
17028,17028,Excise Duty,502.0
17029,17029,Import Duty,138031.23
17030,17030,Customs Duty,6554.28
17031,17031,Customs Duty,1273.02
17032,17032,Import Duty,9141.5
17033,17033,Import Duty,218033.65
17034,17034,Excise Duty,674.91
17035,17035,Customs Duty,1459.5
17036,17036,Export Duty,39630.89
17037,17037,Import Duty,2971.86
17038,17038,Customs Duty,199421.42
17039,17039,Customs Duty,2155.03
17040,17040,Import Duty,2381.48
17041,17041,Import Duty,267590.75
17042,17042,Import Duty,250003.64
17043,17043,Customs Duty,1673.67
17044,17044,Import Duty,344574.46
17045,17045,Import Duty,22307.21
17046,17046,Import Duty,26305.08
17047,17047,Import Duty,8229.06
17048,17048,Export Duty,782.62
17049,17049,Import Duty,22849.77
17050,17050,Import Duty,15037.08
17051,17051,Customs Duty,424.72
17052,17052,Service Tax,70079.19
17053,17053,Customs Duty,391.26
17054,17054,VAT,1957.31
17055,17055,VAT,11184.69
17056,17056,VAT,43835.97
17057,17057,Customs Duty,1296.39
17058,17058,Import Duty,245499.95
17059,17059,Customs Duty,557.92
17060,17060,Import Duty,53976.63
17061,17061,Customs Duty,2288.75
17062,17062,Export Duty,35430.53
17063,17063,Service Tax,44928.44
17064,17064,Excise Duty,18541.1
17065,17065,VAT,126614.48
17066,17066,Customs Duty,39042.7
17067,17067,Import Duty,84802.72
17068,17068,Customs Duty,99197.85
17069,17069,Import Duty,26074.05
17070,17070,Service Tax,15525.16
17071,17071,VAT,244779.76
17072,17072,Customs Duty,13808.77
17073,17073,Excise Duty,15781.11
17074,17074,VAT,2640.95
17075,17075,Customs Duty,195584.25
17076,17076,Service Tax,449.69
17077,17077,Import Duty,3141.61
17078,17078,VAT,101.97
17079,17079,Excise Duty,20170.14
17080,17080,Import Duty,315669.46
17081,17081,Export Duty,2839.02
17082,17082,VAT,23985.16
17083,17083,Customs Duty,1284.2
17084,17084,Import Duty,78602.97
17085,17085,Export Duty,21101.04
17086,17086,Excise Duty,72642.68
17087,17087,Service Tax,713.72
17088,17088,Customs Duty,94.34
17089,17089,Customs Duty,880.06
17090,17090,Customs Duty,46363.62
17091,17091,Import Duty,6001.18
17092,17092,Import Duty,192449.15
17093,17093,VAT,10838.04
17094,17094,VAT,30347.98
17095,17095,Import Duty,61176.91
17096,17096,VAT,65989.31
17097,17097,Import Duty,2422.31
17098,17098,VAT,116807.81
17099,17099,VAT,12252.08
17100,17100,Customs Duty,154592.37
17101,17101,VAT,6044.59
17102,17102,Import Duty,61138.9
17103,17103,Excise Duty,5756.38
17104,17104,Customs Duty,69734.3
17105,17105,Excise Duty,273.19
17106,17106,Import Duty,27955.92
17107,17107,Excise Duty,6304.98
17108,17108,Excise Duty,36714.38
17109,17109,Service Tax,1203.56
17110,17110,Export Duty,320.2
17111,17111,VAT,15961.13
17112,17112,Service Tax,65420.72
17113,17113,Customs Duty,69693.39
17114,17114,Import Duty,489.35
17115,17115,Import Duty,2669.27
17116,17116,Import Duty,730.98
17117,17117,Customs Duty,106414.13
17118,17118,VAT,420.79
17119,17119,VAT,32212.97
17120,17120,Excise Duty,3158.77
17121,17121,VAT,64659.12
17122,17122,Import Duty,469.58
17123,17123,VAT,20696.87
17124,17124,VAT,6789.15
17125,17125,Import Duty,31285.02
17126,17126,Excise Duty,2387.95
17127,17127,Import Duty,3931.06
17128,17128,Customs Duty,13991.37
17129,17129,Import Duty,668.2
17130,17130,Import Duty,14484.75
17131,17131,Import Duty,25185.19
17132,17132,Customs Duty,514.86
17133,17133,Excise Duty,104.48
17134,17134,Excise Duty,203.23
17135,17135,Import Duty,172967.18
17136,17136,VAT,3120.93
17137,17137,VAT,18781.41
17138,17138,VAT,3553.06
17139,17139,Customs Duty,14216.85
17140,17140,VAT,183867.88
17141,17141,Excise Duty,733.39
17142,17142,Customs Duty,169389.96
17143,17143,Export Duty,65019.64
17144,17144,Service Tax,16759.63
17145,17145,Customs Duty,2557.43
17146,17146,Export Duty,74.19
17147,17147,Customs Duty,40101.5
17148,17148,Customs Duty,95831.77
17149,17149,VAT,707.86
17150,17150,VAT,14370.81
17151,17151,Export Duty,78573.54
17152,17152,Import Duty,1069.46
17153,17153,Import Duty,116542.38
17154,17154,Customs Duty,16400.07
17155,17155,Import Duty,5367.34
17156,17156,VAT,2200.44
17157,17157,Customs Duty,153038.98
17158,17158,Import Duty,94840.66
17159,17159,Export Duty,341.52
17160,17160,Service Tax,5910.21
17161,17161,Export Duty,1894.53
17162,17162,Excise Duty,4412.99
17163,17163,Customs Duty,2440.52
17164,17164,Export Duty,2536.28
17165,17165,Customs Duty,5750.41
17166,17166,Customs Duty,10558.93
17167,17167,Customs Duty,249335.12
17168,17168,Customs Duty,68195.74
17169,17169,VAT,17145.26
17170,17170,Export Duty,4123.73
17171,17171,Export Duty,7347.71
17172,17172,Customs Duty,453.6
17173,17173,Export Duty,618.0
17174,17174,Service Tax,7506.69
17175,17175,Import Duty,46918.32
17176,17176,VAT,21378.41
17177,17177,Export Duty,771.37
17178,17178,Import Duty,4471.64
17179,17179,Import Duty,959.04
17180,17180,VAT,1003.12
17181,17181,VAT,2748.11
17182,17182,Customs Duty,52647.25
17183,17183,VAT,5185.24
17184,17184,Customs Duty,372.05
17185,17185,Excise Duty,60023.23
17186,17186,Import Duty,14604.93
17187,17187,VAT,544.78
17188,17188,Excise Duty,76778.08
17189,17189,Customs Duty,1974.05
17190,17190,VAT,10456.56
17191,17191,VAT,79340.31
17192,17192,VAT,284679.06
17193,17193,Import Duty,22737.92
17194,17194,Export Duty,3127.39
17195,17195,Excise Duty,7824.61
17196,17196,VAT,26894.43
17197,17197,Import Duty,79343.63
17198,17198,VAT,142744.64
17199,17199,VAT,8960.43
17200,17200,VAT,506.74
17201,17201,Customs Duty,1161.28
17202,17202,Import Duty,171487.01
17203,17203,Customs Duty,7298.5
17204,17204,Customs Duty,222.21
17205,17205,VAT,222036.06
17206,17206,Customs Duty,1201.04
17207,17207,Service Tax,5474.65
17208,17208,VAT,94724.84
17209,17209,Import Duty,98960.37
17210,17210,Customs Duty,133388.97
17211,17211,Customs Duty,17472.96
17212,17212,VAT,200832.14
17213,17213,Customs Duty,749.84
17214,17214,VAT,15860.68
17215,17215,VAT,13626.16
17216,17216,Export Duty,81946.6
17217,17217,VAT,92073.52
17218,17218,Excise Duty,776.77
17219,17219,Export Duty,14306.22
17220,17220,Customs Duty,1464.24
17221,17221,Import Duty,1118.74
17222,17222,VAT,189387.95
17223,17223,Import Duty,1100.42
17224,17224,Customs Duty,122.9
17225,17225,Customs Duty,872.4
17226,17226,Import Duty,328.45
17227,17227,Customs Duty,1710.8
17228,17228,Import Duty,544.5
17229,17229,VAT,3071.98
17230,17230,Import Duty,3111.17
17231,17231,Service Tax,39971.28
17232,17232,Customs Duty,2406.71
17233,17233,VAT,19256.63
17234,17234,VAT,4764.48
17235,17235,Import Duty,103876.26
17236,17236,Excise Duty,110265.22
17237,17237,VAT,9261.29
17238,17238,Customs Duty,6469.36
17239,17239,Customs Duty,45697.6
17240,17240,Customs Duty,235646.18
17241,17241,Service Tax,1239.6
17242,17242,VAT,671.12
17243,17243,Excise Duty,24335.42
17244,17244,Service Tax,2193.51
17245,17245,VAT,20417.78
17246,17246,Export Duty,4307.49
17247,17247,VAT,5688.54
17248,17248,Customs Duty,2445.85
17249,17249,Excise Duty,2662.41
17250,17250,Excise Duty,752.13
17251,17251,Import Duty,19406.71
17252,17252,Export Duty,12767.51
17253,17253,Service Tax,422.94
17254,17254,Import Duty,87308.4
17255,17255,VAT,437.87
17256,17256,Import Duty,204.72
17257,17257,Export Duty,9171.05
17258,17258,Customs Duty,2278.37
17259,17259,Service Tax,288.13
17260,17260,VAT,3350.84
17261,17261,Customs Duty,119878.9
17262,17262,Excise Duty,36289.63
17263,17263,Import Duty,56218.67
17264,17264,VAT,1950.05
17265,17265,Customs Duty,867.86
17266,17266,Excise Duty,1420.96
17267,17267,Export Duty,12768.91
17268,17268,Excise Duty,3041.45
17269,17269,Import Duty,18898.43
17270,17270,Import Duty,251203.01
17271,17271,VAT,135792.17
17272,17272,Import Duty,923.42
17273,17273,Import Duty,224467.18
17274,17274,Customs Duty,604.27
17275,17275,Excise Duty,15450.44
17276,17276,Import Duty,15866.81
17277,17277,Customs Duty,1077.73
17278,17278,VAT,1234.03
17279,17279,Excise Duty,7442.43
17280,17280,Customs Duty,33755.55
17281,17281,Excise Duty,55.99
17282,17282,Customs Duty,91672.12
17283,17283,Customs Duty,193340.02
17284,17284,Excise Duty,35070.3
17285,17285,Customs Duty,166060.73
17286,17286,Customs Duty,2812.08
17287,17287,VAT,1095.14
17288,17288,Import Duty,1137.71
17289,17289,Import Duty,1518.87
17290,17290,Customs Duty,8062.02
17291,17291,Customs Duty,2838.51
17292,17292,VAT,18224.08
17293,17293,Import Duty,2701.25
17294,17294,Import Duty,20301.31
17295,17295,VAT,1986.97
17296,17296,Customs Duty,1385.15
17297,17297,Customs Duty,2203.04
17298,17298,VAT,30399.23
17299,17299,Customs Duty,635.79
17300,17300,VAT,19018.59
17301,17301,VAT,25434.27
17302,17302,Customs Duty,176.88
17303,17303,Excise Duty,395.54
17304,17304,Import Duty,2093.63
17305,17305,Customs Duty,603.6
17306,17306,VAT,79846.65
17307,17307,Customs Duty,106734.13
17308,17308,Excise Duty,275.58
17309,17309,Customs Duty,2370.35
17310,17310,Import Duty,2242.15
17311,17311,Excise Duty,172.02
17312,17312,VAT,169206.33
17313,17313,Export Duty,51386.13
17314,17314,Import Duty,12907.33
17315,17315,Export Duty,39.76
17316,17316,Export Duty,21566.74
17317,17317,Customs Duty,467.28
17318,17318,Customs Duty,15945.83
17319,17319,Import Duty,161067.57
17320,17320,Customs Duty,11861.45
17321,17321,Service Tax,7034.43
17322,17322,VAT,21187.42
17323,17323,Import Duty,24151.58
17324,17324,Customs Duty,1520.21
17325,17325,VAT,121541.64
17326,17326,VAT,2449.63
17327,17327,Customs Duty,8753.22
17328,17328,VAT,2427.57
17329,17329,Excise Duty,649.31
17330,17330,VAT,93.64
17331,17331,Import Duty,163679.04
17332,17332,Customs Duty,16297.78
17333,17333,Customs Duty,197.58
17334,17334,Import Duty,194077.65
17335,17335,Export Duty,1420.7
17336,17336,Customs Duty,2469.26
17337,17337,Customs Duty,2058.28
17338,17338,VAT,230271.18
17339,17339,Import Duty,45194.86
17340,17340,Import Duty,14372.19
17341,17341,Export Duty,3512.05
17342,17342,VAT,14829.85
17343,17343,Customs Duty,378.62
17344,17344,VAT,503.01
17345,17345,Customs Duty,1469.24
17346,17346,Export Duty,5017.47
17347,17347,VAT,194686.34
17348,17348,VAT,1769.19
17349,17349,Customs Duty,27285.29
17350,17350,Import Duty,96731.56
17351,17351,VAT,1730.35
17352,17352,VAT,278406.23
17353,17353,Excise Duty,898.5
17354,17354,Service Tax,859.39
17355,17355,Import Duty,7124.08
17356,17356,VAT,1088.68
17357,17357,Service Tax,4570.3
17358,17358,Import Duty,1782.81
17359,17359,Import Duty,889.19
17360,17360,Excise Duty,55744.6
17361,17361,Customs Duty,19006.76
17362,17362,VAT,202557.77
17363,17363,Import Duty,18318.4
17364,17364,VAT,3036.14
17365,17365,Service Tax,6377.39
17366,17366,Export Duty,657.18
17367,17367,Import Duty,1200.53
17368,17368,Customs Duty,88921.78
17369,17369,VAT,18100.24
17370,17370,VAT,693.0
17371,17371,Export Duty,1757.77
17372,17372,Excise Duty,406.99
17373,17373,VAT,63167.02
17374,17374,Customs Duty,114633.15
17375,17375,Import Duty,6804.77
17376,17376,Customs Duty,1716.52
17377,17377,Import Duty,271160.19
17378,17378,Customs Duty,48648.59
17379,17379,Excise Duty,205.35
17380,17380,Customs Duty,12096.53
17381,17381,Import Duty,20274.38
17382,17382,VAT,4775.3
17383,17383,Customs Duty,251291.39
17384,17384,VAT,468.69
17385,17385,Import Duty,33104.39
17386,17386,Customs Duty,120.95
17387,17387,Customs Duty,110305.42
17388,17388,Export Duty,63208.33
17389,17389,Customs Duty,27682.67
17390,17390,VAT,307.92
17391,17391,Customs Duty,1987.2
17392,17392,VAT,4151.43
17393,17393,Customs Duty,49148.17
17394,17394,Customs Duty,13985.78
17395,17395,VAT,11842.83
17396,17396,Export Duty,3454.07
17397,17397,Excise Duty,10605.65
17398,17398,Import Duty,5223.66
17399,17399,VAT,926.42
17400,17400,Import Duty,38123.85
17401,17401,VAT,77578.9
17402,17402,VAT,25746.19
17403,17403,Import Duty,5438.48
17404,17404,Import Duty,36683.35
17405,17405,Customs Duty,36793.93
17406,17406,Import Duty,34670.3
17407,17407,Import Duty,2312.7
17408,17408,VAT,313112.64
17409,17409,Excise Duty,3735.25
17410,17410,Customs Duty,64626.47
17411,17411,Customs Duty,136149.06
17412,17412,Customs Duty,171.6
17413,17413,Export Duty,672.05
17414,17414,Customs Duty,35.39
17415,17415,Import Duty,446.15
17416,17416,Service Tax,65501.12
17417,17417,VAT,5928.87
17418,17418,VAT,24596.98
17419,17419,VAT,50200.33
17420,17420,Customs Duty,54153.86
17421,17421,VAT,1235.87
17422,17422,Excise Duty,1148.42
17423,17423,VAT,79309.2
17424,17424,Export Duty,1846.76
17425,17425,Service Tax,34279.82
17426,17426,VAT,257799.75
17427,17427,Customs Duty,6226.63
17428,17428,Customs Duty,33074.75
17429,17429,Customs Duty,14382.86
17430,17430,Import Duty,356991.66
17431,17431,VAT,2203.85
17432,17432,Export Duty,375.84
17433,17433,Excise Duty,2262.69
17434,17434,Import Duty,24061.35
17435,17435,VAT,1290.72
17436,17436,VAT,491.68
17437,17437,Customs Duty,13570.35
17438,17438,VAT,329.61
17439,17439,Export Duty,243.77
17440,17440,VAT,178407.98
17441,17441,Customs Duty,199.91
17442,17442,Export Duty,5440.17
17443,17443,Excise Duty,1025.73
17444,17444,VAT,8738.52
17445,17445,VAT,1952.2
17446,17446,Customs Duty,20645.18
17447,17447,Excise Duty,7739.88
17448,17448,VAT,207326.57
17449,17449,Customs Duty,38497.78
17450,17450,VAT,1135.81
17451,17451,Import Duty,265.37
17452,17452,VAT,3515.49
17453,17453,Customs Duty,599.26
17454,17454,Import Duty,5781.0
17455,17455,Excise Duty,689.58
17456,17456,VAT,1364.75
17457,17457,Service Tax,40325.93
17458,17458,Customs Duty,10906.66
17459,17459,Customs Duty,86839.39
17460,17460,VAT,204021.92
17461,17461,Customs Duty,10352.34
17462,17462,Excise Duty,21427.67
17463,17463,Customs Duty,2685.7
17464,17464,Customs Duty,38920.1
17465,17465,VAT,1814.01
17466,17466,Customs Duty,71200.25
17467,17467,VAT,21292.81
17468,17468,Customs Duty,15333.72
17469,17469,Customs Duty,213888.76
17470,17470,Service Tax,88.27
17471,17471,Import Duty,1406.35
17472,17472,VAT,39690.74
17473,17473,Customs Duty,1094.32
17474,17474,VAT,52996.01
17475,17475,Import Duty,10377.35
17476,17476,VAT,1882.25
17477,17477,Export Duty,48301.06
17478,17478,Import Duty,273507.05
17479,17479,Excise Duty,3761.67
17480,17480,Import Duty,7032.07
17481,17481,Import Duty,265780.58
17482,17482,Service Tax,683.11
17483,17483,VAT,140435.33
17484,17484,Import Duty,180356.43
17485,17485,Import Duty,5197.91
17486,17486,VAT,20842.83
17487,17487,Import Duty,2360.67
17488,17488,Customs Duty,54267.87
17489,17489,Export Duty,2548.84
17490,17490,Import Duty,17922.28
17491,17491,VAT,5013.95
17492,17492,Import Duty,7819.12
17493,17493,Import Duty,827.55
17494,17494,Customs Duty,125149.25
17495,17495,Service Tax,2208.53
17496,17496,Customs Duty,84447.35
17497,17497,VAT,8495.26
17498,17498,Customs Duty,3602.23
17499,17499,VAT,16355.74
17500,17500,VAT,50192.08
17501,17501,Import Duty,211697.13
17502,17502,VAT,108293.89
17503,17503,Customs Duty,375.04
17504,17504,Import Duty,18772.73
17505,17505,Import Duty,146.23
17506,17506,Customs Duty,43132.89
17507,17507,VAT,1718.74
17508,17508,Service Tax,41249.0
17509,17509,Import Duty,23720.76
17510,17510,VAT,273467.76
17511,17511,Excise Duty,10632.93
17512,17512,Customs Duty,369.25
17513,17513,Import Duty,25702.05
17514,17514,Excise Duty,2573.58
17515,17515,VAT,39042.74
17516,17516,VAT,4412.91
17517,17517,VAT,3560.57
17518,17518,Import Duty,3092.56
17519,17519,VAT,832.55
17520,17520,Customs Duty,18210.46
17521,17521,Customs Duty,196476.86
17522,17522,Import Duty,27724.27
17523,17523,VAT,70306.0
17524,17524,Export Duty,471.31
17525,17525,Excise Duty,42612.7
17526,17526,Excise Duty,589.24
17527,17527,VAT,38970.56
17528,17528,Customs Duty,99182.5
17529,17529,VAT,158792.6
17530,17530,Customs Duty,308.72
17531,17531,Import Duty,7192.02
17532,17532,Export Duty,221.57
17533,17533,Excise Duty,37781.28
17534,17534,Excise Duty,7367.24
17535,17535,Import Duty,382.06
17536,17536,Service Tax,13331.95
17537,17537,Customs Duty,590.44
17538,17538,Import Duty,8672.05
17539,17539,Excise Duty,3790.82
17540,17540,VAT,107926.38
17541,17541,Customs Duty,70.24
17542,17542,Excise Duty,8435.98
17543,17543,Customs Duty,60949.46
17544,17544,Export Duty,1056.06
17545,17545,VAT,1116.98
17546,17546,Customs Duty,114235.89
17547,17547,Import Duty,6047.74
17548,17548,Import Duty,23364.71
17549,17549,Customs Duty,143896.73
17550,17550,Export Duty,4101.12
17551,17551,Service Tax,126.69
17552,17552,Customs Duty,135.38
17553,17553,Customs Duty,9415.61
17554,17554,Import Duty,260238.52
17555,17555,Service Tax,104.45
17556,17556,VAT,24887.43
17557,17557,VAT,4170.32
17558,17558,Export Duty,57336.12
17559,17559,Import Duty,88942.93
17560,17560,VAT,1973.21
17561,17561,Customs Duty,283.54
17562,17562,Import Duty,134208.21
17563,17563,Import Duty,330318.3
17564,17564,VAT,116467.85
17565,17565,Customs Duty,227775.85
17566,17566,Customs Duty,1481.5
17567,17567,Import Duty,5568.42
17568,17568,Service Tax,41076.34
17569,17569,Excise Duty,46607.27
17570,17570,Customs Duty,4101.43
17571,17571,Service Tax,513.02
17572,17572,Import Duty,1509.72
17573,17573,Customs Duty,200757.1
17574,17574,Customs Duty,1833.43
17575,17575,Customs Duty,5226.76
17576,17576,Service Tax,29865.58
17577,17577,VAT,167811.15
17578,17578,Import Duty,11300.19
17579,17579,Export Duty,82896.48
17580,17580,Import Duty,73435.22
17581,17581,Service Tax,459.47
17582,17582,VAT,970.68
17583,17583,Export Duty,2298.28
17584,17584,Import Duty,23752.3
17585,17585,Customs Duty,1450.81
17586,17586,Import Duty,1114.58
17587,17587,Export Duty,1603.64
17588,17588,Service Tax,19.66
17589,17589,Excise Duty,23935.72
17590,17590,Export Duty,24223.73
17591,17591,VAT,2597.09
17592,17592,Customs Duty,159267.74
17593,17593,Import Duty,137028.48
17594,17594,Import Duty,779.51
17595,17595,Export Duty,403.27
17596,17596,Export Duty,41919.94
17597,17597,Import Duty,169.51
17598,17598,Excise Duty,127006.05
17599,17599,Service Tax,33727.84
17600,17600,Import Duty,1573.29
17601,17601,Import Duty,3312.9
17602,17602,Service Tax,1874.39
17603,17603,VAT,157126.57
17604,17604,VAT,1969.87
17605,17605,VAT,849.46
17606,17606,Import Duty,88726.57
17607,17607,VAT,63040.98
17608,17608,VAT,126443.19
17609,17609,Export Duty,5810.8
17610,17610,Excise Duty,35335.44
17611,17611,Service Tax,710.12
17612,17612,Export Duty,3022.89
17613,17613,Customs Duty,86539.64
17614,17614,Customs Duty,10900.82
17615,17615,Excise Duty,8067.8
17616,17616,VAT,51695.42
17617,17617,VAT,9530.42
17618,17618,Import Duty,3037.95
17619,17619,VAT,274033.59
17620,17620,Customs Duty,4499.4
17621,17621,Excise Duty,72424.17
17622,17622,Customs Duty,9190.89
17623,17623,Customs Duty,27188.08
17624,17624,Customs Duty,191236.97
17625,17625,Service Tax,4552.04
17626,17626,VAT,53179.82
17627,17627,Import Duty,44421.11
17628,17628,Import Duty,39033.57
17629,17629,Import Duty,1702.92
17630,17630,Service Tax,17393.97
17631,17631,VAT,12409.68
17632,17632,Customs Duty,869.02
17633,17633,Customs Duty,85977.74
17634,17634,Customs Duty,14881.81
17635,17635,Export Duty,1692.98
17636,17636,Import Duty,649.92
17637,17637,Customs Duty,2080.51
17638,17638,VAT,181071.95
17639,17639,VAT,2521.95
17640,17640,VAT,13180.67
17641,17641,Customs Duty,3280.05
17642,17642,Customs Duty,42685.54
17643,17643,Customs Duty,1049.36
17644,17644,VAT,80802.85
17645,17645,Import Duty,143030.44
17646,17646,Customs Duty,11888.17
17647,17647,VAT,371.28
17648,17648,Export Duty,1443.2
17649,17649,Customs Duty,1173.97
17650,17650,Import Duty,11335.5
17651,17651,Import Duty,28159.11
17652,17652,Customs Duty,17687.43
17653,17653,Export Duty,55893.92
17654,17654,Import Duty,42075.15
17655,17655,Customs Duty,861.26
17656,17656,Import Duty,13317.73
17657,17657,Excise Duty,3782.37
17658,17658,Customs Duty,2538.05
17659,17659,Import Duty,1133.03
17660,17660,Excise Duty,159.04
17661,17661,Export Duty,56419.44
17662,17662,Customs Duty,52803.74
17663,17663,Export Duty,55812.09
17664,17664,Excise Duty,91505.89
17665,17665,Import Duty,11493.57
17666,17666,Customs Duty,17164.06
17667,17667,VAT,91846.56
17668,17668,Import Duty,10661.58
17669,17669,Customs Duty,41736.95
17670,17670,VAT,514.16
17671,17671,Customs Duty,19417.66
17672,17672,VAT,38385.71
17673,17673,Service Tax,3396.06
17674,17674,Customs Duty,27070.14
17675,17675,Customs Duty,529.52
17676,17676,VAT,8832.46
17677,17677,VAT,17622.83
17678,17678,VAT,9020.09
17679,17679,Customs Duty,140061.44
17680,17680,Service Tax,50113.7
17681,17681,Customs Duty,5154.62
17682,17682,VAT,73122.98
17683,17683,VAT,62427.79
17684,17684,Service Tax,11887.46
17685,17685,VAT,38641.67
17686,17686,Excise Duty,40641.03
17687,17687,Customs Duty,19487.18
17688,17688,Customs Duty,4200.48
17689,17689,Import Duty,1202.79
17690,17690,Customs Duty,81474.48
17691,17691,Excise Duty,75.5
17692,17692,Customs Duty,182990.44
17693,17693,VAT,26335.39
17694,17694,VAT,231.36
17695,17695,Excise Duty,1529.38
17696,17696,Import Duty,30810.29
17697,17697,VAT,2184.61
17698,17698,Import Duty,6229.46
17699,17699,Customs Duty,278.54
17700,17700,VAT,30125.65
17701,17701,Import Duty,171613.35
17702,17702,Export Duty,106668.17
17703,17703,Import Duty,62941.91
17704,17704,Import Duty,276265.17
17705,17705,Import Duty,16928.01
17706,17706,Customs Duty,5742.33
17707,17707,Import Duty,85914.09
17708,17708,VAT,23490.79
17709,17709,Customs Duty,16094.83
17710,17710,Import Duty,3033.77
17711,17711,Customs Duty,2203.95
17712,17712,VAT,22665.5
17713,17713,VAT,835.66
17714,17714,Import Duty,453530.23
17715,17715,Excise Duty,130.73
17716,17716,VAT,9306.87
17717,17717,Service Tax,4589.73
17718,17718,Import Duty,1647.89
17719,17719,Import Duty,45331.12
17720,17720,Excise Duty,602.63
17721,17721,Customs Duty,148152.78
17722,17722,Customs Duty,208230.56
17723,17723,Export Duty,1848.23
17724,17724,Service Tax,23020.92
17725,17725,Import Duty,2781.75
17726,17726,Excise Duty,14203.79
17727,17727,Customs Duty,9411.24
17728,17728,VAT,89669.53
17729,17729,Service Tax,642.94
17730,17730,Customs Duty,9825.08
17731,17731,Service Tax,166.06
17732,17732,Customs Duty,311.06
17733,17733,Customs Duty,134049.25
17734,17734,VAT,883.41
17735,17735,VAT,24571.61
17736,17736,Customs Duty,317.62
17737,17737,Export Duty,1088.92
17738,17738,VAT,1135.92
17739,17739,Import Duty,3421.09
17740,17740,Import Duty,3967.33
17741,17741,Customs Duty,26481.62
17742,17742,Customs Duty,184403.73
17743,17743,VAT,18058.82
17744,17744,Service Tax,3314.13
17745,17745,Import Duty,1427.16
17746,17746,Customs Duty,4169.95
17747,17747,VAT,257.95
17748,17748,Customs Duty,17490.52
17749,17749,Import Duty,186563.33
17750,17750,Customs Duty,8053.8
17751,17751,Customs Duty,49397.35
17752,17752,Export Duty,1209.05
17753,17753,Customs Duty,4478.35
17754,17754,Import Duty,1134.6
17755,17755,Export Duty,80.65
17756,17756,Customs Duty,797.54
17757,17757,Import Duty,27980.63
17758,17758,Customs Duty,27954.91
17759,17759,Customs Duty,82177.77
17760,17760,Import Duty,166670.48
17761,17761,Export Duty,787.56
17762,17762,VAT,15179.11
17763,17763,VAT,152803.14
17764,17764,Import Duty,2373.45
17765,17765,Customs Duty,2231.81
17766,17766,VAT,21720.77
17767,17767,Excise Duty,624.89
17768,17768,Excise Duty,2487.69
17769,17769,Import Duty,1576.15
17770,17770,Customs Duty,4281.3
17771,17771,VAT,12255.94
17772,17772,VAT,1138.52
17773,17773,VAT,491.98
17774,17774,VAT,2499.08
17775,17775,Import Duty,39387.39
17776,17776,Export Duty,592.26
17777,17777,Service Tax,120.53
17778,17778,VAT,22657.08
17779,17779,Export Duty,51288.62
17780,17780,VAT,945.55
17781,17781,Import Duty,171949.55
17782,17782,VAT,270.87
17783,17783,Customs Duty,3583.92
17784,17784,VAT,4617.41
17785,17785,Excise Duty,3605.41
17786,17786,Excise Duty,11443.05
17787,17787,Customs Duty,829.77
17788,17788,Customs Duty,2567.46
17789,17789,Import Duty,162161.21
17790,17790,Export Duty,5007.62
17791,17791,Import Duty,410802.17
17792,17792,Customs Duty,21164.46
17793,17793,Customs Duty,49462.27
17794,17794,Service Tax,574.61
17795,17795,VAT,689.03
17796,17796,Import Duty,1031.15
17797,17797,Export Duty,6989.52
17798,17798,Import Duty,71130.94
17799,17799,Customs Duty,362.96
17800,17800,VAT,16332.43
17801,17801,Customs Duty,14205.3
17802,17802,Customs Duty,1538.43
17803,17803,Import Duty,876.9
17804,17804,Customs Duty,1031.72
17805,17805,VAT,268518.2
17806,17806,Import Duty,32970.06
17807,17807,Customs Duty,10042.78
17808,17808,Customs Duty,40640.42
17809,17809,Customs Duty,5782.18
17810,17810,VAT,2642.67
17811,17811,Excise Duty,5366.96
17812,17812,VAT,73090.56
17813,17813,Service Tax,210.69
17814,17814,Import Duty,24358.78
17815,17815,Import Duty,4683.0
17816,17816,Export Duty,80944.72
17817,17817,Customs Duty,12213.3
17818,17818,Excise Duty,121925.74
17819,17819,VAT,777.78
17820,17820,Customs Duty,94891.75
17821,17821,Import Duty,140110.07
17822,17822,Import Duty,53641.23
17823,17823,VAT,170469.16
17824,17824,Customs Duty,71.37
17825,17825,VAT,15762.4
17826,17826,VAT,22226.27
17827,17827,Service Tax,218.77
17828,17828,Service Tax,579.87
17829,17829,VAT,32703.15
17830,17830,Customs Duty,66996.92
17831,17831,Customs Duty,42621.28
17832,17832,VAT,259525.77
17833,17833,VAT,1967.18
17834,17834,Import Duty,65211.84
17835,17835,Customs Duty,414.12
17836,17836,VAT,116621.99
17837,17837,Export Duty,82541.28
17838,17838,Import Duty,3515.18
17839,17839,Customs Duty,52.95
17840,17840,Import Duty,616.85
17841,17841,Import Duty,24251.12
17842,17842,VAT,354.37
17843,17843,Excise Duty,755.37
17844,17844,VAT,2857.35
17845,17845,VAT,22248.73
17846,17846,Customs Duty,7035.86
17847,17847,VAT,508.21
17848,17848,Import Duty,67224.07
17849,17849,VAT,259943.37
17850,17850,Excise Duty,1971.28
17851,17851,Import Duty,280197.66
17852,17852,Service Tax,6135.05
17853,17853,VAT,1545.97
17854,17854,VAT,997.14
17855,17855,Customs Duty,910.55
17856,17856,Service Tax,2044.47
17857,17857,Excise Duty,3116.29
17858,17858,Excise Duty,68690.79
17859,17859,Customs Duty,18192.28
17860,17860,Import Duty,602.68
17861,17861,Customs Duty,1129.14
17862,17862,VAT,7478.34
17863,17863,Import Duty,1786.07
17864,17864,Import Duty,526.78
17865,17865,Export Duty,605.76
17866,17866,Excise Duty,72809.65
17867,17867,Import Duty,472.68
17868,17868,VAT,1041.11
17869,17869,VAT,1748.07
17870,17870,Export Duty,6498.8
17871,17871,VAT,28808.8
17872,17872,Service Tax,358.52
17873,17873,Customs Duty,7574.98
17874,17874,VAT,217123.53
17875,17875,Service Tax,4651.78
17876,17876,Import Duty,117480.93
17877,17877,Customs Duty,39379.64
17878,17878,Import Duty,37328.56
17879,17879,Excise Duty,133.99
17880,17880,VAT,39947.95
17881,17881,Service Tax,64770.83
17882,17882,Customs Duty,51971.18
17883,17883,Import Duty,2613.6
17884,17884,Customs Duty,1453.13
17885,17885,Export Duty,5646.22
17886,17886,Export Duty,1073.68
17887,17887,VAT,28452.8
17888,17888,Export Duty,65822.43
17889,17889,Import Duty,52135.19
17890,17890,VAT,18986.71
17891,17891,Excise Duty,7062.54
17892,17892,Customs Duty,2356.84
17893,17893,Service Tax,2381.27
17894,17894,Export Duty,2970.56
17895,17895,VAT,55572.04
17896,17896,Import Duty,2245.91
17897,17897,Customs Duty,1333.91
17898,17898,Export Duty,670.87
17899,17899,Customs Duty,102741.59
17900,17900,Customs Duty,66116.93
17901,17901,Customs Duty,1259.12
17902,17902,Customs Duty,12528.85
17903,17903,Customs Duty,5135.98
17904,17904,Import Duty,88394.43
17905,17905,VAT,8601.15
17906,17906,Import Duty,1029.1
17907,17907,VAT,2095.43
17908,17908,VAT,538.8
17909,17909,Customs Duty,889.93
17910,17910,Excise Duty,494.94
17911,17911,Import Duty,1115.74
17912,17912,Import Duty,10354.58
17913,17913,Import Duty,19069.44
17914,17914,Customs Duty,3362.02
17915,17915,Export Duty,1489.82
17916,17916,VAT,54399.99
17917,17917,Import Duty,17541.98
17918,17918,Excise Duty,58847.74
17919,17919,Customs Duty,3271.13
17920,17920,VAT,25006.73
17921,17921,Customs Duty,925.02
17922,17922,Excise Duty,277.13
17923,17923,VAT,3819.86
17924,17924,VAT,88584.79
17925,17925,Service Tax,539.97
17926,17926,Excise Duty,3180.92
17927,17927,Service Tax,1024.69
17928,17928,Customs Duty,44258.05
17929,17929,VAT,178561.72
17930,17930,Import Duty,21679.13
17931,17931,VAT,16904.53
17932,17932,Import Duty,1311.98
17933,17933,Customs Duty,66008.13
17934,17934,Customs Duty,10143.95
17935,17935,Export Duty,32263.47
17936,17936,Import Duty,55251.01
17937,17937,Customs Duty,1925.71
17938,17938,VAT,1387.42
17939,17939,Excise Duty,49639.75
17940,17940,Customs Duty,99965.3
17941,17941,VAT,2399.5
17942,17942,Import Duty,8151.93
17943,17943,Customs Duty,86220.92
17944,17944,VAT,2821.36
17945,17945,Import Duty,28541.57
17946,17946,Excise Duty,141.8
17947,17947,Import Duty,1029.76
17948,17948,VAT,876.85
17949,17949,Customs Duty,71471.46
17950,17950,Customs Duty,108771.32
17951,17951,VAT,43087.2
17952,17952,Customs Duty,547.54
17953,17953,Import Duty,188003.27
17954,17954,Customs Duty,133780.08
17955,17955,VAT,1812.37
17956,17956,Service Tax,1134.71
17957,17957,Customs Duty,1053.7
17958,17958,Excise Duty,323.09
17959,17959,Export Duty,400.39
17960,17960,Excise Duty,16573.98
17961,17961,Export Duty,104154.39
17962,17962,VAT,873.77
17963,17963,Import Duty,27644.73
17964,17964,VAT,26684.22
17965,17965,Excise Duty,332.03
17966,17966,Customs Duty,815.91
17967,17967,Service Tax,111684.59
17968,17968,Import Duty,8294.21
17969,17969,VAT,1325.4
17970,17970,Customs Duty,1515.63
17971,17971,Customs Duty,65915.26
17972,17972,Customs Duty,412.83
17973,17973,Import Duty,1372.34
17974,17974,VAT,1307.13
17975,17975,VAT,6058.18
17976,17976,Import Duty,94510.15
17977,17977,VAT,1067.44
17978,17978,VAT,187568.57
17979,17979,Excise Duty,2489.66
17980,17980,VAT,6260.83
17981,17981,Export Duty,29108.54
17982,17982,Service Tax,344.1
17983,17983,Import Duty,14798.48
17984,17984,Customs Duty,27206.44
17985,17985,Customs Duty,356.81
17986,17986,Excise Duty,158.38
17987,17987,Service Tax,493.88
17988,17988,Customs Duty,1563.11
17989,17989,Export Duty,58477.49
17990,17990,Export Duty,34365.0
17991,17991,Customs Duty,15198.07
17992,17992,Customs Duty,73058.43
17993,17993,VAT,27337.14
17994,17994,Import Duty,186169.51
17995,17995,Export Duty,1843.3
17996,17996,Import Duty,19006.29
17997,17997,Import Duty,963.64
17998,17998,Import Duty,411631.19
17999,17999,Import Duty,23322.7
18000,18000,Customs Duty,364.14
18001,18001,Import Duty,51251.23
18002,18002,VAT,4342.58
18003,18003,Customs Duty,992.06
18004,18004,Export Duty,256.96
18005,18005,VAT,1531.98
18006,18006,Excise Duty,6887.22
18007,18007,Export Duty,5891.61
18008,18008,VAT,40109.24
18009,18009,Import Duty,19922.37
18010,18010,Customs Duty,24000.97
18011,18011,Excise Duty,12393.63
18012,18012,VAT,134809.98
18013,18013,Excise Duty,382.02
18014,18014,Export Duty,797.41
18015,18015,VAT,102219.47
18016,18016,Customs Duty,17587.93
18017,18017,Service Tax,200.07
18018,18018,Customs Duty,344.02
18019,18019,Import Duty,23729.06
18020,18020,Import Duty,837.75
18021,18021,Export Duty,5319.78
18022,18022,Export Duty,5123.14
18023,18023,VAT,148914.62
18024,18024,Customs Duty,160578.76
18025,18025,Customs Duty,172517.24
18026,18026,Import Duty,131805.17
18027,18027,Customs Duty,17025.9
18028,18028,Import Duty,166601.97
18029,18029,VAT,28441.35
18030,18030,Customs Duty,6692.47
18031,18031,VAT,338761.35
18032,18032,Excise Duty,193513.58
18033,18033,Customs Duty,6005.86
18034,18034,VAT,1121.67
18035,18035,Customs Duty,39873.21
18036,18036,Excise Duty,12430.64
18037,18037,Service Tax,554.57
18038,18038,Customs Duty,16120.59
18039,18039,VAT,107597.28
18040,18040,Export Duty,776.17
18041,18041,Import Duty,14043.05
18042,18042,VAT,95892.03
18043,18043,VAT,320853.74
18044,18044,Customs Duty,886.58
18045,18045,Customs Duty,16276.64
18046,18046,Customs Duty,82190.48
18047,18047,Customs Duty,517.07
18048,18048,Customs Duty,308.3
18049,18049,VAT,198267.99
18050,18050,Customs Duty,40194.29
18051,18051,Customs Duty,9724.26
18052,18052,Customs Duty,14906.7
18053,18053,VAT,1314.1
18054,18054,Customs Duty,123517.88
18055,18055,VAT,114583.73
18056,18056,Service Tax,47885.51
18057,18057,Excise Duty,64837.31
18058,18058,VAT,14197.73
18059,18059,Excise Duty,8696.27
18060,18060,Customs Duty,1519.75
18061,18061,Export Duty,121123.92
18062,18062,VAT,40662.59
18063,18063,VAT,3187.83
18064,18064,VAT,3797.63
18065,18065,Export Duty,363.54
18066,18066,VAT,8693.93
18067,18067,Import Duty,1667.15
18068,18068,Import Duty,26937.5
18069,18069,Export Duty,75109.69
18070,18070,Export Duty,9629.67
18071,18071,Import Duty,39949.63
18072,18072,Service Tax,17136.8
18073,18073,Export Duty,79906.96
18074,18074,Import Duty,1392.14
18075,18075,VAT,13980.91
18076,18076,Customs Duty,2358.62
18077,18077,VAT,104799.08
18078,18078,Import Duty,130743.74
18079,18079,Service Tax,184.11
18080,18080,Import Duty,1742.75
18081,18081,Service Tax,203.73
18082,18082,Excise Duty,1310.87
18083,18083,Customs Duty,4262.25
18084,18084,Customs Duty,10806.49
18085,18085,Export Duty,86004.86
18086,18086,VAT,3581.3
18087,18087,VAT,1906.27
18088,18088,Customs Duty,850.62
18089,18089,VAT,435.83
18090,18090,Export Duty,553.14
18091,18091,Customs Duty,143090.92
18092,18092,Customs Duty,44356.67
18093,18093,VAT,142154.97
18094,18094,Import Duty,135504.41
18095,18095,Export Duty,11242.08
18096,18096,Export Duty,12097.28
18097,18097,Customs Duty,147.25
18098,18098,Customs Duty,108690.24
18099,18099,Export Duty,5212.08
18100,18100,Customs Duty,866.25
18101,18101,Customs Duty,256.54
18102,18102,VAT,107.77
18103,18103,VAT,131940.61
18104,18104,Export Duty,90412.55
18105,18105,Customs Duty,32835.75
18106,18106,Customs Duty,420.95
18107,18107,VAT,7665.55
18108,18108,Customs Duty,91170.96
18109,18109,Customs Duty,96172.19
18110,18110,Customs Duty,1421.16
18111,18111,Customs Duty,15970.94
18112,18112,Service Tax,5573.74
18113,18113,Customs Duty,51711.7
18114,18114,Excise Duty,61808.67
18115,18115,Import Duty,395380.42
18116,18116,Customs Duty,219.27
18117,18117,Import Duty,65124.63
18118,18118,Customs Duty,157652.65
18119,18119,VAT,74239.19
18120,18120,Customs Duty,690.08
18121,18121,VAT,16872.39
18122,18122,Export Duty,12703.87
18123,18123,Customs Duty,23111.05
18124,18124,Customs Duty,408.84
18125,18125,Import Duty,1836.53
18126,18126,Import Duty,1336.14
18127,18127,Import Duty,209715.92
18128,18128,Customs Duty,767.23
18129,18129,Import Duty,3044.21
18130,18130,VAT,5395.55
18131,18131,Customs Duty,6226.55
18132,18132,VAT,48490.98
18133,18133,Customs Duty,5588.86
18134,18134,Import Duty,1137.65
18135,18135,Customs Duty,10267.8
18136,18136,Import Duty,56815.59
18137,18137,Service Tax,58.15
18138,18138,Service Tax,71.82
18139,18139,Export Duty,761.38
18140,18140,Customs Duty,20911.85
18141,18141,Import Duty,6742.97
18142,18142,Export Duty,5643.07
18143,18143,Import Duty,4717.78
18144,18144,Customs Duty,501.83
18145,18145,Import Duty,1288.48
18146,18146,Import Duty,31185.82
18147,18147,Import Duty,4891.94
18148,18148,Import Duty,1553.98
18149,18149,VAT,66711.19
18150,18150,Import Duty,1856.98
18151,18151,Export Duty,22398.42
18152,18152,Customs Duty,92.01
18153,18153,VAT,120629.84
18154,18154,Customs Duty,131640.4
18155,18155,VAT,94284.51
18156,18156,Customs Duty,1345.28
18157,18157,Customs Duty,1050.14
18158,18158,Service Tax,88.04
18159,18159,Customs Duty,630.05
18160,18160,VAT,76480.68
18161,18161,Export Duty,103.34
18162,18162,Customs Duty,2902.49
18163,18163,Excise Duty,29845.46
18164,18164,Excise Duty,9685.69
18165,18165,Service Tax,5988.04
18166,18166,Import Duty,7168.3
18167,18167,Customs Duty,3553.74
18168,18168,Customs Duty,90340.25
18169,18169,Customs Duty,597.31
18170,18170,VAT,16254.65
18171,18171,Export Duty,7984.13
18172,18172,VAT,6435.88
18173,18173,Customs Duty,1818.93
18174,18174,Import Duty,46820.41
18175,18175,Customs Duty,111.26
18176,18176,Import Duty,242.04
18177,18177,VAT,70459.78
18178,18178,Service Tax,69404.29
18179,18179,VAT,7974.28
18180,18180,Import Duty,1511.82
18181,18181,Service Tax,329.17
18182,18182,Export Duty,15519.61
18183,18183,VAT,128483.01
18184,18184,Customs Duty,77414.95
18185,18185,VAT,1130.83
18186,18186,VAT,393.9
18187,18187,VAT,132553.81
18188,18188,VAT,94245.46
18189,18189,Customs Duty,661.87
18190,18190,Export Duty,96770.28
18191,18191,Import Duty,74263.24
18192,18192,Service Tax,4434.9
18193,18193,Excise Duty,389.95
18194,18194,Import Duty,34075.93
18195,18195,VAT,3428.19
18196,18196,Excise Duty,2830.47
18197,18197,VAT,27689.06
18198,18198,Service Tax,53845.72
18199,18199,VAT,17787.29
18200,18200,Import Duty,425845.07
18201,18201,Export Duty,1508.47
18202,18202,Import Duty,331377.97
18203,18203,Customs Duty,689.65
18204,18204,Customs Duty,102430.5
18205,18205,Customs Duty,47650.62
18206,18206,Customs Duty,4509.14
18207,18207,Export Duty,2153.04
18208,18208,Export Duty,38609.69
18209,18209,VAT,2505.43
18210,18210,Export Duty,214.59
18211,18211,Import Duty,114260.35
18212,18212,Customs Duty,141052.14
18213,18213,Excise Duty,3819.13
18214,18214,Customs Duty,131048.25
18215,18215,Import Duty,1825.94
18216,18216,Customs Duty,54088.71
18217,18217,Import Duty,3148.42
18218,18218,Export Duty,1838.29
18219,18219,VAT,90067.55
18220,18220,VAT,199448.15
18221,18221,Export Duty,3822.58
18222,18222,Export Duty,114600.36
18223,18223,Customs Duty,3867.67
18224,18224,Service Tax,441.96
18225,18225,Import Duty,7657.89
18226,18226,Customs Duty,595.63
18227,18227,Customs Duty,10575.15
18228,18228,VAT,121068.77
18229,18229,Export Duty,49012.4
18230,18230,VAT,13846.99
18231,18231,VAT,105568.77
18232,18232,VAT,3699.68
18233,18233,Customs Duty,593.72
18234,18234,Customs Duty,2521.26
18235,18235,VAT,65.12
18236,18236,Customs Duty,104539.83
18237,18237,VAT,15232.53
18238,18238,VAT,8351.09
18239,18239,Import Duty,4997.32
18240,18240,Import Duty,336609.11
18241,18241,Export Duty,8250.63
18242,18242,Customs Duty,70610.66
18243,18243,Excise Duty,11493.43
18244,18244,VAT,379.48
18245,18245,Customs Duty,85895.67
18246,18246,Export Duty,52856.66
18247,18247,Import Duty,45259.03
18248,18248,Import Duty,71110.87
18249,18249,Customs Duty,10066.17
18250,18250,Customs Duty,189326.59
18251,18251,Customs Duty,534.6
18252,18252,VAT,127705.67
18253,18253,VAT,1596.98
18254,18254,Excise Duty,2954.14
18255,18255,Customs Duty,6761.22
18256,18256,Customs Duty,1178.99
18257,18257,Customs Duty,186864.71
18258,18258,Export Duty,48.28
18259,18259,Customs Duty,16079.36
18260,18260,Excise Duty,174.86
18261,18261,VAT,77924.01
18262,18262,Customs Duty,127.85
18263,18263,Export Duty,7369.18
18264,18264,Customs Duty,4549.53
18265,18265,Excise Duty,13776.08
18266,18266,Customs Duty,161.98
18267,18267,Import Duty,2487.38
18268,18268,VAT,214478.99
18269,18269,Export Duty,2160.18
18270,18270,Customs Duty,1165.33
18271,18271,Customs Duty,60686.96
18272,18272,Customs Duty,4724.24
18273,18273,Service Tax,2733.85
18274,18274,Customs Duty,24776.26
18275,18275,Customs Duty,1722.79
18276,18276,Import Duty,218383.65
18277,18277,Import Duty,2289.23
18278,18278,Import Duty,379.82
18279,18279,Customs Duty,226213.73
18280,18280,Customs Duty,43410.12
18281,18281,Customs Duty,20825.6
18282,18282,Excise Duty,594.73
18283,18283,Import Duty,103117.31
18284,18284,Customs Duty,1618.92
18285,18285,Customs Duty,670.35
18286,18286,Customs Duty,5231.58
18287,18287,Service Tax,2334.55
18288,18288,Customs Duty,69318.93
18289,18289,Export Duty,1698.91
18290,18290,Import Duty,140866.06
18291,18291,VAT,18834.18
18292,18292,Import Duty,20634.83
18293,18293,Customs Duty,139.18
18294,18294,Import Duty,243615.18
18295,18295,VAT,9715.93
18296,18296,VAT,4889.34
18297,18297,VAT,380255.44
18298,18298,Service Tax,30650.1
18299,18299,Customs Duty,4526.24
18300,18300,Import Duty,14872.55
18301,18301,VAT,48621.8
18302,18302,Customs Duty,79624.71
18303,18303,Customs Duty,3941.5
18304,18304,VAT,9640.43
18305,18305,Customs Duty,903.12
18306,18306,Import Duty,135605.45
18307,18307,Export Duty,33.43
18308,18308,VAT,16646.2
18309,18309,Export Duty,1583.01
18310,18310,Service Tax,12605.81
18311,18311,VAT,85.03
18312,18312,VAT,216005.27
18313,18313,Service Tax,113474.22
18314,18314,Customs Duty,3043.65
18315,18315,Customs Duty,5587.83
18316,18316,Customs Duty,1247.64
18317,18317,Service Tax,297.73
18318,18318,Customs Duty,20698.16
18319,18319,VAT,132702.17
18320,18320,Customs Duty,100292.94
18321,18321,Import Duty,39818.19
18322,18322,VAT,300023.22
18323,18323,Customs Duty,5863.02
18324,18324,Export Duty,1679.16
18325,18325,VAT,314.9
18326,18326,VAT,1360.32
18327,18327,VAT,7330.65
18328,18328,Excise Duty,65717.07
18329,18329,Excise Duty,253.29
18330,18330,Excise Duty,796.4
18331,18331,Customs Duty,9946.34
18332,18332,Customs Duty,249.29
18333,18333,Import Duty,35153.1
18334,18334,Customs Duty,13952.83
18335,18335,Customs Duty,48476.33
18336,18336,Customs Duty,6331.82
18337,18337,Import Duty,10820.67
18338,18338,Excise Duty,1135.11
18339,18339,VAT,9138.33
18340,18340,Import Duty,220826.08
18341,18341,VAT,5921.59
18342,18342,Customs Duty,229007.38
18343,18343,Export Duty,399.08
18344,18344,VAT,12251.93
18345,18345,Export Duty,22.71
18346,18346,Excise Duty,2637.37
18347,18347,VAT,2208.58
18348,18348,Customs Duty,2557.19
18349,18349,Customs Duty,19464.33
18350,18350,Import Duty,13427.48
18351,18351,Import Duty,12201.33
18352,18352,VAT,213114.16
18353,18353,Export Duty,121.63
18354,18354,Service Tax,2838.75
18355,18355,Customs Duty,4954.52
18356,18356,Customs Duty,11679.8
18357,18357,Customs Duty,126.06
18358,18358,Service Tax,506.33
18359,18359,VAT,8018.65
18360,18360,Customs Duty,22924.22
18361,18361,Import Duty,13989.02
18362,18362,Import Duty,35207.65
18363,18363,Excise Duty,37135.53
18364,18364,Customs Duty,161352.91
18365,18365,Customs Duty,6002.16
18366,18366,Customs Duty,29275.52
18367,18367,Customs Duty,51965.88
18368,18368,VAT,1734.29
18369,18369,Service Tax,1472.84
18370,18370,VAT,487.18
18371,18371,VAT,33535.93
18372,18372,Customs Duty,142.64
18373,18373,Import Duty,214.59
18374,18374,Customs Duty,19716.65
18375,18375,Import Duty,92300.94
18376,18376,Customs Duty,17188.49
18377,18377,Import Duty,29.76
18378,18378,Import Duty,57811.71
18379,18379,VAT,949.17
18380,18380,Excise Duty,115264.86
18381,18381,Customs Duty,16597.01
18382,18382,Excise Duty,19485.42
18383,18383,VAT,14246.42
18384,18384,Customs Duty,50339.39
18385,18385,VAT,3510.19
18386,18386,Excise Duty,5103.89
18387,18387,Customs Duty,1832.09
18388,18388,Customs Duty,18690.33
18389,18389,Import Duty,260430.58
18390,18390,VAT,55580.72
18391,18391,VAT,7904.09
18392,18392,Service Tax,517.86
18393,18393,Customs Duty,95407.45
18394,18394,VAT,3663.2
18395,18395,VAT,287365.6
18396,18396,Import Duty,270562.63
18397,18397,Customs Duty,9212.62
18398,18398,Customs Duty,696.19
18399,18399,VAT,174724.21
18400,18400,VAT,3479.67
18401,18401,Import Duty,33994.0
18402,18402,VAT,345537.94
18403,18403,Import Duty,316.55
18404,18404,VAT,6876.17
18405,18405,Import Duty,271172.33
18406,18406,VAT,18015.98
18407,18407,Excise Duty,3359.83
18408,18408,Export Duty,8235.83
18409,18409,VAT,207.27
18410,18410,VAT,14627.94
18411,18411,Customs Duty,4259.4
18412,18412,Import Duty,9321.08
18413,18413,VAT,99153.84
18414,18414,Customs Duty,1578.4
18415,18415,Customs Duty,87937.08
18416,18416,VAT,2753.28
18417,18417,Service Tax,5658.69
18418,18418,Excise Duty,6683.76
18419,18419,Import Duty,1099.49
18420,18420,VAT,17076.49
18421,18421,VAT,45539.07
18422,18422,VAT,10908.1
18423,18423,Customs Duty,2699.69
18424,18424,Import Duty,54190.6
18425,18425,VAT,608.59
18426,18426,Import Duty,11298.29
18427,18427,VAT,648.36
18428,18428,Import Duty,104.65
18429,18429,VAT,465.24
18430,18430,Customs Duty,469.09
18431,18431,VAT,575.73
18432,18432,Import Duty,3027.37
18433,18433,Export Duty,35581.48
18434,18434,VAT,1428.87
18435,18435,VAT,125950.87
18436,18436,Import Duty,173.74
18437,18437,Import Duty,6287.18
18438,18438,Service Tax,89.93
18439,18439,Customs Duty,2089.58
18440,18440,Import Duty,5901.42
18441,18441,Excise Duty,6283.33
18442,18442,VAT,17381.94
18443,18443,VAT,1039.12
18444,18444,VAT,116338.37
18445,18445,VAT,338312.69
18446,18446,Customs Duty,133600.32
18447,18447,VAT,1001.26
18448,18448,Excise Duty,921.76
18449,18449,Import Duty,17615.0
18450,18450,VAT,202314.29
18451,18451,Import Duty,27372.51
18452,18452,Customs Duty,2541.15
18453,18453,Import Duty,244.34
18454,18454,Excise Duty,116866.02
18455,18455,Import Duty,11984.35
18456,18456,Excise Duty,316.55
18457,18457,Customs Duty,12294.11
18458,18458,VAT,16362.66
18459,18459,Customs Duty,124707.9
18460,18460,Excise Duty,3324.22
18461,18461,Import Duty,121919.55
18462,18462,Import Duty,72680.27
18463,18463,VAT,18772.99
18464,18464,Customs Duty,7046.91
18465,18465,VAT,15960.19
18466,18466,Service Tax,30283.69
18467,18467,Import Duty,432.07
18468,18468,Import Duty,275737.24
18469,18469,Customs Duty,8952.84
18470,18470,Customs Duty,63991.27
18471,18471,Customs Duty,279.2
18472,18472,Export Duty,6905.1
18473,18473,VAT,30668.89
18474,18474,Customs Duty,3220.79
18475,18475,VAT,77347.5
18476,18476,Service Tax,86931.15
18477,18477,VAT,1423.95
18478,18478,VAT,135901.73
18479,18479,Export Duty,602.82
18480,18480,Import Duty,3624.6
18481,18481,Customs Duty,25198.07
18482,18482,Customs Duty,4515.95
18483,18483,Customs Duty,39892.94
18484,18484,Service Tax,1731.84
18485,18485,Import Duty,27.18
18486,18486,Customs Duty,288935.51
18487,18487,Customs Duty,961.62
18488,18488,Import Duty,465.02
18489,18489,VAT,241355.46
18490,18490,Service Tax,502.4
18491,18491,Excise Duty,1024.19
18492,18492,Customs Duty,1208.99
18493,18493,Import Duty,429.35
18494,18494,Import Duty,2685.98
18495,18495,VAT,61595.52
18496,18496,Import Duty,60799.33
18497,18497,VAT,12709.64
18498,18498,Customs Duty,31988.95
18499,18499,Customs Duty,10891.29
18500,18500,Customs Duty,65424.86
18501,18501,Customs Duty,10229.02
18502,18502,Import Duty,176712.88
18503,18503,Customs Duty,16029.77
18504,18504,VAT,26090.93
18505,18505,Import Duty,9906.62
18506,18506,Export Duty,25806.15
18507,18507,VAT,3794.81
18508,18508,Excise Duty,141070.96
18509,18509,Export Duty,688.97
18510,18510,VAT,197731.51
18511,18511,Customs Duty,14400.07
18512,18512,Customs Duty,24140.49
18513,18513,VAT,1066.02
18514,18514,Customs Duty,144789.14
18515,18515,VAT,1416.01
18516,18516,Import Duty,2847.45
18517,18517,Import Duty,87123.36
18518,18518,Customs Duty,584.33
18519,18519,VAT,10519.19
18520,18520,Import Duty,164.82
18521,18521,Customs Duty,67240.39
18522,18522,VAT,35396.55
18523,18523,VAT,74246.35
18524,18524,Customs Duty,4365.08
18525,18525,Export Duty,35100.48
18526,18526,Export Duty,44.1
18527,18527,VAT,87180.05
18528,18528,VAT,16631.68
18529,18529,Service Tax,3788.57
18530,18530,Import Duty,97999.93
18531,18531,Customs Duty,65466.04
18532,18532,Customs Duty,14226.7
18533,18533,VAT,4115.79
18534,18534,VAT,204867.77
18535,18535,VAT,115856.37
18536,18536,Customs Duty,14175.64
18537,18537,Import Duty,275888.44
18538,18538,Export Duty,174.4
18539,18539,Service Tax,31402.27
18540,18540,Excise Duty,2058.13
18541,18541,VAT,183419.99
18542,18542,Import Duty,4910.44
18543,18543,Customs Duty,384.15
18544,18544,Import Duty,42423.55
18545,18545,Import Duty,10828.14
18546,18546,VAT,16441.49
18547,18547,Export Duty,27040.72
18548,18548,Import Duty,29266.7
18549,18549,VAT,115.51
18550,18550,Import Duty,389.76
18551,18551,VAT,16923.65
18552,18552,Import Duty,2603.75
18553,18553,VAT,3742.55
18554,18554,Import Duty,2773.07
18555,18555,Export Duty,814.37
18556,18556,Customs Duty,210.45
18557,18557,Customs Duty,888.89
18558,18558,VAT,3350.75
18559,18559,Import Duty,1992.09
18560,18560,Import Duty,31296.4
18561,18561,Service Tax,10006.64
18562,18562,VAT,13541.57
18563,18563,Service Tax,1183.18
18564,18564,Export Duty,60329.01
18565,18565,Import Duty,3569.06
18566,18566,Export Duty,25136.56
18567,18567,Excise Duty,307.35
18568,18568,Customs Duty,35356.86
18569,18569,Customs Duty,12678.9
18570,18570,Excise Duty,1781.73
18571,18571,VAT,39487.09
18572,18572,Export Duty,216.29
18573,18573,Customs Duty,9262.01
18574,18574,Import Duty,14564.98
18575,18575,Import Duty,26841.66
18576,18576,VAT,35041.31
18577,18577,Import Duty,483.99
18578,18578,VAT,12587.03
18579,18579,Export Duty,145.48
18580,18580,Customs Duty,187076.24
18581,18581,Customs Duty,21513.86
18582,18582,Customs Duty,495.27
18583,18583,Import Duty,3237.6
18584,18584,Import Duty,90881.27
18585,18585,Service Tax,323.64
18586,18586,Excise Duty,453.61
18587,18587,Export Duty,740.53
18588,18588,Customs Duty,4675.86
18589,18589,Customs Duty,28164.05
18590,18590,Service Tax,83.88
18591,18591,VAT,1014.9
18592,18592,Import Duty,451.83
18593,18593,VAT,13347.07
18594,18594,VAT,60912.73
18595,18595,Customs Duty,85633.24
18596,18596,Customs Duty,11201.12
18597,18597,Customs Duty,103959.93
18598,18598,VAT,60286.57
18599,18599,Import Duty,79264.53
18600,18600,Customs Duty,57005.86
18601,18601,Customs Duty,100362.14
18602,18602,Export Duty,332.37
18603,18603,Customs Duty,260.67
18604,18604,Customs Duty,83526.32
18605,18605,VAT,9072.59
18606,18606,Import Duty,2860.63
18607,18607,VAT,151908.94
18608,18608,Customs Duty,120159.86
18609,18609,Import Duty,21862.72
18610,18610,VAT,158644.84
18611,18611,Service Tax,5697.55
18612,18612,Customs Duty,7258.15
18613,18613,Export Duty,304.47
18614,18614,Import Duty,33800.12
18615,18615,Import Duty,2915.35
18616,18616,Customs Duty,254.59
18617,18617,Import Duty,32855.61
18618,18618,Export Duty,619.88
18619,18619,Customs Duty,994.78
18620,18620,Export Duty,229.91
18621,18621,Export Duty,52.36
18622,18622,Customs Duty,3253.2
18623,18623,Import Duty,13074.48
18624,18624,Import Duty,429.9
18625,18625,Customs Duty,26899.52
18626,18626,Service Tax,447.4
18627,18627,VAT,106208.37
18628,18628,Service Tax,6678.38
18629,18629,Import Duty,8573.39
18630,18630,Customs Duty,6685.73
18631,18631,Import Duty,1908.19
18632,18632,VAT,2199.85
18633,18633,Customs Duty,88290.54
18634,18634,Import Duty,1710.3
18635,18635,Customs Duty,1778.74
18636,18636,Excise Duty,4249.1
18637,18637,Import Duty,53444.76
18638,18638,Excise Duty,5421.51
18639,18639,VAT,2881.4
18640,18640,Export Duty,1122.01
18641,18641,Customs Duty,1175.51
18642,18642,VAT,8314.5
18643,18643,VAT,114089.25
18644,18644,Import Duty,90411.51
18645,18645,Import Duty,22003.69
18646,18646,Customs Duty,55720.73
18647,18647,Export Duty,242.73
18648,18648,Service Tax,273.21
18649,18649,Import Duty,23008.65
18650,18650,Import Duty,139508.9
18651,18651,VAT,1003.84
18652,18652,VAT,187865.52
18653,18653,VAT,235585.1
18654,18654,Export Duty,159.57
18655,18655,Excise Duty,10933.72
18656,18656,VAT,720.45
18657,18657,Import Duty,206022.28
18658,18658,VAT,166586.97
18659,18659,Export Duty,91853.78
18660,18660,Import Duty,11751.98
18661,18661,Customs Duty,6047.82
18662,18662,VAT,31762.31
18663,18663,Customs Duty,764.56
18664,18664,VAT,95146.88
18665,18665,Customs Duty,47484.48
18666,18666,VAT,199119.93
18667,18667,Import Duty,49363.89
18668,18668,Customs Duty,1668.23
18669,18669,Customs Duty,631.97
18670,18670,Customs Duty,36709.64
18671,18671,Customs Duty,1109.5
18672,18672,VAT,1611.0
18673,18673,Import Duty,178549.99
18674,18674,VAT,19248.76
18675,18675,Service Tax,3606.55
18676,18676,Import Duty,1348.0
18677,18677,Customs Duty,104048.69
18678,18678,Import Duty,71191.9
18679,18679,VAT,31806.96
18680,18680,VAT,139.08
18681,18681,Service Tax,583.93
18682,18682,Customs Duty,15367.36
18683,18683,Import Duty,1833.34
18684,18684,Import Duty,284142.39
18685,18685,Customs Duty,10048.29
18686,18686,VAT,2680.2
18687,18687,VAT,206051.91
18688,18688,Customs Duty,160.73
18689,18689,Customs Duty,70507.05
18690,18690,Customs Duty,1437.98
18691,18691,Export Duty,57995.65
18692,18692,VAT,9348.14
18693,18693,VAT,36230.77
18694,18694,VAT,14760.68
18695,18695,Customs Duty,2401.46
18696,18696,Service Tax,2453.29
18697,18697,VAT,103547.91
18698,18698,Customs Duty,7430.89
18699,18699,Import Duty,1041.68
18700,18700,Customs Duty,85.18
18701,18701,Export Duty,355.89
18702,18702,Customs Duty,111442.84
18703,18703,VAT,1224.68
18704,18704,Customs Duty,2085.74
18705,18705,Customs Duty,64160.72
18706,18706,Excise Duty,4740.34
18707,18707,VAT,415.03
18708,18708,Import Duty,131679.75
18709,18709,VAT,12399.93
18710,18710,Customs Duty,2859.9
18711,18711,VAT,19814.89
18712,18712,Import Duty,24285.33
18713,18713,Customs Duty,67.0
18714,18714,Import Duty,741.86
18715,18715,Import Duty,97832.32
18716,18716,Export Duty,256.04
18717,18717,Import Duty,980.02
18718,18718,VAT,4177.44
18719,18719,Import Duty,117787.0
18720,18720,Export Duty,5790.89
18721,18721,VAT,57664.9
18722,18722,Customs Duty,69849.91
18723,18723,VAT,112207.38
18724,18724,VAT,330.73
18725,18725,Customs Duty,144.47
18726,18726,Customs Duty,51821.61
18727,18727,Customs Duty,663.5
18728,18728,Import Duty,163936.8
18729,18729,Customs Duty,23954.07
18730,18730,VAT,16462.22
18731,18731,VAT,1867.83
18732,18732,VAT,166093.27
18733,18733,Service Tax,1361.43
18734,18734,Customs Duty,15528.23
18735,18735,Customs Duty,740.32
18736,18736,Customs Duty,11555.58
18737,18737,Export Duty,1941.55
18738,18738,VAT,77874.31
18739,18739,Import Duty,295.68
18740,18740,Import Duty,1560.43
18741,18741,Customs Duty,10206.5
18742,18742,Customs Duty,9528.13
18743,18743,Import Duty,3426.33
18744,18744,VAT,88749.05
18745,18745,Excise Duty,1081.25
18746,18746,VAT,177508.25
18747,18747,Service Tax,22233.84
18748,18748,Export Duty,3310.09
18749,18749,VAT,1202.4
18750,18750,VAT,291963.42
18751,18751,Customs Duty,4556.56
18752,18752,Customs Duty,259.19
18753,18753,Customs Duty,5565.64
18754,18754,Import Duty,19198.04
18755,18755,Export Duty,13595.9
18756,18756,VAT,14773.45
18757,18757,Import Duty,352445.47
18758,18758,VAT,86066.71
18759,18759,VAT,73786.67
18760,18760,Import Duty,2859.71
18761,18761,VAT,52862.81
18762,18762,VAT,684.22
18763,18763,Customs Duty,371.46
18764,18764,VAT,147411.15
18765,18765,Excise Duty,26423.51
18766,18766,Export Duty,103432.69
18767,18767,Excise Duty,6096.85
18768,18768,Service Tax,44984.41
18769,18769,Customs Duty,59473.67
18770,18770,VAT,16399.55
18771,18771,Customs Duty,211521.21
18772,18772,Customs Duty,451.56
18773,18773,Customs Duty,570.28
18774,18774,Customs Duty,682.82
18775,18775,Service Tax,28441.32
18776,18776,Customs Duty,36569.34
18777,18777,Export Duty,136256.95
18778,18778,Excise Duty,1116.33
18779,18779,Service Tax,38655.9
18780,18780,Import Duty,37017.52
18781,18781,VAT,136.5
18782,18782,Customs Duty,136580.93
18783,18783,Service Tax,186.7
18784,18784,Customs Duty,365.81
18785,18785,Customs Duty,390.02
18786,18786,Service Tax,11979.63
18787,18787,Import Duty,4362.33
18788,18788,Customs Duty,7730.03
18789,18789,Import Duty,5627.67
18790,18790,VAT,12450.42
18791,18791,Customs Duty,71213.72
18792,18792,Customs Duty,8878.44
18793,18793,Export Duty,130842.33
18794,18794,Customs Duty,6087.84
18795,18795,Export Duty,380.5
18796,18796,Excise Duty,71191.15
18797,18797,Export Duty,1540.9
18798,18798,Excise Duty,1280.13
18799,18799,Customs Duty,236343.41
18800,18800,Excise Duty,98147.13
18801,18801,Customs Duty,23678.1
18802,18802,Customs Duty,219278.69
18803,18803,Customs Duty,2409.69
18804,18804,Customs Duty,89429.96
18805,18805,Customs Duty,10153.46
18806,18806,Excise Duty,159733.82
18807,18807,Customs Duty,490.32
18808,18808,Import Duty,2840.61
18809,18809,Service Tax,12531.29
18810,18810,VAT,2208.49
18811,18811,VAT,5241.69
18812,18812,Import Duty,25452.64
18813,18813,VAT,31456.24
18814,18814,Customs Duty,2613.79
18815,18815,Import Duty,823.32
18816,18816,Import Duty,2032.19
18817,18817,Customs Duty,440.57
18818,18818,VAT,8134.87
18819,18819,VAT,31752.64
18820,18820,Customs Duty,6381.31
18821,18821,VAT,246787.95
18822,18822,VAT,23885.54
18823,18823,Excise Duty,3391.89
18824,18824,VAT,1730.78
18825,18825,Export Duty,119.32
18826,18826,Excise Duty,533.09
18827,18827,Export Duty,154.13
18828,18828,Import Duty,144037.83
18829,18829,VAT,7812.07
18830,18830,Export Duty,5597.07
18831,18831,Service Tax,18226.13
18832,18832,VAT,34282.58
18833,18833,Customs Duty,1046.59
18834,18834,Export Duty,10594.39
18835,18835,Service Tax,234.9
18836,18836,Import Duty,1206.47
18837,18837,Service Tax,1526.47
18838,18838,Customs Duty,1507.02
18839,18839,Customs Duty,25929.56
18840,18840,Customs Duty,7514.62
18841,18841,VAT,11603.59
18842,18842,Import Duty,587.78
18843,18843,Import Duty,14408.08
18844,18844,Excise Duty,44240.25
18845,18845,Service Tax,558.8
18846,18846,Export Duty,4694.39
18847,18847,Customs Duty,279.31
18848,18848,Import Duty,21868.76
18849,18849,VAT,39113.52
18850,18850,Import Duty,23107.22
18851,18851,VAT,20883.88
18852,18852,Export Duty,12776.59
18853,18853,Export Duty,92.34
18854,18854,VAT,19855.93
18855,18855,Service Tax,18847.22
18856,18856,Excise Duty,55261.19
18857,18857,Import Duty,274277.34
18858,18858,Import Duty,90831.64
18859,18859,VAT,70162.19
18860,18860,Service Tax,19782.33
18861,18861,Customs Duty,1341.47
18862,18862,VAT,4530.44
18863,18863,Excise Duty,193.46
18864,18864,VAT,66233.41
18865,18865,Customs Duty,40999.3
18866,18866,VAT,8737.72
18867,18867,Export Duty,81.97
18868,18868,Customs Duty,1500.89
18869,18869,Export Duty,7842.48
18870,18870,Import Duty,36109.63
18871,18871,VAT,1146.75
18872,18872,Customs Duty,12756.74
18873,18873,VAT,25870.07
18874,18874,VAT,1483.6
18875,18875,Excise Duty,1200.95
18876,18876,Customs Duty,1509.6
18877,18877,Excise Duty,959.64
18878,18878,Service Tax,176.92
18879,18879,VAT,96533.55
18880,18880,Service Tax,225.2
18881,18881,Customs Duty,194302.94
18882,18882,Import Duty,26303.09
18883,18883,Customs Duty,8145.6
18884,18884,Customs Duty,489.4
18885,18885,VAT,8043.17
18886,18886,Import Duty,4258.57
18887,18887,Export Duty,2728.98
18888,18888,VAT,13466.97
18889,18889,Customs Duty,1792.65
18890,18890,Customs Duty,9584.3
18891,18891,Customs Duty,415.72
18892,18892,Import Duty,125793.7
18893,18893,Import Duty,15110.27
18894,18894,Customs Duty,2256.25
18895,18895,Import Duty,15885.25
18896,18896,VAT,106266.5
18897,18897,Customs Duty,7768.97
18898,18898,Customs Duty,2299.73
18899,18899,Import Duty,139957.03
18900,18900,VAT,1824.19
18901,18901,Customs Duty,3533.04
18902,18902,VAT,1104.94
18903,18903,Service Tax,72335.41
18904,18904,Import Duty,1268.09
18905,18905,Export Duty,743.5
18906,18906,Customs Duty,178951.1
18907,18907,VAT,9635.49
18908,18908,VAT,33436.72
18909,18909,Customs Duty,200.21
18910,18910,VAT,78480.16
18911,18911,Import Duty,4417.79
18912,18912,VAT,808.82
18913,18913,Export Duty,22677.77
18914,18914,Customs Duty,15578.45
18915,18915,Import Duty,63372.44
18916,18916,Import Duty,2464.06
18917,18917,Import Duty,2063.89
18918,18918,Import Duty,130943.15
18919,18919,Import Duty,31957.39
18920,18920,VAT,23565.95
18921,18921,Customs Duty,316.0
18922,18922,Export Duty,328.57
18923,18923,Export Duty,4158.86
18924,18924,Service Tax,3571.2
18925,18925,Service Tax,146.59
18926,18926,VAT,290.35
18927,18927,Import Duty,6304.51
18928,18928,Excise Duty,83035.33
18929,18929,Service Tax,516.35
18930,18930,Customs Duty,11557.64
18931,18931,Customs Duty,30798.09
18932,18932,Customs Duty,601.51
18933,18933,Import Duty,92699.56
18934,18934,Import Duty,8200.1
18935,18935,Import Duty,96351.22
18936,18936,Customs Duty,1188.05
18937,18937,Import Duty,1475.38
18938,18938,Customs Duty,7310.75
18939,18939,Customs Duty,53497.63
18940,18940,Import Duty,2328.53
18941,18941,Import Duty,10441.66
18942,18942,Customs Duty,198.14
18943,18943,VAT,67241.08
18944,18944,VAT,923.67
18945,18945,Import Duty,15064.53
18946,18946,Service Tax,536.52
18947,18947,Export Duty,179.06
18948,18948,VAT,8684.92
18949,18949,Import Duty,59023.31
18950,18950,VAT,84702.11
18951,18951,VAT,9305.72
18952,18952,Import Duty,3296.93
18953,18953,Customs Duty,10115.89
18954,18954,Import Duty,236217.72
18955,18955,VAT,1043.53
18956,18956,Import Duty,107253.21
18957,18957,Customs Duty,1445.3
18958,18958,Import Duty,2924.08
18959,18959,Import Duty,22478.3
18960,18960,Customs Duty,164023.21
18961,18961,Customs Duty,361.8
18962,18962,VAT,10136.51
18963,18963,Customs Duty,226612.34
18964,18964,VAT,1311.6
18965,18965,Customs Duty,166038.32
18966,18966,Customs Duty,108520.7
18967,18967,VAT,2237.02
18968,18968,Service Tax,853.85
18969,18969,Customs Duty,2318.73
18970,18970,VAT,322851.81
18971,18971,Export Duty,665.63
18972,18972,Service Tax,28802.28
18973,18973,Import Duty,165.18
18974,18974,Import Duty,8523.07
18975,18975,Customs Duty,885.45
18976,18976,Customs Duty,6369.76
18977,18977,VAT,134290.75
18978,18978,Import Duty,57149.34
18979,18979,Service Tax,13919.11
18980,18980,VAT,9632.51
18981,18981,VAT,1952.02
18982,18982,VAT,15395.7
18983,18983,Import Duty,339.9
18984,18984,Customs Duty,42720.46
18985,18985,Import Duty,633.32
18986,18986,Customs Duty,220.02
18987,18987,VAT,240007.85
18988,18988,Import Duty,79050.11
18989,18989,Excise Duty,94607.12
18990,18990,Excise Duty,204002.38
18991,18991,Import Duty,15330.51
18992,18992,Import Duty,78205.94
18993,18993,Import Duty,13640.4
18994,18994,Service Tax,87.79
18995,18995,Service Tax,299.85
18996,18996,Customs Duty,8288.09
18997,18997,Customs Duty,4510.08
18998,18998,Customs Duty,664.4
18999,18999,Excise Duty,7459.17
19000,19000,VAT,8897.4
19001,19001,Customs Duty,114107.19
19002,19002,VAT,2889.43
19003,19003,Customs Duty,928.81
19004,19004,Customs Duty,434.49
19005,19005,Import Duty,3910.82
19006,19006,Export Duty,907.31
19007,19007,VAT,74525.53
19008,19008,VAT,24772.68
19009,19009,Customs Duty,3125.8
19010,19010,Customs Duty,22052.24
19011,19011,VAT,1659.07
19012,19012,Import Duty,2278.01
19013,19013,Import Duty,1779.23
19014,19014,Customs Duty,5425.11
19015,19015,Customs Duty,128424.17
19016,19016,VAT,1668.77
19017,19017,Customs Duty,17976.97
19018,19018,Export Duty,8618.6
19019,19019,Import Duty,171217.18
19020,19020,Export Duty,49406.74
19021,19021,VAT,10600.92
19022,19022,VAT,1688.31
19023,19023,Customs Duty,99276.67
19024,19024,Export Duty,1360.21
19025,19025,Import Duty,319092.33
19026,19026,VAT,11282.2
19027,19027,Excise Duty,3131.19
19028,19028,VAT,5199.22
19029,19029,Import Duty,4298.98
19030,19030,VAT,121983.37
19031,19031,VAT,12478.95
19032,19032,VAT,127043.07
19033,19033,Export Duty,605.42
19034,19034,Excise Duty,9423.25
19035,19035,VAT,8975.01
19036,19036,Import Duty,1885.92
19037,19037,Customs Duty,2791.94
19038,19038,Import Duty,253838.46
19039,19039,Import Duty,112493.34
19040,19040,VAT,1899.14
19041,19041,Customs Duty,6600.09
19042,19042,Import Duty,32015.15
19043,19043,Customs Duty,51143.56
19044,19044,Customs Duty,128.46
19045,19045,Excise Duty,2869.9
19046,19046,VAT,69457.76
19047,19047,Customs Duty,247901.46
19048,19048,Excise Duty,832.01
19049,19049,Customs Duty,1176.9
19050,19050,VAT,2199.25
19051,19051,Export Duty,7.13
19052,19052,Import Duty,62585.8
19053,19053,Import Duty,749.85
19054,19054,Customs Duty,60943.49
19055,19055,Customs Duty,162181.63
19056,19056,Customs Duty,28580.84
19057,19057,VAT,238244.18
19058,19058,VAT,32556.53
19059,19059,Customs Duty,658.62
19060,19060,Customs Duty,98410.79
19061,19061,Import Duty,30689.24
19062,19062,Customs Duty,315.48
19063,19063,Excise Duty,468.35
19064,19064,Import Duty,8121.43
19065,19065,Service Tax,10268.97
19066,19066,Export Duty,45869.9
19067,19067,Customs Duty,10451.57
19068,19068,Service Tax,6166.25
19069,19069,Import Duty,1277.98
19070,19070,Customs Duty,10548.82
19071,19071,Service Tax,10183.28
19072,19072,Service Tax,64525.65
19073,19073,Export Duty,1097.2
19074,19074,VAT,53494.07
19075,19075,Customs Duty,6340.48
19076,19076,Import Duty,105.17
19077,19077,Customs Duty,15334.67
19078,19078,VAT,1878.4
19079,19079,Customs Duty,724.07
19080,19080,Import Duty,12500.17
19081,19081,VAT,1502.04
19082,19082,Customs Duty,1954.6
19083,19083,Customs Duty,5526.31
19084,19084,Excise Duty,191338.27
19085,19085,Service Tax,2988.77
19086,19086,Customs Duty,3765.74
19087,19087,Excise Duty,116792.23
19088,19088,Excise Duty,61198.2
19089,19089,Customs Duty,6635.03
19090,19090,Import Duty,77635.29
19091,19091,Customs Duty,14802.24
19092,19092,Import Duty,251147.16
19093,19093,Excise Duty,59062.9
19094,19094,VAT,1065.5
19095,19095,Customs Duty,9912.61
19096,19096,Export Duty,34435.95
19097,19097,Customs Duty,2062.7
19098,19098,Service Tax,2376.37
19099,19099,Customs Duty,1952.54
19100,19100,Customs Duty,1691.59
19101,19101,Excise Duty,7140.15
19102,19102,Import Duty,11196.24
19103,19103,VAT,3199.73
19104,19104,Customs Duty,10054.21
19105,19105,Export Duty,1071.66
19106,19106,Export Duty,358.4
19107,19107,VAT,7287.68
19108,19108,Customs Duty,910.65
19109,19109,Excise Duty,506.46
19110,19110,Export Duty,36975.64
19111,19111,Import Duty,27315.58
19112,19112,Customs Duty,6493.36
19113,19113,Customs Duty,467.6
19114,19114,VAT,3957.81
19115,19115,Import Duty,27078.66
19116,19116,VAT,784.23
19117,19117,Import Duty,23023.03
19118,19118,Service Tax,4004.06
19119,19119,VAT,35774.9
19120,19120,Customs Duty,125823.5
19121,19121,Import Duty,14998.66
19122,19122,VAT,19137.68
19123,19123,VAT,33254.41
19124,19124,Import Duty,10713.42
19125,19125,Import Duty,3233.08
19126,19126,Excise Duty,18400.98
19127,19127,Customs Duty,140947.34
19128,19128,Service Tax,34581.26
19129,19129,VAT,165393.38
19130,19130,VAT,86179.05
19131,19131,Service Tax,4913.25
19132,19132,Service Tax,3644.99
19133,19133,Customs Duty,144183.33
19134,19134,Import Duty,224053.89
19135,19135,VAT,1580.99
19136,19136,Import Duty,2076.32
19137,19137,VAT,6178.34
19138,19138,Import Duty,2001.89
19139,19139,Import Duty,34384.4
19140,19140,Customs Duty,7595.97
19141,19141,VAT,1484.08
19142,19142,VAT,1851.96
19143,19143,VAT,30423.04
19144,19144,Excise Duty,9653.26
19145,19145,Excise Duty,49744.61
19146,19146,VAT,1650.67
19147,19147,Customs Duty,102062.43
19148,19148,Export Duty,13639.63
19149,19149,Customs Duty,2776.15
19150,19150,VAT,43855.92
19151,19151,VAT,657.82
19152,19152,Service Tax,13565.96
19153,19153,Import Duty,4109.06
19154,19154,Customs Duty,43442.29
19155,19155,VAT,1080.05
19156,19156,Customs Duty,1163.03
19157,19157,Excise Duty,161888.94
19158,19158,VAT,3268.76
19159,19159,Excise Duty,70341.37
19160,19160,Import Duty,205518.61
19161,19161,VAT,704.98
19162,19162,Customs Duty,78610.39
19163,19163,Customs Duty,16392.27
19164,19164,Customs Duty,2759.65
19165,19165,Service Tax,61687.56
19166,19166,Customs Duty,1701.31
19167,19167,Import Duty,611.73
19168,19168,Excise Duty,4774.89
19169,19169,Excise Duty,77550.07
19170,19170,Customs Duty,467.71
19171,19171,Customs Duty,136094.77
19172,19172,Excise Duty,5462.08
19173,19173,Service Tax,2429.65
19174,19174,VAT,522.58
19175,19175,Import Duty,265289.05
19176,19176,Customs Duty,555.57
19177,19177,Export Duty,15538.14
19178,19178,Excise Duty,426.55
19179,19179,VAT,80.73
19180,19180,VAT,203789.58
19181,19181,Import Duty,429182.68
19182,19182,VAT,6333.83
19183,19183,Import Duty,480.83
19184,19184,Import Duty,124474.78
19185,19185,VAT,70277.18
19186,19186,Import Duty,351684.45
19187,19187,Customs Duty,99932.12
19188,19188,Service Tax,3338.1
19189,19189,Customs Duty,3907.56
19190,19190,Import Duty,122664.41
19191,19191,Import Duty,9207.23
19192,19192,Customs Duty,891.88
19193,19193,Customs Duty,3260.05
19194,19194,Excise Duty,16740.63
19195,19195,VAT,567.1
19196,19196,Customs Duty,2728.78
19197,19197,Customs Duty,1069.32
19198,19198,Customs Duty,2123.05
19199,19199,Import Duty,251.09
19200,19200,Import Duty,6805.07
19201,19201,VAT,157725.57
19202,19202,VAT,3743.0
19203,19203,Service Tax,227.02
19204,19204,Import Duty,5332.06
19205,19205,Service Tax,390.41
19206,19206,VAT,97947.81
19207,19207,VAT,36608.96
19208,19208,Import Duty,78020.6
19209,19209,Customs Duty,8370.43
19210,19210,Customs Duty,9648.64
19211,19211,Export Duty,18966.03
19212,19212,Service Tax,299.8
19213,19213,VAT,34.11
19214,19214,Service Tax,356.69
19215,19215,Customs Duty,1090.27
19216,19216,VAT,90.78
19217,19217,Excise Duty,3088.96
19218,19218,Import Duty,187055.81
19219,19219,Customs Duty,8540.6
19220,19220,Service Tax,5171.84
19221,19221,Service Tax,26107.25
19222,19222,Customs Duty,226749.89
19223,19223,Import Duty,240355.68
19224,19224,VAT,2051.45
19225,19225,Import Duty,478351.78
19226,19226,VAT,1076.37
19227,19227,VAT,2520.26
19228,19228,Export Duty,112.16
19229,19229,VAT,80056.61
19230,19230,VAT,53857.1
19231,19231,VAT,233426.37
19232,19232,VAT,801.4
19233,19233,Excise Duty,124.52
19234,19234,VAT,100960.93
19235,19235,VAT,27395.55
19236,19236,Excise Duty,24336.11
19237,19237,Export Duty,10854.73
19238,19238,Excise Duty,1113.51
19239,19239,VAT,395.45
19240,19240,VAT,261855.07
19241,19241,Excise Duty,2441.87
19242,19242,Customs Duty,5910.23
19243,19243,Service Tax,7070.73
19244,19244,Customs Duty,11146.9
19245,19245,Customs Duty,146.46
19246,19246,Excise Duty,12747.28
19247,19247,Import Duty,3521.93
19248,19248,Excise Duty,95121.41
19249,19249,VAT,15198.06
19250,19250,Excise Duty,147760.96
19251,19251,VAT,10680.48
19252,19252,Customs Duty,4927.45
19253,19253,Excise Duty,2698.32
19254,19254,Import Duty,75230.42
19255,19255,Export Duty,19078.33
19256,19256,Customs Duty,172531.59
19257,19257,Customs Duty,18962.95
19258,19258,Customs Duty,1020.91
19259,19259,Customs Duty,11717.97
19260,19260,Customs Duty,1051.81
19261,19261,Export Duty,9658.98
19262,19262,VAT,1591.21
19263,19263,VAT,2186.16
19264,19264,Import Duty,84447.67
19265,19265,Service Tax,225.93
19266,19266,Customs Duty,20095.21
19267,19267,VAT,351879.31
19268,19268,VAT,10160.85
19269,19269,Import Duty,991.36
19270,19270,Import Duty,7905.76
19271,19271,Export Duty,67.5
19272,19272,VAT,11592.39
19273,19273,VAT,326350.04
19274,19274,Customs Duty,50478.59
19275,19275,VAT,233572.38
19276,19276,Customs Duty,91455.31
19277,19277,VAT,31750.34
19278,19278,VAT,639.71
19279,19279,Import Duty,228.6
19280,19280,Service Tax,8400.67
19281,19281,VAT,173407.3
19282,19282,VAT,6859.23
19283,19283,Import Duty,186311.51
19284,19284,Import Duty,6566.87
19285,19285,Customs Duty,2138.74
19286,19286,Export Duty,88285.86
19287,19287,Customs Duty,8281.23
19288,19288,Customs Duty,235.72
19289,19289,Import Duty,84297.17
19290,19290,Customs Duty,7072.04
19291,19291,Service Tax,10067.73
19292,19292,Service Tax,3952.54
19293,19293,Service Tax,8153.75
19294,19294,Import Duty,171306.79
19295,19295,VAT,93830.12
19296,19296,Customs Duty,725.63
19297,19297,Customs Duty,8793.55
19298,19298,Import Duty,1342.52
19299,19299,Import Duty,28018.79
19300,19300,Customs Duty,179115.43
19301,19301,Customs Duty,8572.54
19302,19302,VAT,277.55
19303,19303,Export Duty,22389.99
19304,19304,Service Tax,10119.92
19305,19305,Service Tax,24380.52
19306,19306,Customs Duty,67185.7
19307,19307,Customs Duty,9610.35
19308,19308,VAT,17209.13
19309,19309,VAT,2262.09
19310,19310,Import Duty,15553.74
19311,19311,Import Duty,187.41
19312,19312,Import Duty,1153.17
19313,19313,Import Duty,172792.24
19314,19314,VAT,191880.83
19315,19315,Excise Duty,174153.68
19316,19316,VAT,807.29
19317,19317,VAT,1711.16
19318,19318,Customs Duty,47092.4
19319,19319,Customs Duty,1723.82
19320,19320,Customs Duty,514.37
19321,19321,Customs Duty,101.27
19322,19322,VAT,17143.94
19323,19323,Import Duty,6230.33
19324,19324,Excise Duty,1485.54
19325,19325,VAT,76202.53
19326,19326,Import Duty,64188.58
19327,19327,Export Duty,113.63
19328,19328,Customs Duty,1142.25
19329,19329,Customs Duty,4500.32
19330,19330,Customs Duty,42357.52
19331,19331,Customs Duty,547.51
19332,19332,VAT,13495.17
19333,19333,Customs Duty,27727.44
19334,19334,Import Duty,893.35
19335,19335,Customs Duty,19810.27
19336,19336,Export Duty,3290.72
19337,19337,Import Duty,7223.87
19338,19338,VAT,78.66
19339,19339,Customs Duty,85509.48
19340,19340,Service Tax,29893.37
19341,19341,VAT,69644.5
19342,19342,VAT,157028.76
19343,19343,Export Duty,3616.24
19344,19344,VAT,281671.1
19345,19345,Customs Duty,4142.52
19346,19346,Customs Duty,171900.48
19347,19347,VAT,15425.97
19348,19348,Import Duty,18158.29
19349,19349,Customs Duty,171248.74
19350,19350,VAT,686.09
19351,19351,Customs Duty,953.59
19352,19352,Customs Duty,619.11
19353,19353,VAT,360087.65
19354,19354,Service Tax,11173.54
19355,19355,Excise Duty,97331.7
19356,19356,Import Duty,197773.74
19357,19357,VAT,1399.93
19358,19358,Service Tax,162.06
19359,19359,Service Tax,4236.95
19360,19360,VAT,16831.68
19361,19361,VAT,1218.99
19362,19362,Import Duty,1340.72
19363,19363,VAT,2962.14
19364,19364,VAT,9603.85
19365,19365,Import Duty,22549.77
19366,19366,Customs Duty,35893.9
19367,19367,Customs Duty,38899.83
19368,19368,Import Duty,40380.95
19369,19369,VAT,2803.2
19370,19370,VAT,34982.3
19371,19371,Export Duty,8692.1
19372,19372,Customs Duty,12964.81
19373,19373,Customs Duty,93495.31
19374,19374,VAT,30950.9
19375,19375,VAT,778.3
19376,19376,Customs Duty,42.26
19377,19377,Customs Duty,92928.97
19378,19378,Customs Duty,98990.59
19379,19379,Customs Duty,1158.62
19380,19380,Service Tax,383.31
19381,19381,Import Duty,2613.98
19382,19382,VAT,285311.42
19383,19383,Customs Duty,75390.36
19384,19384,Customs Duty,4689.62
19385,19385,VAT,235506.3
19386,19386,VAT,8943.11
19387,19387,Customs Duty,66320.88
19388,19388,Customs Duty,1033.71
19389,19389,Customs Duty,54.52
19390,19390,VAT,1898.28
19391,19391,Customs Duty,782.29
19392,19392,Customs Duty,388.46
19393,19393,VAT,442.77
19394,19394,VAT,11566.8
19395,19395,VAT,3885.46
19396,19396,Customs Duty,3358.36
19397,19397,Customs Duty,154071.58
19398,19398,Customs Duty,118538.29
19399,19399,Customs Duty,544.51
19400,19400,Import Duty,2552.04
19401,19401,Import Duty,151992.72
19402,19402,Import Duty,2712.06
19403,19403,Import Duty,4784.15
19404,19404,Import Duty,1541.25
19405,19405,Import Duty,40447.3
19406,19406,Export Duty,112.85
19407,19407,Excise Duty,663.28
19408,19408,VAT,1351.36
19409,19409,Import Duty,37677.72
19410,19410,Import Duty,24465.77
19411,19411,Customs Duty,19295.96
19412,19412,VAT,9038.75
19413,19413,Customs Duty,9582.12
19414,19414,Service Tax,539.75
19415,19415,Service Tax,274.71
19416,19416,Import Duty,12620.6
19417,19417,Customs Duty,75002.67
19418,19418,Excise Duty,10616.43
19419,19419,Service Tax,7531.76
19420,19420,Import Duty,356.67
19421,19421,Customs Duty,3342.32
19422,19422,Import Duty,1546.01
19423,19423,Customs Duty,333.81
19424,19424,Import Duty,99152.75
19425,19425,VAT,46896.04
19426,19426,VAT,157649.37
19427,19427,Service Tax,161.25
19428,19428,Customs Duty,17726.23
19429,19429,Customs Duty,79123.6
19430,19430,VAT,11413.48
19431,19431,Excise Duty,16286.74
19432,19432,Import Duty,305201.97
19433,19433,Import Duty,9303.71
19434,19434,VAT,11977.35
19435,19435,VAT,12456.34
19436,19436,VAT,183266.12
19437,19437,VAT,23694.77
19438,19438,VAT,3443.91
19439,19439,Customs Duty,117895.11
19440,19440,VAT,8970.05
19441,19441,Import Duty,2606.38
19442,19442,Export Duty,462.75
19443,19443,Customs Duty,6012.17
19444,19444,Import Duty,989.75
19445,19445,Customs Duty,61065.5
19446,19446,Customs Duty,3977.82
19447,19447,Excise Duty,8492.84
19448,19448,VAT,199.59
19449,19449,Import Duty,885.67
19450,19450,Customs Duty,93869.91
19451,19451,VAT,1671.23
19452,19452,Import Duty,227602.09
19453,19453,Excise Duty,218460.31
19454,19454,Import Duty,14532.69
19455,19455,Customs Duty,25860.97
19456,19456,Service Tax,3102.89
19457,19457,VAT,31665.15
19458,19458,Customs Duty,114527.92
19459,19459,Service Tax,188.11
19460,19460,Excise Duty,34074.21
19461,19461,Import Duty,27036.69
19462,19462,VAT,688.54
19463,19463,Customs Duty,2961.48
19464,19464,Excise Duty,46707.94
19465,19465,Customs Duty,143184.37
19466,19466,VAT,224049.0
19467,19467,Import Duty,16421.94
19468,19468,Customs Duty,52.19
19469,19469,Import Duty,12330.99
19470,19470,Import Duty,2532.8
19471,19471,Excise Duty,34475.42
19472,19472,VAT,5887.79
19473,19473,Customs Duty,11035.91
19474,19474,Export Duty,41604.86
19475,19475,Customs Duty,1397.6
19476,19476,Import Duty,22046.4
19477,19477,Import Duty,14804.43
19478,19478,VAT,126564.92
19479,19479,Import Duty,7411.3
19480,19480,Customs Duty,19139.01
19481,19481,Customs Duty,1517.69
19482,19482,Service Tax,524.76
19483,19483,Customs Duty,167699.96
19484,19484,Import Duty,7619.43
19485,19485,Customs Duty,53373.97
19486,19486,Import Duty,251583.42
19487,19487,Customs Duty,13435.47
19488,19488,Excise Duty,4783.01
19489,19489,VAT,358321.89
19490,19490,VAT,40792.96
19491,19491,Customs Duty,8421.09
19492,19492,VAT,803.14
19493,19493,Customs Duty,40767.14
19494,19494,Customs Duty,1751.25
19495,19495,Customs Duty,21080.2
19496,19496,Export Duty,1959.91
19497,19497,VAT,1209.48
19498,19498,Import Duty,402950.22
19499,19499,Customs Duty,5129.8
19500,19500,VAT,11710.93
19501,19501,Import Duty,107528.43
19502,19502,Service Tax,504.17
19503,19503,Import Duty,968.12
19504,19504,VAT,230.09
19505,19505,VAT,163258.1
19506,19506,Import Duty,902.8
19507,19507,Customs Duty,677.32
19508,19508,VAT,7174.96
19509,19509,Customs Duty,889.79
19510,19510,VAT,113211.14
19511,19511,Customs Duty,566.94
19512,19512,Excise Duty,1150.77
19513,19513,Import Duty,2355.87
19514,19514,Export Duty,17905.35
19515,19515,Customs Duty,79179.76
19516,19516,Import Duty,35466.63
19517,19517,Excise Duty,449.44
19518,19518,VAT,8357.54
19519,19519,Import Duty,597.24
19520,19520,Customs Duty,119400.35
19521,19521,Import Duty,31354.56
19522,19522,Service Tax,52730.96
19523,19523,Import Duty,306362.56
19524,19524,Import Duty,9619.23
19525,19525,VAT,375616.12
19526,19526,Import Duty,9375.57
19527,19527,VAT,304057.87
19528,19528,Customs Duty,1041.44
19529,19529,Excise Duty,178914.2
19530,19530,VAT,173505.64
19531,19531,Import Duty,8256.71
19532,19532,VAT,175.12
19533,19533,Service Tax,578.31
19534,19534,Customs Duty,9189.52
19535,19535,Customs Duty,1684.69
19536,19536,Customs Duty,17541.44
19537,19537,VAT,11214.12
19538,19538,VAT,129264.27
19539,19539,Customs Duty,193861.09
19540,19540,Import Duty,91.49
19541,19541,Customs Duty,1047.91
19542,19542,Excise Duty,6432.0
19543,19543,VAT,216108.85
19544,19544,VAT,15564.31
19545,19545,VAT,7596.98
19546,19546,Customs Duty,3311.89
19547,19547,Customs Duty,494.1
19548,19548,Customs Duty,1271.64
19549,19549,Import Duty,10932.34
19550,19550,Import Duty,273844.69
19551,19551,Customs Duty,203815.71
19552,19552,Service Tax,232.58
19553,19553,Import Duty,21724.62
19554,19554,VAT,1069.5
19555,19555,VAT,19851.03
19556,19556,VAT,131149.22
19557,19557,Customs Duty,9263.3
19558,19558,Customs Duty,27670.46
19559,19559,VAT,1413.29
19560,19560,VAT,1568.05
19561,19561,Customs Duty,1584.86
19562,19562,VAT,822.24
19563,19563,Customs Duty,1736.49
19564,19564,VAT,5232.23
19565,19565,Import Duty,7467.95
19566,19566,Import Duty,8030.68
19567,19567,VAT,74245.58
19568,19568,Excise Duty,712.96
19569,19569,VAT,39475.35
19570,19570,Customs Duty,8971.05
19571,19571,VAT,34278.32
19572,19572,Customs Duty,2007.07
19573,19573,Customs Duty,200320.85
19574,19574,Import Duty,65996.11
19575,19575,Excise Duty,17125.02
19576,19576,Import Duty,16246.5
19577,19577,VAT,316464.7
19578,19578,Customs Duty,203916.14
19579,19579,VAT,481.09
19580,19580,VAT,1527.73
19581,19581,VAT,2881.99
19582,19582,Excise Duty,1495.18
19583,19583,Excise Duty,17741.74
19584,19584,Excise Duty,53106.3
19585,19585,VAT,25362.06
19586,19586,Export Duty,21485.85
19587,19587,Service Tax,625.44
19588,19588,VAT,18525.31
19589,19589,Import Duty,54439.37
19590,19590,Customs Duty,2417.83
19591,19591,VAT,240.87
19592,19592,VAT,297.27
19593,19593,VAT,6517.39
19594,19594,Export Duty,6948.91
19595,19595,Customs Duty,445.72
19596,19596,Customs Duty,2267.86
19597,19597,VAT,298477.26
19598,19598,Customs Duty,5661.11
19599,19599,VAT,179874.75
19600,19600,Service Tax,63.2
19601,19601,VAT,1966.39
19602,19602,VAT,32292.86
19603,19603,Import Duty,403285.07
19604,19604,Customs Duty,23236.66
19605,19605,Customs Duty,235588.82
19606,19606,Customs Duty,40429.37
19607,19607,Customs Duty,192419.1
19608,19608,VAT,48323.37
19609,19609,Export Duty,3850.04
19610,19610,Customs Duty,127676.67
19611,19611,Customs Duty,59914.82
19612,19612,Excise Duty,61426.79
19613,19613,Customs Duty,12774.15
19614,19614,VAT,2896.64
19615,19615,VAT,8786.61
19616,19616,VAT,128968.25
19617,19617,Export Duty,202.62
19618,19618,Import Duty,71368.82
19619,19619,Customs Duty,2131.12
19620,19620,Export Duty,10692.54
19621,19621,Export Duty,2636.35
19622,19622,Customs Duty,38376.64
19623,19623,VAT,1171.42
19624,19624,VAT,495.98
19625,19625,Customs Duty,88208.4
19626,19626,Customs Duty,106952.61
19627,19627,Import Duty,31270.78
19628,19628,VAT,7793.36
19629,19629,VAT,10411.7
19630,19630,VAT,1846.51
19631,19631,Import Duty,25633.7
19632,19632,Import Duty,22581.61
19633,19633,Customs Duty,14624.47
19634,19634,Import Duty,45604.56
19635,19635,Excise Duty,22584.25
19636,19636,Customs Duty,53671.51
19637,19637,VAT,511.75
19638,19638,Customs Duty,263.77
19639,19639,Import Duty,61867.0
19640,19640,Export Duty,22417.47
19641,19641,VAT,12216.27
19642,19642,Excise Duty,65735.57
19643,19643,Import Duty,11595.78
19644,19644,Excise Duty,56303.71
19645,19645,Excise Duty,11454.78
19646,19646,Customs Duty,3543.31
19647,19647,Excise Duty,8371.33
19648,19648,Customs Duty,1185.72
19649,19649,Import Duty,7991.47
19650,19650,Service Tax,86973.6
19651,19651,Customs Duty,363.43
19652,19652,Import Duty,48017.49
19653,19653,Export Duty,15862.98
19654,19654,Import Duty,204086.82
19655,19655,Customs Duty,136150.69
19656,19656,VAT,139550.7
19657,19657,Customs Duty,47814.19
19658,19658,Import Duty,2217.39
19659,19659,Customs Duty,173740.28
19660,19660,VAT,35792.9
19661,19661,VAT,55346.69
19662,19662,VAT,219504.08
19663,19663,VAT,907.5
19664,19664,VAT,7617.92
19665,19665,Import Duty,3920.13
19666,19666,Import Duty,15840.4
19667,19667,VAT,195210.13
19668,19668,Import Duty,20141.75
19669,19669,Excise Duty,20004.49
19670,19670,VAT,29670.96
19671,19671,VAT,7985.77
19672,19672,VAT,3744.15
19673,19673,Service Tax,2000.77
19674,19674,Export Duty,11890.13
19675,19675,Import Duty,269657.67
19676,19676,Service Tax,62595.31
19677,19677,Customs Duty,34637.69
19678,19678,Excise Duty,653.85
19679,19679,Customs Duty,22511.71
19680,19680,Customs Duty,5283.88
19681,19681,Export Duty,174.36
19682,19682,Import Duty,147.12
19683,19683,Export Duty,290.25
19684,19684,VAT,29923.39
19685,19685,VAT,553.4
19686,19686,VAT,39151.88
19687,19687,Customs Duty,88.98
19688,19688,VAT,9619.27
19689,19689,Customs Duty,7764.48
19690,19690,Customs Duty,14855.2
19691,19691,Import Duty,360006.03
19692,19692,VAT,1266.96
19693,19693,Excise Duty,51397.39
19694,19694,VAT,2410.58
19695,19695,Import Duty,16358.93
19696,19696,VAT,102183.64
19697,19697,Customs Duty,70412.96
19698,19698,Customs Duty,1054.38
19699,19699,VAT,122997.84
19700,19700,VAT,277814.74
19701,19701,VAT,303868.03
19702,19702,VAT,110662.72
19703,19703,Customs Duty,18855.36
19704,19704,Customs Duty,19205.61
19705,19705,Service Tax,77.13
19706,19706,Customs Duty,7827.9
19707,19707,VAT,3104.71
19708,19708,Customs Duty,179188.67
19709,19709,Import Duty,27088.69
19710,19710,Export Duty,64082.66
19711,19711,Customs Duty,49875.64
19712,19712,Excise Duty,29704.91
19713,19713,Excise Duty,29576.61
19714,19714,Service Tax,624.27
19715,19715,Import Duty,9144.3
19716,19716,Customs Duty,8111.73
19717,19717,Import Duty,1229.52
19718,19718,Import Duty,42484.57
19719,19719,Import Duty,4593.62
19720,19720,VAT,875.62
19721,19721,VAT,198223.62
19722,19722,Customs Duty,22053.28
19723,19723,Customs Duty,7864.61
19724,19724,Customs Duty,86806.4
19725,19725,Excise Duty,729.44
19726,19726,VAT,11792.64
19727,19727,Customs Duty,100410.63
19728,19728,VAT,123197.05
19729,19729,VAT,121172.32
19730,19730,Customs Duty,9702.92
19731,19731,Customs Duty,145188.8
19732,19732,Import Duty,3526.95
19733,19733,Customs Duty,6764.92
19734,19734,Customs Duty,558.67
19735,19735,Customs Duty,1308.58
19736,19736,Import Duty,899.31
19737,19737,Customs Duty,2912.39
19738,19738,VAT,1593.24
19739,19739,Import Duty,1337.03
19740,19740,VAT,283404.93
19741,19741,Import Duty,8092.61
19742,19742,VAT,14320.95
19743,19743,Customs Duty,1472.99
19744,19744,Import Duty,197424.79
19745,19745,Import Duty,1767.55
19746,19746,Export Duty,3449.66
19747,19747,VAT,207.06
19748,19748,Export Duty,901.22
19749,19749,Import Duty,68555.61
19750,19750,Export Duty,2180.0
19751,19751,Customs Duty,23076.0
19752,19752,Customs Duty,562.3
19753,19753,Service Tax,9060.67
19754,19754,Import Duty,253202.47
19755,19755,Import Duty,19023.34
19756,19756,Excise Duty,30404.26
19757,19757,Customs Duty,477.66
19758,19758,VAT,6634.78
19759,19759,Import Duty,59.71
19760,19760,VAT,23076.63
19761,19761,Export Duty,7702.92
19762,19762,Export Duty,643.59
19763,19763,Customs Duty,38024.08
19764,19764,Customs Duty,2055.83
19765,19765,Export Duty,14966.75
19766,19766,Excise Duty,44693.3
19767,19767,Customs Duty,98462.89
19768,19768,VAT,59599.22
19769,19769,Export Duty,1004.02
19770,19770,Import Duty,20533.91
19771,19771,Excise Duty,32539.96
19772,19772,Customs Duty,11507.71
19773,19773,VAT,264.72
19774,19774,VAT,229797.73
19775,19775,Export Duty,3218.04
19776,19776,Customs Duty,255206.78
19777,19777,Import Duty,15382.41
19778,19778,VAT,294139.68
19779,19779,VAT,79571.94
19780,19780,Excise Duty,2029.1
19781,19781,Customs Duty,1685.5
19782,19782,VAT,20541.68
19783,19783,VAT,321.61
19784,19784,VAT,132711.3
19785,19785,Excise Duty,803.24
19786,19786,Excise Duty,18969.46
19787,19787,VAT,165166.94
19788,19788,VAT,2104.46
19789,19789,VAT,150951.26
19790,19790,Customs Duty,596.03
19791,19791,Customs Duty,27622.79
19792,19792,VAT,78687.35
19793,19793,Import Duty,1258.5
19794,19794,VAT,40685.36
19795,19795,Excise Duty,879.2
19796,19796,Customs Duty,238093.54
19797,19797,Import Duty,14264.9
19798,19798,Excise Duty,3346.65
19799,19799,Customs Duty,122.02
19800,19800,Import Duty,31453.94
19801,19801,Customs Duty,118098.16
19802,19802,Customs Duty,6195.19
19803,19803,Service Tax,3701.01
19804,19804,Export Duty,5082.38
19805,19805,VAT,2453.94
19806,19806,Customs Duty,648.35
19807,19807,Export Duty,1447.27
19808,19808,Excise Duty,325.88
19809,19809,VAT,70603.44
19810,19810,Import Duty,199085.57
19811,19811,VAT,1260.95
19812,19812,Import Duty,134811.24
19813,19813,Customs Duty,401.1
19814,19814,VAT,36839.33
19815,19815,Import Duty,11229.81
19816,19816,Import Duty,1555.95
19817,19817,VAT,4671.42
19818,19818,Import Duty,10772.61
19819,19819,VAT,1390.03
19820,19820,Customs Duty,72800.92
19821,19821,VAT,824.58
19822,19822,VAT,650.8
19823,19823,Customs Duty,188143.73
19824,19824,Customs Duty,5821.93
19825,19825,VAT,37994.35
19826,19826,Excise Duty,37279.29
19827,19827,VAT,80808.28
19828,19828,Excise Duty,28.5
19829,19829,Import Duty,10935.57
19830,19830,VAT,1107.02
19831,19831,Customs Duty,7499.15
19832,19832,VAT,104512.47
19833,19833,Customs Duty,1107.58
19834,19834,VAT,26834.42
19835,19835,Import Duty,8631.06
19836,19836,Import Duty,1048.02
19837,19837,VAT,2437.82
19838,19838,Customs Duty,16479.99
19839,19839,Excise Duty,3823.84
19840,19840,Export Duty,828.23
19841,19841,Service Tax,495.59
19842,19842,Excise Duty,1401.59
19843,19843,VAT,2677.61
19844,19844,Customs Duty,402.37
19845,19845,Import Duty,18589.36
19846,19846,Customs Duty,1383.59
19847,19847,Customs Duty,29514.92
19848,19848,Import Duty,865.51
19849,19849,Export Duty,7743.63
19850,19850,Import Duty,50044.89
19851,19851,Excise Duty,1314.79
19852,19852,Customs Duty,44897.67
19853,19853,Import Duty,18162.61
19854,19854,Import Duty,15515.97
19855,19855,Customs Duty,17449.31
19856,19856,Customs Duty,4326.39
19857,19857,Service Tax,396.53
19858,19858,VAT,300612.51
19859,19859,VAT,95049.97
19860,19860,Export Duty,6443.67
19861,19861,VAT,10361.19
19862,19862,Export Duty,40644.92
19863,19863,Customs Duty,74443.14
19864,19864,VAT,228861.2
19865,19865,Excise Duty,545.03
19866,19866,Customs Duty,36203.05
19867,19867,Import Duty,2675.72
19868,19868,Customs Duty,1974.21
19869,19869,VAT,1511.19
19870,19870,Customs Duty,6310.24
19871,19871,Customs Duty,52025.52
19872,19872,Export Duty,23982.12
19873,19873,Customs Duty,1178.72
19874,19874,Import Duty,108231.53
19875,19875,Customs Duty,3951.69
19876,19876,Excise Duty,116390.01
19877,19877,Customs Duty,2118.99
19878,19878,Import Duty,11278.76
19879,19879,Customs Duty,315.72
19880,19880,Customs Duty,21260.16
19881,19881,VAT,1489.27
19882,19882,Import Duty,152805.42
19883,19883,Service Tax,95.32
19884,19884,VAT,260888.35
19885,19885,Customs Duty,479.35
19886,19886,Customs Duty,1005.72
19887,19887,Import Duty,3616.24
19888,19888,Import Duty,40222.09
19889,19889,VAT,69727.17
19890,19890,Customs Duty,2085.45
19891,19891,Customs Duty,8460.46
19892,19892,Import Duty,853.58
19893,19893,Customs Duty,6959.73
19894,19894,Service Tax,230.2
19895,19895,Import Duty,79048.55
19896,19896,Customs Duty,3116.53
19897,19897,Customs Duty,28716.38
19898,19898,Customs Duty,102568.54
19899,19899,Import Duty,218.83
19900,19900,Customs Duty,18463.32
19901,19901,Customs Duty,294.71
19902,19902,VAT,1385.55
19903,19903,Import Duty,1273.79
19904,19904,Customs Duty,239974.99
19905,19905,Import Duty,2802.45
19906,19906,Import Duty,1115.33
19907,19907,Export Duty,14002.71
19908,19908,Excise Duty,87175.04
19909,19909,Service Tax,1818.71
19910,19910,VAT,961.24
19911,19911,VAT,3115.79
19912,19912,Customs Duty,2210.12
19913,19913,Customs Duty,218.04
19914,19914,Import Duty,182597.51
19915,19915,VAT,20219.38
19916,19916,Import Duty,23979.99
19917,19917,Service Tax,2175.21
19918,19918,Service Tax,727.22
19919,19919,Customs Duty,1202.24
19920,19920,Import Duty,20132.97
19921,19921,Export Duty,277.39
19922,19922,Customs Duty,299.93
19923,19923,Customs Duty,117.89
19924,19924,VAT,62024.89
19925,19925,Import Duty,6777.11
19926,19926,Import Duty,1585.75
19927,19927,Excise Duty,2656.8
19928,19928,Import Duty,81211.44
19929,19929,Customs Duty,51594.13
19930,19930,VAT,201.89
19931,19931,Export Duty,12762.83
19932,19932,Excise Duty,45324.34
19933,19933,Customs Duty,70090.39
19934,19934,Import Duty,23534.54
19935,19935,Import Duty,79500.54
19936,19936,Customs Duty,146559.42
19937,19937,Customs Duty,3437.32
19938,19938,Export Duty,78370.6
19939,19939,Customs Duty,99281.01
19940,19940,VAT,829.74
19941,19941,Import Duty,107463.71
19942,19942,Import Duty,399.0
19943,19943,Customs Duty,1086.72
19944,19944,Customs Duty,16416.38
19945,19945,Import Duty,3762.77
19946,19946,VAT,14228.45
19947,19947,VAT,163621.89
19948,19948,VAT,13305.78
19949,19949,VAT,139000.51
19950,19950,Customs Duty,1808.58
19951,19951,Export Duty,71318.05
19952,19952,Excise Duty,27097.34
19953,19953,Import Duty,2050.76
19954,19954,VAT,226.77
19955,19955,Service Tax,25911.75
19956,19956,Customs Duty,12121.49
19957,19957,Customs Duty,2273.6
19958,19958,VAT,639.38
19959,19959,Customs Duty,157220.83
19960,19960,Customs Duty,39384.39
19961,19961,Export Duty,218.97
19962,19962,Import Duty,17355.13
19963,19963,Customs Duty,166878.79
19964,19964,Customs Duty,9956.05
19965,19965,Service Tax,3504.02
19966,19966,VAT,1846.35
19967,19967,Excise Duty,3379.23
19968,19968,Excise Duty,16318.3
19969,19969,Customs Duty,20097.27
19970,19970,Customs Duty,47205.55
19971,19971,Customs Duty,209484.48
19972,19972,VAT,108120.8
19973,19973,Service Tax,101187.77
19974,19974,Excise Duty,919.96
19975,19975,Import Duty,571.16
19976,19976,VAT,922.24
19977,19977,Customs Duty,804.21
19978,19978,VAT,29590.1
19979,19979,Customs Duty,107864.9
19980,19980,VAT,382812.74
19981,19981,VAT,2666.57
19982,19982,Excise Duty,138139.29
19983,19983,Customs Duty,156389.86
19984,19984,Import Duty,57570.44
19985,19985,VAT,7554.09
19986,19986,Customs Duty,1335.6
19987,19987,Export Duty,5155.92
19988,19988,Customs Duty,105917.56
19989,19989,Export Duty,10007.52
19990,19990,Customs Duty,67805.02
19991,19991,Export Duty,814.28
19992,19992,Export Duty,5964.58
19993,19993,Excise Duty,101870.49
19994,19994,VAT,304259.27
19995,19995,Service Tax,170.69
19996,19996,Import Duty,718.05
19997,19997,Excise Duty,6430.87
19998,19998,Export Duty,6781.29
19999,19999,Export Duty,4111.66
20000,20000,Customs Duty,20131.0
20001,20001,Customs Duty,35434.09
20002,20002,Import Duty,3604.08
20003,20003,Service Tax,29.5
20004,20004,Import Duty,395.94
20005,20005,Customs Duty,16211.64
20006,20006,Customs Duty,151.48
20007,20007,Customs Duty,830.95
20008,20008,Export Duty,34136.91
20009,20009,Customs Duty,247619.75
20010,20010,Import Duty,22501.09
20011,20011,Customs Duty,100861.46
20012,20012,Import Duty,177148.82
20013,20013,Import Duty,15455.3
20014,20014,Customs Duty,8617.37
20015,20015,Customs Duty,139444.04
20016,20016,VAT,1240.55
20017,20017,VAT,4100.91
20018,20018,Export Duty,21798.66
20019,20019,VAT,1355.81
20020,20020,Customs Duty,675.91
20021,20021,Import Duty,27678.94
20022,20022,Service Tax,157.67
20023,20023,VAT,1009.33
20024,20024,VAT,67190.01
20025,20025,Service Tax,47204.06
20026,20026,VAT,22306.8
20027,20027,Import Duty,10466.24
20028,20028,Customs Duty,3927.01
20029,20029,VAT,1129.14
20030,20030,VAT,30791.56
20031,20031,Import Duty,300.71
20032,20032,Customs Duty,90723.14
20033,20033,VAT,6698.69
20034,20034,Import Duty,3530.4
20035,20035,Excise Duty,13170.59
20036,20036,Customs Duty,206432.5
20037,20037,Customs Duty,101.75
20038,20038,Customs Duty,13712.64
20039,20039,Service Tax,917.61
20040,20040,Service Tax,16028.08
20041,20041,Export Duty,33.33
20042,20042,VAT,2462.18
20043,20043,Export Duty,5885.49
20044,20044,VAT,2301.5
20045,20045,Customs Duty,36144.39
20046,20046,VAT,150.98
20047,20047,Export Duty,1274.03
20048,20048,Excise Duty,3356.04
20049,20049,Import Duty,7290.2
20050,20050,Import Duty,1243.98
20051,20051,Excise Duty,297.13
20052,20052,Import Duty,72976.12
20053,20053,VAT,11866.63
20054,20054,Customs Duty,61674.23
20055,20055,Export Duty,12648.54
20056,20056,Export Duty,61.51
20057,20057,Customs Duty,37680.96
20058,20058,Import Duty,1750.77
20059,20059,VAT,114094.45
20060,20060,Customs Duty,7960.37
20061,20061,Customs Duty,5093.17
20062,20062,Customs Duty,862.09
20063,20063,Import Duty,1363.88
20064,20064,Customs Duty,7650.59
20065,20065,Export Duty,54.4
20066,20066,Import Duty,4534.54
20067,20067,VAT,10379.42
20068,20068,Customs Duty,961.25
20069,20069,Import Duty,214.13
20070,20070,Customs Duty,279.34
20071,20071,Customs Duty,184563.83
20072,20072,VAT,945.93
20073,20073,Import Duty,126773.81
20074,20074,Import Duty,250217.87
20075,20075,Import Duty,2416.09
20076,20076,VAT,2698.12
20077,20077,Import Duty,828.85
20078,20078,Export Duty,5141.82
20079,20079,Import Duty,86200.82
20080,20080,VAT,1226.64
20081,20081,Customs Duty,20154.56
20082,20082,Service Tax,31134.99
20083,20083,VAT,19229.37
20084,20084,VAT,87244.29
20085,20085,Export Duty,82427.68
20086,20086,Customs Duty,6904.1
20087,20087,Service Tax,7254.69
20088,20088,VAT,915.78
20089,20089,Customs Duty,1089.09
20090,20090,Customs Duty,32658.75
20091,20091,Import Duty,112936.5
20092,20092,Export Duty,51246.22
20093,20093,VAT,13086.42
20094,20094,Service Tax,5512.9
20095,20095,Service Tax,28514.89
20096,20096,VAT,18009.04
20097,20097,Customs Duty,4379.24
20098,20098,Customs Duty,15335.49
20099,20099,VAT,9456.64
20100,20100,Import Duty,22856.98
20101,20101,Customs Duty,6092.6
20102,20102,Excise Duty,54453.07
20103,20103,VAT,110306.11
20104,20104,Customs Duty,23817.72
20105,20105,Service Tax,13933.99
20106,20106,Customs Duty,56651.58
20107,20107,Excise Duty,405.63
20108,20108,Customs Duty,9516.08
20109,20109,Service Tax,908.74
20110,20110,Customs Duty,36671.48
20111,20111,Excise Duty,218.96
20112,20112,VAT,46271.28
20113,20113,Import Duty,4370.7
20114,20114,VAT,853.31
20115,20115,Customs Duty,68024.24
20116,20116,Excise Duty,586.84
20117,20117,VAT,79549.9
20118,20118,Service Tax,4633.0
20119,20119,Import Duty,11784.98
20120,20120,Export Duty,2789.49
20121,20121,Customs Duty,90090.91
20122,20122,Service Tax,96.95
20123,20123,Import Duty,2035.84
20124,20124,Service Tax,431.89
20125,20125,Import Duty,415.37
20126,20126,Service Tax,19087.37
20127,20127,VAT,13961.07
20128,20128,Import Duty,6380.39
20129,20129,Service Tax,16032.94
20130,20130,Excise Duty,71265.28
20131,20131,Import Duty,2620.05
20132,20132,VAT,2792.23
20133,20133,Customs Duty,67.83
20134,20134,Import Duty,1398.4
20135,20135,Import Duty,33912.66
20136,20136,VAT,543.84
20137,20137,Import Duty,17255.59
20138,20138,Customs Duty,165415.38
20139,20139,Import Duty,24367.2
20140,20140,Import Duty,115893.79
20141,20141,VAT,16963.1
20142,20142,Import Duty,21272.2
20143,20143,Customs Duty,47915.89
20144,20144,Customs Duty,10697.22
20145,20145,Customs Duty,6647.03
20146,20146,VAT,160917.03
20147,20147,Service Tax,2924.4
20148,20148,VAT,1451.79
20149,20149,Excise Duty,191531.75
20150,20150,Service Tax,106517.82
20151,20151,Export Duty,5135.75
20152,20152,Export Duty,156.64
20153,20153,Customs Duty,71110.3
20154,20154,Customs Duty,82111.65
20155,20155,Customs Duty,703.78
20156,20156,Service Tax,348.93
20157,20157,Customs Duty,33768.46
20158,20158,Service Tax,537.17
20159,20159,Excise Duty,8400.33
20160,20160,Customs Duty,120944.34
20161,20161,Import Duty,384741.82
20162,20162,VAT,75223.04
20163,20163,Customs Duty,12364.77
20164,20164,Customs Duty,70.47
20165,20165,Customs Duty,53337.61
20166,20166,VAT,38680.5
20167,20167,VAT,6686.04
20168,20168,Export Duty,29259.46
20169,20169,Export Duty,185.93
20170,20170,Export Duty,48.38
20171,20171,Excise Duty,6872.0
20172,20172,Customs Duty,11939.81
20173,20173,Service Tax,8444.06
20174,20174,VAT,2713.45
20175,20175,Customs Duty,24223.68
20176,20176,VAT,19998.55
20177,20177,VAT,35295.97
20178,20178,Excise Duty,28625.8
20179,20179,VAT,164791.52
20180,20180,Import Duty,48159.86
20181,20181,VAT,199619.03
20182,20182,Customs Duty,182498.97
20183,20183,VAT,2066.4
20184,20184,Customs Duty,50958.87
20185,20185,Customs Duty,371.38
20186,20186,Import Duty,39708.97
20187,20187,VAT,132980.02
20188,20188,Customs Duty,103005.15
20189,20189,Import Duty,260094.41
20190,20190,Customs Duty,208.59
20191,20191,Customs Duty,4263.16
20192,20192,Customs Duty,6472.76
20193,20193,VAT,579.52
20194,20194,Export Duty,13035.1
20195,20195,VAT,76535.34
20196,20196,Customs Duty,192467.06
20197,20197,VAT,43023.21
20198,20198,Import Duty,6535.46
20199,20199,Import Duty,1127.0
20200,20200,Customs Duty,279.31
20201,20201,Customs Duty,723.65
20202,20202,Customs Duty,3861.82
20203,20203,Export Duty,457.69
20204,20204,Customs Duty,94906.13
20205,20205,VAT,11820.62
20206,20206,Import Duty,15447.45
20207,20207,Import Duty,124741.26
20208,20208,Import Duty,1544.09
20209,20209,Service Tax,31741.79
20210,20210,Import Duty,83803.3
20211,20211,Export Duty,8647.15
20212,20212,Import Duty,299.21
20213,20213,Import Duty,372.57
20214,20214,Export Duty,1581.79
20215,20215,Customs Duty,324.07
20216,20216,Import Duty,302871.83
20217,20217,Customs Duty,1449.8
20218,20218,Customs Duty,642.47
20219,20219,Customs Duty,255.03
20220,20220,Customs Duty,57067.3
20221,20221,Import Duty,16349.28
20222,20222,VAT,872.59
20223,20223,Customs Duty,3428.85
20224,20224,Customs Duty,852.7
20225,20225,VAT,35445.21
20226,20226,Excise Duty,1614.45
20227,20227,VAT,108530.04
20228,20228,Export Duty,49527.28
20229,20229,VAT,46587.0
20230,20230,Customs Duty,15146.79
20231,20231,VAT,7421.06
20232,20232,Excise Duty,4027.32
20233,20233,Customs Duty,2079.19
20234,20234,Customs Duty,52671.93
20235,20235,VAT,145339.66
20236,20236,VAT,1159.59
20237,20237,VAT,2116.51
20238,20238,Service Tax,88064.69
20239,20239,Service Tax,59574.24
20240,20240,VAT,685.93
20241,20241,VAT,15210.01
20242,20242,Import Duty,29775.59
20243,20243,VAT,912.87
20244,20244,VAT,368.04
20245,20245,Import Duty,182956.52
20246,20246,Customs Duty,677.66
20247,20247,Import Duty,3995.57
20248,20248,VAT,93789.31
20249,20249,Customs Duty,62811.47
20250,20250,Import Duty,558.35
20251,20251,Customs Duty,2095.0
20252,20252,Import Duty,1613.02
20253,20253,Export Duty,174.78
20254,20254,Import Duty,23123.61
20255,20255,Customs Duty,61556.5
20256,20256,VAT,34782.18
20257,20257,VAT,49975.73
20258,20258,Customs Duty,5560.07
20259,20259,Export Duty,13664.19
20260,20260,Customs Duty,180230.92
20261,20261,Export Duty,49539.29
20262,20262,Export Duty,409.66
20263,20263,Excise Duty,127820.67
20264,20264,Excise Duty,9492.8
20265,20265,VAT,2751.38
20266,20266,Customs Duty,284.92
20267,20267,VAT,267574.86
20268,20268,Customs Duty,287.45
20269,20269,Import Duty,3440.89
20270,20270,Import Duty,478.29
20271,20271,Import Duty,12416.24
20272,20272,Service Tax,142.9
20273,20273,VAT,171113.84
20274,20274,Excise Duty,56.04
20275,20275,Excise Duty,53736.5
20276,20276,Export Duty,1168.32
20277,20277,Customs Duty,17539.6
20278,20278,VAT,1689.43
20279,20279,Export Duty,75627.38
20280,20280,Customs Duty,38080.68
20281,20281,VAT,7059.96
20282,20282,Customs Duty,821.29
20283,20283,Customs Duty,7453.96
20284,20284,Import Duty,15756.67
20285,20285,VAT,92808.06
20286,20286,Customs Duty,525.77
20287,20287,Customs Duty,263.8
20288,20288,Service Tax,758.42
20289,20289,VAT,822.69
20290,20290,Customs Duty,7326.41
20291,20291,Service Tax,222.49
20292,20292,VAT,1816.1
20293,20293,Import Duty,509.54
20294,20294,Import Duty,117773.19
20295,20295,Excise Duty,3584.7
20296,20296,Excise Duty,897.42
20297,20297,Customs Duty,158538.08
20298,20298,Customs Duty,1083.96
20299,20299,VAT,121706.66
20300,20300,Customs Duty,928.76
20301,20301,Customs Duty,2023.47
20302,20302,Import Duty,1157.51
20303,20303,Customs Duty,38763.59
20304,20304,Export Duty,99620.86
20305,20305,Customs Duty,2692.05
20306,20306,Import Duty,240.43
20307,20307,Customs Duty,216525.16
20308,20308,VAT,120797.92
20309,20309,Customs Duty,5714.74
20310,20310,Import Duty,1142.21
20311,20311,Customs Duty,12640.91
20312,20312,Service Tax,17866.69
20313,20313,Export Duty,25828.44
20314,20314,Service Tax,5631.91
20315,20315,Excise Duty,353.47
20316,20316,Customs Duty,2287.78
20317,20317,Customs Duty,21596.54
20318,20318,Service Tax,625.15
20319,20319,Customs Duty,277639.34
20320,20320,VAT,3310.35
20321,20321,VAT,127626.68
20322,20322,VAT,137830.68
20323,20323,Import Duty,604.45
20324,20324,Customs Duty,131962.03
20325,20325,Import Duty,13437.49
20326,20326,Export Duty,1296.39
20327,20327,Export Duty,10425.47
20328,20328,Excise Duty,149049.07
20329,20329,Customs Duty,323.26
20330,20330,VAT,208.95
20331,20331,Import Duty,85244.26
20332,20332,Service Tax,2368.85
20333,20333,VAT,9881.75
20334,20334,Customs Duty,1174.43
20335,20335,Customs Duty,1062.3
20336,20336,Customs Duty,13522.12
20337,20337,Customs Duty,7621.92
20338,20338,VAT,1175.91
20339,20339,Import Duty,2143.09
20340,20340,VAT,6097.16
20341,20341,Import Duty,21881.21
20342,20342,VAT,7930.13
20343,20343,Export Duty,948.19
20344,20344,Service Tax,1113.22
20345,20345,Customs Duty,14897.72
20346,20346,Customs Duty,198450.72
20347,20347,Service Tax,972.69
20348,20348,Excise Duty,1506.04
20349,20349,VAT,2147.54
20350,20350,VAT,4865.17
20351,20351,Customs Duty,12952.48
20352,20352,Import Duty,221320.51
20353,20353,Export Duty,23507.9
20354,20354,Excise Duty,1561.29
20355,20355,Export Duty,2289.04
20356,20356,VAT,319.27
20357,20357,Service Tax,4583.09
20358,20358,Export Duty,415.37
20359,20359,Export Duty,46242.08
20360,20360,Customs Duty,20760.08
20361,20361,Import Duty,3162.6
20362,20362,Export Duty,8147.64
20363,20363,Import Duty,72948.47
20364,20364,Excise Duty,136025.76
20365,20365,VAT,135884.98
20366,20366,Import Duty,67508.21
20367,20367,Customs Duty,182611.34
20368,20368,Import Duty,8206.43
20369,20369,Export Duty,2436.79
20370,20370,Customs Duty,46301.07
20371,20371,VAT,116114.52
20372,20372,VAT,21918.67
20373,20373,Export Duty,565.39
20374,20374,VAT,298829.69
20375,20375,Service Tax,26070.87
20376,20376,Import Duty,14005.92
20377,20377,VAT,5921.66
20378,20378,Excise Duty,24790.58
20379,20379,VAT,7214.62
20380,20380,Export Duty,123839.03
20381,20381,Customs Duty,5457.78
20382,20382,Import Duty,2756.59
20383,20383,Customs Duty,12026.82
20384,20384,Customs Duty,27997.56
20385,20385,Customs Duty,5866.64
20386,20386,Customs Duty,856.11
20387,20387,Customs Duty,189518.1
20388,20388,Import Duty,2187.24
20389,20389,Customs Duty,33216.36
20390,20390,Customs Duty,292.9
20391,20391,VAT,26710.24
20392,20392,Service Tax,748.37
20393,20393,Export Duty,592.44
20394,20394,VAT,158110.71
20395,20395,Customs Duty,1612.13
20396,20396,VAT,82205.33
20397,20397,VAT,10333.22
20398,20398,Service Tax,2215.09
20399,20399,Customs Duty,1025.37
20400,20400,VAT,899.76
20401,20401,Import Duty,1019.13
20402,20402,Excise Duty,1793.41
20403,20403,Customs Duty,797.82
20404,20404,Excise Duty,35745.28
20405,20405,VAT,121561.94
20406,20406,Customs Duty,128442.94
20407,20407,Customs Duty,176117.1
20408,20408,VAT,3160.47
20409,20409,Customs Duty,15356.16
20410,20410,VAT,1082.15
20411,20411,Customs Duty,2497.29
20412,20412,Customs Duty,54748.31
20413,20413,Service Tax,5844.17
20414,20414,Export Duty,9447.72
20415,20415,VAT,648.97
20416,20416,Import Duty,41476.29
20417,20417,Customs Duty,581.47
20418,20418,Import Duty,434121.9
20419,20419,Customs Duty,71087.67
20420,20420,Customs Duty,10671.68
20421,20421,Import Duty,302322.7
20422,20422,Customs Duty,1021.9
20423,20423,VAT,7671.07
20424,20424,Customs Duty,77471.55
20425,20425,VAT,15622.77
20426,20426,VAT,100687.72
20427,20427,VAT,3240.54
20428,20428,Excise Duty,108882.7
20429,20429,Excise Duty,1426.97
20430,20430,VAT,92809.5
20431,20431,Excise Duty,5056.41
20432,20432,Customs Duty,65028.44
20433,20433,VAT,27249.06
20434,20434,Export Duty,350.93
20435,20435,VAT,2028.08
20436,20436,Customs Duty,2105.06
20437,20437,Import Duty,8676.8
20438,20438,Excise Duty,794.48
20439,20439,Import Duty,12219.56
20440,20440,Customs Duty,122.84
20441,20441,Customs Duty,5931.48
20442,20442,Customs Duty,15547.8
20443,20443,Excise Duty,2466.34
20444,20444,VAT,339216.57
20445,20445,VAT,83368.02
20446,20446,Import Duty,20205.57
20447,20447,Customs Duty,495.12
20448,20448,Import Duty,45723.65
20449,20449,Service Tax,5354.74
20450,20450,Service Tax,193.02
20451,20451,Import Duty,38115.01
20452,20452,VAT,54844.14
20453,20453,Export Duty,6019.15
20454,20454,Customs Duty,705.04
20455,20455,Excise Duty,36943.9
20456,20456,Service Tax,49.97
20457,20457,Customs Duty,1330.01
20458,20458,Service Tax,4576.12
20459,20459,Import Duty,6739.31
20460,20460,Customs Duty,87.82
20461,20461,Excise Duty,21786.25
20462,20462,Import Duty,14686.46
20463,20463,Export Duty,21600.18
20464,20464,Customs Duty,576.74
20465,20465,VAT,15953.09
20466,20466,Export Duty,28632.96
20467,20467,Import Duty,5417.5
20468,20468,Customs Duty,1582.18
20469,20469,Customs Duty,615.77
20470,20470,Export Duty,8615.89
20471,20471,VAT,8128.68
20472,20472,Export Duty,72221.33
20473,20473,VAT,4724.04
20474,20474,Export Duty,5492.35
20475,20475,VAT,5455.73
20476,20476,Excise Duty,57.05
20477,20477,Customs Duty,103463.2
20478,20478,Customs Duty,31968.69
20479,20479,Export Duty,224.33
20480,20480,Customs Duty,591.89
20481,20481,Import Duty,141069.85
20482,20482,Customs Duty,1185.22
20483,20483,Service Tax,17891.16
20484,20484,Export Duty,458.27
20485,20485,Excise Duty,5557.5
20486,20486,Excise Duty,1077.27
20487,20487,Export Duty,86492.44
20488,20488,Customs Duty,546.13
20489,20489,Customs Duty,739.88
20490,20490,Excise Duty,3933.71
20491,20491,Export Duty,41865.2
20492,20492,Service Tax,2268.91
20493,20493,Import Duty,2657.99
20494,20494,Import Duty,98.66
20495,20495,Service Tax,44205.57
20496,20496,Excise Duty,3360.47
20497,20497,VAT,3212.57
20498,20498,Export Duty,899.32
20499,20499,Customs Duty,1670.85
20500,20500,Export Duty,659.1
20501,20501,Service Tax,55910.47
20502,20502,Export Duty,1268.77
20503,20503,Service Tax,19083.2
20504,20504,VAT,11888.83
20505,20505,Customs Duty,725.13
20506,20506,VAT,144264.78
20507,20507,Import Duty,119463.89
20508,20508,Export Duty,1275.55
20509,20509,Export Duty,810.23
20510,20510,Service Tax,1654.96
20511,20511,Customs Duty,843.89
20512,20512,VAT,36036.93
20513,20513,Export Duty,701.05
20514,20514,VAT,1045.71
20515,20515,Customs Duty,158202.5
20516,20516,VAT,21310.05
20517,20517,Export Duty,31869.29
20518,20518,VAT,921.1
20519,20519,Import Duty,137276.97
20520,20520,Customs Duty,6593.52
20521,20521,Customs Duty,7043.68
20522,20522,VAT,305147.99
20523,20523,Customs Duty,575.33
20524,20524,Service Tax,115.55
20525,20525,Import Duty,939.47
20526,20526,Import Duty,15457.63
20527,20527,Excise Duty,187.28
20528,20528,Import Duty,1308.92
20529,20529,VAT,163913.82
20530,20530,Import Duty,2789.77
20531,20531,Customs Duty,130059.46
20532,20532,Customs Duty,200706.38
20533,20533,Customs Duty,914.97
20534,20534,Export Duty,32733.66
20535,20535,VAT,24540.68
20536,20536,Service Tax,2920.46
20537,20537,Import Duty,45890.71
20538,20538,Service Tax,179.05
20539,20539,Excise Duty,118249.24
20540,20540,VAT,73816.8
20541,20541,VAT,5616.44
20542,20542,VAT,168196.58
20543,20543,Import Duty,267597.57
20544,20544,Customs Duty,20634.48
20545,20545,Import Duty,1852.21
20546,20546,Export Duty,10938.38
20547,20547,Customs Duty,10062.02
20548,20548,Import Duty,96533.1
20549,20549,Import Duty,168024.38
20550,20550,VAT,153410.14
20551,20551,Import Duty,52692.69
20552,20552,Import Duty,71630.09
20553,20553,VAT,10338.01
20554,20554,Customs Duty,16174.66
20555,20555,Import Duty,724.78
20556,20556,VAT,95342.19
20557,20557,Import Duty,27610.33
20558,20558,Customs Duty,502.83
20559,20559,VAT,5563.08
20560,20560,Customs Duty,7226.14
20561,20561,Import Duty,404.6
20562,20562,VAT,3773.43
20563,20563,Customs Duty,12592.95
20564,20564,Import Duty,48088.31
20565,20565,Customs Duty,10392.38
20566,20566,VAT,787.82
20567,20567,Customs Duty,1001.08
20568,20568,Customs Duty,4904.13
20569,20569,Customs Duty,1618.6
20570,20570,Import Duty,2475.84
20571,20571,Customs Duty,3484.76
20572,20572,Customs Duty,21371.81
20573,20573,Customs Duty,7221.57
20574,20574,VAT,35830.12
20575,20575,Import Duty,1059.38
20576,20576,Export Duty,3997.86
20577,20577,Import Duty,2371.38
20578,20578,Export Duty,2951.76
20579,20579,Import Duty,386.62
20580,20580,Customs Duty,4362.49
20581,20581,Export Duty,406.41
20582,20582,Customs Duty,99066.84
20583,20583,Customs Duty,21800.64
20584,20584,VAT,12052.24
20585,20585,Import Duty,4625.15
20586,20586,VAT,137486.79
20587,20587,Customs Duty,35821.15
20588,20588,VAT,51340.99
20589,20589,VAT,13125.98
20590,20590,Customs Duty,1301.38
20591,20591,Export Duty,30659.37
20592,20592,Import Duty,101485.79
20593,20593,VAT,14552.61
20594,20594,VAT,30789.06
20595,20595,Import Duty,1452.45
20596,20596,Import Duty,268466.47
20597,20597,Excise Duty,15248.21
20598,20598,Import Duty,461.93
20599,20599,Service Tax,1192.66
20600,20600,Customs Duty,485.39
20601,20601,Service Tax,3281.41
20602,20602,Customs Duty,13002.61
20603,20603,Import Duty,115498.56
20604,20604,Excise Duty,485.97
20605,20605,VAT,19997.06
20606,20606,VAT,1638.08
20607,20607,Import Duty,1479.45
20608,20608,Service Tax,448.55
20609,20609,VAT,20499.27
20610,20610,Export Duty,11583.47
20611,20611,VAT,187999.14
20612,20612,Customs Duty,3119.34
20613,20613,VAT,85634.12
20614,20614,Excise Duty,97812.33
20615,20615,Customs Duty,106507.97
20616,20616,Import Duty,116686.71
20617,20617,Customs Duty,55585.77
20618,20618,VAT,645.12
20619,20619,Customs Duty,9323.15
20620,20620,Import Duty,12093.13
20621,20621,Customs Duty,90082.07
20622,20622,Service Tax,2476.06
20623,20623,Customs Duty,2395.07
20624,20624,Import Duty,3485.47
20625,20625,Service Tax,363.17
20626,20626,Customs Duty,226014.97
20627,20627,Excise Duty,779.1
20628,20628,Customs Duty,486.8
20629,20629,Customs Duty,167571.1
20630,20630,Customs Duty,17541.47
20631,20631,Export Duty,681.32
20632,20632,Excise Duty,166729.54
20633,20633,Export Duty,528.8
20634,20634,Customs Duty,157466.2
20635,20635,Service Tax,20648.88
20636,20636,Customs Duty,339.8
20637,20637,Customs Duty,758.53
20638,20638,Customs Duty,118471.21
20639,20639,VAT,93174.25
20640,20640,Import Duty,2214.42
20641,20641,Import Duty,3075.77
20642,20642,Import Duty,9442.68
20643,20643,Service Tax,26104.02
20644,20644,VAT,81296.84
20645,20645,Export Duty,1721.3
20646,20646,Excise Duty,10071.76
20647,20647,Export Duty,58787.15
20648,20648,Customs Duty,18624.73
20649,20649,Export Duty,22991.43
20650,20650,Customs Duty,3274.24
20651,20651,VAT,5853.39
20652,20652,VAT,1430.85
20653,20653,Customs Duty,2105.03
20654,20654,Excise Duty,52769.1
20655,20655,VAT,868.85
20656,20656,Customs Duty,102453.99
20657,20657,VAT,135084.43
20658,20658,VAT,202259.84
20659,20659,Customs Duty,76782.63
20660,20660,Service Tax,288.94
20661,20661,Customs Duty,25858.9
20662,20662,Customs Duty,131381.77
20663,20663,Export Duty,5140.5
20664,20664,Service Tax,4372.32
20665,20665,Import Duty,27800.71
20666,20666,Import Duty,24130.45
20667,20667,VAT,2519.6
20668,20668,Customs Duty,3885.1
20669,20669,Export Duty,4745.41
20670,20670,Customs Duty,12449.67
20671,20671,VAT,289710.52
20672,20672,Customs Duty,20246.44
20673,20673,Import Duty,178375.79
20674,20674,Customs Duty,42345.08
20675,20675,Customs Duty,1938.16
20676,20676,Customs Duty,57325.25
20677,20677,Customs Duty,586.76
20678,20678,VAT,113728.7
20679,20679,Export Duty,9565.29
20680,20680,VAT,8604.04
20681,20681,VAT,3382.59
20682,20682,Customs Duty,121401.17
20683,20683,Customs Duty,595.5
20684,20684,VAT,147885.66
20685,20685,VAT,174073.51
20686,20686,Import Duty,1709.63
20687,20687,Customs Duty,90883.85
20688,20688,Service Tax,3427.63
20689,20689,Import Duty,27814.44
20690,20690,Import Duty,653.33
20691,20691,Customs Duty,112359.66
20692,20692,Export Duty,1818.04
20693,20693,VAT,8284.16
20694,20694,Customs Duty,1751.91
20695,20695,Excise Duty,8686.1
20696,20696,Import Duty,3056.89
20697,20697,VAT,1295.36
20698,20698,VAT,22265.91
20699,20699,VAT,5329.57
20700,20700,Export Duty,73464.18
20701,20701,Customs Duty,853.06
20702,20702,Import Duty,901.33
20703,20703,Export Duty,60.28
20704,20704,Customs Duty,22233.52
20705,20705,Export Duty,822.11
20706,20706,Customs Duty,202740.0
20707,20707,VAT,5225.51
20708,20708,VAT,1239.84
20709,20709,Export Duty,7409.03
20710,20710,Customs Duty,71768.24
20711,20711,Customs Duty,2095.06
20712,20712,Excise Duty,8731.79
20713,20713,Import Duty,903.6
20714,20714,Import Duty,3305.17
20715,20715,Customs Duty,44730.85
20716,20716,VAT,197794.98
20717,20717,Export Duty,35349.23
20718,20718,VAT,18571.1
20719,20719,Customs Duty,767.19
20720,20720,Customs Duty,311.18
20721,20721,Import Duty,147903.86
20722,20722,Export Duty,2160.18
20723,20723,VAT,1298.98
20724,20724,Import Duty,43119.01
20725,20725,Export Duty,51.93
20726,20726,VAT,1315.84
20727,20727,Import Duty,318.3
20728,20728,Export Duty,83.37
20729,20729,VAT,1057.63
20730,20730,Customs Duty,8553.11
20731,20731,Import Duty,592.05
20732,20732,Export Duty,962.95
20733,20733,Customs Duty,8043.37
20734,20734,Customs Duty,65325.55
20735,20735,Customs Duty,209814.25
20736,20736,VAT,15801.36
20737,20737,VAT,162202.48
20738,20738,Customs Duty,19124.21
20739,20739,Service Tax,12033.89
20740,20740,VAT,2104.6
20741,20741,VAT,10093.2
20742,20742,Excise Duty,94644.09
20743,20743,VAT,620.33
20744,20744,VAT,9300.84
20745,20745,Customs Duty,1057.56
20746,20746,Service Tax,6100.92
20747,20747,Excise Duty,50980.88
20748,20748,Export Duty,889.91
20749,20749,Customs Duty,174548.21
20750,20750,Import Duty,6840.43
20751,20751,VAT,24462.67
20752,20752,VAT,35198.14
20753,20753,Customs Duty,145363.17
20754,20754,Customs Duty,1425.43
20755,20755,VAT,2215.94
20756,20756,Customs Duty,53483.24
20757,20757,Customs Duty,102367.29
20758,20758,Service Tax,49589.51
20759,20759,Customs Duty,1325.95
20760,20760,Customs Duty,5145.55
20761,20761,VAT,32153.22
20762,20762,Customs Duty,59278.76
20763,20763,Excise Duty,642.8
20764,20764,Customs Duty,19796.3
20765,20765,Import Duty,204538.95
20766,20766,Import Duty,3379.44
20767,20767,Customs Duty,3708.22
20768,20768,Customs Duty,5588.23
20769,20769,Excise Duty,3501.47
20770,20770,VAT,1190.7
20771,20771,Excise Duty,857.87
20772,20772,VAT,366.4
20773,20773,Excise Duty,752.58
20774,20774,Customs Duty,60061.59
20775,20775,VAT,1510.53
20776,20776,Import Duty,37408.99
20777,20777,VAT,276.05
20778,20778,Import Duty,79188.68
20779,20779,Export Duty,9009.72
20780,20780,Customs Duty,181082.17
20781,20781,VAT,1266.82
20782,20782,Excise Duty,184.88
20783,20783,VAT,152220.01
20784,20784,Export Duty,806.44
20785,20785,Export Duty,283.12
20786,20786,Excise Duty,42027.0
20787,20787,VAT,172350.0
20788,20788,Service Tax,109.36
20789,20789,Customs Duty,13299.96
20790,20790,Customs Duty,13432.34
20791,20791,Export Duty,2497.72
20792,20792,VAT,8243.05
20793,20793,Import Duty,17121.82
20794,20794,Service Tax,838.18
20795,20795,Customs Duty,5081.92
20796,20796,Customs Duty,116256.08
20797,20797,Excise Duty,599.65
20798,20798,Customs Duty,98669.03
20799,20799,Export Duty,13036.59
20800,20800,Customs Duty,372.2
20801,20801,Service Tax,231.84
20802,20802,Import Duty,15937.72
20803,20803,VAT,25945.02
20804,20804,Customs Duty,856.64
20805,20805,Customs Duty,1796.92
20806,20806,Customs Duty,468.69
20807,20807,Import Duty,289965.59
20808,20808,Import Duty,3766.96
20809,20809,Export Duty,5698.58
20810,20810,Import Duty,77336.88
20811,20811,Import Duty,410998.46
20812,20812,Export Duty,35.67
20813,20813,VAT,61747.13
20814,20814,Excise Duty,3984.21
20815,20815,Customs Duty,41163.9
20816,20816,Customs Duty,1103.76
20817,20817,VAT,29235.36
20818,20818,VAT,28259.92
20819,20819,Excise Duty,259.9
20820,20820,VAT,210837.91
20821,20821,VAT,122442.88
20822,20822,Customs Duty,11354.31
20823,20823,VAT,7938.7
20824,20824,Service Tax,184.19
20825,20825,Import Duty,234368.28
20826,20826,Import Duty,14553.31
20827,20827,VAT,7446.87
20828,20828,Customs Duty,47482.22
20829,20829,Import Duty,15026.67
20830,20830,VAT,2206.17
20831,20831,Import Duty,2251.86
20832,20832,Customs Duty,74109.92
20833,20833,Customs Duty,291821.4
20834,20834,VAT,2175.1
20835,20835,Excise Duty,1845.22
20836,20836,Customs Duty,195.74
20837,20837,Customs Duty,82.33
20838,20838,Excise Duty,255.65
20839,20839,VAT,50855.15
20840,20840,VAT,136196.18
20841,20841,VAT,338727.4
20842,20842,Import Duty,1369.52
20843,20843,Excise Duty,57284.44
20844,20844,VAT,241341.44
20845,20845,Customs Duty,2518.91
20846,20846,Import Duty,18252.92
20847,20847,Import Duty,197751.9
20848,20848,Excise Duty,828.47
20849,20849,VAT,10006.79
20850,20850,VAT,21422.98
20851,20851,VAT,17696.43
20852,20852,VAT,141427.35
20853,20853,Customs Duty,24112.21
20854,20854,Import Duty,22697.58
20855,20855,Import Duty,21540.75
20856,20856,Excise Duty,1279.91
20857,20857,VAT,127252.15
20858,20858,VAT,69945.8
20859,20859,Customs Duty,25728.05
20860,20860,Customs Duty,8056.37
20861,20861,Import Duty,1967.59
20862,20862,Service Tax,2429.88
20863,20863,Export Duty,357.62
20864,20864,Service Tax,10382.87
20865,20865,Export Duty,637.16
20866,20866,Customs Duty,1256.65
20867,20867,Excise Duty,17784.58
20868,20868,Customs Duty,630.23
20869,20869,Import Duty,76710.43
20870,20870,Import Duty,18728.52
20871,20871,Service Tax,2387.0
20872,20872,Customs Duty,5783.89
20873,20873,Customs Duty,1669.75
20874,20874,VAT,119352.29
20875,20875,Import Duty,118767.17
20876,20876,VAT,1703.87
20877,20877,Customs Duty,51351.17
20878,20878,VAT,18969.09
20879,20879,Service Tax,25750.64
20880,20880,Import Duty,1068.95
20881,20881,Export Duty,139.59
20882,20882,Excise Duty,18174.11
20883,20883,Import Duty,49419.03
20884,20884,Service Tax,4754.16
20885,20885,VAT,15564.78
20886,20886,Customs Duty,699.66
20887,20887,Import Duty,173065.66
20888,20888,Customs Duty,109795.78
20889,20889,Export Duty,9365.87
20890,20890,VAT,1101.72
20891,20891,Import Duty,20351.08
20892,20892,Import Duty,1093.21
20893,20893,VAT,2488.95
20894,20894,Excise Duty,2502.15
20895,20895,VAT,23470.3
20896,20896,VAT,24588.5
20897,20897,Customs Duty,59521.53
20898,20898,Customs Duty,463.33
20899,20899,VAT,17237.02
20900,20900,Service Tax,34628.23
20901,20901,Export Duty,284.97
20902,20902,Customs Duty,1204.75
20903,20903,VAT,9184.04
20904,20904,VAT,43542.33
20905,20905,VAT,432.85
20906,20906,Import Duty,45559.24
20907,20907,Import Duty,169562.81
20908,20908,Customs Duty,224550.68
20909,20909,Import Duty,188965.12
20910,20910,VAT,6129.95
20911,20911,VAT,98570.79
20912,20912,Customs Duty,3856.83
20913,20913,Import Duty,747.0
20914,20914,Export Duty,87946.94
20915,20915,Import Duty,10318.68
20916,20916,Import Duty,1576.59
20917,20917,Import Duty,2719.51
20918,20918,Customs Duty,3962.28
20919,20919,Import Duty,23119.4
20920,20920,Customs Duty,856.19
20921,20921,VAT,112744.22
20922,20922,Import Duty,18751.31
20923,20923,Export Duty,6575.59
20924,20924,VAT,75875.95
20925,20925,VAT,81151.9
20926,20926,VAT,97966.71
20927,20927,Export Duty,104258.38
20928,20928,Import Duty,1867.53
20929,20929,VAT,1137.7
20930,20930,Customs Duty,21374.17
20931,20931,Customs Duty,158627.6
20932,20932,Customs Duty,15203.2
20933,20933,Customs Duty,31805.18
20934,20934,VAT,84527.19
20935,20935,Service Tax,62799.6
20936,20936,Customs Duty,5415.7
20937,20937,Export Duty,33436.03
20938,20938,Export Duty,13204.7
20939,20939,VAT,21279.35
20940,20940,Customs Duty,25302.93
20941,20941,Export Duty,1318.55
20942,20942,VAT,4761.53
20943,20943,Customs Duty,153.05
20944,20944,Customs Duty,5953.08
20945,20945,Import Duty,72023.85
20946,20946,Customs Duty,71303.39
20947,20947,Import Duty,236.89
20948,20948,Customs Duty,14500.15
20949,20949,Customs Duty,699.29
20950,20950,VAT,1015.69
20951,20951,VAT,1308.45
20952,20952,Service Tax,23899.54
20953,20953,Customs Duty,45066.34
20954,20954,Import Duty,2549.51
20955,20955,Excise Duty,162190.07
20956,20956,VAT,1090.69
20957,20957,Customs Duty,36238.67
20958,20958,VAT,40206.69
20959,20959,Excise Duty,133.74
20960,20960,VAT,8988.36
20961,20961,Import Duty,1405.21
20962,20962,VAT,19420.04
20963,20963,VAT,33564.15
20964,20964,Customs Duty,17920.29
20965,20965,Import Duty,60458.14
20966,20966,Customs Duty,19212.9
20967,20967,Customs Duty,150676.27
20968,20968,VAT,7489.23
20969,20969,VAT,926.85
20970,20970,Import Duty,6490.87
20971,20971,Export Duty,433.23
20972,20972,Import Duty,252162.7
20973,20973,Customs Duty,52150.93
20974,20974,Customs Duty,109589.7
20975,20975,Service Tax,25975.47
20976,20976,VAT,21297.7
20977,20977,Service Tax,1415.93
20978,20978,Customs Duty,3763.42
20979,20979,Export Duty,788.6
20980,20980,VAT,7181.58
20981,20981,VAT,528.54
20982,20982,Import Duty,5524.37
20983,20983,Customs Duty,4998.56
20984,20984,VAT,8266.08
20985,20985,Customs Duty,3559.83
20986,20986,VAT,278047.5
20987,20987,Customs Duty,5081.71
20988,20988,VAT,1391.73
20989,20989,Excise Duty,39.39
20990,20990,Export Duty,8700.81
20991,20991,Import Duty,18121.38
20992,20992,Export Duty,747.57
20993,20993,Customs Duty,127.83
20994,20994,Excise Duty,396.03
20995,20995,Service Tax,48.03
20996,20996,Import Duty,459.95
20997,20997,VAT,1619.47
20998,20998,Customs Duty,567.02
20999,20999,Excise Duty,2322.42
21000,21000,VAT,200932.7
21001,21001,Export Duty,72.31
21002,21002,VAT,10835.8
21003,21003,Export Duty,7314.53
21004,21004,Customs Duty,4679.76
21005,21005,Customs Duty,1876.42
21006,21006,Customs Duty,593.64
21007,21007,VAT,517.38
21008,21008,VAT,739.68
21009,21009,Customs Duty,111283.7
21010,21010,Customs Duty,1587.67
21011,21011,Import Duty,55243.6
21012,21012,Import Duty,1183.36
21013,21013,Import Duty,39757.51
21014,21014,Customs Duty,260.09
21015,21015,Import Duty,1244.61
21016,21016,Customs Duty,719.37
21017,21017,Import Duty,1619.26
21018,21018,Export Duty,78.91
21019,21019,Service Tax,7226.84
21020,21020,Customs Duty,14169.82
21021,21021,Import Duty,2955.62
21022,21022,VAT,133.0
21023,21023,Customs Duty,15661.13
21024,21024,Customs Duty,1207.79
21025,21025,Customs Duty,367.39
21026,21026,Customs Duty,139.46
21027,21027,VAT,61840.04
21028,21028,VAT,22552.69
21029,21029,Service Tax,8575.27
21030,21030,Customs Duty,45886.81
21031,21031,Import Duty,2033.31
21032,21032,Import Duty,14345.61
21033,21033,Customs Duty,222.76
21034,21034,VAT,132.67
21035,21035,Service Tax,6909.07
21036,21036,Import Duty,3037.11
21037,21037,Customs Duty,2050.52
21038,21038,Excise Duty,1739.75
21039,21039,Import Duty,15225.02
21040,21040,VAT,256404.23
21041,21041,Import Duty,32232.31
21042,21042,Customs Duty,113392.1
21043,21043,VAT,8734.45
21044,21044,VAT,829.11
21045,21045,Import Duty,2442.11
21046,21046,Export Duty,12361.97
21047,21047,Excise Duty,445.92
21048,21048,Customs Duty,209574.27
21049,21049,Customs Duty,9206.53
21050,21050,Customs Duty,81313.4
21051,21051,Service Tax,143.24
21052,21052,Customs Duty,5194.5
21053,21053,Import Duty,84775.77
21054,21054,Export Duty,1763.27
21055,21055,Customs Duty,13328.77
21056,21056,Service Tax,223.57
21057,21057,Import Duty,29330.5
21058,21058,VAT,141681.92
21059,21059,Customs Duty,64684.99
21060,21060,Import Duty,6543.48
21061,21061,Customs Duty,129.39
21062,21062,Import Duty,3314.0
21063,21063,Excise Duty,36354.87
21064,21064,Export Duty,3558.39
21065,21065,Customs Duty,10032.68
21066,21066,VAT,7430.94
21067,21067,Export Duty,2020.21
21068,21068,VAT,40642.75
21069,21069,Customs Duty,28196.25
21070,21070,VAT,117.06
21071,21071,Customs Duty,65750.43
21072,21072,Excise Duty,128166.8
21073,21073,VAT,2928.64
21074,21074,Import Duty,411729.25
21075,21075,Customs Duty,574.45
21076,21076,Import Duty,436.62
21077,21077,Customs Duty,32314.33
21078,21078,VAT,17867.8
21079,21079,Customs Duty,14248.06
21080,21080,Import Duty,95.83
21081,21081,Import Duty,3018.42
21082,21082,Customs Duty,19274.19
21083,21083,VAT,144.21
21084,21084,Customs Duty,17802.61
21085,21085,Import Duty,73076.78
21086,21086,Import Duty,14634.75
21087,21087,VAT,127.56
21088,21088,VAT,24132.86
21089,21089,Export Duty,19671.81
21090,21090,Customs Duty,24703.17
21091,21091,VAT,818.85
21092,21092,Customs Duty,153828.23
21093,21093,Import Duty,2543.14
21094,21094,Export Duty,4513.57
21095,21095,Import Duty,4247.14
21096,21096,VAT,310502.79
21097,21097,VAT,18622.13
21098,21098,Import Duty,173248.85
21099,21099,Import Duty,102836.95
21100,21100,VAT,14158.45
21101,21101,Export Duty,2110.92
21102,21102,Customs Duty,1707.88
21103,21103,VAT,152956.38
21104,21104,Export Duty,333.12
21105,21105,Export Duty,17349.83
21106,21106,Import Duty,2106.89
21107,21107,Import Duty,142116.83
21108,21108,VAT,17054.26
21109,21109,Export Duty,5809.47
21110,21110,VAT,15831.57
21111,21111,Import Duty,290225.4
21112,21112,VAT,23414.43
21113,21113,Customs Duty,208918.75
21114,21114,Service Tax,226.33
21115,21115,Excise Duty,572.05
21116,21116,Export Duty,260.78
21117,21117,Import Duty,40212.85
21118,21118,Excise Duty,1644.61
21119,21119,Export Duty,14499.63
21120,21120,VAT,2197.98
21121,21121,Customs Duty,18925.41
21122,21122,Import Duty,28601.41
21123,21123,Customs Duty,66358.01
21124,21124,Import Duty,11256.57
21125,21125,VAT,14439.3
21126,21126,Export Duty,1488.9
21127,21127,VAT,114346.76
21128,21128,VAT,184434.48
21129,21129,Export Duty,1533.17
21130,21130,Service Tax,4370.86
21131,21131,VAT,628.3
21132,21132,Import Duty,523.09
21133,21133,Excise Duty,43245.64
21134,21134,Excise Duty,7122.92
21135,21135,Customs Duty,207.73
21136,21136,Export Duty,161.52
21137,21137,Customs Duty,9519.87
21138,21138,Export Duty,1042.17
21139,21139,Customs Duty,1501.35
21140,21140,Customs Duty,106784.36
21141,21141,Excise Duty,59244.29
21142,21142,Customs Duty,2273.74
21143,21143,VAT,1556.12
21144,21144,Import Duty,198035.98
21145,21145,Customs Duty,579.01
21146,21146,Customs Duty,8108.82
21147,21147,VAT,669.01
21148,21148,Customs Duty,64309.93
21149,21149,Customs Duty,713.41
21150,21150,Customs Duty,2189.98
21151,21151,Customs Duty,575.27
21152,21152,Customs Duty,93953.21
21153,21153,Import Duty,17004.03
21154,21154,Excise Duty,851.79
21155,21155,VAT,2625.1
21156,21156,VAT,10173.37
21157,21157,Customs Duty,149791.56
21158,21158,VAT,14942.43
21159,21159,VAT,116045.94
21160,21160,Customs Duty,8603.4
21161,21161,VAT,1792.26
21162,21162,VAT,2500.29
21163,21163,Customs Duty,138516.48
21164,21164,Customs Duty,1023.24
21165,21165,Excise Duty,3194.75
21166,21166,Service Tax,55.76
21167,21167,VAT,2156.63
21168,21168,Import Duty,116264.08
21169,21169,Import Duty,13923.35
21170,21170,VAT,258174.62
21171,21171,Export Duty,7026.04
21172,21172,Export Duty,1885.74
21173,21173,Import Duty,413222.19
21174,21174,Import Duty,59689.35
21175,21175,VAT,24090.23
21176,21176,Import Duty,107228.56
21177,21177,VAT,2956.82
21178,21178,Customs Duty,521.89
21179,21179,VAT,1545.52
21180,21180,Customs Duty,176143.59
21181,21181,Export Duty,3445.67
21182,21182,Customs Duty,7227.32
21183,21183,Excise Duty,3571.75
21184,21184,Import Duty,468381.44
21185,21185,Export Duty,7232.84
21186,21186,Customs Duty,5605.52
21187,21187,Export Duty,107682.53
21188,21188,Import Duty,9874.52
21189,21189,Customs Duty,868.79
21190,21190,Customs Duty,15819.82
21191,21191,Excise Duty,152632.71
21192,21192,VAT,21660.07
21193,21193,Customs Duty,438.2
21194,21194,VAT,1324.71
21195,21195,Customs Duty,2895.74
21196,21196,Import Duty,2922.28
21197,21197,Customs Duty,289.1
21198,21198,Customs Duty,13352.78
21199,21199,Excise Duty,219277.16
21200,21200,Import Duty,127537.62
21201,21201,Import Duty,38082.27
21202,21202,Import Duty,111642.87
21203,21203,Customs Duty,463.52
21204,21204,VAT,570.08
21205,21205,Customs Duty,1920.62
21206,21206,Excise Duty,8470.89
21207,21207,Import Duty,67302.82
21208,21208,Customs Duty,450.57
21209,21209,Service Tax,4962.37
21210,21210,Excise Duty,725.73
21211,21211,Import Duty,89218.8
21212,21212,Import Duty,285.69
21213,21213,Customs Duty,3598.31
21214,21214,Excise Duty,65712.37
21215,21215,VAT,15217.27
21216,21216,Customs Duty,15864.58
21217,21217,Customs Duty,6505.81
21218,21218,Service Tax,98856.34
21219,21219,Export Duty,44715.54
21220,21220,Export Duty,8803.8
21221,21221,Excise Duty,1008.55
21222,21222,Import Duty,22198.34
21223,21223,Customs Duty,4692.24
21224,21224,Customs Duty,692.05
21225,21225,VAT,1723.66
21226,21226,VAT,1343.78
21227,21227,Import Duty,98846.43
21228,21228,Customs Duty,2453.48
21229,21229,Import Duty,400.88
21230,21230,Customs Duty,494.62
21231,21231,Customs Duty,623.33
21232,21232,Customs Duty,791.39
21233,21233,Import Duty,66.18
21234,21234,VAT,378728.64
21235,21235,Excise Duty,3653.39
21236,21236,VAT,267.27
21237,21237,Import Duty,3680.25
21238,21238,Customs Duty,11435.74
21239,21239,Customs Duty,17720.11
21240,21240,Customs Duty,629.77
21241,21241,Customs Duty,33503.39
21242,21242,Customs Duty,8491.7
21243,21243,VAT,1822.89
21244,21244,Customs Duty,14583.44
21245,21245,Customs Duty,366.37
21246,21246,Export Duty,2283.25
21247,21247,Service Tax,3689.14
21248,21248,Service Tax,17186.06
21249,21249,Excise Duty,1023.3
21250,21250,VAT,2305.45
21251,21251,Customs Duty,105132.01
21252,21252,VAT,84282.34
21253,21253,VAT,44131.63
21254,21254,Export Duty,48603.04
21255,21255,Customs Duty,2553.96
21256,21256,Service Tax,31333.51
21257,21257,VAT,5096.37
21258,21258,Service Tax,4361.86
21259,21259,Customs Duty,18518.91
21260,21260,Import Duty,114.06
21261,21261,VAT,3704.54
21262,21262,Customs Duty,148.23
21263,21263,Customs Duty,35008.36
21264,21264,VAT,12520.04
21265,21265,Service Tax,5332.94
21266,21266,VAT,640.33
21267,21267,VAT,880.36
21268,21268,Import Duty,2340.13
21269,21269,Customs Duty,761.48
21270,21270,Import Duty,220904.79
21271,21271,Import Duty,20137.3
21272,21272,Export Duty,357.98
21273,21273,Import Duty,3903.11
21274,21274,Excise Duty,78237.87
21275,21275,VAT,35826.88
21276,21276,Customs Duty,5736.02
21277,21277,Export Duty,36326.39
21278,21278,Export Duty,5193.01
21279,21279,Import Duty,455855.18
21280,21280,Export Duty,36.75
21281,21281,Export Duty,373.52
21282,21282,Customs Duty,8144.88
21283,21283,VAT,67383.43
21284,21284,Customs Duty,20292.75
21285,21285,Import Duty,4739.13
21286,21286,Import Duty,1706.44
21287,21287,VAT,9711.39
21288,21288,Excise Duty,108132.67
21289,21289,Service Tax,24941.75
21290,21290,Export Duty,11554.13
21291,21291,Import Duty,41850.23
21292,21292,Import Duty,109.26
21293,21293,Export Duty,47459.46
21294,21294,Service Tax,19.77
21295,21295,Customs Duty,885.36
21296,21296,Export Duty,511.69
21297,21297,Customs Duty,23215.49
21298,21298,Import Duty,339.15
21299,21299,VAT,117.07
21300,21300,Customs Duty,2106.12
21301,21301,Service Tax,52677.22
21302,21302,Excise Duty,81215.12
21303,21303,Excise Duty,669.7
21304,21304,Export Duty,2185.42
21305,21305,VAT,58221.18
21306,21306,Customs Duty,64386.94
21307,21307,VAT,386.19
21308,21308,Customs Duty,13811.4
21309,21309,Excise Duty,17691.4
21310,21310,Service Tax,425.11
21311,21311,VAT,1834.46
21312,21312,Customs Duty,4355.01
21313,21313,Excise Duty,439.32
21314,21314,Import Duty,138181.51
21315,21315,VAT,554.52
21316,21316,VAT,1117.49
21317,21317,Customs Duty,232.1
21318,21318,Customs Duty,4213.43
21319,21319,VAT,32861.44
21320,21320,Service Tax,619.47
21321,21321,VAT,233387.62
21322,21322,Customs Duty,3183.23
21323,21323,VAT,1915.34
21324,21324,Customs Duty,37.3
21325,21325,VAT,850.04
21326,21326,VAT,761.0
21327,21327,Excise Duty,8129.11
21328,21328,Import Duty,2405.5
21329,21329,Import Duty,578.58
21330,21330,VAT,10471.73
21331,21331,Service Tax,7624.55
21332,21332,Customs Duty,148549.58
21333,21333,Import Duty,59851.87
21334,21334,Customs Duty,1472.94
21335,21335,VAT,1816.36
21336,21336,VAT,76654.38
21337,21337,Customs Duty,4068.96
21338,21338,Customs Duty,14891.38
21339,21339,VAT,197314.23
21340,21340,Export Duty,40189.53
21341,21341,Import Duty,1613.87
21342,21342,Export Duty,215.12
21343,21343,Customs Duty,64556.65
21344,21344,Customs Duty,3684.83
21345,21345,Customs Duty,215766.57
21346,21346,Service Tax,3310.11
21347,21347,Excise Duty,79912.44
21348,21348,Export Duty,10228.6
21349,21349,Customs Duty,108441.01
21350,21350,Service Tax,484.53
21351,21351,VAT,23361.46
21352,21352,VAT,16231.28
21353,21353,Excise Duty,83282.97
21354,21354,Excise Duty,3231.08
21355,21355,Export Duty,63288.82
21356,21356,Export Duty,1174.41
21357,21357,VAT,74564.28
21358,21358,Import Duty,1466.51
21359,21359,Service Tax,4517.59
21360,21360,VAT,19103.48
21361,21361,Excise Duty,53.51
21362,21362,Customs Duty,6720.48
21363,21363,Customs Duty,7002.32
21364,21364,VAT,1640.26
21365,21365,Customs Duty,10239.84
21366,21366,Customs Duty,3676.04
21367,21367,VAT,122088.28
21368,21368,Customs Duty,48685.47
21369,21369,Excise Duty,1421.95
21370,21370,Customs Duty,1507.69
21371,21371,Import Duty,1043.56
21372,21372,VAT,104064.2
21373,21373,Customs Duty,56416.53
21374,21374,Customs Duty,16405.27
21375,21375,Customs Duty,11183.52
21376,21376,Excise Duty,44347.38
21377,21377,Customs Duty,10834.15
21378,21378,Customs Duty,163.53
21379,21379,Service Tax,195.16
21380,21380,Excise Duty,7137.26
21381,21381,VAT,3208.5
21382,21382,VAT,1310.15
21383,21383,VAT,5062.96
21384,21384,Customs Duty,8601.25
21385,21385,Export Duty,84412.27
21386,21386,VAT,3239.9
21387,21387,Export Duty,9105.63
21388,21388,Service Tax,45.36
21389,21389,Service Tax,23272.17
21390,21390,Customs Duty,8894.37
21391,21391,Import Duty,2595.38
21392,21392,Customs Duty,129231.93
21393,21393,Import Duty,23625.77
21394,21394,Import Duty,4265.28
21395,21395,Service Tax,14427.35
21396,21396,Customs Duty,17720.19
21397,21397,VAT,21832.78
21398,21398,Service Tax,1474.87
21399,21399,Customs Duty,82820.98
21400,21400,Customs Duty,2462.84
21401,21401,VAT,6066.77
21402,21402,Import Duty,586.08
21403,21403,Customs Duty,15774.98
21404,21404,Export Duty,57680.66
21405,21405,VAT,52565.96
21406,21406,VAT,1184.97
21407,21407,Excise Duty,4228.04
21408,21408,Customs Duty,166673.89
21409,21409,Excise Duty,5104.84
21410,21410,Customs Duty,50205.99
21411,21411,Customs Duty,17665.8
21412,21412,Customs Duty,1048.98
21413,21413,VAT,925.58
21414,21414,Excise Duty,277.3
21415,21415,Customs Duty,899.1
21416,21416,Service Tax,938.73
21417,21417,Import Duty,8130.8
21418,21418,Customs Duty,16333.72
21419,21419,Customs Duty,845.93
21420,21420,Export Duty,69.14
21421,21421,Customs Duty,42210.44
21422,21422,Service Tax,497.67
21423,21423,VAT,2037.3
21424,21424,VAT,22396.9
21425,21425,Customs Duty,180.7
21426,21426,Export Duty,478.5
21427,21427,Export Duty,323.96
21428,21428,VAT,1233.02
21429,21429,Export Duty,820.64
21430,21430,Export Duty,89.51
21431,21431,Customs Duty,892.45
21432,21432,Customs Duty,153.59
21433,21433,VAT,2439.63
21434,21434,Customs Duty,938.49
21435,21435,VAT,127738.99
21436,21436,Export Duty,36533.55
21437,21437,VAT,1099.03
21438,21438,Customs Duty,85706.39
21439,21439,VAT,28468.8
21440,21440,Excise Duty,77890.11
21441,21441,Excise Duty,4454.49
21442,21442,Excise Duty,1678.73
21443,21443,Customs Duty,615.48
21444,21444,Customs Duty,99963.5
21445,21445,Import Duty,7076.91
21446,21446,Excise Duty,901.65
21447,21447,Service Tax,4576.16
21448,21448,Import Duty,12262.56
21449,21449,Customs Duty,2029.27
21450,21450,Excise Duty,63705.7
21451,21451,Customs Duty,109.03
21452,21452,Customs Duty,1732.28
21453,21453,Customs Duty,156485.34
21454,21454,Customs Duty,8520.59
21455,21455,Export Duty,93262.52
21456,21456,Export Duty,781.36
21457,21457,VAT,898.44
21458,21458,Import Duty,49.84
21459,21459,Customs Duty,6560.57
21460,21460,Customs Duty,1147.4
21461,21461,Import Duty,2736.88
21462,21462,Excise Duty,148.5
21463,21463,Excise Duty,144348.8
21464,21464,Import Duty,2114.52
21465,21465,Customs Duty,659.1
21466,21466,Export Duty,5970.62
21467,21467,VAT,77522.01
21468,21468,Customs Duty,698.68
21469,21469,Import Duty,11683.65
21470,21470,Service Tax,65328.41
21471,21471,Excise Duty,236.36
21472,21472,VAT,80559.52
21473,21473,Export Duty,87074.36
21474,21474,Import Duty,1985.05
21475,21475,VAT,13980.55
21476,21476,VAT,1466.7
21477,21477,Import Duty,231744.7
21478,21478,Customs Duty,919.49
21479,21479,Customs Duty,240116.81
21480,21480,Import Duty,54251.39
21481,21481,VAT,469.15
21482,21482,Import Duty,153061.95
21483,21483,Customs Duty,1520.57
21484,21484,Import Duty,307939.22
21485,21485,Import Duty,357.9
21486,21486,Excise Duty,3284.73
21487,21487,Export Duty,193.65
21488,21488,VAT,2351.52
21489,21489,Excise Duty,107996.42
21490,21490,Customs Duty,911.74
21491,21491,Import Duty,4954.81
21492,21492,Import Duty,514.65
21493,21493,Import Duty,2636.62
21494,21494,Import Duty,7102.55
21495,21495,VAT,335639.56
21496,21496,VAT,257988.02
21497,21497,Service Tax,25084.23
21498,21498,VAT,269790.92
21499,21499,Excise Duty,244.36
21500,21500,Import Duty,112083.58
21501,21501,Export Duty,2270.17
21502,21502,VAT,4660.42
21503,21503,Customs Duty,4451.3
21504,21504,VAT,104484.28
21505,21505,Service Tax,1097.38
21506,21506,Customs Duty,14086.59
21507,21507,Import Duty,695.46
21508,21508,Import Duty,2711.36
21509,21509,Customs Duty,7591.26
21510,21510,VAT,4767.27
21511,21511,Service Tax,412.76
21512,21512,Import Duty,95524.41
21513,21513,VAT,14339.54
21514,21514,Service Tax,1963.93
21515,21515,Customs Duty,1260.3
21516,21516,Customs Duty,5187.2
21517,21517,Customs Duty,115299.19
21518,21518,Import Duty,1807.13
21519,21519,Customs Duty,12663.9
21520,21520,Customs Duty,528.95
21521,21521,Customs Duty,7013.66
21522,21522,Customs Duty,10145.44
21523,21523,VAT,81236.48
21524,21524,Import Duty,128060.92
21525,21525,Import Duty,759.51
21526,21526,Import Duty,21697.49
21527,21527,VAT,7089.78
21528,21528,VAT,120745.54
21529,21529,Export Duty,7877.18
21530,21530,Customs Duty,6876.65
21531,21531,Excise Duty,343.57
21532,21532,Import Duty,576.89
21533,21533,VAT,273985.59
21534,21534,Import Duty,166464.88
21535,21535,Customs Duty,160576.73
21536,21536,VAT,2606.39
21537,21537,Import Duty,12800.38
21538,21538,VAT,28260.4
21539,21539,Import Duty,104523.32
21540,21540,Import Duty,24138.66
21541,21541,Customs Duty,102151.94
21542,21542,Customs Duty,196.54
21543,21543,Customs Duty,3848.15
21544,21544,Service Tax,1333.25
21545,21545,Excise Duty,564.15
21546,21546,VAT,132655.47
21547,21547,Import Duty,84544.48
21548,21548,Excise Duty,13976.8
21549,21549,Customs Duty,16327.05
21550,21550,VAT,1917.0
21551,21551,Export Duty,60.68
21552,21552,Customs Duty,1444.19
21553,21553,Customs Duty,4481.77
21554,21554,Import Duty,12984.85
21555,21555,VAT,61220.12
21556,21556,Customs Duty,119.55
21557,21557,Import Duty,575.61
21558,21558,Import Duty,3095.05
21559,21559,Import Duty,3763.02
21560,21560,Import Duty,9654.99
21561,21561,VAT,85743.95
21562,21562,VAT,1607.69
21563,21563,VAT,300516.36
21564,21564,Customs Duty,103641.07
21565,21565,Customs Duty,1997.41
21566,21566,Import Duty,11919.38
21567,21567,VAT,144352.64
21568,21568,Excise Duty,924.2
21569,21569,Import Duty,10999.63
21570,21570,Service Tax,27216.71
21571,21571,Export Duty,29431.55
21572,21572,Customs Duty,62295.99
21573,21573,Import Duty,196985.92
21574,21574,Import Duty,11316.26
21575,21575,Import Duty,11483.66
21576,21576,Customs Duty,2499.82
21577,21577,Excise Duty,7200.06
21578,21578,Service Tax,127.72
21579,21579,Export Duty,18024.68
21580,21580,Excise Duty,3639.24
21581,21581,Export Duty,388.74
21582,21582,Import Duty,780.82
21583,21583,Export Duty,6116.48
21584,21584,VAT,23375.02
21585,21585,VAT,2265.47
21586,21586,Import Duty,1663.61
21587,21587,VAT,141009.27
21588,21588,Excise Duty,57317.29
21589,21589,Export Duty,42231.34
21590,21590,VAT,32602.89
21591,21591,Export Duty,10923.52
21592,21592,VAT,10825.95
21593,21593,Customs Duty,12978.83
21594,21594,Service Tax,3390.1
21595,21595,Import Duty,148160.75
21596,21596,VAT,6677.87
21597,21597,Customs Duty,465.23
21598,21598,Import Duty,50007.97
21599,21599,Service Tax,73757.93
21600,21600,Excise Duty,1381.29
21601,21601,Customs Duty,1153.73
21602,21602,VAT,1455.31
21603,21603,Import Duty,253577.2
21604,21604,Import Duty,1035.59
21605,21605,Customs Duty,100173.24
21606,21606,VAT,25684.08
21607,21607,Export Duty,4322.65
21608,21608,Customs Duty,15461.57
21609,21609,VAT,57435.37
21610,21610,Customs Duty,595.22
21611,21611,VAT,11142.64
21612,21612,VAT,21779.07
21613,21613,VAT,184739.07
21614,21614,VAT,25315.59
21615,21615,VAT,3119.9
21616,21616,Service Tax,3397.84
21617,21617,Export Duty,304.72
21618,21618,VAT,12823.03
21619,21619,Customs Duty,1361.49
21620,21620,Export Duty,17055.49
21621,21621,Customs Duty,9905.22
21622,21622,Customs Duty,7095.78
21623,21623,Customs Duty,103.26
21624,21624,VAT,253082.54
21625,21625,VAT,25035.23
21626,21626,Customs Duty,7780.59
21627,21627,VAT,9910.72
21628,21628,Import Duty,2943.94
21629,21629,Excise Duty,110032.38
21630,21630,Customs Duty,44640.0
21631,21631,VAT,6700.69
21632,21632,Customs Duty,4795.35
21633,21633,Import Duty,19352.22
21634,21634,Customs Duty,502.84
21635,21635,Export Duty,742.3
21636,21636,Customs Duty,1280.43
21637,21637,VAT,724.76
21638,21638,Customs Duty,414.5
21639,21639,Customs Duty,26490.16
21640,21640,Customs Duty,2789.4
21641,21641,Excise Duty,149195.3
21642,21642,Customs Duty,109989.63
21643,21643,VAT,2816.41
21644,21644,Import Duty,169032.72
21645,21645,Export Duty,93.84
21646,21646,Import Duty,124514.8
21647,21647,Import Duty,1128.06
21648,21648,Import Duty,118991.09
21649,21649,Import Duty,95348.89
21650,21650,Import Duty,2521.55
21651,21651,Customs Duty,87185.15
21652,21652,VAT,19252.5
21653,21653,Excise Duty,20.36
21654,21654,Import Duty,237608.21
21655,21655,Customs Duty,313.89
21656,21656,Service Tax,609.64
21657,21657,Service Tax,50919.33
21658,21658,Import Duty,82300.19
21659,21659,Excise Duty,32672.43
21660,21660,Excise Duty,139013.98
21661,21661,VAT,342379.02
21662,21662,Excise Duty,394.89
21663,21663,Import Duty,4823.62
21664,21664,Customs Duty,132546.2
21665,21665,Import Duty,571.66
21666,21666,Customs Duty,7953.1
21667,21667,Customs Duty,300.29
21668,21668,Import Duty,29649.37
21669,21669,Import Duty,788.91
21670,21670,VAT,16924.32
21671,21671,Service Tax,30552.9
21672,21672,Import Duty,1373.36
21673,21673,Customs Duty,374.09
21674,21674,Export Duty,593.35
21675,21675,VAT,16249.98
21676,21676,VAT,1995.97
21677,21677,Import Duty,23868.53
21678,21678,Customs Duty,52918.04
21679,21679,Export Duty,82451.7
21680,21680,VAT,9756.41
21681,21681,Import Duty,1348.09
21682,21682,Export Duty,37337.86
21683,21683,Customs Duty,284.66
21684,21684,Customs Duty,9899.62
21685,21685,VAT,275746.08
21686,21686,Customs Duty,525.21
21687,21687,VAT,91549.57
21688,21688,Export Duty,2710.68
21689,21689,Export Duty,1613.27
21690,21690,Excise Duty,10874.08
21691,21691,VAT,1175.15
21692,21692,Customs Duty,4698.18
21693,21693,VAT,59031.88
21694,21694,Import Duty,33768.16
21695,21695,Import Duty,1955.17
21696,21696,Import Duty,307524.92
21697,21697,Import Duty,177173.01
21698,21698,Export Duty,504.75
21699,21699,Customs Duty,9749.35
21700,21700,Customs Duty,159405.44
21701,21701,Customs Duty,716.3
21702,21702,Service Tax,85892.07
21703,21703,VAT,6716.04
21704,21704,VAT,6266.53
21705,21705,Export Duty,21431.14
21706,21706,Customs Duty,152.91
21707,21707,Excise Duty,18952.44
21708,21708,Export Duty,577.1
21709,21709,Customs Duty,1297.97
21710,21710,Export Duty,753.04
21711,21711,VAT,1354.49
21712,21712,Service Tax,3673.11
21713,21713,Customs Duty,29.25
21714,21714,Customs Duty,337.86
21715,21715,Export Duty,72791.65
21716,21716,Import Duty,21935.82
21717,21717,Excise Duty,1001.45
21718,21718,Import Duty,110.64
21719,21719,Excise Duty,7359.16
21720,21720,Export Duty,2933.24
21721,21721,Export Duty,20387.32
21722,21722,Import Duty,11571.46
21723,21723,Import Duty,2153.05
21724,21724,VAT,538.69
21725,21725,VAT,267.42
21726,21726,VAT,153496.24
21727,21727,Customs Duty,94.19
21728,21728,Export Duty,12302.59
21729,21729,Service Tax,315.52
21730,21730,Service Tax,102685.18
21731,21731,Customs Duty,23743.18
21732,21732,Service Tax,18607.75
21733,21733,Import Duty,54627.19
21734,21734,Customs Duty,26638.09
21735,21735,Customs Duty,7194.32
21736,21736,Import Duty,41646.57
21737,21737,VAT,65183.6
21738,21738,Import Duty,355.31
21739,21739,Import Duty,1698.1
21740,21740,Customs Duty,8436.4
21741,21741,VAT,257210.82
21742,21742,Customs Duty,14070.12
21743,21743,Import Duty,1064.96
21744,21744,Customs Duty,84844.41
21745,21745,Service Tax,10714.31
21746,21746,VAT,15336.23
21747,21747,Export Duty,3615.27
21748,21748,Import Duty,26019.07
21749,21749,Service Tax,28084.22
21750,21750,Import Duty,904.25
21751,21751,Customs Duty,5462.3
21752,21752,VAT,91366.56
21753,21753,Customs Duty,3420.28
21754,21754,Excise Duty,1813.87
21755,21755,VAT,10395.51
21756,21756,Customs Duty,1133.49
21757,21757,Import Duty,8468.49
21758,21758,VAT,1100.22
21759,21759,Customs Duty,5037.98
21760,21760,Customs Duty,6515.75
21761,21761,Customs Duty,117.88
21762,21762,VAT,6430.5
21763,21763,VAT,202721.87
21764,21764,Customs Duty,134688.72
21765,21765,Customs Duty,442.43
21766,21766,VAT,6830.49
21767,21767,Export Duty,305.43
21768,21768,Customs Duty,125758.87
21769,21769,Export Duty,93432.79
21770,21770,Excise Duty,84157.45
21771,21771,Customs Duty,7612.35
21772,21772,Customs Duty,23224.8
21773,21773,Customs Duty,9732.96
21774,21774,Customs Duty,1426.71
21775,21775,Customs Duty,44200.88
21776,21776,VAT,6926.67
21777,21777,Export Duty,310.92
21778,21778,Customs Duty,1054.12
21779,21779,Customs Duty,26724.67
21780,21780,Customs Duty,763.37
21781,21781,Import Duty,91825.85
21782,21782,Import Duty,376886.64
21783,21783,VAT,22164.31
21784,21784,VAT,43079.93
21785,21785,VAT,3021.0
21786,21786,Export Duty,6074.2
21787,21787,Import Duty,32016.21
21788,21788,Service Tax,403.46
21789,21789,Excise Duty,8088.2
21790,21790,Customs Duty,16800.61
21791,21791,Customs Duty,8482.94
21792,21792,VAT,15575.6
21793,21793,Customs Duty,14493.51
21794,21794,VAT,85521.63
21795,21795,Export Duty,1406.41
21796,21796,Service Tax,31488.71
21797,21797,Customs Duty,1148.23
21798,21798,Import Duty,4931.06
21799,21799,Import Duty,2784.12
21800,21800,Export Duty,4923.76
21801,21801,VAT,219291.41
21802,21802,Import Duty,1927.23
21803,21803,Import Duty,21365.73
21804,21804,Customs Duty,12715.19
21805,21805,Customs Duty,8176.81
21806,21806,Customs Duty,676.3
21807,21807,Export Duty,1354.07
21808,21808,Customs Duty,5824.66
21809,21809,Export Duty,555.42
21810,21810,Export Duty,890.65
21811,21811,Export Duty,363.73
21812,21812,Customs Duty,81632.22
21813,21813,Import Duty,3273.42
21814,21814,Excise Duty,71593.0
21815,21815,Excise Duty,94.8
21816,21816,Import Duty,1812.51
21817,21817,VAT,23683.22
21818,21818,Service Tax,6187.87
21819,21819,VAT,69969.62
21820,21820,Customs Duty,13654.01
21821,21821,Export Duty,378.87
21822,21822,VAT,70475.67
21823,21823,Customs Duty,601.68
21824,21824,Customs Duty,71704.04
21825,21825,Customs Duty,906.43
21826,21826,Import Duty,149.41
21827,21827,Excise Duty,1087.07
21828,21828,Import Duty,492.03
21829,21829,Import Duty,952.59
21830,21830,Customs Duty,444.52
21831,21831,Service Tax,3106.29
21832,21832,VAT,823.12
21833,21833,Import Duty,14131.98
21834,21834,Excise Duty,2372.77
21835,21835,Customs Duty,51763.74
21836,21836,Customs Duty,72.64
21837,21837,Import Duty,70685.27
21838,21838,VAT,92.01
21839,21839,Import Duty,406.35
21840,21840,VAT,14483.92
21841,21841,Customs Duty,10595.73
21842,21842,Export Duty,667.52
21843,21843,Import Duty,92858.8
21844,21844,Customs Duty,311.91
21845,21845,Export Duty,79428.81
21846,21846,Customs Duty,7504.44
21847,21847,VAT,88924.18
21848,21848,Customs Duty,52904.84
21849,21849,Customs Duty,896.1
21850,21850,VAT,35120.11
21851,21851,Import Duty,69161.15
21852,21852,Excise Duty,13209.92
21853,21853,Customs Duty,113569.74
21854,21854,Import Duty,1012.38
21855,21855,Customs Duty,7275.97
21856,21856,Customs Duty,30739.15
21857,21857,Customs Duty,86925.59
21858,21858,Excise Duty,567.88
21859,21859,Import Duty,52873.45
21860,21860,Excise Duty,9735.22
21861,21861,VAT,9826.53
21862,21862,Customs Duty,15285.8
21863,21863,Customs Duty,102.66
21864,21864,Import Duty,3001.6
21865,21865,Export Duty,78625.01
21866,21866,Customs Duty,6456.43
21867,21867,Excise Duty,3444.04
21868,21868,Export Duty,792.49
21869,21869,Customs Duty,87402.57
21870,21870,Customs Duty,313.03
21871,21871,Customs Duty,1208.31
21872,21872,VAT,1229.41
21873,21873,Import Duty,398.35
21874,21874,VAT,304508.49
21875,21875,Export Duty,15.22
21876,21876,Service Tax,4667.02
21877,21877,VAT,110024.38
21878,21878,Excise Duty,247.63
21879,21879,Service Tax,54647.98
21880,21880,Customs Duty,256348.25
21881,21881,Export Duty,112.08
21882,21882,Excise Duty,173201.77
21883,21883,Customs Duty,405.69
21884,21884,Customs Duty,583.58
21885,21885,VAT,132385.34
21886,21886,Customs Duty,20097.16
21887,21887,Import Duty,320149.97
21888,21888,Customs Duty,411.91
21889,21889,Import Duty,10738.01
21890,21890,Import Duty,219667.73
21891,21891,VAT,17783.98
21892,21892,Service Tax,4057.97
21893,21893,Customs Duty,40907.3
21894,21894,VAT,232080.72
21895,21895,Service Tax,9152.42
21896,21896,Import Duty,21548.56
21897,21897,VAT,8124.6
21898,21898,Customs Duty,1101.58
21899,21899,Excise Duty,25.35
21900,21900,Import Duty,170779.29
21901,21901,VAT,1206.22
21902,21902,VAT,74301.37
21903,21903,Customs Duty,94374.73
21904,21904,Import Duty,299953.98
21905,21905,Excise Duty,35482.22
21906,21906,Customs Duty,253.2
21907,21907,VAT,95002.85
21908,21908,Customs Duty,738.62
21909,21909,Import Duty,13004.37
21910,21910,VAT,153027.87
21911,21911,Import Duty,43814.31
21912,21912,Service Tax,78744.35
21913,21913,Customs Duty,592.79
21914,21914,Import Duty,187.68
21915,21915,Import Duty,51496.34
21916,21916,VAT,477.79
21917,21917,Export Duty,27351.57
21918,21918,Excise Duty,8703.88
21919,21919,Export Duty,4609.84
21920,21920,Customs Duty,56103.42
21921,21921,Import Duty,204.15
21922,21922,Excise Duty,90724.41
21923,21923,VAT,6643.88
21924,21924,VAT,1409.01
21925,21925,Export Duty,8432.49
21926,21926,Customs Duty,2044.52
21927,21927,Export Duty,3002.3
21928,21928,Service Tax,4906.63
21929,21929,Import Duty,40979.44
21930,21930,Customs Duty,37003.91
21931,21931,Import Duty,10218.42
21932,21932,VAT,751.63
21933,21933,Customs Duty,1871.03
21934,21934,Excise Duty,3658.05
21935,21935,Import Duty,6128.19
21936,21936,Customs Duty,66552.37
21937,21937,Customs Duty,767.32
21938,21938,Service Tax,37197.2
21939,21939,Service Tax,3162.29
21940,21940,Customs Duty,51662.4
21941,21941,Customs Duty,117822.71
21942,21942,Customs Duty,6555.42
21943,21943,Export Duty,244.25
21944,21944,Import Duty,333661.79
21945,21945,Export Duty,1103.85
21946,21946,Export Duty,6294.92
21947,21947,Import Duty,288302.03
21948,21948,VAT,27534.84
21949,21949,VAT,1694.13
21950,21950,Import Duty,4965.12
21951,21951,Service Tax,35315.94
21952,21952,Customs Duty,49176.15
21953,21953,Import Duty,18327.02
21954,21954,VAT,3168.25
21955,21955,Import Duty,50435.97
21956,21956,Export Duty,96259.7
21957,21957,VAT,14527.59
21958,21958,VAT,897.63
21959,21959,VAT,977.27
21960,21960,Import Duty,13023.29
21961,21961,Export Duty,137.99
21962,21962,Customs Duty,103870.73
21963,21963,Export Duty,134003.87
21964,21964,Customs Duty,43207.07
21965,21965,Import Duty,1119.32
21966,21966,Export Duty,137.78
21967,21967,Excise Duty,140571.11
21968,21968,VAT,672.34
21969,21969,VAT,6297.42
21970,21970,Export Duty,64599.33
21971,21971,Import Duty,7498.69
21972,21972,VAT,65799.65
21973,21973,Export Duty,8768.17
21974,21974,Customs Duty,386.89
21975,21975,Customs Duty,725.42
21976,21976,Import Duty,57933.89
21977,21977,VAT,15883.44
21978,21978,Service Tax,6193.68
21979,21979,VAT,2510.4
21980,21980,Service Tax,14933.34
21981,21981,Customs Duty,86918.99
21982,21982,Export Duty,838.95
21983,21983,Customs Duty,1311.01
21984,21984,Excise Duty,3625.14
21985,21985,VAT,2347.88
21986,21986,Import Duty,194947.91
21987,21987,VAT,213473.39
21988,21988,VAT,1975.99
21989,21989,VAT,157148.65
21990,21990,Import Duty,22193.2
21991,21991,Customs Duty,739.33
21992,21992,Excise Duty,4764.7
21993,21993,Customs Duty,145612.46
21994,21994,Customs Duty,4082.12
21995,21995,Import Duty,1808.72
21996,21996,Customs Duty,1152.74
21997,21997,Service Tax,2351.39
21998,21998,Import Duty,95972.43
21999,21999,Customs Duty,10928.07
22000,22000,Export Duty,18335.2
22001,22001,Customs Duty,5259.47
22002,22002,Customs Duty,71117.6
22003,22003,Customs Duty,10336.7
22004,22004,VAT,34889.88
22005,22005,VAT,1491.36
22006,22006,Customs Duty,451.31
22007,22007,Import Duty,24449.83
22008,22008,VAT,7621.97
22009,22009,Customs Duty,1084.23
22010,22010,Service Tax,4984.55
22011,22011,Import Duty,22763.32
22012,22012,Customs Duty,282.68
22013,22013,Customs Duty,371.6
22014,22014,Customs Duty,189525.75
22015,22015,Customs Duty,107473.75
22016,22016,VAT,4831.44
22017,22017,Export Duty,189.41
22018,22018,Excise Duty,666.78
22019,22019,Export Duty,10201.66
22020,22020,VAT,2468.19
22021,22021,VAT,104133.73
22022,22022,Export Duty,13328.76
22023,22023,Import Duty,204633.32
22024,22024,Customs Duty,347.82
22025,22025,Service Tax,5885.24
22026,22026,Export Duty,31041.74
22027,22027,Customs Duty,13044.28
22028,22028,VAT,46367.31
22029,22029,Customs Duty,66676.0
22030,22030,Import Duty,3098.73
22031,22031,Service Tax,4946.8
22032,22032,Customs Duty,70214.54
22033,22033,Import Duty,21157.39
22034,22034,Excise Duty,172.75
22035,22035,VAT,1655.55
22036,22036,Customs Duty,158.76
22037,22037,Export Duty,1074.48
22038,22038,VAT,6677.4
22039,22039,Import Duty,9352.25
22040,22040,Excise Duty,4246.74
22041,22041,Service Tax,9622.93
22042,22042,Customs Duty,12694.03
22043,22043,Customs Duty,638.64
22044,22044,Import Duty,35336.97
22045,22045,Service Tax,82556.68
22046,22046,Export Duty,1587.15
22047,22047,Import Duty,21202.18
22048,22048,Customs Duty,2633.36
22049,22049,Import Duty,31463.98
22050,22050,Customs Duty,26238.85
22051,22051,Customs Duty,14887.87
22052,22052,Import Duty,11576.48
22053,22053,Export Duty,16609.87
22054,22054,Import Duty,1848.78
22055,22055,Customs Duty,58516.84
22056,22056,VAT,96062.72
22057,22057,Customs Duty,501.36
22058,22058,Import Duty,731.68
22059,22059,Customs Duty,79486.36
22060,22060,Export Duty,8079.82
22061,22061,Export Duty,5838.03
22062,22062,Export Duty,850.17
22063,22063,Customs Duty,163447.77
22064,22064,Service Tax,2085.56
22065,22065,VAT,346481.65
22066,22066,Customs Duty,464.97
22067,22067,Import Duty,126355.55
22068,22068,Customs Duty,4364.06
22069,22069,Import Duty,288.99
22070,22070,Customs Duty,15430.71
22071,22071,VAT,1308.72
22072,22072,Service Tax,211.0
22073,22073,Import Duty,7400.8
22074,22074,Customs Duty,4747.31
22075,22075,Import Duty,1526.22
22076,22076,VAT,552.22
22077,22077,VAT,198743.85
22078,22078,Import Duty,2767.27
22079,22079,VAT,12515.09
22080,22080,VAT,12414.41
22081,22081,Excise Duty,872.31
22082,22082,Customs Duty,290.15
22083,22083,Customs Duty,52.61
22084,22084,VAT,264.6
22085,22085,VAT,1033.44
22086,22086,VAT,7909.5
22087,22087,VAT,70719.21
22088,22088,Import Duty,1274.97
22089,22089,Import Duty,160791.86
22090,22090,Customs Duty,59270.17
22091,22091,VAT,12776.52
22092,22092,Import Duty,8390.87
22093,22093,VAT,1103.86
22094,22094,VAT,2160.82
22095,22095,VAT,518.27
22096,22096,VAT,8507.05
22097,22097,Customs Duty,14766.51
22098,22098,Customs Duty,228087.72
22099,22099,Customs Duty,2597.08
22100,22100,VAT,64227.82
22101,22101,Customs Duty,574.05
22102,22102,VAT,168.37
22103,22103,Excise Duty,1989.71
22104,22104,Import Duty,36877.21
22105,22105,VAT,146718.33
22106,22106,Export Duty,5303.53
22107,22107,Customs Duty,531.19
22108,22108,Customs Duty,72069.31
22109,22109,Import Duty,1065.7
22110,22110,VAT,56086.97
22111,22111,Import Duty,94818.91
22112,22112,Customs Duty,159281.5
22113,22113,Service Tax,35489.1
22114,22114,VAT,591.78
22115,22115,Customs Duty,21286.67
22116,22116,Import Duty,167843.91
22117,22117,Customs Duty,29109.99
22118,22118,Customs Duty,272.98
22119,22119,Customs Duty,2242.54
22120,22120,Import Duty,73505.72
22121,22121,Customs Duty,238.79
22122,22122,Customs Duty,164492.46
22123,22123,Customs Duty,469.6
22124,22124,VAT,620.02
22125,22125,Service Tax,47169.12
22126,22126,Excise Duty,170.57
22127,22127,VAT,34813.82
22128,22128,Import Duty,553.64
22129,22129,Export Duty,153.25
22130,22130,Customs Duty,1624.8
22131,22131,Export Duty,26168.63
22132,22132,Excise Duty,14964.6
22133,22133,VAT,38056.62
22134,22134,Import Duty,231396.9
22135,22135,Customs Duty,1651.55
22136,22136,Customs Duty,366.79
22137,22137,Customs Duty,363.59
22138,22138,Import Duty,7631.96
22139,22139,Service Tax,741.64
22140,22140,Excise Duty,1702.58
22141,22141,Customs Duty,80949.72
22142,22142,Customs Duty,91160.43
22143,22143,Customs Duty,140097.4
22144,22144,VAT,32563.27
22145,22145,VAT,33489.77
22146,22146,Customs Duty,16753.15
22147,22147,VAT,6171.77
22148,22148,VAT,307.4
22149,22149,VAT,16374.72
22150,22150,Excise Duty,484.24
22151,22151,VAT,140546.76
22152,22152,Customs Duty,159.25
22153,22153,Export Duty,94768.73
22154,22154,Customs Duty,1107.5
22155,22155,Customs Duty,360.82
22156,22156,Customs Duty,56634.44
22157,22157,Export Duty,2688.83
22158,22158,Import Duty,34237.43
22159,22159,VAT,769.63
22160,22160,Export Duty,3830.85
22161,22161,VAT,5158.92
22162,22162,Import Duty,4674.37
22163,22163,Customs Duty,645.1
22164,22164,Excise Duty,71963.53
22165,22165,Export Duty,4730.63
22166,22166,Export Duty,33111.43
22167,22167,Customs Duty,19423.4
22168,22168,Customs Duty,6032.49
22169,22169,VAT,231298.37
22170,22170,Import Duty,30063.31
22171,22171,Service Tax,49.32
22172,22172,Export Duty,25907.63
22173,22173,Customs Duty,77.7
22174,22174,Customs Duty,93583.77
22175,22175,Customs Duty,29398.46
22176,22176,Excise Duty,69480.18
22177,22177,Excise Duty,6502.34
22178,22178,Customs Duty,7590.68
22179,22179,Export Duty,6316.38
22180,22180,VAT,16034.96
22181,22181,VAT,11182.05
22182,22182,Import Duty,59.19
22183,22183,VAT,1003.44
22184,22184,VAT,756.95
22185,22185,Customs Duty,262800.65
22186,22186,Import Duty,248087.64
22187,22187,Customs Duty,126856.04
22188,22188,Service Tax,208.14
22189,22189,Customs Duty,398.7
22190,22190,Import Duty,48832.67
22191,22191,VAT,98511.3
22192,22192,Excise Duty,2818.29
22193,22193,Customs Duty,2345.43
22194,22194,Service Tax,19156.58
22195,22195,VAT,2888.84
22196,22196,Service Tax,5377.97
22197,22197,Import Duty,2564.29
22198,22198,Import Duty,1681.01
22199,22199,Export Duty,20623.49
22200,22200,Customs Duty,311.31
22201,22201,Import Duty,104148.52
22202,22202,VAT,899.56
22203,22203,VAT,20866.68
22204,22204,Customs Duty,1109.44
22205,22205,Import Duty,110060.08
22206,22206,VAT,2102.73
22207,22207,VAT,982.21
22208,22208,Export Duty,36743.75
22209,22209,VAT,1387.91
22210,22210,Import Duty,139794.13
22211,22211,VAT,1932.34
22212,22212,Export Duty,113.96
22213,22213,Customs Duty,127935.84
22214,22214,Import Duty,164659.1
22215,22215,VAT,5024.57
22216,22216,Export Duty,249.21
22217,22217,Import Duty,2097.66
22218,22218,Customs Duty,1088.96
22219,22219,VAT,263544.31
22220,22220,Import Duty,17394.05
22221,22221,Customs Duty,129926.39
22222,22222,Import Duty,18492.79
22223,22223,VAT,23893.64
22224,22224,Export Duty,53870.76
22225,22225,Customs Duty,51.1
22226,22226,Customs Duty,7815.78
22227,22227,Import Duty,5009.32
22228,22228,VAT,32444.64
22229,22229,VAT,11264.4
22230,22230,Import Duty,23753.2
22231,22231,Import Duty,1541.6
22232,22232,Import Duty,1582.18
22233,22233,Service Tax,611.0
22234,22234,Customs Duty,29543.21
22235,22235,Import Duty,118720.88
22236,22236,Customs Duty,332.95
22237,22237,Customs Duty,2367.77
22238,22238,Import Duty,21295.22
22239,22239,VAT,140937.14
22240,22240,VAT,30859.88
22241,22241,Import Duty,11893.21
22242,22242,Export Duty,103.34
22243,22243,Import Duty,336718.0
22244,22244,Excise Duty,944.62
22245,22245,Import Duty,169958.78
22246,22246,Customs Duty,10908.05
22247,22247,Customs Duty,2765.23
22248,22248,Customs Duty,36294.03
22249,22249,VAT,286.96
22250,22250,Customs Duty,4208.09
22251,22251,VAT,1692.95
22252,22252,Import Duty,29993.7
22253,22253,Excise Duty,5724.08
22254,22254,Excise Duty,336.16
22255,22255,VAT,74436.95
22256,22256,VAT,126636.48
22257,22257,Customs Duty,1904.81
22258,22258,Excise Duty,270.02
22259,22259,Excise Duty,62017.45
22260,22260,VAT,137757.58
22261,22261,Export Duty,5949.11
22262,22262,VAT,7476.67
22263,22263,Import Duty,1554.06
22264,22264,Excise Duty,143.91
22265,22265,Customs Duty,387.55
22266,22266,Service Tax,3832.02
22267,22267,Excise Duty,297.71
22268,22268,Import Duty,144.88
22269,22269,VAT,759.65
22270,22270,VAT,797.44
22271,22271,Excise Duty,657.85
22272,22272,Import Duty,1207.74
22273,22273,Excise Duty,9045.88
22274,22274,VAT,150549.7
22275,22275,Excise Duty,95705.89
22276,22276,Excise Duty,106250.89
22277,22277,Export Duty,10556.33
22278,22278,Customs Duty,48326.35
22279,22279,VAT,14453.06
22280,22280,Customs Duty,2519.46
22281,22281,Customs Duty,35865.21
22282,22282,VAT,408.34
22283,22283,VAT,1339.95
22284,22284,Import Duty,380191.35
22285,22285,VAT,146436.37
22286,22286,Import Duty,135962.11
22287,22287,Customs Duty,50.1
22288,22288,Customs Duty,1618.41
22289,22289,Import Duty,9773.27
22290,22290,Customs Duty,3087.77
22291,22291,Export Duty,2298.88
22292,22292,VAT,199432.23
22293,22293,VAT,503.76
22294,22294,Service Tax,4571.34
22295,22295,Import Duty,17674.42
22296,22296,Export Duty,17689.47
22297,22297,Customs Duty,18345.39
22298,22298,Export Duty,7260.82
22299,22299,Import Duty,37899.62
22300,22300,VAT,8342.83
22301,22301,Customs Duty,3674.25
22302,22302,Export Duty,107.93
22303,22303,Import Duty,21815.23
22304,22304,Excise Duty,1314.6
22305,22305,Import Duty,156325.93
22306,22306,Customs Duty,6040.65
22307,22307,Excise Duty,819.41
22308,22308,Service Tax,82102.1
22309,22309,Service Tax,52748.62
22310,22310,Customs Duty,909.58
22311,22311,Customs Duty,100306.95
22312,22312,VAT,12590.65
22313,22313,Excise Duty,179928.64
22314,22314,VAT,870.35
22315,22315,Customs Duty,627.99
22316,22316,Customs Duty,125139.61
22317,22317,Customs Duty,18237.25
22318,22318,Export Duty,4036.83
22319,22319,VAT,46548.72
22320,22320,VAT,14700.33
22321,22321,Customs Duty,1206.04
22322,22322,Customs Duty,1190.77
22323,22323,VAT,6250.3
22324,22324,Import Duty,5114.57
22325,22325,VAT,387.76
22326,22326,Customs Duty,1050.45
22327,22327,VAT,2071.15
22328,22328,VAT,4763.43
22329,22329,Service Tax,4515.38
22330,22330,Customs Duty,526.76
22331,22331,Customs Duty,147698.14
22332,22332,VAT,5698.2
22333,22333,Export Duty,14038.94
22334,22334,Import Duty,254651.09
22335,22335,VAT,784.92
22336,22336,Service Tax,533.3
22337,22337,Import Duty,4276.12
22338,22338,VAT,172.34
22339,22339,Customs Duty,131248.92
22340,22340,Customs Duty,121065.82
22341,22341,Customs Duty,2286.67
22342,22342,Customs Duty,72624.38
22343,22343,Customs Duty,2320.5
22344,22344,VAT,163292.88
22345,22345,Customs Duty,149334.04
22346,22346,Import Duty,3083.02
22347,22347,Customs Duty,49805.97
22348,22348,Customs Duty,1225.76
22349,22349,Customs Duty,527.9
22350,22350,Customs Duty,26793.7
22351,22351,Customs Duty,1221.55
22352,22352,Import Duty,20076.53
22353,22353,Excise Duty,91114.19
22354,22354,Service Tax,47039.82
22355,22355,VAT,209285.64
22356,22356,Excise Duty,177513.3
22357,22357,Service Tax,8511.84
22358,22358,Excise Duty,5656.85
22359,22359,Customs Duty,1942.87
22360,22360,Customs Duty,53378.09
22361,22361,VAT,113203.92
22362,22362,Import Duty,794.61
22363,22363,Customs Duty,988.78
22364,22364,Excise Duty,17679.97
22365,22365,Customs Duty,17720.94
22366,22366,Service Tax,222.89
22367,22367,Import Duty,2304.41
22368,22368,Excise Duty,13399.66
22369,22369,Customs Duty,589.79
22370,22370,VAT,200605.65
22371,22371,Customs Duty,12034.13
22372,22372,VAT,12806.58
22373,22373,VAT,14221.16
22374,22374,Import Duty,42889.22
22375,22375,VAT,32002.44
22376,22376,Customs Duty,140654.36
22377,22377,VAT,448.16
22378,22378,Customs Duty,193.67
22379,22379,Excise Duty,542.28
22380,22380,Export Duty,30.83
22381,22381,VAT,194583.96
22382,22382,VAT,1081.95
22383,22383,VAT,153151.1
22384,22384,Customs Duty,103020.32
22385,22385,Service Tax,53166.93
22386,22386,VAT,120794.58
22387,22387,Import Duty,3087.4
22388,22388,Customs Duty,6589.39
22389,22389,Customs Duty,17196.04
22390,22390,VAT,8499.99
22391,22391,VAT,3303.09
22392,22392,Import Duty,1580.59
22393,22393,VAT,2767.86
22394,22394,VAT,100167.47
22395,22395,VAT,1188.51
22396,22396,VAT,256537.75
22397,22397,Customs Duty,96609.51
22398,22398,Import Duty,210366.26
22399,22399,Import Duty,97015.85
22400,22400,Export Duty,6848.45
22401,22401,VAT,105769.73
22402,22402,Import Duty,8433.69
22403,22403,Import Duty,17202.86
22404,22404,Customs Duty,11990.04
22405,22405,Customs Duty,5674.82
22406,22406,Customs Duty,87672.78
22407,22407,Import Duty,2044.75
22408,22408,Export Duty,165.92
22409,22409,VAT,5319.32
22410,22410,Customs Duty,960.72
22411,22411,Import Duty,3546.04
22412,22412,Import Duty,238674.46
22413,22413,Customs Duty,1798.74
22414,22414,VAT,893.2
22415,22415,VAT,219.12
22416,22416,Customs Duty,1580.88
22417,22417,Customs Duty,37085.3
22418,22418,Export Duty,5099.61
22419,22419,VAT,1266.0
22420,22420,Customs Duty,953.8
22421,22421,Customs Duty,356.31
22422,22422,Export Duty,34657.27
22423,22423,Export Duty,1159.56
22424,22424,Import Duty,3710.04
22425,22425,Excise Duty,54.11
22426,22426,VAT,50281.93
22427,22427,Import Duty,2967.32
22428,22428,Customs Duty,251.48
22429,22429,Export Duty,61766.26
22430,22430,Excise Duty,57148.68
22431,22431,Customs Duty,162726.2
22432,22432,VAT,107022.22
22433,22433,Service Tax,19137.7
22434,22434,Service Tax,202.0
22435,22435,VAT,130289.35
22436,22436,Excise Duty,40353.53
22437,22437,Export Duty,9623.61
22438,22438,Import Duty,837.45
22439,22439,Excise Duty,256.54
22440,22440,Excise Duty,191678.69
22441,22441,Service Tax,5100.85
22442,22442,VAT,5319.76
22443,22443,Customs Duty,4061.53
22444,22444,Customs Duty,106291.73
22445,22445,Customs Duty,1189.65
22446,22446,Customs Duty,11469.25
22447,22447,VAT,12761.74
22448,22448,Import Duty,3853.55
22449,22449,Export Duty,5206.23
22450,22450,Import Duty,331188.76
22451,22451,VAT,300082.45
22452,22452,Import Duty,376.09
22453,22453,Customs Duty,70702.25
22454,22454,Customs Duty,400.81
22455,22455,Import Duty,1656.89
22456,22456,VAT,1107.63
22457,22457,Customs Duty,57127.19
22458,22458,Customs Duty,59538.35
22459,22459,Customs Duty,48609.07
22460,22460,Customs Duty,8577.22
22461,22461,VAT,15176.93
22462,22462,Import Duty,186118.88
22463,22463,Import Duty,1853.69
22464,22464,VAT,142026.81
22465,22465,Import Duty,287063.55
22466,22466,Excise Duty,4685.03
22467,22467,Customs Duty,2406.86
22468,22468,VAT,258588.43
22469,22469,Customs Duty,22464.27
22470,22470,Customs Duty,124095.57
22471,22471,Excise Duty,12288.47
22472,22472,Import Duty,1574.71
22473,22473,Import Duty,78445.03
22474,22474,Export Duty,554.74
22475,22475,Customs Duty,290.86
22476,22476,Customs Duty,737.96
22477,22477,VAT,138266.11
22478,22478,Import Duty,12962.92
22479,22479,Customs Duty,210.8
22480,22480,Excise Duty,131112.63
22481,22481,VAT,18927.16
22482,22482,VAT,133980.84
22483,22483,Customs Duty,16790.54
22484,22484,Customs Duty,2114.0
22485,22485,Customs Duty,2206.77
22486,22486,Service Tax,458.45
22487,22487,VAT,284.29
22488,22488,VAT,985.43
22489,22489,VAT,405.69
22490,22490,Customs Duty,1057.54
22491,22491,Service Tax,428.0
22492,22492,Customs Duty,6870.97
22493,22493,Customs Duty,4047.68
22494,22494,Export Duty,759.91
22495,22495,Customs Duty,171684.91
22496,22496,Customs Duty,79571.58
22497,22497,Excise Duty,64957.73
22498,22498,Import Duty,2034.73
22499,22499,Import Duty,114099.05
22500,22500,Export Duty,48364.21
22501,22501,VAT,25042.32
22502,22502,Export Duty,53.59
22503,22503,VAT,292.29
22504,22504,Customs Duty,153181.79
22505,22505,Customs Duty,178.18
22506,22506,Customs Duty,109467.96
22507,22507,Import Duty,50404.22
22508,22508,Import Duty,4605.86
22509,22509,VAT,21596.87
22510,22510,Customs Duty,24429.26
22511,22511,VAT,1233.49
22512,22512,Customs Duty,4622.24
22513,22513,Export Duty,5511.91
22514,22514,Export Duty,711.83
22515,22515,Customs Duty,213970.85
22516,22516,VAT,10060.8
22517,22517,Customs Duty,674.31
22518,22518,VAT,18103.64
22519,22519,Customs Duty,542.4
22520,22520,Customs Duty,36.8
22521,22521,VAT,865.17
22522,22522,Import Duty,21835.35
22523,22523,Service Tax,4902.52
22524,22524,VAT,1784.43
22525,22525,Customs Duty,65219.21
22526,22526,VAT,21611.6
22527,22527,Import Duty,1590.76
22528,22528,Customs Duty,183191.13
22529,22529,Excise Duty,473.69
22530,22530,Customs Duty,37040.91
22531,22531,Import Duty,1085.07
22532,22532,Customs Duty,1996.53
22533,22533,VAT,3619.25
22534,22534,Customs Duty,1700.53
22535,22535,Customs Duty,1868.44
22536,22536,Export Duty,1121.19
22537,22537,Import Duty,21978.19
22538,22538,Customs Duty,1536.21
22539,22539,Import Duty,2254.87
22540,22540,Service Tax,688.72
22541,22541,Import Duty,17869.72
22542,22542,Customs Duty,1361.03
22543,22543,VAT,1490.94
22544,22544,Excise Duty,156.0
22545,22545,Import Duty,663.46
22546,22546,VAT,26333.14
22547,22547,Import Duty,188791.45
22548,22548,Customs Duty,10418.13
22549,22549,Excise Duty,428.75
22550,22550,Excise Duty,7251.92
22551,22551,VAT,52824.62
22552,22552,Export Duty,14.91
22553,22553,Import Duty,96001.0
22554,22554,Excise Duty,1705.06
22555,22555,VAT,89164.37
22556,22556,VAT,1559.89
22557,22557,VAT,393.45
22558,22558,Customs Duty,80478.03
22559,22559,Customs Duty,268.88
22560,22560,VAT,8723.89
22561,22561,Customs Duty,4473.69
22562,22562,Import Duty,813.12
22563,22563,Import Duty,1351.94
22564,22564,Import Duty,140.93
22565,22565,VAT,33575.58
22566,22566,Excise Duty,153346.65
22567,22567,Customs Duty,23110.1
22568,22568,Import Duty,480125.06
22569,22569,Service Tax,86.11
22570,22570,Customs Duty,583.37
22571,22571,Customs Duty,10468.26
22572,22572,Excise Duty,16248.54
22573,22573,Customs Duty,1155.18
22574,22574,Customs Duty,21796.14
22575,22575,Export Duty,1012.79
22576,22576,Export Duty,670.71
22577,22577,Customs Duty,379.58
22578,22578,Export Duty,120381.71
22579,22579,VAT,2728.41
22580,22580,Import Duty,2490.61
22581,22581,Customs Duty,128055.16
22582,22582,Import Duty,23443.48
22583,22583,Customs Duty,2288.03
22584,22584,Export Duty,60790.04
22585,22585,Import Duty,150315.38
22586,22586,Export Duty,73974.17
22587,22587,VAT,183827.72
22588,22588,Customs Duty,92982.82
22589,22589,Customs Duty,46658.49
22590,22590,Customs Duty,214230.21
22591,22591,Customs Duty,43661.73
22592,22592,Service Tax,26550.32
22593,22593,Customs Duty,260.21
22594,22594,Import Duty,35451.3
22595,22595,Customs Duty,1512.66
22596,22596,Customs Duty,33642.93
22597,22597,Import Duty,11932.71
22598,22598,Excise Duty,226.52
22599,22599,Export Duty,13552.58
22600,22600,Import Duty,291426.05
22601,22601,Excise Duty,113.31
22602,22602,Customs Duty,41470.86
22603,22603,Export Duty,23952.36
22604,22604,Customs Duty,9056.88
22605,22605,VAT,3164.53
22606,22606,VAT,22959.57
22607,22607,Excise Duty,2596.47
22608,22608,Import Duty,296327.24
22609,22609,Customs Duty,938.88
22610,22610,Import Duty,82667.42
22611,22611,Export Duty,76145.19
22612,22612,Customs Duty,5831.84
22613,22613,VAT,2983.66
22614,22614,Service Tax,508.83
22615,22615,Excise Duty,44712.78
22616,22616,Customs Duty,4112.16
22617,22617,Import Duty,2870.75
22618,22618,Customs Duty,568.75
22619,22619,VAT,31871.28
22620,22620,Customs Duty,1678.64
22621,22621,Customs Duty,2797.5
22622,22622,Customs Duty,337.96
22623,22623,VAT,910.0
22624,22624,Customs Duty,11519.81
22625,22625,VAT,79963.41
22626,22626,Customs Duty,217997.58
22627,22627,Import Duty,79271.71
22628,22628,Import Duty,2695.3
22629,22629,Import Duty,1204.35
22630,22630,Service Tax,623.66
22631,22631,Export Duty,577.92
22632,22632,VAT,1539.2
22633,22633,VAT,38.41
22634,22634,Customs Duty,2650.8
22635,22635,Customs Duty,84435.84
22636,22636,VAT,26389.08
22637,22637,Export Duty,57378.28
22638,22638,Customs Duty,338.35
22639,22639,VAT,10728.72
22640,22640,VAT,1981.55
22641,22641,VAT,47589.37
22642,22642,VAT,69711.47
22643,22643,VAT,130884.1
22644,22644,Customs Duty,19530.32
22645,22645,VAT,13567.28
22646,22646,VAT,514.77
22647,22647,Customs Duty,1988.22
22648,22648,Import Duty,27858.22
22649,22649,VAT,193223.51
22650,22650,Customs Duty,756.23
22651,22651,Customs Duty,4007.1
22652,22652,Export Duty,2011.43
22653,22653,Customs Duty,43360.55
22654,22654,Customs Duty,644.12
22655,22655,VAT,3694.04
22656,22656,Customs Duty,1646.43
22657,22657,Import Duty,273.49
22658,22658,VAT,163631.71
22659,22659,Customs Duty,22152.06
22660,22660,VAT,134880.8
22661,22661,VAT,1220.14
22662,22662,Customs Duty,73474.27
22663,22663,Excise Duty,3306.01
22664,22664,Excise Duty,2447.78
22665,22665,VAT,3288.57
22666,22666,Import Duty,16540.45
22667,22667,Export Duty,12896.4
22668,22668,Export Duty,3917.27
22669,22669,Service Tax,3965.0
22670,22670,VAT,290865.86
22671,22671,Customs Duty,11415.42
22672,22672,VAT,22982.15
22673,22673,Customs Duty,17851.59
22674,22674,Export Duty,99.27
22675,22675,Excise Duty,1670.35
22676,22676,Customs Duty,131439.47
22677,22677,Service Tax,68425.31
22678,22678,VAT,5215.97
22679,22679,Import Duty,4859.6
22680,22680,Customs Duty,23569.5
22681,22681,Export Duty,15329.1
22682,22682,Customs Duty,156295.02
22683,22683,Customs Duty,242.74
22684,22684,Import Duty,15680.99
22685,22685,VAT,15180.93
22686,22686,Customs Duty,6072.67
22687,22687,VAT,353.64
22688,22688,Import Duty,62807.37
22689,22689,Import Duty,280728.54
22690,22690,VAT,226317.27
22691,22691,Import Duty,164728.66
22692,22692,Customs Duty,296.96
22693,22693,VAT,3717.41
22694,22694,VAT,381.69
22695,22695,Customs Duty,6918.88
22696,22696,Customs Duty,6960.66
22697,22697,Export Duty,20719.5
22698,22698,VAT,3606.1
22699,22699,VAT,1596.56
22700,22700,Customs Duty,10372.3
22701,22701,Customs Duty,7552.62
22702,22702,VAT,101324.61
22703,22703,Customs Duty,9950.79
22704,22704,Excise Duty,794.62
22705,22705,Customs Duty,33122.07
22706,22706,VAT,398.84
22707,22707,Import Duty,66676.15
22708,22708,Excise Duty,950.71
22709,22709,Excise Duty,13203.58
22710,22710,VAT,87.87
22711,22711,Service Tax,89.59
22712,22712,VAT,92162.27
22713,22713,VAT,2334.82
22714,22714,VAT,7687.97
22715,22715,VAT,1168.43
22716,22716,Import Duty,1257.99
22717,22717,Service Tax,6581.71
22718,22718,Export Duty,53539.68
22719,22719,VAT,186107.74
22720,22720,Excise Duty,203.4
22721,22721,Import Duty,17059.73
22722,22722,Export Duty,9267.96
22723,22723,Import Duty,20458.82
22724,22724,Customs Duty,89158.23
22725,22725,Excise Duty,113334.81
22726,22726,Import Duty,182.86
22727,22727,VAT,1548.58
22728,22728,Excise Duty,6220.36
22729,22729,Export Duty,9996.57
22730,22730,VAT,41062.36
22731,22731,VAT,126572.56
22732,22732,Import Duty,11979.84
22733,22733,Customs Duty,657.25
22734,22734,Import Duty,29759.07
22735,22735,Import Duty,4472.66
22736,22736,Import Duty,1362.04
22737,22737,VAT,131473.09
22738,22738,Import Duty,92.4
22739,22739,Export Duty,1737.07
22740,22740,Customs Duty,138415.54
22741,22741,Import Duty,90.65
22742,22742,Export Duty,213.65
22743,22743,Excise Duty,6633.44
22744,22744,Customs Duty,11998.97
22745,22745,Excise Duty,6419.86
22746,22746,VAT,2116.33
22747,22747,VAT,1744.98
22748,22748,Service Tax,14226.04
22749,22749,VAT,3514.6
22750,22750,VAT,1682.0
22751,22751,Export Duty,332.51
22752,22752,Import Duty,114986.96
22753,22753,Export Duty,28949.24
22754,22754,Import Duty,395838.69
22755,22755,Customs Duty,128718.97
22756,22756,Customs Duty,382.97
22757,22757,Export Duty,22.51
22758,22758,Customs Duty,7683.0
22759,22759,Import Duty,65786.52
22760,22760,Customs Duty,38720.07
22761,22761,Service Tax,655.13
22762,22762,Export Duty,49277.85
22763,22763,VAT,48406.43
22764,22764,Export Duty,2197.13
22765,22765,VAT,97600.13
22766,22766,Import Duty,1214.54
22767,22767,Export Duty,252.88
22768,22768,VAT,1960.44
22769,22769,VAT,34750.66
22770,22770,Excise Duty,13468.39
22771,22771,Service Tax,596.9
22772,22772,Excise Duty,13346.07
22773,22773,Customs Duty,771.09
22774,22774,Import Duty,21941.31
22775,22775,VAT,2414.98
22776,22776,Customs Duty,13480.96
22777,22777,Excise Duty,106.49
22778,22778,Customs Duty,89011.07
22779,22779,VAT,197781.47
22780,22780,Service Tax,16813.87
22781,22781,Customs Duty,2290.25
22782,22782,Export Duty,4838.58
22783,22783,Export Duty,1074.99
22784,22784,Import Duty,117731.29
22785,22785,Customs Duty,4312.63
22786,22786,VAT,6845.77
22787,22787,VAT,188968.15
22788,22788,Excise Duty,197092.23
22789,22789,Customs Duty,2539.68
22790,22790,Export Duty,17231.21
22791,22791,VAT,514.43
22792,22792,VAT,85728.45
22793,22793,VAT,1665.89
22794,22794,Customs Duty,51530.52
22795,22795,Excise Duty,10438.65
22796,22796,Export Duty,95486.58
22797,22797,Customs Duty,2227.77
22798,22798,Export Duty,1121.5
22799,22799,Excise Duty,7870.9
22800,22800,VAT,2040.56
22801,22801,Export Duty,2676.36
22802,22802,VAT,172051.33
22803,22803,Import Duty,13549.04
22804,22804,VAT,31346.97
22805,22805,Export Duty,633.32
22806,22806,VAT,2397.69
22807,22807,Import Duty,108168.19
22808,22808,Customs Duty,18235.24
22809,22809,Excise Duty,105849.49
22810,22810,Import Duty,240602.14
22811,22811,Import Duty,291844.72
22812,22812,VAT,7651.67
22813,22813,Customs Duty,3151.33
22814,22814,VAT,114297.45
22815,22815,Customs Duty,135.57
22816,22816,Import Duty,7362.83
22817,22817,Service Tax,6801.57
22818,22818,Customs Duty,12202.0
22819,22819,VAT,83011.18
22820,22820,Import Duty,24607.09
22821,22821,Import Duty,38837.79
22822,22822,Import Duty,75095.52
22823,22823,Customs Duty,592.19
22824,22824,Import Duty,452.1
22825,22825,VAT,2923.54
22826,22826,Import Duty,59569.84
22827,22827,VAT,1807.73
22828,22828,Import Duty,1657.44
22829,22829,Import Duty,2267.5
22830,22830,Customs Duty,175562.49
22831,22831,Import Duty,75275.47
22832,22832,Excise Duty,404.91
22833,22833,Import Duty,100313.56
22834,22834,Excise Duty,2611.23
22835,22835,Customs Duty,7687.95
22836,22836,VAT,372.19
22837,22837,VAT,5594.98
22838,22838,VAT,12838.25
22839,22839,Customs Duty,3198.07
22840,22840,Customs Duty,74641.68
22841,22841,Import Duty,144104.7
22842,22842,VAT,109566.9
22843,22843,VAT,22759.24
22844,22844,VAT,979.27
22845,22845,Import Duty,8676.81
22846,22846,Customs Duty,18836.82
22847,22847,VAT,705.31
22848,22848,Import Duty,25725.96
22849,22849,Customs Duty,54001.84
22850,22850,Import Duty,5407.21
22851,22851,Excise Duty,200.45
22852,22852,Import Duty,19035.84
22853,22853,Import Duty,344.18
22854,22854,Import Duty,2870.85
22855,22855,Import Duty,285338.01
22856,22856,Customs Duty,201798.35
22857,22857,Export Duty,284.78
22858,22858,Service Tax,20554.34
22859,22859,Import Duty,6633.33
22860,22860,Import Duty,3959.86
22861,22861,Excise Duty,609.45
22862,22862,Excise Duty,219.45
22863,22863,Export Duty,131.25
22864,22864,Customs Duty,80570.54
22865,22865,Import Duty,1369.04
22866,22866,Excise Duty,118173.98
22867,22867,Customs Duty,10376.29
22868,22868,VAT,23452.67
22869,22869,VAT,653.73
22870,22870,Customs Duty,446.39
22871,22871,Customs Duty,14691.09
22872,22872,Export Duty,309.3
22873,22873,Import Duty,1574.5
22874,22874,VAT,172988.44
22875,22875,Customs Duty,1154.96
22876,22876,Customs Duty,57537.96
22877,22877,Import Duty,164069.12
22878,22878,Customs Duty,745.39
22879,22879,Customs Duty,8845.86
22880,22880,Excise Duty,2634.84
22881,22881,Import Duty,771.32
22882,22882,Customs Duty,219.26
22883,22883,VAT,8836.21
22884,22884,Export Duty,5773.18
22885,22885,Customs Duty,133430.49
22886,22886,VAT,66848.66
22887,22887,VAT,945.8
22888,22888,VAT,17599.46
22889,22889,Import Duty,2813.2
22890,22890,VAT,133738.55
22891,22891,Customs Duty,2934.23
22892,22892,Customs Duty,151932.05
22893,22893,Import Duty,57299.05
22894,22894,Customs Duty,139374.02
22895,22895,Customs Duty,828.51
22896,22896,Import Duty,180448.04
22897,22897,Customs Duty,88857.04
22898,22898,Customs Duty,388.93
22899,22899,VAT,1889.64
22900,22900,VAT,50149.52
22901,22901,Customs Duty,12017.57
22902,22902,VAT,9124.76
22903,22903,VAT,11555.97
22904,22904,VAT,918.72
22905,22905,VAT,11628.22
22906,22906,Import Duty,2323.91
22907,22907,Customs Duty,12832.2
22908,22908,Customs Duty,1000.96
22909,22909,Service Tax,6967.59
22910,22910,Service Tax,663.33
22911,22911,VAT,654.61
22912,22912,Customs Duty,10213.05
22913,22913,Service Tax,38016.76
22914,22914,VAT,32848.45
22915,22915,VAT,8116.71
22916,22916,Service Tax,9955.65
22917,22917,Customs Duty,1041.65
22918,22918,Service Tax,8508.61
22919,22919,Import Duty,1455.64
22920,22920,Customs Duty,106074.39
22921,22921,VAT,941.79
22922,22922,Import Duty,830.36
22923,22923,Import Duty,1012.38
22924,22924,Customs Duty,90533.87
22925,22925,Customs Duty,85406.42
22926,22926,Service Tax,5956.65
22927,22927,Import Duty,3522.47
22928,22928,VAT,7064.67
22929,22929,Customs Duty,652.82
22930,22930,VAT,6819.21
22931,22931,VAT,16993.0
22932,22932,Customs Duty,24978.05
22933,22933,Import Duty,37743.49
22934,22934,Import Duty,4703.03
22935,22935,Customs Duty,46427.14
22936,22936,VAT,19379.4
22937,22937,Import Duty,52032.21
22938,22938,VAT,299839.56
22939,22939,VAT,320649.88
22940,22940,VAT,13822.24
22941,22941,VAT,561.68
22942,22942,VAT,14669.92
22943,22943,Export Duty,37.57
22944,22944,VAT,98650.82
22945,22945,VAT,15033.7
22946,22946,Export Duty,5112.9
22947,22947,VAT,342.48
22948,22948,Import Duty,23170.91
22949,22949,Customs Duty,85.71
22950,22950,Export Duty,19314.58
22951,22951,Excise Duty,346.72
22952,22952,VAT,139845.17
22953,22953,VAT,360.41
22954,22954,VAT,1091.86
22955,22955,Customs Duty,1820.84
22956,22956,VAT,150369.61
22957,22957,Service Tax,460.23
22958,22958,Customs Duty,372.13
22959,22959,VAT,284724.93
22960,22960,Service Tax,37458.39
22961,22961,VAT,17788.28
22962,22962,Customs Duty,144.03
22963,22963,VAT,2357.36
22964,22964,Service Tax,1485.22
22965,22965,Excise Duty,2352.14
22966,22966,Import Duty,31507.49
22967,22967,Import Duty,35229.5
22968,22968,Customs Duty,58749.17
22969,22969,Export Duty,51303.35
22970,22970,Customs Duty,51203.02
22971,22971,VAT,133532.58
22972,22972,Customs Duty,270.07
22973,22973,Customs Duty,6194.93
22974,22974,VAT,37357.63
22975,22975,Service Tax,74997.05
22976,22976,Customs Duty,7336.37
22977,22977,Customs Duty,128240.09
22978,22978,Import Duty,58425.42
22979,22979,VAT,2648.6
22980,22980,Export Duty,147754.48
22981,22981,VAT,109809.73
22982,22982,Service Tax,4041.63
22983,22983,Excise Duty,737.54
22984,22984,Customs Duty,2184.59
22985,22985,Export Duty,886.41
22986,22986,VAT,24591.74
22987,22987,VAT,11186.51
22988,22988,VAT,21407.77
22989,22989,Excise Duty,43129.89
22990,22990,Excise Duty,18965.07
22991,22991,Import Duty,478.33
22992,22992,Customs Duty,124604.03
22993,22993,Export Duty,26640.76
22994,22994,Export Duty,14305.76
22995,22995,Excise Duty,33756.6
22996,22996,Export Duty,20100.73
22997,22997,Service Tax,46823.59
22998,22998,Customs Duty,18450.97
22999,22999,Import Duty,2517.11
23000,23000,Customs Duty,6887.49
23001,23001,VAT,483.37
23002,23002,Import Duty,302977.69
23003,23003,Customs Duty,28876.15
23004,23004,VAT,189.03
23005,23005,Customs Duty,163466.61
23006,23006,Customs Duty,64844.25
23007,23007,Customs Duty,25252.61
23008,23008,Export Duty,4095.37
23009,23009,Customs Duty,6433.14
23010,23010,Import Duty,101058.62
23011,23011,Customs Duty,24415.67
23012,23012,VAT,33945.25
23013,23013,Customs Duty,8221.88
23014,23014,Import Duty,4071.09
23015,23015,Service Tax,2967.34
23016,23016,VAT,1301.94
23017,23017,Export Duty,7015.76
23018,23018,Service Tax,20378.21
23019,23019,Excise Duty,311.0
23020,23020,Customs Duty,18490.31
23021,23021,Customs Duty,87.36
23022,23022,Export Duty,3292.49
23023,23023,Service Tax,2870.56
23024,23024,Excise Duty,2299.04
23025,23025,VAT,54463.98
23026,23026,Import Duty,6007.73
23027,23027,VAT,30023.76
23028,23028,VAT,121634.77
23029,23029,Service Tax,10439.65
23030,23030,Import Duty,79559.45
23031,23031,VAT,577.17
23032,23032,Customs Duty,6423.83
23033,23033,Customs Duty,7896.87
23034,23034,Import Duty,8563.18
23035,23035,Import Duty,146521.05
23036,23036,Customs Duty,50067.36
23037,23037,Customs Duty,4176.5
23038,23038,VAT,1625.82
23039,23039,VAT,2177.38
23040,23040,Export Duty,321.12
23041,23041,Customs Duty,105532.51
23042,23042,Import Duty,1018.59
23043,23043,VAT,62497.17
23044,23044,Customs Duty,105860.21
23045,23045,Import Duty,709.58
23046,23046,Excise Duty,96368.17
23047,23047,Customs Duty,8187.63
23048,23048,Customs Duty,933.11
23049,23049,Service Tax,818.58
23050,23050,Excise Duty,211.21
23051,23051,VAT,18260.52
23052,23052,Export Duty,432.17
23053,23053,Import Duty,12356.96
23054,23054,Customs Duty,899.25
23055,23055,VAT,62813.87
23056,23056,Service Tax,99.65
23057,23057,Excise Duty,70550.04
23058,23058,VAT,119479.52
23059,23059,VAT,137916.2
23060,23060,Customs Duty,6049.5
23061,23061,Import Duty,323653.93
23062,23062,Import Duty,2634.33
23063,23063,Export Duty,287.9
23064,23064,Import Duty,133428.5
23065,23065,Service Tax,5916.39
23066,23066,Customs Duty,1865.69
23067,23067,VAT,5266.84
23068,23068,Customs Duty,988.23
23069,23069,Excise Duty,5682.42
23070,23070,Excise Duty,419.35
23071,23071,Service Tax,4015.53
23072,23072,VAT,19163.76
23073,23073,Customs Duty,132957.79
23074,23074,Import Duty,1476.72
23075,23075,VAT,88821.77
23076,23076,Export Duty,46739.15
23077,23077,Customs Duty,1625.58
23078,23078,Excise Duty,31813.81
23079,23079,Import Duty,12868.77
23080,23080,Import Duty,132306.78
23081,23081,VAT,760.96
23082,23082,Customs Duty,3694.5
23083,23083,Customs Duty,3978.87
23084,23084,Excise Duty,281.62
23085,23085,Customs Duty,93721.48
23086,23086,VAT,5709.78
23087,23087,VAT,2630.34
23088,23088,VAT,749.56
23089,23089,Service Tax,72266.32
23090,23090,Customs Duty,11975.12
23091,23091,VAT,2956.96
23092,23092,Import Duty,1143.54
23093,23093,Service Tax,4072.8
23094,23094,VAT,1670.57
23095,23095,Excise Duty,51415.36
23096,23096,VAT,39258.15
23097,23097,Import Duty,3361.73
23098,23098,Excise Duty,7843.26
23099,23099,Service Tax,10315.18
23100,23100,Import Duty,18428.4
23101,23101,Customs Duty,1050.13
23102,23102,Customs Duty,184529.95
23103,23103,VAT,41602.71
23104,23104,Customs Duty,113822.16
23105,23105,Import Duty,1666.85
23106,23106,Customs Duty,5107.46
23107,23107,VAT,1895.55
23108,23108,Customs Duty,23277.24
23109,23109,Customs Duty,3985.94
23110,23110,Export Duty,540.94
23111,23111,Customs Duty,217.79
23112,23112,Service Tax,2075.28
23113,23113,Customs Duty,15566.53
23114,23114,Customs Duty,520.1
23115,23115,Service Tax,9818.89
23116,23116,Customs Duty,5415.06
23117,23117,Customs Duty,657.99
23118,23118,Export Duty,12172.2
23119,23119,Export Duty,8297.15
23120,23120,VAT,1393.55
23121,23121,VAT,181919.91
23122,23122,Customs Duty,142128.31
23123,23123,Excise Duty,59808.39
23124,23124,Import Duty,234965.78
23125,23125,Customs Duty,129313.35
23126,23126,Import Duty,309.5
23127,23127,VAT,51125.73
23128,23128,Export Duty,2695.99
23129,23129,Customs Duty,172536.4
23130,23130,Export Duty,25206.91
23131,23131,Customs Duty,1611.56
23132,23132,Excise Duty,47353.45
23133,23133,VAT,112619.37
23134,23134,Excise Duty,494.35
23135,23135,Service Tax,3612.09
23136,23136,Customs Duty,5592.31
23137,23137,Excise Duty,1847.14
23138,23138,Import Duty,13770.69
23139,23139,VAT,205.16
23140,23140,Customs Duty,140788.36
23141,23141,VAT,7111.69
23142,23142,Import Duty,35093.9
23143,23143,Import Duty,5743.35
23144,23144,Customs Duty,5764.2
23145,23145,Service Tax,3968.24
23146,23146,Customs Duty,14795.73
23147,23147,Customs Duty,1062.99
23148,23148,Import Duty,323.88
23149,23149,Customs Duty,12885.46
23150,23150,Customs Duty,123106.65
23151,23151,Service Tax,43.46
23152,23152,Excise Duty,92571.17
23153,23153,Customs Duty,5445.01
23154,23154,Export Duty,82.69
23155,23155,VAT,1016.91
23156,23156,VAT,27717.79
23157,23157,Service Tax,26335.78
23158,23158,Import Duty,28092.97
23159,23159,VAT,64185.99
23160,23160,Customs Duty,189.23
23161,23161,Import Duty,12365.96
23162,23162,Customs Duty,5485.02
23163,23163,Import Duty,64952.0
23164,23164,Customs Duty,1253.83
23165,23165,VAT,3657.15
23166,23166,Export Duty,1174.77
23167,23167,Import Duty,34299.38
23168,23168,VAT,274.69
23169,23169,VAT,381.55
23170,23170,VAT,5201.57
23171,23171,VAT,13302.07
23172,23172,VAT,2477.61
23173,23173,VAT,111.94
23174,23174,Excise Duty,358.03
23175,23175,Customs Duty,17402.72
23176,23176,Customs Duty,4657.11
23177,23177,Customs Duty,175339.21
23178,23178,VAT,135679.99
23179,23179,Service Tax,43.53
23180,23180,Import Duty,1679.74
23181,23181,Import Duty,244506.42
23182,23182,Import Duty,830.95
23183,23183,Customs Duty,844.71
23184,23184,VAT,26857.56
23185,23185,VAT,7859.11
23186,23186,Export Duty,17501.98
23187,23187,Service Tax,319.92
23188,23188,VAT,893.6
23189,23189,Service Tax,234.46
23190,23190,VAT,402.09
23191,23191,Import Duty,4310.59
23192,23192,VAT,12448.48
23193,23193,Import Duty,5322.05
23194,23194,VAT,1089.33
23195,23195,Import Duty,131.56
23196,23196,Excise Duty,1510.63
23197,23197,Export Duty,4735.53
23198,23198,Customs Duty,11758.29
23199,23199,Excise Duty,107.63
23200,23200,VAT,163673.74
23201,23201,VAT,2012.73
23202,23202,VAT,3432.17
23203,23203,Service Tax,14766.49
23204,23204,VAT,473.44
23205,23205,Import Duty,6870.56
23206,23206,Import Duty,41856.25
23207,23207,Service Tax,112.09
23208,23208,Service Tax,780.48
23209,23209,Customs Duty,19094.49
23210,23210,Customs Duty,10885.82
23211,23211,Customs Duty,9350.6
23212,23212,Import Duty,46935.77
23213,23213,VAT,63188.4
23214,23214,Import Duty,210665.63
23215,23215,VAT,68436.25
23216,23216,VAT,87777.67
23217,23217,Import Duty,531.0
23218,23218,VAT,255931.15
23219,23219,Customs Duty,6911.4
23220,23220,Service Tax,1215.2
23221,23221,VAT,45694.63
23222,23222,Customs Duty,1796.22
23223,23223,Import Duty,20812.02
23224,23224,VAT,5139.14
23225,23225,Import Duty,328.22
23226,23226,Export Duty,13692.67
23227,23227,Customs Duty,120251.3
23228,23228,Export Duty,658.17
23229,23229,Export Duty,146.97
23230,23230,VAT,9543.11
23231,23231,Customs Duty,519.25
23232,23232,VAT,246540.53
23233,23233,Customs Duty,27154.34
23234,23234,Customs Duty,107775.56
23235,23235,Customs Duty,621.44
23236,23236,Service Tax,3418.93
23237,23237,Export Duty,41627.16
23238,23238,VAT,15232.07
23239,23239,Customs Duty,287.58
23240,23240,VAT,103551.33
23241,23241,Excise Duty,1198.37
23242,23242,Customs Duty,2038.56
23243,23243,VAT,571.06
23244,23244,Excise Duty,445.43
23245,23245,Import Duty,884.51
23246,23246,VAT,32152.87
23247,23247,Export Duty,114535.34
23248,23248,Customs Duty,16839.69
23249,23249,VAT,1855.4
23250,23250,Import Duty,9865.65
23251,23251,Import Duty,950.12
23252,23252,VAT,62455.37
23253,23253,Import Duty,9260.0
23254,23254,Customs Duty,6722.9
23255,23255,Excise Duty,11514.04
23256,23256,Customs Duty,166413.07
23257,23257,VAT,4761.52
23258,23258,Customs Duty,484.07
23259,23259,Export Duty,73.24
23260,23260,VAT,20762.02
23261,23261,Customs Duty,43662.42
23262,23262,Import Duty,3069.85
23263,23263,Excise Duty,2753.27
23264,23264,Excise Duty,3805.68
23265,23265,Customs Duty,1484.33
23266,23266,Customs Duty,2215.46
23267,23267,VAT,122844.19
23268,23268,VAT,993.94
23269,23269,Import Duty,99272.4
23270,23270,VAT,1232.35
23271,23271,Customs Duty,264.99
23272,23272,Customs Duty,353.11
23273,23273,Customs Duty,687.28
23274,23274,Export Duty,35791.98
23275,23275,Import Duty,22135.05
23276,23276,Import Duty,934.58
23277,23277,Import Duty,7480.97
23278,23278,Import Duty,19139.9
23279,23279,VAT,1720.06
23280,23280,Import Duty,1187.31
23281,23281,VAT,220378.53
23282,23282,Export Duty,139264.33
23283,23283,Import Duty,714.56
23284,23284,Service Tax,66842.8
23285,23285,Excise Duty,51076.15
23286,23286,Import Duty,9334.93
23287,23287,VAT,13218.69
23288,23288,Customs Duty,17830.35
23289,23289,Export Duty,17383.26
23290,23290,Service Tax,18.87
23291,23291,Import Duty,23218.23
23292,23292,VAT,12453.96
23293,23293,Export Duty,12880.73
23294,23294,Export Duty,4462.16
23295,23295,Export Duty,6236.05
23296,23296,Service Tax,57722.39
23297,23297,Excise Duty,1277.55
23298,23298,VAT,62494.01
23299,23299,Customs Duty,240.62
23300,23300,Import Duty,724.28
23301,23301,VAT,107697.81
23302,23302,VAT,20050.49
23303,23303,VAT,18012.25
23304,23304,Customs Duty,9456.59
23305,23305,Customs Duty,15133.77
23306,23306,Import Duty,4618.71
23307,23307,Customs Duty,11300.5
23308,23308,Customs Duty,5387.8
23309,23309,Import Duty,7762.66
23310,23310,Customs Duty,46839.54
23311,23311,Customs Duty,1061.61
23312,23312,Export Duty,7881.66
23313,23313,Customs Duty,14371.31
23314,23314,Import Duty,4304.28
23315,23315,Customs Duty,182.17
23316,23316,Import Duty,598.43
23317,23317,Export Duty,11504.44
23318,23318,Export Duty,8868.81
23319,23319,Customs Duty,502.2
23320,23320,VAT,47259.84
23321,23321,Import Duty,293616.22
23322,23322,Customs Duty,6530.18
23323,23323,Excise Duty,1690.07
23324,23324,VAT,73978.72
23325,23325,Excise Duty,6889.73
23326,23326,Import Duty,39270.53
23327,23327,Customs Duty,55007.41
23328,23328,Import Duty,38901.06
23329,23329,Customs Duty,148148.74
23330,23330,Import Duty,304710.88
23331,23331,Customs Duty,19161.39
23332,23332,Service Tax,79.49
23333,23333,Customs Duty,12990.9
23334,23334,Import Duty,18786.53
23335,23335,Service Tax,345.89
23336,23336,Service Tax,196.11
23337,23337,Customs Duty,464.94
23338,23338,VAT,56712.77
23339,23339,VAT,1558.55
23340,23340,Import Duty,13446.18
23341,23341,Import Duty,5866.68
23342,23342,Import Duty,1614.16
23343,23343,Import Duty,25139.91
23344,23344,VAT,1152.55
23345,23345,VAT,17586.71
23346,23346,VAT,7289.21
23347,23347,Customs Duty,81133.55
23348,23348,Excise Duty,1526.63
23349,23349,VAT,227471.66
23350,23350,Import Duty,190582.49
23351,23351,VAT,6810.85
23352,23352,Import Duty,2300.91
23353,23353,Import Duty,38652.69
23354,23354,Export Duty,17229.52
23355,23355,Export Duty,512.15
23356,23356,VAT,275.43
23357,23357,Customs Duty,5781.12
23358,23358,Export Duty,6344.54
23359,23359,Import Duty,2922.13
23360,23360,Import Duty,8947.74
23361,23361,Customs Duty,1486.89
23362,23362,VAT,22428.34
23363,23363,VAT,36730.19
23364,23364,VAT,28076.29
23365,23365,VAT,5208.87
23366,23366,Excise Duty,7147.19
23367,23367,VAT,1479.19
23368,23368,Excise Duty,86641.34
23369,23369,Export Duty,55197.81
23370,23370,VAT,84414.09
23371,23371,Service Tax,20949.68
23372,23372,VAT,9897.74
23373,23373,VAT,167.98
23374,23374,VAT,58.86
23375,23375,Service Tax,7054.13
23376,23376,Customs Duty,5831.88
23377,23377,Customs Duty,274.45
23378,23378,Customs Duty,3506.88
23379,23379,Customs Duty,3505.29
23380,23380,Import Duty,36473.29
23381,23381,VAT,5709.04
23382,23382,Service Tax,14867.19
23383,23383,VAT,27818.19
23384,23384,Export Duty,85411.94
23385,23385,VAT,615.94
23386,23386,Excise Duty,832.6
23387,23387,VAT,571.09
23388,23388,Customs Duty,6795.36
23389,23389,Customs Duty,4658.82
23390,23390,Customs Duty,50711.91
23391,23391,Import Duty,246492.61
23392,23392,Export Duty,12434.12
23393,23393,Customs Duty,15609.9
23394,23394,Import Duty,255414.55
23395,23395,VAT,148154.21
23396,23396,Import Duty,34007.61
23397,23397,VAT,1466.16
23398,23398,Customs Duty,3093.44
23399,23399,Export Duty,12285.96
23400,23400,Import Duty,2369.36
23401,23401,Service Tax,12796.91
23402,23402,Import Duty,12797.85
23403,23403,Import Duty,12178.87
23404,23404,Customs Duty,1146.17
23405,23405,Import Duty,11879.07
23406,23406,Export Duty,92573.31
23407,23407,Import Duty,5839.1
23408,23408,Export Duty,58064.56
23409,23409,VAT,512.3
23410,23410,VAT,2354.4
23411,23411,Excise Duty,1562.89
23412,23412,VAT,4933.47
23413,23413,Customs Duty,10986.16
23414,23414,Import Duty,765.87
23415,23415,VAT,21880.41
23416,23416,Customs Duty,4787.18
23417,23417,VAT,31931.18
23418,23418,Import Duty,28135.33
23419,23419,Excise Duty,27307.33
23420,23420,Import Duty,19042.67
23421,23421,Service Tax,1223.53
23422,23422,Import Duty,671.18
23423,23423,VAT,37868.55
23424,23424,Customs Duty,783.95
23425,23425,Import Duty,13443.93
23426,23426,VAT,42937.15
23427,23427,VAT,52966.85
23428,23428,Customs Duty,45938.74
23429,23429,Import Duty,9154.14
23430,23430,Customs Duty,14819.04
23431,23431,VAT,1192.72
23432,23432,Service Tax,357.82
23433,23433,Import Duty,1565.85
23434,23434,Service Tax,34.86
23435,23435,Excise Duty,592.43
23436,23436,VAT,427.43
23437,23437,Excise Duty,72587.14
23438,23438,Customs Duty,6919.72
23439,23439,Import Duty,141901.81
23440,23440,Export Duty,434.63
23441,23441,Customs Duty,1175.61
23442,23442,Import Duty,164651.32
23443,23443,VAT,45493.94
23444,23444,Import Duty,42995.67
23445,23445,Import Duty,3405.95
23446,23446,Customs Duty,93593.41
23447,23447,Customs Duty,314.54
23448,23448,Import Duty,2299.69
23449,23449,Customs Duty,2433.31
23450,23450,Customs Duty,28987.46
23451,23451,Customs Duty,10281.64
23452,23452,Customs Duty,4653.5
23453,23453,VAT,211134.32
23454,23454,Import Duty,10486.02
23455,23455,Import Duty,1185.4
23456,23456,Export Duty,45472.37
23457,23457,Customs Duty,316.04
23458,23458,VAT,5786.58
23459,23459,Import Duty,13789.94
23460,23460,Excise Duty,1979.42
23461,23461,Import Duty,2121.12
23462,23462,Import Duty,2003.96
23463,23463,Export Duty,63109.18
23464,23464,Customs Duty,19499.62
23465,23465,VAT,190903.08
23466,23466,Customs Duty,19368.99
23467,23467,Excise Duty,128.01
23468,23468,VAT,3288.4
23469,23469,Customs Duty,957.46
23470,23470,Excise Duty,374.8
23471,23471,Export Duty,7337.34
23472,23472,Import Duty,74897.81
23473,23473,Import Duty,7741.12
23474,23474,Excise Duty,3524.89
23475,23475,Import Duty,26095.86
23476,23476,Customs Duty,2211.35
23477,23477,Import Duty,107218.36
23478,23478,Customs Duty,181.19
23479,23479,VAT,93210.17
23480,23480,Import Duty,144669.68
23481,23481,Service Tax,3955.34
23482,23482,VAT,5083.94
23483,23483,Customs Duty,740.57
23484,23484,Import Duty,26285.6
23485,23485,Excise Duty,1144.18
23486,23486,Export Duty,1273.17
23487,23487,Export Duty,43389.9
23488,23488,VAT,2271.23
23489,23489,Import Duty,78991.54
23490,23490,Export Duty,202.52
23491,23491,Export Duty,66554.51
23492,23492,VAT,1865.77
23493,23493,VAT,108486.16
23494,23494,Service Tax,28451.92
23495,23495,Service Tax,11376.41
23496,23496,VAT,19809.53
23497,23497,Service Tax,28229.47
23498,23498,Excise Duty,12041.2
23499,23499,Customs Duty,1730.13
23500,23500,Customs Duty,969.79
23501,23501,Export Duty,85643.82
23502,23502,Customs Duty,15516.24
23503,23503,Customs Duty,78103.89
23504,23504,Import Duty,307016.22
23505,23505,Excise Duty,15355.47
23506,23506,Customs Duty,9742.09
23507,23507,Service Tax,30102.92
23508,23508,Customs Duty,6905.87
23509,23509,Customs Duty,7898.42
23510,23510,Import Duty,12682.44
23511,23511,Customs Duty,9976.93
23512,23512,Customs Duty,847.04
23513,23513,Service Tax,657.47
23514,23514,Customs Duty,566.03
23515,23515,Import Duty,582.83
23516,23516,Import Duty,19677.57
23517,23517,Customs Duty,500.73
23518,23518,Service Tax,29543.69
23519,23519,VAT,33996.86
23520,23520,VAT,180047.01
23521,23521,Customs Duty,1626.49
23522,23522,Excise Duty,11739.39
23523,23523,Excise Duty,35711.53
23524,23524,Excise Duty,4294.8
23525,23525,VAT,18765.04
23526,23526,Customs Duty,255405.61
23527,23527,Customs Duty,134936.7
23528,23528,Excise Duty,5294.96
23529,23529,Customs Duty,99487.24
23530,23530,Service Tax,22602.23
23531,23531,Customs Duty,32.78
23532,23532,Customs Duty,113185.37
23533,23533,VAT,3612.15
23534,23534,Customs Duty,48655.88
23535,23535,Import Duty,639.8
23536,23536,Import Duty,1586.23
23537,23537,Import Duty,265795.87
23538,23538,Customs Duty,17352.99
23539,23539,Import Duty,1496.49
23540,23540,VAT,149264.8
23541,23541,Customs Duty,11112.22
23542,23542,Export Duty,1334.04
23543,23543,Import Duty,12936.51
23544,23544,Export Duty,1872.85
23545,23545,Import Duty,159.44
23546,23546,Customs Duty,6959.49
23547,23547,Import Duty,834.33
23548,23548,Import Duty,103748.13
23549,23549,Customs Duty,92101.97
23550,23550,Excise Duty,430.14
23551,23551,Export Duty,94311.69
23552,23552,Excise Duty,71.32
23553,23553,VAT,15943.21
23554,23554,VAT,2128.11
23555,23555,VAT,153453.71
23556,23556,VAT,28092.53
23557,23557,Export Duty,34922.5
23558,23558,Customs Duty,14050.35
23559,23559,Excise Duty,71862.87
23560,23560,VAT,569.81
23561,23561,Import Duty,1034.15
23562,23562,VAT,18342.35
23563,23563,Excise Duty,141.68
23564,23564,Export Duty,13907.37
23565,23565,VAT,4874.95
23566,23566,Import Duty,2272.02
23567,23567,Customs Duty,1164.95
23568,23568,Customs Duty,15329.38
23569,23569,Customs Duty,5395.86
23570,23570,Customs Duty,4952.41
23571,23571,VAT,22140.27
23572,23572,VAT,839.45
23573,23573,Customs Duty,147233.21
23574,23574,VAT,13497.28
23575,23575,Customs Duty,10822.01
23576,23576,Import Duty,63040.59
23577,23577,VAT,129914.68
23578,23578,Customs Duty,46129.82
23579,23579,VAT,31279.32
23580,23580,Customs Duty,217791.45
23581,23581,Service Tax,19274.32
23582,23582,VAT,83384.3
23583,23583,Customs Duty,1151.82
23584,23584,Excise Duty,79854.76
23585,23585,Export Duty,575.99
23586,23586,Customs Duty,59587.36
23587,23587,Customs Duty,29164.0
23588,23588,Service Tax,4710.07
23589,23589,Customs Duty,21211.87
23590,23590,Customs Duty,7439.07
23591,23591,Customs Duty,713.62
23592,23592,Customs Duty,1311.5
23593,23593,Customs Duty,93322.84
23594,23594,Service Tax,2160.12
23595,23595,VAT,2137.28
23596,23596,Service Tax,86854.26
23597,23597,Export Duty,64.81
23598,23598,Excise Duty,34406.18
23599,23599,Customs Duty,902.54
23600,23600,Service Tax,3385.12
23601,23601,Customs Duty,38017.8
23602,23602,Import Duty,124873.6
23603,23603,VAT,269819.98
23604,23604,Customs Duty,52418.31
23605,23605,VAT,9214.57
23606,23606,Export Duty,13973.0
23607,23607,Import Duty,1979.96
23608,23608,Customs Duty,2253.64
23609,23609,Excise Duty,124670.95
23610,23610,Customs Duty,79646.32
23611,23611,Customs Duty,18851.1
23612,23612,Export Duty,62317.08
23613,23613,Export Duty,84162.33
23614,23614,Import Duty,58662.44
23615,23615,Import Duty,19059.6
23616,23616,Service Tax,57132.76
23617,23617,VAT,17488.58
23618,23618,Customs Duty,86683.6
23619,23619,Customs Duty,90195.36
23620,23620,Export Duty,53627.13
23621,23621,Service Tax,8696.62
23622,23622,Import Duty,1363.15
23623,23623,Customs Duty,2578.63
23624,23624,Import Duty,442774.61
23625,23625,Import Duty,23049.4
23626,23626,VAT,10406.36
23627,23627,Import Duty,20739.34
23628,23628,Import Duty,71902.26
23629,23629,Import Duty,35666.26
23630,23630,Import Duty,8524.12
23631,23631,Import Duty,1289.94
23632,23632,Service Tax,71073.41
23633,23633,Import Duty,25492.92
23634,23634,VAT,7604.61
23635,23635,Customs Duty,275240.35
23636,23636,Customs Duty,380.66
23637,23637,VAT,310434.77
23638,23638,Excise Duty,85635.48
23639,23639,Customs Duty,44450.27
23640,23640,Import Duty,297170.47
23641,23641,Import Duty,32579.65
23642,23642,Import Duty,12614.28
23643,23643,Import Duty,1074.06
23644,23644,Service Tax,544.33
23645,23645,Import Duty,1705.18
23646,23646,VAT,118.13
23647,23647,Customs Duty,7965.19
23648,23648,VAT,13776.44
23649,23649,Excise Duty,10313.73
23650,23650,VAT,35280.4
23651,23651,Export Duty,90705.19
23652,23652,Import Duty,330.3
23653,23653,Customs Duty,1451.35
23654,23654,Customs Duty,248.47
23655,23655,Excise Duty,62384.73
23656,23656,VAT,59381.28
23657,23657,VAT,183595.78
23658,23658,Customs Duty,1143.59
23659,23659,Customs Duty,1186.26
23660,23660,Excise Duty,449.87
23661,23661,Excise Duty,1037.96
23662,23662,VAT,36102.24
23663,23663,Customs Duty,367.45
23664,23664,Service Tax,332.93
23665,23665,VAT,705.74
23666,23666,Customs Duty,7804.78
23667,23667,VAT,2399.92
23668,23668,Customs Duty,525.39
23669,23669,Customs Duty,9459.23
23670,23670,VAT,108434.02
23671,23671,Excise Duty,26146.42
23672,23672,Customs Duty,506.35
23673,23673,Import Duty,2599.27
23674,23674,Import Duty,12235.17
23675,23675,VAT,90048.6
23676,23676,Import Duty,2382.97
23677,23677,VAT,3099.49
23678,23678,Export Duty,151.66
23679,23679,Customs Duty,174860.55
23680,23680,Service Tax,874.49
23681,23681,Customs Duty,3831.74
23682,23682,Customs Duty,129278.45
23683,23683,Customs Duty,363.29
23684,23684,Export Duty,5054.16
23685,23685,Customs Duty,44221.13
23686,23686,Excise Duty,1410.13
23687,23687,VAT,285.06
23688,23688,VAT,33334.05
23689,23689,Customs Duty,8056.77
23690,23690,Customs Duty,133131.27
23691,23691,Excise Duty,1097.79
23692,23692,VAT,82989.95
23693,23693,VAT,50542.28
23694,23694,VAT,171121.08
23695,23695,Export Duty,1202.8
23696,23696,Customs Duty,12336.23
23697,23697,Export Duty,4673.16
23698,23698,Import Duty,264543.06
23699,23699,VAT,180.06
23700,23700,Export Duty,681.45
23701,23701,Customs Duty,109103.64
23702,23702,Export Duty,100113.93
23703,23703,Customs Duty,22217.95
23704,23704,Customs Duty,2094.67
23705,23705,Service Tax,161.93
23706,23706,VAT,113.76
23707,23707,Export Duty,10471.56
23708,23708,Customs Duty,93923.26
23709,23709,Service Tax,29980.52
23710,23710,Import Duty,210419.28
23711,23711,Excise Duty,4903.74
23712,23712,Customs Duty,528.31
23713,23713,Customs Duty,9964.09
23714,23714,Customs Duty,8141.56
23715,23715,Import Duty,103412.52
23716,23716,Customs Duty,712.3
23717,23717,Customs Duty,2969.36
23718,23718,Export Duty,165.12
23719,23719,VAT,47502.74
23720,23720,Customs Duty,7273.68
23721,23721,Customs Duty,327.39
23722,23722,VAT,2823.03
23723,23723,Customs Duty,21308.25
23724,23724,Service Tax,872.3
23725,23725,Import Duty,209798.31
23726,23726,VAT,2162.86
23727,23727,Customs Duty,40447.09
23728,23728,Import Duty,370506.88
23729,23729,VAT,97435.98
23730,23730,Service Tax,8026.01
23731,23731,Excise Duty,88.46
23732,23732,Excise Duty,1011.84
23733,23733,Customs Duty,99474.33
23734,23734,VAT,747.93
23735,23735,Customs Duty,7046.96
23736,23736,Customs Duty,45885.47
23737,23737,Customs Duty,4742.2
23738,23738,Export Duty,1904.38
23739,23739,VAT,2898.23
23740,23740,Excise Duty,2136.05
23741,23741,VAT,72716.01
23742,23742,Import Duty,18708.01
23743,23743,Excise Duty,268.79
23744,23744,Excise Duty,9497.2
23745,23745,Service Tax,18723.04
23746,23746,Service Tax,2340.18
23747,23747,VAT,251090.19
23748,23748,Import Duty,1428.73
23749,23749,Customs Duty,19292.82
23750,23750,Export Duty,7980.05
23751,23751,Customs Duty,46872.56
23752,23752,VAT,14863.83
23753,23753,Customs Duty,175137.23
23754,23754,Customs Duty,14913.44
23755,23755,VAT,852.61
23756,23756,Import Duty,5955.79
23757,23757,Import Duty,4178.78
23758,23758,VAT,15546.77
23759,23759,Customs Duty,1555.34
23760,23760,VAT,331992.02
23761,23761,VAT,881.16
23762,23762,VAT,6577.82
23763,23763,VAT,13337.4
23764,23764,Customs Duty,8070.75
23765,23765,VAT,247812.35
23766,23766,VAT,128580.62
23767,23767,VAT,14452.6
23768,23768,VAT,33420.17
23769,23769,VAT,12449.1
23770,23770,VAT,77257.22
23771,23771,Customs Duty,4616.83
23772,23772,Customs Duty,18709.85
23773,23773,Service Tax,3549.96
23774,23774,Customs Duty,7902.2
23775,23775,Excise Duty,14837.0
23776,23776,Customs Duty,6137.48
23777,23777,Import Duty,1944.55
23778,23778,Import Duty,10026.98
23779,23779,Customs Duty,767.11
23780,23780,Excise Duty,8882.23
23781,23781,Customs Duty,24685.92
23782,23782,Export Duty,6903.24
23783,23783,VAT,119716.59
23784,23784,Import Duty,1792.95
23785,23785,Customs Duty,1151.41
23786,23786,Import Duty,198513.57
23787,23787,Customs Duty,211644.59
23788,23788,Import Duty,2945.8
23789,23789,Import Duty,14378.03
23790,23790,VAT,204835.12
23791,23791,Customs Duty,8396.87
23792,23792,Excise Duty,3552.87
23793,23793,Excise Duty,672.83
23794,23794,Export Duty,2089.04
23795,23795,Import Duty,8290.86
23796,23796,VAT,202275.29
23797,23797,Import Duty,12110.47
23798,23798,Import Duty,18706.45
23799,23799,Customs Duty,78207.4
23800,23800,Customs Duty,4340.82
23801,23801,Customs Duty,780.55
23802,23802,Customs Duty,17673.48
23803,23803,Excise Duty,817.98
23804,23804,Service Tax,46207.71
23805,23805,VAT,20568.43
23806,23806,VAT,743.04
23807,23807,VAT,13297.52
23808,23808,Import Duty,2425.82
23809,23809,VAT,3164.85
23810,23810,Import Duty,210543.17
23811,23811,Import Duty,7072.83
23812,23812,VAT,238545.22
23813,23813,Customs Duty,314.39
23814,23814,Customs Duty,3844.25
23815,23815,Export Duty,485.19
23816,23816,Excise Duty,104654.68
23817,23817,VAT,244.93
23818,23818,VAT,1016.33
23819,23819,Import Duty,1012.68
23820,23820,Excise Duty,101707.03
23821,23821,Service Tax,75.41
23822,23822,Customs Duty,3482.77
23823,23823,Customs Duty,5605.64
23824,23824,Customs Duty,613.19
23825,23825,VAT,1237.56
23826,23826,Export Duty,124.7
23827,23827,Customs Duty,1129.76
23828,23828,Import Duty,102.48
23829,23829,Customs Duty,1871.54
23830,23830,Import Duty,1381.58
23831,23831,VAT,17453.46
23832,23832,VAT,186416.48
23833,23833,Excise Duty,38158.42
23834,23834,Export Duty,918.04
23835,23835,Export Duty,53.27
23836,23836,Customs Duty,298.26
23837,23837,Customs Duty,6784.33
23838,23838,Customs Duty,551.52
23839,23839,Export Duty,9777.79
23840,23840,VAT,3546.78
23841,23841,Import Duty,184976.95
23842,23842,Customs Duty,7189.79
23843,23843,Export Duty,325.05
23844,23844,Customs Duty,28725.51
23845,23845,Excise Duty,5018.47
23846,23846,VAT,236271.53
23847,23847,VAT,999.57
23848,23848,VAT,19779.07
23849,23849,Service Tax,30796.37
23850,23850,Service Tax,44434.54
23851,23851,VAT,476.51
23852,23852,Customs Duty,28006.36
23853,23853,Export Duty,61366.53
23854,23854,Excise Duty,170.46
23855,23855,Customs Duty,84131.03
23856,23856,VAT,3628.46
23857,23857,VAT,309.75
23858,23858,VAT,133609.41
23859,23859,Import Duty,591.59
23860,23860,VAT,1175.54
23861,23861,VAT,87022.51
23862,23862,Customs Duty,1638.67
23863,23863,Customs Duty,212218.7
23864,23864,VAT,14947.33
23865,23865,Customs Duty,830.59
23866,23866,Customs Duty,37483.98
23867,23867,VAT,6170.95
23868,23868,Import Duty,17262.49
23869,23869,Customs Duty,121947.33
23870,23870,Excise Duty,487.95
23871,23871,Export Duty,124.89
23872,23872,Import Duty,6226.99
23873,23873,Customs Duty,18064.47
23874,23874,Customs Duty,14742.03
23875,23875,VAT,1666.15
23876,23876,VAT,145070.78
23877,23877,Customs Duty,101220.76
23878,23878,Export Duty,8031.49
23879,23879,Import Duty,68423.74
23880,23880,Export Duty,6449.21
23881,23881,Customs Duty,4209.84
23882,23882,Customs Duty,71452.13
23883,23883,Export Duty,4699.74
23884,23884,Customs Duty,79495.57
23885,23885,Excise Duty,5707.18
23886,23886,Export Duty,301.04
23887,23887,Export Duty,43629.92
23888,23888,Customs Duty,4642.14
23889,23889,Customs Duty,638.99
23890,23890,Import Duty,327125.24
23891,23891,Excise Duty,214.37
23892,23892,Customs Duty,6524.56
23893,23893,VAT,2855.3
23894,23894,Customs Duty,159771.47
23895,23895,Customs Duty,18372.73
23896,23896,Customs Duty,1224.9
23897,23897,Excise Duty,8095.11
23898,23898,Customs Duty,1587.67
23899,23899,Customs Duty,328.15
23900,23900,VAT,1459.24
23901,23901,Excise Duty,11759.13
23902,23902,Customs Duty,7463.17
23903,23903,VAT,1232.98
23904,23904,Customs Duty,6698.87
23905,23905,Import Duty,8310.07
23906,23906,Export Duty,44876.96
23907,23907,VAT,692.35
23908,23908,Customs Duty,1953.99
23909,23909,VAT,5109.52
23910,23910,Customs Duty,86638.77
23911,23911,VAT,211489.32
23912,23912,Import Duty,4496.41
23913,23913,VAT,1111.27
23914,23914,Customs Duty,7850.43
23915,23915,Import Duty,417.19
23916,23916,Customs Duty,233.98
23917,23917,Customs Duty,957.35
23918,23918,Customs Duty,915.51
23919,23919,Import Duty,25172.49
23920,23920,Customs Duty,142378.38
23921,23921,Service Tax,120.22
23922,23922,Import Duty,275266.29
23923,23923,Customs Duty,156504.62
23924,23924,Customs Duty,5802.76
23925,23925,Customs Duty,134121.61
23926,23926,VAT,587.67
23927,23927,Export Duty,399.56
23928,23928,Customs Duty,246137.87
23929,23929,VAT,63254.02
23930,23930,Import Duty,2593.47
23931,23931,VAT,17173.27
23932,23932,Customs Duty,3356.42
23933,23933,Customs Duty,618.06
23934,23934,Import Duty,149182.87
23935,23935,Export Duty,854.91
23936,23936,Excise Duty,7104.44
23937,23937,Customs Duty,91547.88
23938,23938,Customs Duty,1430.33
23939,23939,Service Tax,89479.61
23940,23940,VAT,5201.15
23941,23941,Customs Duty,108.4
23942,23942,Import Duty,6147.06
23943,23943,Import Duty,529.83
23944,23944,VAT,128079.7
23945,23945,Customs Duty,10986.91
23946,23946,Import Duty,59168.96
23947,23947,Import Duty,18461.83
23948,23948,Export Duty,802.41
23949,23949,VAT,165.99
23950,23950,Import Duty,452576.16
23951,23951,Customs Duty,17321.11
23952,23952,Excise Duty,8131.07
23953,23953,Export Duty,15378.59
23954,23954,Excise Duty,21637.74
23955,23955,Customs Duty,32967.59
23956,23956,Service Tax,35301.92
23957,23957,Import Duty,1852.26
23958,23958,VAT,10218.16
23959,23959,VAT,85253.89
23960,23960,VAT,41.0
23961,23961,Customs Duty,8184.63
23962,23962,Customs Duty,1009.8
23963,23963,Customs Duty,635.83
23964,23964,Customs Duty,256.43
23965,23965,VAT,597.12
23966,23966,VAT,53005.31
23967,23967,Service Tax,462.76
23968,23968,VAT,3812.33
23969,23969,Export Duty,4154.34
23970,23970,Import Duty,1176.48
23971,23971,VAT,28136.62
23972,23972,VAT,148874.94
23973,23973,Customs Duty,918.95
23974,23974,Customs Duty,27343.56
23975,23975,Service Tax,23749.45
23976,23976,VAT,16745.99
23977,23977,Customs Duty,1992.34
23978,23978,Customs Duty,306.51
23979,23979,Service Tax,9104.11
23980,23980,Customs Duty,241785.1
23981,23981,VAT,7364.97
23982,23982,Export Duty,54782.08
23983,23983,VAT,19378.76
23984,23984,Service Tax,539.29
23985,23985,Excise Duty,2209.95
23986,23986,VAT,210677.89
23987,23987,Excise Duty,85535.73
23988,23988,Service Tax,322.65
23989,23989,VAT,54383.78
23990,23990,Service Tax,48208.63
23991,23991,Import Duty,1947.65
23992,23992,Import Duty,2155.09
23993,23993,VAT,186528.52
23994,23994,VAT,23673.33
23995,23995,Customs Duty,101449.89
23996,23996,Import Duty,23995.29
23997,23997,Import Duty,1499.7
23998,23998,Service Tax,8456.45
23999,23999,VAT,2469.41
24000,24000,Export Duty,367.11
24001,24001,Import Duty,2335.69
24002,24002,Export Duty,403.76
24003,24003,Customs Duty,246.09
24004,24004,VAT,5057.23
24005,24005,Service Tax,68568.01
24006,24006,Export Duty,3388.74
24007,24007,Export Duty,29409.03
24008,24008,Customs Duty,164.37
24009,24009,VAT,43619.82
24010,24010,VAT,225397.97
24011,24011,Import Duty,171142.51
24012,24012,Excise Duty,5697.72
24013,24013,Customs Duty,109570.27
24014,24014,Export Duty,13808.9
24015,24015,Service Tax,17304.61
24016,24016,Customs Duty,53548.85
24017,24017,Excise Duty,3299.22
24018,24018,Import Duty,1065.23
24019,24019,VAT,1437.16
24020,24020,VAT,9449.91
24021,24021,Export Duty,7469.91
24022,24022,Customs Duty,2554.12
24023,24023,Customs Duty,4373.73
24024,24024,VAT,296.22
24025,24025,Customs Duty,5274.43
24026,24026,Import Duty,22254.61
24027,24027,Customs Duty,877.15
24028,24028,Customs Duty,17698.49
24029,24029,Export Duty,606.56
24030,24030,Import Duty,8046.89
24031,24031,VAT,937.19
24032,24032,VAT,309.54
24033,24033,VAT,123651.32
24034,24034,Import Duty,14061.65
24035,24035,Export Duty,70184.91
24036,24036,VAT,133524.83
24037,24037,Customs Duty,34425.12
24038,24038,Import Duty,5823.46
24039,24039,Customs Duty,327.02
24040,24040,Customs Duty,1080.72
24041,24041,Export Duty,5984.66
24042,24042,Export Duty,747.32
24043,24043,VAT,2038.74
24044,24044,Import Duty,9221.19
24045,24045,Export Duty,617.85
24046,24046,Import Duty,259704.99
24047,24047,Import Duty,2432.15
24048,24048,Service Tax,3788.13
24049,24049,VAT,18767.3
24050,24050,VAT,71880.07
24051,24051,Customs Duty,6896.12
24052,24052,Customs Duty,13552.84
24053,24053,Import Duty,8707.14
24054,24054,Export Duty,27952.3
24055,24055,Export Duty,18502.49
24056,24056,Service Tax,8581.79
24057,24057,VAT,22211.97
24058,24058,VAT,1790.33
24059,24059,Excise Duty,15231.93
24060,24060,Customs Duty,25622.76
24061,24061,VAT,2942.24
24062,24062,Customs Duty,73850.7
24063,24063,Customs Duty,17129.52
24064,24064,VAT,17721.3
24065,24065,Customs Duty,617.8
24066,24066,VAT,298480.45
24067,24067,Import Duty,2867.86
24068,24068,Service Tax,1481.92
24069,24069,VAT,66976.36
24070,24070,Customs Duty,5397.35
24071,24071,Excise Duty,740.57
24072,24072,VAT,210206.58
24073,24073,Import Duty,3500.11
24074,24074,VAT,109099.12
24075,24075,VAT,934.09
24076,24076,VAT,59344.47
24077,24077,Customs Duty,744.34
24078,24078,Service Tax,46511.72
24079,24079,Service Tax,854.13
24080,24080,VAT,8943.55
24081,24081,Excise Duty,55.66
24082,24082,Import Duty,1009.57
24083,24083,Excise Duty,1664.81
24084,24084,VAT,29088.47
24085,24085,Import Duty,1605.7
24086,24086,Export Duty,394.09
24087,24087,Export Duty,13085.18
24088,24088,Import Duty,546.87
24089,24089,VAT,145863.34
24090,24090,Import Duty,75606.19
24091,24091,Customs Duty,9136.92
24092,24092,Import Duty,498.17
24093,24093,Excise Duty,15617.07
24094,24094,Customs Duty,5869.05
24095,24095,Import Duty,1374.74
24096,24096,Import Duty,271.73
24097,24097,Service Tax,813.79
24098,24098,Excise Duty,33421.08
24099,24099,Export Duty,122522.87
24100,24100,Customs Duty,46.69
24101,24101,Export Duty,39871.48
24102,24102,Export Duty,448.9
24103,24103,Import Duty,154202.64
24104,24104,Service Tax,3451.8
24105,24105,Import Duty,44626.31
24106,24106,Service Tax,8132.74
24107,24107,Import Duty,5782.0
24108,24108,Import Duty,17869.91
24109,24109,Export Duty,94135.46
24110,24110,Customs Duty,219068.11
24111,24111,Service Tax,15633.51
24112,24112,Customs Duty,104607.79
24113,24113,Customs Duty,1005.29
24114,24114,VAT,17100.77
24115,24115,Customs Duty,531.43
24116,24116,Export Duty,713.67
24117,24117,Import Duty,9686.5
24118,24118,Export Duty,334.83
24119,24119,Import Duty,7627.83
24120,24120,VAT,97128.54
24121,24121,Customs Duty,1000.55
24122,24122,Export Duty,35211.92
24123,24123,Customs Duty,333.82
24124,24124,VAT,1781.83
24125,24125,Customs Duty,223.96
24126,24126,VAT,18203.36
24127,24127,Customs Duty,658.74
24128,24128,VAT,2746.37
24129,24129,Service Tax,18258.95
24130,24130,Service Tax,38339.47
24131,24131,Import Duty,753.72
24132,24132,Customs Duty,1309.21
24133,24133,Customs Duty,816.87
24134,24134,Service Tax,35691.67
24135,24135,Customs Duty,13316.15
24136,24136,Customs Duty,12143.58
24137,24137,VAT,48434.56
24138,24138,Export Duty,107094.6
24139,24139,VAT,17345.95
24140,24140,Customs Duty,34777.51
24141,24141,Excise Duty,56533.91
24142,24142,VAT,203.68
24143,24143,Import Duty,225190.75
24144,24144,Customs Duty,9345.01
24145,24145,Import Duty,25620.63
24146,24146,VAT,11952.89
24147,24147,Import Duty,42370.3
24148,24148,VAT,79680.48
24149,24149,VAT,2917.68
24150,24150,Customs Duty,653.53
24151,24151,Export Duty,68296.31
24152,24152,Export Duty,49535.67
24153,24153,Import Duty,286138.79
24154,24154,Export Duty,296.29
24155,24155,Customs Duty,16475.92
24156,24156,Excise Duty,3128.18
24157,24157,Excise Duty,1262.43
24158,24158,Export Duty,482.66
24159,24159,Excise Duty,6004.49
24160,24160,Import Duty,205564.23
24161,24161,Excise Duty,14247.59
24162,24162,Service Tax,4863.53
24163,24163,Customs Duty,3353.76
24164,24164,VAT,23011.48
24165,24165,Export Duty,351.69
24166,24166,Customs Duty,2580.25
24167,24167,Service Tax,966.59
24168,24168,Import Duty,3848.63
24169,24169,Export Duty,301.56
24170,24170,Import Duty,1934.52
24171,24171,Customs Duty,3462.33
24172,24172,Customs Duty,13648.96
24173,24173,Customs Duty,6371.31
24174,24174,Customs Duty,38168.44
24175,24175,Customs Duty,155269.42
24176,24176,Export Duty,337.84
24177,24177,Customs Duty,102.96
24178,24178,VAT,72543.94
24179,24179,VAT,24419.6
24180,24180,Customs Duty,299.91
24181,24181,Customs Duty,11148.67
24182,24182,Excise Duty,500.0
24183,24183,Customs Duty,21378.82
24184,24184,Import Duty,38691.23
24185,24185,Service Tax,251.83
24186,24186,Customs Duty,5798.38
24187,24187,Customs Duty,649.14
24188,24188,Customs Duty,4806.11
24189,24189,VAT,39.74
24190,24190,Import Duty,225589.45
24191,24191,VAT,16326.34
24192,24192,VAT,2881.75
24193,24193,Customs Duty,210909.51
24194,24194,Customs Duty,4647.31
24195,24195,Import Duty,2184.42
24196,24196,Customs Duty,19382.05
24197,24197,Customs Duty,5870.5
24198,24198,Import Duty,141908.51
24199,24199,Customs Duty,73795.37
24200,24200,Import Duty,3586.25
24201,24201,Import Duty,395.5
24202,24202,Export Duty,5102.52
24203,24203,VAT,587.85
24204,24204,VAT,639.32
24205,24205,Customs Duty,15350.68
24206,24206,Customs Duty,193762.64
24207,24207,Import Duty,1482.05
24208,24208,VAT,5927.37
24209,24209,Import Duty,1658.72
24210,24210,Service Tax,46053.98
24211,24211,Customs Duty,101956.29
24212,24212,Excise Duty,1000.07
24213,24213,Import Duty,6754.79
24214,24214,Customs Duty,22855.62
24215,24215,Customs Duty,14852.1
24216,24216,Export Duty,47851.9
24217,24217,Export Duty,238.0
24218,24218,Export Duty,604.1
24219,24219,Customs Duty,17979.28
24220,24220,Customs Duty,3301.79
24221,24221,Customs Duty,10931.05
24222,24222,Customs Duty,58039.32
24223,24223,VAT,24129.02
24224,24224,VAT,2151.58
24225,24225,Import Duty,5396.77
24226,24226,Import Duty,65458.63
24227,24227,Excise Duty,1398.84
24228,24228,Customs Duty,447.67
24229,24229,Export Duty,13433.6
24230,24230,VAT,3850.28
24231,24231,Customs Duty,7267.61
24232,24232,Import Duty,702.83
24233,24233,Export Duty,293.61
24234,24234,Export Duty,1167.28
24235,24235,Excise Duty,655.64
24236,24236,Customs Duty,2407.69
24237,24237,Import Duty,68461.85
24238,24238,Import Duty,877.21
24239,24239,Customs Duty,72832.89
24240,24240,Import Duty,8626.79
24241,24241,VAT,70301.6
24242,24242,Export Duty,20245.03
24243,24243,VAT,7418.07
24244,24244,Excise Duty,147616.46
24245,24245,Customs Duty,7180.62
24246,24246,VAT,3748.96
24247,24247,Import Duty,24808.87
24248,24248,Customs Duty,184751.25
24249,24249,Customs Duty,2646.13
24250,24250,Import Duty,2077.23
24251,24251,Excise Duty,13111.97
24252,24252,Customs Duty,60097.55
24253,24253,Excise Duty,1645.2
24254,24254,Customs Duty,6177.19
24255,24255,Export Duty,9172.01
24256,24256,Export Duty,197.84
24257,24257,Customs Duty,98735.37
24258,24258,Service Tax,97.34
24259,24259,Customs Duty,208.14
24260,24260,Import Duty,267694.41
24261,24261,Excise Duty,1770.37
24262,24262,Export Duty,46958.25
24263,24263,VAT,122607.72
24264,24264,Import Duty,252905.41
24265,24265,Excise Duty,726.08
24266,24266,VAT,270019.05
24267,24267,Export Duty,111195.63
24268,24268,Customs Duty,50707.64
24269,24269,Excise Duty,752.21
24270,24270,Customs Duty,8106.4
24271,24271,Excise Duty,3895.97
24272,24272,VAT,3005.97
24273,24273,Customs Duty,6078.08
24274,24274,VAT,1078.96
24275,24275,VAT,52729.91
24276,24276,Customs Duty,311.11
24277,24277,Excise Duty,33842.31
24278,24278,Customs Duty,2455.7
24279,24279,Customs Duty,18081.79
24280,24280,Customs Duty,5048.73
24281,24281,Service Tax,79781.38
24282,24282,Import Duty,1898.23
24283,24283,VAT,476.89
24284,24284,VAT,372.99
24285,24285,VAT,318493.07
24286,24286,Excise Duty,31.26
24287,24287,Import Duty,8246.02
24288,24288,VAT,22018.28
24289,24289,VAT,746.67
24290,24290,Customs Duty,59263.82
24291,24291,VAT,164127.22
24292,24292,VAT,1347.4
24293,24293,Customs Duty,152926.83
24294,24294,Service Tax,940.74
24295,24295,VAT,664.53
24296,24296,VAT,1042.58
24297,24297,Import Duty,370.57
24298,24298,Import Duty,899.95
24299,24299,Import Duty,27350.98
24300,24300,Customs Duty,1026.63
24301,24301,VAT,173744.48
24302,24302,Import Duty,641.84
24303,24303,Excise Duty,5072.39
24304,24304,Customs Duty,62957.91
24305,24305,Export Duty,13472.47
24306,24306,Excise Duty,1263.05
24307,24307,Service Tax,3223.82
24308,24308,Customs Duty,446.91
24309,24309,Customs Duty,128.44
24310,24310,Import Duty,1392.3
24311,24311,Import Duty,54860.0
24312,24312,Service Tax,25871.92
24313,24313,Export Duty,753.91
24314,24314,Import Duty,171303.18
24315,24315,Import Duty,302.92
24316,24316,Customs Duty,61723.85
24317,24317,Export Duty,31454.63
24318,24318,VAT,4151.81
24319,24319,Excise Duty,48699.86
24320,24320,Export Duty,703.62
24321,24321,Export Duty,2668.72
24322,24322,Service Tax,5145.94
24323,24323,VAT,1066.76
24324,24324,VAT,279.25
24325,24325,Export Duty,1394.83
24326,24326,VAT,136495.9
24327,24327,Service Tax,7400.71
24328,24328,Customs Duty,68441.8
24329,24329,Customs Duty,104074.53
24330,24330,Service Tax,1402.54
24331,24331,Import Duty,131729.66
24332,24332,Service Tax,106948.44
24333,24333,Customs Duty,129569.37
24334,24334,Customs Duty,3530.95
24335,24335,Export Duty,132540.01
24336,24336,Customs Duty,2079.15
24337,24337,Customs Duty,1766.63
24338,24338,VAT,125798.08
24339,24339,Customs Duty,147.41
24340,24340,Import Duty,3586.24
24341,24341,Customs Duty,31802.73
24342,24342,Customs Duty,4741.73
24343,24343,Customs Duty,842.58
24344,24344,Import Duty,8426.89
24345,24345,Excise Duty,1960.65
24346,24346,VAT,207162.0
24347,24347,VAT,17723.6
24348,24348,Import Duty,19575.11
24349,24349,Excise Duty,1488.81
24350,24350,VAT,3128.92
24351,24351,Customs Duty,261705.08
24352,24352,VAT,216588.05
24353,24353,Excise Duty,6937.9
24354,24354,Import Duty,6762.63
24355,24355,VAT,37818.96
24356,24356,VAT,2210.67
24357,24357,VAT,82205.7
24358,24358,VAT,4087.78
24359,24359,VAT,14593.48
24360,24360,Customs Duty,16932.03
24361,24361,VAT,11986.73
24362,24362,Service Tax,19101.99
24363,24363,VAT,5790.19
24364,24364,Export Duty,115.65
24365,24365,Customs Duty,27011.9
24366,24366,Customs Duty,636.12
24367,24367,Customs Duty,2441.07
24368,24368,Service Tax,10257.12
24369,24369,Customs Duty,881.65
24370,24370,VAT,9685.36
24371,24371,Export Duty,68512.38
24372,24372,Import Duty,254131.53
24373,24373,Customs Duty,122493.79
24374,24374,Import Duty,314869.91
24375,24375,Excise Duty,16234.91
24376,24376,Customs Duty,193267.74
24377,24377,Import Duty,6606.7
24378,24378,Import Duty,85185.45
24379,24379,Customs Duty,6034.88
24380,24380,Service Tax,5268.73
24381,24381,Import Duty,7983.81
24382,24382,Import Duty,1788.04
24383,24383,VAT,5515.71
24384,24384,Customs Duty,161012.28
24385,24385,Service Tax,6436.53
24386,24386,Import Duty,132478.16
24387,24387,Excise Duty,23118.78
24388,24388,Import Duty,40611.2
24389,24389,Export Duty,651.01
24390,24390,VAT,536.67
24391,24391,Import Duty,1360.7
24392,24392,VAT,559.91
24393,24393,Customs Duty,1704.18
24394,24394,Excise Duty,6085.61
24395,24395,Export Duty,510.66
24396,24396,Customs Duty,45949.23
24397,24397,Customs Duty,268.13
24398,24398,Customs Duty,199509.94
24399,24399,Customs Duty,1779.93
24400,24400,Customs Duty,40923.91
24401,24401,VAT,149428.63
24402,24402,VAT,128200.94
24403,24403,Customs Duty,2874.47
24404,24404,VAT,182671.47
24405,24405,Import Duty,462.67
24406,24406,Import Duty,21534.3
24407,24407,Service Tax,26444.08
24408,24408,VAT,4415.28
24409,24409,Customs Duty,217303.71
24410,24410,Customs Duty,1082.47
24411,24411,Excise Duty,18720.62
24412,24412,Excise Duty,10001.26
24413,24413,Excise Duty,73436.26
24414,24414,Customs Duty,2088.03
24415,24415,Export Duty,35130.72
24416,24416,Customs Duty,98.59
24417,24417,VAT,11137.17
24418,24418,Import Duty,1684.75
24419,24419,Export Duty,51393.41
24420,24420,Export Duty,626.44
24421,24421,Customs Duty,16393.09
24422,24422,Service Tax,525.0
24423,24423,VAT,253682.08
24424,24424,Customs Duty,127383.5
24425,24425,Import Duty,313.44
24426,24426,Customs Duty,224.41
24427,24427,Customs Duty,689.74
24428,24428,Customs Duty,180168.13
24429,24429,Customs Duty,36.24
24430,24430,Excise Duty,93.43
24431,24431,Excise Duty,116684.51
24432,24432,Service Tax,86030.7
24433,24433,VAT,2201.6
24434,24434,Export Duty,205.13
24435,24435,Service Tax,6007.75
24436,24436,Import Duty,18504.22
24437,24437,Import Duty,340.1
24438,24438,Customs Duty,38416.86
24439,24439,VAT,94252.34
24440,24440,Import Duty,81930.18
24441,24441,VAT,2303.05
24442,24442,Export Duty,8511.83
24443,24443,Customs Duty,904.01
24444,24444,Export Duty,7864.38
24445,24445,Import Duty,11530.22
24446,24446,Customs Duty,19735.09
24447,24447,VAT,1842.65
24448,24448,Import Duty,101646.23
24449,24449,Customs Duty,202.18
24450,24450,Customs Duty,19746.16
24451,24451,VAT,355.48
24452,24452,Customs Duty,89286.65
24453,24453,Customs Duty,349.74
24454,24454,VAT,3009.6
24455,24455,Service Tax,2004.24
24456,24456,Customs Duty,121688.54
24457,24457,VAT,691.13
24458,24458,Customs Duty,467.79
24459,24459,Import Duty,2575.61
24460,24460,Import Duty,4372.22
24461,24461,Customs Duty,1343.98
24462,24462,Import Duty,555.03
24463,24463,Customs Duty,3100.62
24464,24464,Excise Duty,403.84
24465,24465,Customs Duty,154012.75
24466,24466,VAT,9505.91
24467,24467,Customs Duty,158004.09
24468,24468,Import Duty,3643.15
24469,24469,VAT,8247.89
24470,24470,Service Tax,25918.75
24471,24471,Customs Duty,713.02
24472,24472,Customs Duty,1120.23
24473,24473,Import Duty,193.66
24474,24474,Customs Duty,234.55
24475,24475,Customs Duty,63864.61
24476,24476,Customs Duty,216493.78
24477,24477,Customs Duty,167.49
24478,24478,Import Duty,287773.89
24479,24479,Import Duty,28507.13
24480,24480,Import Duty,56663.28
24481,24481,Customs Duty,14629.58
24482,24482,Import Duty,1142.17
24483,24483,Import Duty,20454.55
24484,24484,Import Duty,110.46
24485,24485,Import Duty,1349.45
24486,24486,Customs Duty,3787.18
24487,24487,Customs Duty,23556.31
24488,24488,VAT,17924.01
24489,24489,Customs Duty,4759.8
24490,24490,Customs Duty,5305.74
24491,24491,Customs Duty,3871.77
24492,24492,Excise Duty,16699.98
24493,24493,Import Duty,132789.3
24494,24494,Customs Duty,291567.6
24495,24495,Excise Duty,545.78
24496,24496,Customs Duty,40576.22
24497,24497,Customs Duty,5638.84
24498,24498,Customs Duty,241.98
24499,24499,Customs Duty,22507.03
24500,24500,Customs Duty,220096.25
24501,24501,Service Tax,19483.08
24502,24502,Import Duty,1022.96
24503,24503,VAT,12389.91
24504,24504,Customs Duty,10665.8
24505,24505,Customs Duty,202692.81
24506,24506,VAT,264122.26
24507,24507,Import Duty,1027.75
24508,24508,VAT,37247.91
24509,24509,VAT,2100.98
24510,24510,Customs Duty,234028.99
24511,24511,Import Duty,142628.28
24512,24512,Export Duty,87.05
24513,24513,VAT,1619.44
24514,24514,Customs Duty,71423.5
24515,24515,VAT,1097.97
24516,24516,Import Duty,2035.79
24517,24517,Customs Duty,8546.96
24518,24518,Excise Duty,52743.69
24519,24519,Service Tax,1069.2
24520,24520,Import Duty,100058.14
24521,24521,Customs Duty,14681.82
24522,24522,Customs Duty,31269.39
24523,24523,Customs Duty,9014.92
24524,24524,Import Duty,2351.57
24525,24525,VAT,6248.54
24526,24526,Customs Duty,160006.68
24527,24527,Customs Duty,498.88
24528,24528,VAT,94700.96
24529,24529,VAT,7403.44
24530,24530,Customs Duty,11751.8
24531,24531,VAT,15603.12
24532,24532,VAT,107909.39
24533,24533,Customs Duty,5873.58
24534,24534,Import Duty,776.84
24535,24535,Customs Duty,7173.82
24536,24536,Export Duty,6260.97
24537,24537,Excise Duty,42847.7
24538,24538,Import Duty,263290.54
24539,24539,Import Duty,2801.9
24540,24540,VAT,123592.06
24541,24541,Customs Duty,7460.54
24542,24542,VAT,185.34
24543,24543,Import Duty,178203.91
24544,24544,VAT,664.17
24545,24545,VAT,259.92
24546,24546,Customs Duty,70619.85
24547,24547,Import Duty,36349.94
24548,24548,VAT,14993.42
24549,24549,VAT,5721.28
24550,24550,VAT,50248.42
24551,24551,Import Duty,42000.35
24552,24552,Customs Duty,4478.68
24553,24553,Import Duty,30498.53
24554,24554,VAT,12603.49
24555,24555,Excise Duty,128377.9
24556,24556,VAT,1410.28
24557,24557,VAT,2893.76
24558,24558,VAT,2717.51
24559,24559,VAT,5924.37
24560,24560,Export Duty,4681.7
24561,24561,VAT,134.38
24562,24562,Import Duty,2049.44
24563,24563,Excise Duty,6694.16
24564,24564,Customs Duty,1376.14
24565,24565,Customs Duty,2467.78
24566,24566,VAT,72249.11
24567,24567,Customs Duty,81204.63
24568,24568,Customs Duty,1912.79
24569,24569,Import Duty,867.62
24570,24570,Service Tax,411.15
24571,24571,VAT,1985.16
24572,24572,VAT,568.22
24573,24573,Customs Duty,14444.99
24574,24574,Customs Duty,3897.3
24575,24575,VAT,54718.5
24576,24576,VAT,244.35
24577,24577,VAT,223028.69
24578,24578,Import Duty,1234.65
24579,24579,VAT,1913.25
24580,24580,Customs Duty,180918.46
24581,24581,Customs Duty,29092.0
24582,24582,Excise Duty,1270.0
24583,24583,Customs Duty,166.87
24584,24584,Customs Duty,121683.32
24585,24585,Customs Duty,154750.17
24586,24586,VAT,1872.06
24587,24587,VAT,17523.12
24588,24588,Service Tax,17349.36
24589,24589,Import Duty,909.31
24590,24590,Export Duty,12460.2
24591,24591,Customs Duty,1612.46
24592,24592,Customs Duty,187893.28
24593,24593,Export Duty,22413.13
24594,24594,Export Duty,27044.23
24595,24595,Import Duty,4191.32
24596,24596,VAT,2362.49
24597,24597,Excise Duty,32595.98
24598,24598,Export Duty,1238.03
24599,24599,VAT,22539.16
24600,24600,Customs Duty,129098.17
24601,24601,Service Tax,104431.03
24602,24602,Import Duty,3314.75
24603,24603,Customs Duty,40137.9
24604,24604,Import Duty,138.29
24605,24605,VAT,220140.9
24606,24606,Service Tax,2111.39
24607,24607,Import Duty,149791.01
24608,24608,Export Duty,204.24
24609,24609,Excise Duty,32737.14
24610,24610,Export Duty,33275.87
24611,24611,VAT,134902.32
24612,24612,Customs Duty,2469.07
24613,24613,VAT,6765.24
24614,24614,Import Duty,7504.86
24615,24615,VAT,1135.48
24616,24616,VAT,1315.46
24617,24617,Customs Duty,962.46
24618,24618,VAT,1054.23
24619,24619,Customs Duty,16109.82
24620,24620,Service Tax,57419.2
24621,24621,Import Duty,133247.21
24622,24622,Customs Duty,87122.36
24623,24623,VAT,73347.73
24624,24624,Customs Duty,82024.64
24625,24625,Customs Duty,744.8
24626,24626,Customs Duty,5982.74
24627,24627,Import Duty,335908.39
24628,24628,Excise Duty,60483.91
24629,24629,Import Duty,117851.43
24630,24630,Import Duty,3269.26
24631,24631,Export Duty,3275.67
24632,24632,Import Duty,10534.33
24633,24633,Import Duty,137109.51
24634,24634,Customs Duty,1597.79
24635,24635,VAT,117727.94
24636,24636,VAT,1237.61
24637,24637,Service Tax,350.76
24638,24638,Customs Duty,143206.79
24639,24639,Customs Duty,87379.34
24640,24640,Export Duty,1136.66
24641,24641,Import Duty,324.98
24642,24642,Service Tax,1810.51
24643,24643,VAT,9356.93
24644,24644,Excise Duty,50342.06
24645,24645,VAT,13797.03
24646,24646,VAT,235954.52
24647,24647,Import Duty,4691.03
24648,24648,VAT,2019.04
24649,24649,Customs Duty,3292.67
24650,24650,Customs Duty,4126.26
24651,24651,Customs Duty,14648.78
24652,24652,Excise Duty,110378.91
24653,24653,Customs Duty,167933.41
24654,24654,VAT,7435.51
24655,24655,Customs Duty,1076.58
24656,24656,Import Duty,2912.51
24657,24657,Customs Duty,216.25
24658,24658,Excise Duty,56.01
24659,24659,Import Duty,2752.48
24660,24660,VAT,895.55
24661,24661,Customs Duty,1159.83
24662,24662,Customs Duty,251.86
24663,24663,Customs Duty,284453.68
24664,24664,Service Tax,29853.83
24665,24665,Service Tax,16025.03
24666,24666,Export Duty,25504.22
24667,24667,Import Duty,138854.52
24668,24668,VAT,7785.99
24669,24669,Import Duty,89303.05
24670,24670,Customs Duty,5463.77
24671,24671,Service Tax,6020.33
24672,24672,VAT,5511.53
24673,24673,Import Duty,421292.32
24674,24674,Import Duty,39063.84
24675,24675,Import Duty,119602.49
24676,24676,Import Duty,177657.93
24677,24677,VAT,10497.8
24678,24678,Customs Duty,739.85
24679,24679,Excise Duty,6435.38
24680,24680,VAT,26184.67
24681,24681,Customs Duty,2350.56
24682,24682,Import Duty,15156.86
24683,24683,VAT,110823.53
24684,24684,Customs Duty,401.65
24685,24685,Service Tax,3330.1
24686,24686,Import Duty,182677.53
24687,24687,Import Duty,46896.59
24688,24688,Import Duty,34330.85
24689,24689,VAT,17016.13
24690,24690,Import Duty,14595.0
24691,24691,Customs Duty,203.67
24692,24692,Customs Duty,70644.73
24693,24693,Import Duty,14789.35
24694,24694,Customs Duty,162282.26
24695,24695,Service Tax,828.36
24696,24696,Customs Duty,1804.67
24697,24697,Customs Duty,1457.58
24698,24698,VAT,116.83
24699,24699,Import Duty,362808.35
24700,24700,Service Tax,2904.54
24701,24701,Export Duty,33807.94
24702,24702,VAT,19946.04
24703,24703,VAT,3393.55
24704,24704,Import Duty,103988.43
24705,24705,VAT,8592.67
24706,24706,VAT,280166.43
24707,24707,VAT,14090.67
24708,24708,VAT,2804.87
24709,24709,Service Tax,80464.51
24710,24710,Service Tax,64497.13
24711,24711,Excise Duty,206746.59
24712,24712,VAT,127.64
24713,24713,Customs Duty,7384.96
24714,24714,Import Duty,1262.18
24715,24715,Import Duty,185509.2
24716,24716,VAT,160683.98
24717,24717,VAT,77243.12
24718,24718,Export Duty,22.08
24719,24719,Import Duty,267154.34
24720,24720,VAT,90825.91
24721,24721,Service Tax,97194.26
24722,24722,Customs Duty,104642.77
24723,24723,Import Duty,17378.04
24724,24724,Import Duty,7674.89
24725,24725,Import Duty,93000.7
24726,24726,Customs Duty,8580.16
24727,24727,Customs Duty,28445.63
24728,24728,Excise Duty,9822.99
24729,24729,VAT,3282.36
24730,24730,Export Duty,1071.49
24731,24731,Import Duty,368460.39
24732,24732,Customs Duty,132817.17
24733,24733,Export Duty,4866.99
24734,24734,Excise Duty,12395.28
24735,24735,VAT,233726.9
24736,24736,Customs Duty,2839.48
24737,24737,Customs Duty,24087.93
24738,24738,Export Duty,9248.75
24739,24739,Export Duty,5658.65
24740,24740,Export Duty,5621.99
24741,24741,Import Duty,1404.46
24742,24742,Customs Duty,34158.22
24743,24743,Import Duty,226.67
24744,24744,Export Duty,158.51
24745,24745,Import Duty,361689.26
24746,24746,Import Duty,1837.13
24747,24747,Customs Duty,151050.8
24748,24748,Import Duty,23590.19
24749,24749,Export Duty,188.93
24750,24750,Customs Duty,150102.79
24751,24751,Import Duty,23507.15
24752,24752,Customs Duty,687.63
24753,24753,Customs Duty,1153.04
24754,24754,VAT,8354.04
24755,24755,Excise Duty,9543.13
24756,24756,VAT,3492.12
24757,24757,Excise Duty,107349.15
24758,24758,Customs Duty,465.19
24759,24759,VAT,4006.19
24760,24760,Customs Duty,44562.34
24761,24761,Service Tax,365.81
24762,24762,Customs Duty,99411.77
24763,24763,Customs Duty,505.03
24764,24764,Customs Duty,959.47
24765,24765,VAT,8824.73
24766,24766,Customs Duty,18549.14
24767,24767,Excise Duty,10240.14
24768,24768,Service Tax,66746.28
24769,24769,Customs Duty,1658.09
24770,24770,Customs Duty,9775.43
24771,24771,Service Tax,77.35
24772,24772,Export Duty,96281.24
24773,24773,Export Duty,586.25
24774,24774,VAT,204211.34
24775,24775,Import Duty,103435.24
24776,24776,Customs Duty,1958.44
24777,24777,Customs Duty,1112.34
24778,24778,Import Duty,1017.45
24779,24779,VAT,26441.71
24780,24780,VAT,10174.81
24781,24781,VAT,17762.7
24782,24782,Import Duty,126.69
24783,24783,Export Duty,10632.58
24784,24784,Customs Duty,1437.72
24785,24785,Import Duty,30667.01
24786,24786,Import Duty,105862.38
24787,24787,Customs Duty,46937.52
24788,24788,Customs Duty,6001.33
24789,24789,Service Tax,352.94
24790,24790,Customs Duty,5500.31
24791,24791,Service Tax,63.72
24792,24792,Import Duty,1451.93
24793,24793,Import Duty,140199.42
24794,24794,Customs Duty,635.13
24795,24795,Export Duty,4625.47
24796,24796,VAT,1824.69
24797,24797,Customs Duty,29768.12
24798,24798,VAT,798.01
24799,24799,Excise Duty,11958.07
24800,24800,Export Duty,546.68
24801,24801,Customs Duty,66738.92
24802,24802,VAT,2026.24
24803,24803,Customs Duty,7920.25
24804,24804,Export Duty,30888.16
24805,24805,Service Tax,2068.19
24806,24806,Customs Duty,522.4
24807,24807,Excise Duty,88301.41
24808,24808,Export Duty,52.61
24809,24809,Import Duty,32693.06
24810,24810,Export Duty,2879.01
24811,24811,Export Duty,5040.95
24812,24812,Customs Duty,2092.59
24813,24813,Customs Duty,113121.01
24814,24814,Customs Duty,13503.66
24815,24815,VAT,199575.55
24816,24816,Service Tax,73.66
24817,24817,Customs Duty,185869.42
24818,24818,VAT,1307.96
24819,24819,VAT,8889.73
24820,24820,Customs Duty,148066.13
24821,24821,Customs Duty,4505.61
24822,24822,Service Tax,466.44
24823,24823,Customs Duty,640.25
24824,24824,VAT,2264.92
24825,24825,VAT,58.73
24826,24826,Excise Duty,122831.55
24827,24827,Export Duty,7454.26
24828,24828,Customs Duty,487.01
24829,24829,VAT,33127.58
24830,24830,Service Tax,85.07
24831,24831,Customs Duty,2492.22
24832,24832,Import Duty,10534.89
24833,24833,Customs Duty,103582.3
24834,24834,Customs Duty,865.01
24835,24835,Export Duty,13355.24
24836,24836,VAT,63081.49
24837,24837,VAT,5407.35
24838,24838,Excise Duty,96535.79
24839,24839,Customs Duty,65536.34
24840,24840,Import Duty,1774.72
24841,24841,Excise Duty,1737.97
24842,24842,Customs Duty,2442.86
24843,24843,Customs Duty,64776.95
24844,24844,VAT,56069.47
24845,24845,Import Duty,165447.1
24846,24846,VAT,40967.51
24847,24847,Excise Duty,15887.74
24848,24848,Customs Duty,99645.7
24849,24849,VAT,1914.18
24850,24850,Export Duty,44031.72
24851,24851,Export Duty,748.82
24852,24852,VAT,10033.84
24853,24853,Customs Duty,69747.19
24854,24854,Import Duty,157536.37
24855,24855,Import Duty,463.26
24856,24856,Customs Duty,800.7
24857,24857,Customs Duty,583.96
24858,24858,VAT,250445.19
24859,24859,Customs Duty,4046.31
24860,24860,VAT,8317.5
24861,24861,VAT,81326.67
24862,24862,VAT,20287.93
24863,24863,Import Duty,27214.41
24864,24864,Customs Duty,616.24
24865,24865,Export Duty,31151.98
24866,24866,VAT,363.94
24867,24867,Export Duty,2190.75
24868,24868,Import Duty,147.43
24869,24869,Export Duty,5897.11
24870,24870,Export Duty,808.18
24871,24871,VAT,2887.51
24872,24872,Service Tax,253.03
24873,24873,VAT,234002.53
24874,24874,Import Duty,970.53
24875,24875,Service Tax,3604.42
24876,24876,VAT,20383.05
24877,24877,Customs Duty,7306.43
24878,24878,VAT,116679.42
24879,24879,Excise Duty,477.88
24880,24880,Export Duty,53200.53
24881,24881,Import Duty,62.09
24882,24882,Customs Duty,636.33
24883,24883,VAT,206426.0
24884,24884,Export Duty,12241.61
24885,24885,VAT,11625.06
24886,24886,Export Duty,302.01
24887,24887,Import Duty,260703.12
24888,24888,Customs Duty,103454.06
24889,24889,Export Duty,43714.11
24890,24890,Excise Duty,3067.37
24891,24891,Export Duty,26059.11
24892,24892,Customs Duty,2789.4
24893,24893,Import Duty,1686.04
24894,24894,Customs Duty,141749.67
24895,24895,VAT,210484.54
24896,24896,Customs Duty,49239.72
24897,24897,Customs Duty,67822.02
24898,24898,Service Tax,6076.07
24899,24899,Import Duty,681.77
24900,24900,Customs Duty,5014.2
24901,24901,Customs Duty,12171.15
24902,24902,Customs Duty,1519.09
24903,24903,Service Tax,334.91
24904,24904,Customs Duty,217.92
24905,24905,Customs Duty,359.85
24906,24906,Customs Duty,12145.31
24907,24907,Customs Duty,227.64
24908,24908,Import Duty,13703.81
24909,24909,Service Tax,65362.84
24910,24910,VAT,277149.2
24911,24911,Import Duty,3329.83
24912,24912,Import Duty,6384.1
24913,24913,Import Duty,57316.13
24914,24914,Export Duty,149.79
24915,24915,Customs Duty,9976.34
24916,24916,Export Duty,929.13
24917,24917,VAT,128504.21
24918,24918,VAT,2717.09
24919,24919,Import Duty,51968.23
24920,24920,Import Duty,2941.09
24921,24921,Import Duty,3534.58
24922,24922,Service Tax,371.03
24923,24923,VAT,1041.81
24924,24924,Import Duty,1506.57
24925,24925,Customs Duty,317.63
24926,24926,Import Duty,7550.23
24927,24927,Customs Duty,1225.04
24928,24928,Customs Duty,111200.23
24929,24929,VAT,292.47
24930,24930,VAT,63.53
24931,24931,VAT,28660.16
24932,24932,Import Duty,29099.12
24933,24933,Customs Duty,49487.93
24934,24934,Customs Duty,1168.53
24935,24935,Import Duty,40054.32
24936,24936,VAT,1054.89
24937,24937,VAT,58758.63
24938,24938,Import Duty,5834.24
24939,24939,Service Tax,104.15
24940,24940,Export Duty,5900.89
24941,24941,Excise Duty,18843.76
24942,24942,Customs Duty,10435.37
24943,24943,Customs Duty,85595.77
24944,24944,VAT,17417.5
24945,24945,Import Duty,4844.86
24946,24946,Service Tax,10634.61
24947,24947,VAT,87697.69
24948,24948,VAT,287212.55
24949,24949,Customs Duty,112991.96
24950,24950,Customs Duty,1243.8
24951,24951,Customs Duty,15332.11
24952,24952,VAT,94628.42
24953,24953,Import Duty,3586.5
24954,24954,Export Duty,3524.62
24955,24955,Excise Duty,6190.85
24956,24956,Excise Duty,21363.65
24957,24957,VAT,2426.23
24958,24958,VAT,33550.04
24959,24959,Customs Duty,15606.33
24960,24960,Customs Duty,154737.15
24961,24961,Customs Duty,26253.85
24962,24962,Customs Duty,3395.63
24963,24963,Import Duty,40590.57
24964,24964,VAT,15681.55
24965,24965,Excise Duty,15479.26
24966,24966,Service Tax,13533.4
24967,24967,VAT,2952.96
24968,24968,Excise Duty,96114.33
24969,24969,Excise Duty,2058.57
24970,24970,Customs Duty,1269.47
24971,24971,VAT,296390.63
24972,24972,Customs Duty,173647.63
24973,24973,VAT,24351.18
24974,24974,Excise Duty,2960.16
24975,24975,Customs Duty,1793.64
24976,24976,VAT,12962.76
24977,24977,Customs Duty,13420.48
24978,24978,VAT,777.59
24979,24979,Customs Duty,1008.2
24980,24980,Excise Duty,3464.11
24981,24981,Import Duty,282.33
24982,24982,Customs Duty,2446.44
24983,24983,Excise Duty,1153.02
24984,24984,VAT,16440.87
24985,24985,VAT,2163.25
24986,24986,Excise Duty,291.79
24987,24987,Service Tax,9861.43
24988,24988,VAT,50366.95
24989,24989,Excise Duty,103505.93
24990,24990,Import Duty,73843.02
24991,24991,Customs Duty,412.16
24992,24992,VAT,213979.48
24993,24993,Customs Duty,1261.48
24994,24994,VAT,1246.65
24995,24995,Service Tax,86.26
24996,24996,Service Tax,128.18
24997,24997,Customs Duty,266.25
24998,24998,VAT,1564.13
24999,24999,Excise Duty,11264.87
25000,25000,VAT,89.98
