Statistic_ID,Country_ID,Year,Total_Export,Total_Import,Trade_Balance
1,91,2008,2044140118.78,1926745892.32,117394226.46
2,110,2018,243674804794.79,176738441078.95,66936363715.84
3,142,2019,11137121516.21,6765693714.93,4371427801.28
4,42,2022,443448152.58,450567876.68,-7119724.1
5,150,2009,49212022.19,59836591.71,-10624569.52
6,60,2012,225276677205.58,133435554213.49,91841122992.09
7,157,2022,2064023068.69,3309214157.41,-1245191088.72
8,156,2023,60220508719.43,59461247435.24,759261284.19
9,18,2004,70468861.63,108373029.6,-37904167.97
10,151,2012,51691827429.98,32938554369.1,18753273060.88
11,184,2005,21400338877.76,31621018578.31,-10220679700.55
12,51,2017,12062836095.38,17020427414.28,-4957591318.9
13,28,2023,2108291200.13,4269685682.89,-2161394482.76
14,60,2009,90925213555.29,83824193521.53,7101020033.76
15,12,2017,137492604.35,154260998.31,-16768393.96
16,84,2020,543149809.37,461730754.34,81419055.03
17,127,2026,8380505356.92,15870570013.9,-7490064656.98
18,65,2024,4433501500.28,3974477841.24,459023659.04
19,183,2014,5336253512.52,5687759352.2,-351505839.68
20,180,2006,993851801.9,862499071.55,131352730.35
21,184,2000,22805033940.09,15385249303.62,7419784636.47
22,85,2025,945101833693.96,802599469476.15,142502364217.81
23,9,2013,95815444546.74,185598122415.47,-89782677868.73
24,62,2020,168705868.91,329853436.91,-161147568.0
25,73,2002,3121557461.72,5750814712.15,-2629257250.43
26,118,2003,12454457693.14,22364949075.88,-9910491382.74
27,143,2013,153890635109.62,211035954359.94,-57145319250.32
28,20,2012,81554165.84,92388713.76,-10834547.92
29,132,2005,5009615.39,8437497.87,-3427882.48
30,20,2021,151051676.61,148856485.14,2195191.47
31,107,2008,15933944.01,12020360.79,3913583.22
32,3,2010,8807746346.51,8142809469.99,664936876.52
33,93,2014,253317817.12,365371523.29,-112053706.17
34,150,2001,43176215.42,66272712.0,-23096496.58
35,53,2026,918183224.87,656089570.26,262093654.61
36,158,2020,1208264482.46,1026101342.04,182163140.42
37,130,2017,2230516390.86,3631677637.78,-1401161246.92
38,136,2016,1236053675.81,1584678537.83,-348624862.02
39,10,2019,1575831144.33,1423802483.78,152028660.55
40,35,2018,2685466412.38,2988086144.42,-302619732.04
41,35,2013,8871060629.37,6038010462.07,2833050167.3
42,171,2020,3639071338.87,4815860075.49,-1176788736.62
43,26,2014,1850009928.39,1667364336.78,182645591.61
44,132,2011,7500346.6,7551693.94,-51347.34
45,51,2002,52304757578.87,46236838800.89,6067918777.98
46,178,2013,4053716951.64,2491364850.48,1562352101.16
47,35,2007,4915560537.8,6738802566.9,-1823242029.1
48,174,2015,620663674.12,571712915.26,48950758.86
49,8,2025,605551527.8,572514012.42,33037515.38
50,184,2021,54330907693.49,66959358355.75,-12628450662.26
51,76,2010,5197151777149.48,5258071655186.04,-60919878036.56
52,42,2025,276186151.17,464098552.81,-187912401.64
53,170,2026,12923840832.98,11480233958.01,1443606874.97
54,119,2014,777835550.78,1112242680.77,-334407129.99
55,117,2010,2256374328.87,2366590824.34,-110216495.47
56,21,2022,6579345653.79,6726585579.85,-147239926.06
57,115,2014,99988887.73,85034371.32,14954516.41
58,13,2004,231619358.37,210745846.09,20873512.28
59,33,2020,3417487915.72,3019423713.44,398064202.28
60,86,2009,3723196121.29,2590510826.4,1132685294.89
61,180,2010,1711448476.98,1325872463.62,385576013.36
62,103,2026,206047730226.57,187753501933.47,18294228293.1
63,130,2003,700305175.35,495532238.09,204772937.26
64,34,2009,7309373546.66,5337858331.29,1971515215.37
65,148,2000,46208977.64,28744230.58,17464747.06
66,170,2025,2244064485.57,2460327467.34,-216262981.77
67,3,2026,17319972730.75,21718717493.28,-4398744762.53
68,182,2021,13075841437.67,11646183791.1,1429657646.57
69,68,2013,3017034994.03,2850512318.49,166522675.54
70,85,2014,380395388992.66,370763692362.82,9631696629.84
71,152,2018,5611775582.36,4242525376.2,1369250206.16
72,69,2009,4336253474.03,2514014167.74,1822239306.29
73,66,2014,4544014833.62,3653740363.95,890274469.67
74,22,2008,823377837.89,791702247.03,31675590.86
75,59,2011,545866239.12,1030748342.48,-484882103.36
76,163,2016,2536699642.12,3967678600.17,-1430978958.05
77,68,2005,5111659544.35,5546509427.36,-434849883.01
78,65,2001,16034789801.21,11891314801.63,4143474999.58
79,159,2017,348372293.12,411054247.52,-62681954.4
80,20,2018,228743920.77,392219317.13,-163475396.36
81,145,2014,6760623.15,8305972.35,-1545349.2
82,148,2023,63395481.09,94533429.96,-31137948.87
83,102,2000,7164523448.47,7628808887.64,-464285439.17
84,67,2008,19858859.75,14995759.42,4863100.33
85,90,2002,576479653.41,636090301.63,-59610648.22
86,115,2023,159898128.04,189572295.03,-29674166.99
87,67,2001,39288727.03,53193511.08,-13904784.05
88,151,2018,216280217924.94,173719032163.76,42561185761.18
89,148,2003,29040151.48,15444003.03,13596148.45
90,163,2019,4780271622.99,5146403330.58,-366131707.59
91,150,2012,43317592.06,64517141.15,-21199549.09
92,128,2025,824173517.4,995368890.58,-171195373.18
93,144,2020,7169962639.99,7601910770.18,-431948130.19
94,180,2007,1124362360.17,1090667576.7,33694783.47
95,194,2000,1124457881.2,1293246352.22,-168788471.02
96,12,2020,96984578.39,94657184.14,2327394.25
97,129,2021,637978747.33,910332296.85,-272353549.52
98,18,2009,52773473.28,82237676.42,-29464203.14
99,179,2006,185976090334.5,178885069321.65,7091021012.85
100,146,2006,12691396.78,11454124.61,1237272.17
101,6,2002,16061540.31,17411222.23,-1349681.92
102,85,2000,490033553220.08,499701675769.88,-9668122549.8
103,106,2001,168937120.95,217019384.12,-48082263.17
104,85,2021,797309022297.69,558130045051.35,239178977246.34
105,109,2009,98980311.58,130904107.18,-31923795.6
106,122,2016,33815272098.97,22381606702.42,11433665396.55
107,67,2010,18106726.59,21558247.15,-3451520.56
108,85,2017,346030982326.98,296701304945.53,49329677381.45
109,90,2005,1826770186.1,2233856450.32,-407086264.22
110,26,2007,1634899626.7,1136654318.68,498245308.02
111,10,2025,3598481625.85,5360022848.08,-1761541222.23
112,171,2016,5210959263.38,3709032836.68,1501926426.7
113,157,2017,2278670560.72,1158118937.18,1120551623.54
114,162,2003,176312292384.62,241727052487.59,-65414760102.97
115,1,2014,8912874209.0,14892356782.32,-5979482573.32
116,56,2020,422866527.29,230207380.09,192659147.2
117,9,2023,113856353271.66,141962568695.06,-28106215423.4
118,43,2001,1968724041.23,2661718269.16,-692994227.93
119,132,2001,5334256.19,6237150.88,-902894.69
120,116,2023,18263879165.94,14830588328.35,3433290837.59
121,93,2008,108321140.59,164144008.68,-55822868.09
122,52,2019,5096060596.88,3482823832.11,1613236764.77
123,134,2004,738882914.33,521456525.87,217426388.46
124,93,2004,967778744.98,577056979.16,390721765.82
125,183,2021,3894097909.89,2733307937.7,1160789972.19
126,133,2003,1087892663.19,1037813007.73,50079655.46
127,183,2005,9786367939.31,5382462306.4,4403905632.91
128,37,2018,17831323115.32,12346079115.12,5485244000.2
129,47,2009,79330752.21,112708494.67,-33377742.46
130,54,2006,1169530468.33,1038418379.54,131112088.79
131,60,2006,434820992125.7,302131899096.16,132689093029.54
132,82,2026,377258941673.95,357883629784.67,19375311889.28
133,69,2001,2133820781.17,930070335.2,1203750445.97
134,16,2016,3722338660.68,5726001801.11,-2003663140.43
135,163,2008,889180846.36,587219667.23,301961179.13
136,52,2000,651674882.2,692943736.66,-41268854.46
137,115,2007,171509910.12,199031189.34,-27521279.22
138,50,2026,1651353310.52,1813844248.29,-162490937.77
139,85,2005,142223204129.84,114809479386.34,27413724743.5
140,25,2026,64731880.04,108441533.34,-43709653.3
141,110,2020,273327419199.45,261475375239.42,11852043960.03
142,98,2018,15488429.98,16459871.85,-971441.87
143,42,2021,287276402.88,339642863.12,-52366460.24
144,188,2010,13041940984.71,13622025738.83,-580084754.12
145,1,2012,21022325035.95,22341669748.65,-1319344712.7
146,73,2022,8978642309.11,6195544772.04,2783097537.07
147,130,2024,296190121.87,593498592.83,-297308470.96
148,88,2025,25350898109.13,27527048372.49,-2176150263.36
149,56,2009,422127861.4,254396093.44,167731767.96
150,56,2006,109277477.31,100231092.7,9046384.61
151,127,2010,10098158058.31,5284525302.95,4813632755.36
152,137,2014,8420787423.93,9417851204.75,-997063780.82
153,63,2024,2223252609.43,2329390206.02,-106137596.59
154,49,2018,4297274399.0,3144546645.62,1152727753.38
155,3,2021,15926641288.43,10884168810.96,5042472477.47
156,14,2011,47616670668.42,70189707662.98,-22573036994.56
157,168,2023,6242580964.67,6439202625.24,-196621660.57
158,181,2010,579272.03,962223.59,-382951.56
159,82,2005,63921616794.83,77346736889.62,-13425120094.79
160,25,2025,50472402.28,37921782.34,12550619.94
161,175,2011,3729533226.34,2192810290.08,1536722936.26
162,158,2008,369474057.96,320935691.05,48538366.91
163,192,2018,239576380893.18,208041114054.26,31535266838.92
164,155,2019,5350595573.11,4236097568.55,1114498004.56
165,2,2015,698411473.07,568856996.75,129554476.32
166,133,2013,1441328913.45,816417858.4,624911055.05
167,41,2016,1997515925.49,2755095392.16,-757579466.67
168,7,2020,17534356358.29,19914734831.54,-2380378473.25
169,168,2003,2817984304.57,3227223833.69,-409239529.12
170,39,2010,1425414269.22,2050301514.05,-624887244.83
171,81,2017,3347454034.11,2864389952.68,483064081.43
172,5,2002,2795874428.56,3061619914.82,-265745486.26
173,57,2026,87543672931.74,92050894415.54,-4507221483.8
174,28,2018,3782061131.52,5590490963.71,-1808429832.19
175,41,2012,2048857509.26,1740397128.08,308460381.18
176,172,2007,17155545143.55,18945263676.46,-1789718532.91
177,164,2011,112458080728.71,188162371865.02,-75704291136.31
178,87,2001,2587512895.89,3349570983.42,-762058087.53
179,7,2013,14432138007.3,17242450432.24,-2810312424.94
180,34,2011,4694226449.6,5235453967.84,-541227518.24
181,4,2024,39720656.39,47603060.07,-7882403.68
182,194,2005,2783312606.76,4291843205.97,-1508530599.21
183,40,2015,7762407270.54,7780646226.93,-18238956.39
184,165,2008,3216144613.99,6140232330.89,-2924087716.9
185,145,2016,21480220.49,26706119.53,-5225899.04
186,143,2015,366017804827.0,332697871115.56,33319933711.44
187,92,2006,1611623209.44,1118350992.46,493272216.98
188,96,2015,2495715753.85,2706130836.09,-210415082.24
189,72,2022,4330278776.19,9233604108.35,-4903325332.16
190,113,2001,14165465.71,13146012.95,1019452.76
191,89,2002,42499978.17,74334976.87,-31834998.7
192,38,2010,302050840.14,348603882.27,-46553042.13
193,31,2018,3386404308.22,2547717044.9,838687263.32
194,181,2026,6299630.29,6338165.75,-38535.46
195,51,2014,16026795396.29,8093995914.51,7932799481.78
196,107,2003,13558181.97,12202124.05,1356057.92
197,158,2014,580719390.05,269502364.77,311217025.28
198,189,2022,20701006.55,46418057.48,-25717050.93
199,123,2014,1133105193.64,1923614590.75,-790509397.11
200,58,2010,413389718.54,427184260.0,-13794541.46
201,70,2022,146300677.31,150445415.99,-4144738.68
202,156,2003,46893115417.15,44802264770.99,2090850646.16
203,101,2026,14042888375.15,10393661079.88,3649227295.27
204,98,2016,6225320.3,3378640.1,2846680.2
205,189,2013,175212575.44,109711589.25,65500986.19
206,85,2003,670425165553.18,487906011723.98,182519153829.2
207,37,2003,9796694651.2,6698002068.03,3098692583.17
208,193,2025,7870074519.81,8291623645.93,-421549126.12
209,112,2007,1216957048.75,727756312.2,489200736.55
210,24,2009,267858937141.65,179411853011.37,88447084130.28
211,25,2019,92883231.54,52899101.69,39984129.85
212,32,2011,121115545555.91,76939365149.93,44176180405.98
213,111,2022,16517469.12,21038369.22,-4520900.1
214,122,2012,72115309469.38,114377838590.98,-42262529121.6
215,22,2017,2570864299.95,1716497719.3,854366580.65
216,6,2003,35635684.1,54936237.66,-19300553.56
217,64,2007,130184998532.35,82617702122.32,47567296410.03
218,50,2020,10265712157.78,10588671142.61,-322958984.83
219,94,2015,1391245051.57,1247105812.2,144139239.37
220,180,2021,3622964870.27,3953032909.47,-330068039.2
221,76,2000,2601162368293.54,3323826532741.22,-722664164447.68
222,29,2003,322387745.86,208362011.0,114025734.86
223,98,2013,8657445.4,6558426.92,2099018.48
224,108,2007,1018917760.47,1960775332.14,-941857571.67
225,190,2026,389909.91,499476.55,-109566.64
226,135,2005,3482168080.44,5461414071.06,-1979245990.62
227,48,2010,7333119.84,5522049.82,1811070.02
228,63,2000,1066671905.88,992048223.08,74623682.8
229,15,2009,42676345.77,54814613.82,-12138268.05
230,81,2020,4687499460.73,3820830461.5,866668999.23
231,54,2003,476061925.69,252690482.93,223371442.76
232,24,2003,481351643014.49,236907600131.4,244444042883.09
233,19,2022,5604052382.57,4253972471.81,1350079910.76
234,18,2003,223741898.38,132863069.0,90878829.38
235,141,2009,562779467.6,724068630.33,-161289162.73
236,157,2010,1522758019.57,1500798261.77,21959757.8
237,91,2001,3275145102.54,3246206120.0,28938982.54
238,50,2014,5804590227.28,10139517684.13,-4334927456.85
239,119,2019,2156546172.61,1454337970.72,702208201.89
240,144,2025,1978342607.11,1696518495.52,281824111.59
241,185,2010,278324174274.49,340122484297.36,-61798310022.87
242,7,2006,12257796168.53,9914158243.64,2343637924.89
243,15,2002,32888675.02,32185486.53,703188.49
244,14,2023,113611641315.39,81294672599.21,32316968716.18
245,159,2018,452752267.81,310727650.93,142024616.88
246,139,2010,279273674116.6,164663820006.18,114609854110.42
247,105,2019,13160667467.32,8946490277.8,4214177189.52
248,80,2009,1812997323.98,2248990875.99,-435993552.01
249,4,2026,24942817.86,39541271.09,-14598453.23
250,120,2026,2818507.34,5104970.47,-2286463.13
251,14,2016,17110297077.21,18953701574.64,-1843404497.43
252,171,2004,3847958591.51,4431216834.58,-583258243.07
253,47,2024,557266338.02,583738158.48,-26471820.46
254,162,2002,46997798185.58,47986696233.84,-988898048.26
255,144,2017,8881511167.64,8704153356.07,177357811.57
256,88,2004,15284616620.07,15038251640.73,246364979.34
257,67,2012,10684895.19,13921803.68,-3236908.49
258,8,2020,1033639109.95,1526808643.39,-493169533.44
259,177,2010,558064096.43,313241625.47,244822470.96
260,115,2025,196196564.54,203038959.41,-6842394.87
261,107,2013,19593555.87,9900872.24,9692683.63
262,66,2011,4976465818.96,3590046326.91,1386419492.05
263,181,2000,1143371.83,869100.93,274270.9
264,26,2002,2145437145.54,2490457039.88,-345019894.34
265,95,2006,1081308712.94,627939059.86,453369653.08
266,159,2003,53224737.18,60717411.63,-7492674.45
267,18,2006,216871591.97,112044227.95,104827364.02
268,131,2006,52792287407.22,85886328352.3,-33094040945.08
269,5,2020,9246784850.56,6241409994.65,3005374855.91
270,92,2004,1681565096.0,1118635317.62,562929778.38
271,133,2017,2354243694.63,2111084125.53,243159569.1
272,88,2016,12999165065.36,13081691963.82,-82526898.46
273,2,2008,497362571.7,512522089.77,-15159518.07
274,23,2003,618894953.9,393981878.17,224913075.73
275,159,2024,190639102.65,166208143.45,24430959.2
276,177,2014,357885178.84,468512509.95,-110627331.11
277,99,2024,743550863.52,734846049.92,8704813.6
278,173,2018,174277463708.05,175773848088.93,-1496384380.88
279,8,2018,1034364513.87,734088618.72,300275895.15
280,117,2023,6703579459.37,14305307999.18,-7601728539.81
281,55,2018,331939308.15,395703931.8,-63764623.65
282,28,2013,3232191713.01,2599954021.77,632237691.24
283,15,2012,153216685.53,86099319.57,67117365.96
284,162,2005,124148776077.8,113299183664.63,10849592413.17
285,9,2010,119890352403.88,110796364144.43,9093988259.45
286,172,2003,13196732586.73,12080027278.14,1116705308.59
287,118,2013,4671979582.31,6090504798.13,-1418525215.82
288,52,2003,818186381.04,760665416.58,57520964.46
289,158,2013,307314267.66,301431336.26,5882931.4
290,13,2012,955242224.83,1081970605.59,-126728380.76
291,1,2008,12435293285.24,7868368065.91,4566925219.33
292,111,2001,17502325.76,22512765.74,-5010439.98
293,61,2024,2106688611.76,2175184704.84,-68496093.08
294,27,2009,14259722920.13,10137255378.82,4122467541.31
295,167,2024,262917158.97,267015410.97,-4098252.0
296,46,2026,3742299829.64,3004581129.46,737718700.18
297,125,2000,1918302227.73,1465148449.52,453153778.21
298,125,2013,8633165445.96,9381989950.93,-748824504.97
299,162,2013,173463265701.39,264381451722.65,-90918186021.26
300,141,2019,885689948.85,775256221.51,110433727.34
301,44,2008,234744061.26,359223653.78,-124479592.52
302,120,2001,1668898.72,2387612.88,-718714.16
303,143,2025,960396504513.21,1318530127969.94,-358133623456.73
304,82,2012,80897059363.02,58536156303.51,22360903059.51
305,49,2000,4540395696.94,3422167327.81,1118228369.13
306,78,2014,9627155059.55,13736814605.16,-4109659545.61
307,64,2018,79042990885.46,101329289210.57,-22286298325.11
308,90,2022,2285668677.67,1878001039.08,407667638.59
309,165,2007,4322684124.03,3688058076.45,634626047.58
310,170,2000,1783759983.77,2025962099.0,-242202115.23
311,48,2002,9932068.24,7521149.72,2410918.52
312,34,2026,7469769549.53,10500582867.27,-3030813317.74
313,116,2026,14513950730.4,7393641255.09,7120309475.31
314,162,2014,190979834087.07,106220398938.66,84759435148.41
315,57,2022,75905375714.2,40896807730.48,35008567983.72
316,36,2001,3866169843148.91,3938985096731.97,-72815253583.06
317,41,2022,667489092.51,823055583.5,-155566490.99
318,78,2008,30123669727.25,38119929457.74,-7996259730.49
319,144,2026,8269355955.96,5188094718.48,3081261237.48
320,104,2022,33458735.42,50907604.51,-17448869.09
321,140,2014,3163445903.91,6252675442.36,-3089229538.45
322,77,2012,942271564610.56,1040231498153.75,-97959933543.19
323,179,2012,926263795830.01,890649914934.23,35613880895.78
324,118,2023,11199257247.11,14235940668.2,-3036683421.09
325,33,2003,277761313.4,185554709.0,92206604.4
326,185,2001,133014466410.67,95867814874.76,37146651535.91
327,82,2022,81015250231.49,94565810795.83,-13550560564.34
328,12,2003,71411512.29,126048016.06,-54636503.77
329,132,2020,5596325.08,5639264.67,-42939.59
330,83,2013,1842443003.44,1581440710.54,261002292.9
331,5,2009,21146174983.94,11709905264.04,9436269719.9
332,106,2011,216792917.4,186023716.71,30769200.69
333,141,2006,471751854.3,834298866.19,-362547011.89
334,68,2009,1982955168.28,1380687317.76,602267850.52
335,147,2022,53648501.98,33941475.82,19707026.16
336,148,2018,55749265.69,71592091.42,-15842825.73
337,101,2008,15026692489.89,12347204247.63,2679488242.26
338,59,2022,1120049646.62,1062027289.95,58022356.67
339,87,2015,7172897925.01,10003221849.8,-2830323924.79
340,104,2004,35256903.27,63396645.42,-28139742.15
341,152,2015,5246052336.96,6381318301.72,-1135265964.76
342,84,2017,1298365858.27,1693580670.02,-395214811.75
343,192,2011,407326234726.34,356714512567.91,50611722158.43
344,125,2007,9912669989.52,11219002079.93,-1306332090.41
345,76,2005,7348979061100.96,7413340040867.9,-64360979766.94
346,78,2007,18650181793.0,21482006928.0,-2831825135.0
347,60,2001,29450593006.02,45071162260.22,-15620569254.2
348,30,2000,2073042598.98,2857992873.15,-784950274.17
349,140,2005,3564212651.66,3044323850.45,519888801.21
350,159,2019,344803002.21,215101498.03,129701504.18
351,150,2003,85188152.44,114446610.62,-29258458.18
352,31,2009,4170219549.33,2919824038.4,1250395510.93
353,48,2017,26064297.05,22374181.51,3690115.54
354,177,2026,341717795.0,275853039.49,65864755.51
355,59,2008,763527388.04,1225379426.87,-461852038.83
356,63,2011,1111152775.68,683436415.32,427716360.36
357,28,2010,4093432705.29,5056013597.76,-962580892.47
358,38,2014,247555882.39,319143073.7,-71587191.31
359,119,2026,707939345.22,697596178.28,10343166.94
360,150,2020,34445351.89,15505673.04,18939678.85
361,167,2018,332704499.43,419589002.6,-86884503.17
362,65,2002,8130698389.06,13202627477.94,-5071929088.88
363,27,2008,3251493978.0,2432734606.97,818759371.03
364,58,2023,597120693.79,408205887.06,188914806.73
365,131,2020,51426319329.14,53737169099.64,-2310849770.5
366,109,2016,160753492.72,122920696.44,37832796.28
367,112,2005,733233901.82,1037483235.2,-304249333.38
368,22,2005,1478412493.98,1131657109.61,346755384.37
369,19,2009,2516829561.83,5389416486.91,-2872586925.08
370,143,2000,635119520734.27,683096261526.42,-47976740792.15
371,5,2022,3344136661.29,6451233022.61,-3107096361.32
372,2,2012,950644378.61,642133189.31,308511189.3
373,152,2010,2241356605.16,2722264015.73,-480907410.57
374,117,2016,7250329196.94,4681251437.47,2569077759.47
375,52,2022,2700250975.61,1848839728.83,851411246.78
376,29,2025,198320171.6,295262850.39,-96942678.79
377,160,2016,6999368550.65,8127618787.49,-1128250236.84
378,151,2014,43521068215.59,75097240430.94,-31576172215.35
379,17,2013,7875580100.62,11875051643.85,-3999471543.23
380,91,2013,1181312876.65,1784462066.2,-603149189.55
381,192,2021,146842946861.1,102406783235.62,44436163625.48
382,1,2010,10171165573.02,16616243136.84,-6445077563.82
383,154,2019,14955133.54,21256883.62,-6301750.08
384,133,2001,1169323914.17,1000706951.62,168616962.55
385,13,2025,1094332784.18,854906184.17,239426600.01
386,187,2017,786119863.41,843575053.82,-57455190.41
387,25,2015,57742780.18,88206021.83,-30463241.65
388,53,2011,545025411.5,730354365.13,-185328953.63
389,123,2017,870855935.27,959930163.55,-89074228.28
390,110,2002,554346453327.95,632324276483.1,-77977823155.15
391,74,2025,1939894966.81,1268772520.96,671122445.85
392,145,2010,10626158.38,17205688.96,-6579530.58
393,170,2011,6398108825.48,4802744901.67,1595363923.81
394,170,2012,6273417711.29,5452006480.59,821411230.7
395,163,2021,3270793543.06,3815572718.74,-544779175.68
396,45,2017,1909270838.03,1930414814.18,-21143976.15
397,164,2023,101109505874.67,156197390765.91,-55087884891.24
398,128,2006,1124013148.5,690179773.04,433833375.46
399,79,2000,7680076335.86,9849875101.83,-2169798765.97
400,132,2019,3744841.65,4319016.89,-574175.24
401,195,2012,8735242385.01,11308611213.57,-2573368828.56
402,17,2025,53952843950.65,56977552644.17,-3024708693.52
403,118,2007,28688661980.05,28242352855.07,446309124.98
404,175,2001,1772166181.32,2847524359.59,-1075358178.27
405,130,2022,2762971677.69,2661483189.46,101488488.23
406,30,2002,4174541823.55,2092618463.97,2081923359.58
407,75,2020,202629321.46,129555471.58,73073849.88
408,74,2023,1007508141.16,1086834242.58,-79326101.42
409,11,2015,3391657064.19,4879640285.05,-1487983220.86
410,101,2011,5317352845.78,8557840988.1,-3240488142.32
411,174,2011,384219249.36,194906035.85,189313213.51
412,99,2025,319116007.33,284124078.1,34991929.23
413,131,2013,42282747112.87,57993646925.73,-15710899812.86
414,34,2020,2244291508.98,1602556020.78,641735488.2
415,105,2014,9084495528.73,5317148253.47,3767347275.26
416,10,2023,1006137438.17,1635440023.74,-629302585.57
417,170,2023,8374943432.93,5459259019.36,2915684413.57
418,19,2002,4116544706.11,5497921353.07,-1381376646.96
419,91,2009,2076749521.37,3141398919.87,-1064649398.5
420,171,2001,2851236436.06,2534122102.88,317114333.18
421,129,2010,1558258633.4,1699342346.55,-141083713.15
422,85,2024,277742387543.78,305874610546.91,-28132223003.13
423,193,2003,6356243736.35,6061693566.12,294550170.23
424,69,2013,4218576161.22,5006414725.55,-787838564.33
425,185,2007,484556700632.44,507394525329.6,-22837824697.16
426,129,2004,548970831.64,689696454.26,-140725622.62
427,101,2017,17989656438.4,9093776817.8,8895879620.6
428,17,2020,89396029184.22,82804622408.51,6591406775.71
429,169,2006,37329728012.71,30736122277.71,6593605735.0
430,24,2006,674210279700.73,830974594572.49,-156764314871.76
431,191,2009,5952912358.21,4960897113.39,992015244.82
432,141,2021,1147947956.74,895677196.76,252270759.98
433,32,2007,323567361036.46,296832165063.94,26735195972.52
434,35,2004,10822956935.48,8191839629.06,2631117306.42
435,109,2023,480995975.48,529581505.92,-48585530.44
436,139,2020,249419719348.34,240429916647.94,8989802700.4
437,110,2004,162736251499.38,186490143388.4,-23753891889.02
438,133,2025,1906198420.38,1705985231.19,200213189.19
439,97,2026,580153964.91,515005247.61,65148717.3
440,45,2000,2718902522.8,2876347407.45,-157444884.65
441,48,2024,32750262.42,45892367.96,-13142105.54
442,59,2004,1150585019.81,1751650516.8,-601065496.99
443,76,2003,2711217075176.64,2653026601416.9,58190473759.74
444,77,2024,1381057380091.08,1472162626005.4,-91105245914.32
445,77,2021,1208429030389.02,1055421724392.58,153007305996.44
446,194,2006,4186424940.91,6149241661.46,-1962816720.55
447,187,2019,584830581.65,652139887.93,-67309306.28
448,173,2006,134205607833.68,124003791201.09,10201816632.59
449,193,2010,6057625282.09,8949822878.61,-2892197596.52
450,122,2014,40338305759.4,36906499012.26,3431806747.14
451,75,2019,67857965.7,80067603.6,-12209637.9
452,75,2012,50226722.19,38586290.91,11640431.28
453,108,2015,2742378670.11,2040742270.38,701636399.73
454,79,2013,26136820007.07,14034479404.78,12102340602.29
455,165,2001,927708296.86,1624532200.94,-696823904.08
456,42,2019,994171029.19,1091199074.61,-97028045.42
457,138,2011,22230410029.68,19194267635.01,3036142394.67
458,69,2020,1390632502.94,1266042754.22,124589748.72
459,163,2000,3486450034.42,5044290381.13,-1557840346.71
460,153,2025,4036496247.54,2008717076.79,2027779170.75
461,138,2016,47020434630.37,40798900249.78,6221534380.59
462,46,2005,2955312328.0,1761661316.28,1193651011.72
463,91,2003,767328260.95,682999958.09,84328302.86
464,44,2015,625707007.39,426293819.71,199413187.68
465,122,2007,17267111682.66,24787825095.95,-7520713413.29
466,185,2025,199399268243.16,274730507816.53,-75331239573.37
467,16,2010,1884231214.8,2214620027.47,-330388812.67
468,56,2002,247177657.02,265088499.75,-17910842.73
469,158,2016,653739575.59,492434946.98,161304628.61
470,156,2001,40373656601.29,44828746030.52,-4455089429.23
471,173,2019,290238326892.42,556470770892.97,-266232444000.55
472,176,2008,29917925.03,47438867.72,-17520942.69
473,75,2001,60375267.6,43344587.39,17030680.21
474,82,2014,321391885297.04,390824904158.68,-69433018861.64
475,174,2000,416219227.22,408711020.32,7508206.9
476,50,2021,11943100222.11,7804229763.73,4138870458.38
477,114,2019,1648034477.38,1142352839.92,505681637.46
478,147,2004,20890655.87,24943875.01,-4053219.14
479,39,2021,1806131740.58,2924885844.09,-1118754103.51
480,46,2009,3057934883.88,2348628135.32,709306748.56
481,132,2003,1686652.03,1384271.19,302380.84
482,176,2010,9331039.25,4973808.93,4357230.32
483,114,2015,478674012.82,350908833.16,127765179.66
484,65,2021,10369224661.84,10642989662.58,-273765000.74
485,49,2005,4577152599.2,4826664818.43,-249512219.23
486,3,2006,11015433155.13,15512568977.92,-4497135822.79
487,13,2024,149061947.92,164074088.34,-15012140.42
488,129,2023,3040890951.75,3054811114.62,-13920162.87
489,170,2001,3492927346.87,4794907826.09,-1301980479.22
490,183,2008,2003773662.12,3681238613.2,-1677464951.08
491,81,2023,4877911072.92,4600634426.77,277276646.15
492,9,2012,82513824002.53,94646415489.68,-12132591487.15
493,165,2014,10179730874.02,14937597203.16,-4757866329.14
494,172,2009,21678928704.91,19522662202.97,2156266501.94
495,190,2019,101579.62,145221.54,-43641.92
496,177,2016,258107026.44,404670392.83,-146563366.39
497,146,2020,56955933.14,68375855.7,-11419922.56
498,67,2026,34614906.45,28410999.07,6203907.38
499,17,2019,88041565754.87,57081878560.24,30959687194.63
500,32,2009,289628510298.24,212753440937.49,76875069360.75
501,65,2012,5434657688.92,3754095947.12,1680561741.8
502,179,2007,83407755558.54,47917043104.72,35490712453.82
503,166,2017,11029542673.79,20012243396.19,-8982700722.4
504,100,2022,397673514.26,393314923.34,4358590.92
505,149,2022,5189739.53,3156778.32,2032961.21
506,83,2002,9712117865.84,9508364023.29,203753842.55
507,69,2005,2447015332.79,3207273603.55,-760258270.76
508,178,2024,5930887344.26,5820548059.2,110339285.06
509,66,2001,717189926.82,688182701.39,29007225.43
510,133,2021,3316849399.28,1909421770.07,1407427629.21
511,105,2015,3669273042.89,5975275503.56,-2306002460.67
512,45,2018,4283776760.47,3766117865.63,517658894.84
513,87,2005,4993435171.14,9841694079.72,-4848258908.58
514,77,2003,877352846910.23,912411420714.61,-35058573804.38
515,166,2003,12564731226.18,19173527784.63,-6608796558.45
516,33,2014,812902183.27,902720926.45,-89818743.18
517,53,2007,126678766.08,111536455.25,15142310.83
518,62,2023,843145366.72,910175094.01,-67029727.29
519,23,2015,975796133.29,941631541.16,34164592.13
520,58,2007,332753975.55,265479426.14,67274549.41
521,158,2005,412911038.42,471537273.11,-58626234.69
522,102,2022,10430897910.03,9670106213.64,760791696.39
523,71,2024,353273751.36,511374251.26,-158100499.9
524,36,2010,912862439236.91,1473282700043.88,-560420260806.97
525,148,2026,157500119.25,174212902.02,-16712782.77
526,66,2025,6305799033.0,3690045272.91,2615753760.09
527,22,2016,1718096763.38,2221329640.15,-503232876.77
528,48,2005,7038247.23,7125476.75,-87229.52
529,6,2017,19192764.97,12348757.57,6844007.4
530,9,2005,22534014716.59,15333493162.67,7200521553.92
531,189,2000,43264598.91,44249052.36,-984453.45
532,62,2026,1922803015.37,931194980.39,991608034.98
533,187,2023,690538171.7,382665426.32,307872745.38
534,1,2015,15039099525.49,9059373604.88,5979725920.61
535,177,2015,283363590.15,223985443.03,59378147.12
536,142,2006,5874917173.77,5740716180.52,134200993.25
537,168,2007,2542966940.78,1932888504.6,610078436.18
538,105,2025,14466225110.48,8078720442.62,6387504667.86
539,97,2000,381094174.2,611791435.39,-230697261.19
540,167,2006,124586248.09,75033847.31,49552400.78
541,173,2021,103057152749.77,167624281156.21,-64567128406.44
542,104,2001,197045598.94,116342889.08,80702709.86
543,126,2012,86157579614.15,64873088478.44,21284491135.71
544,43,2007,2175534961.36,1088910556.93,1086624404.43
545,68,2021,10529241658.46,6593279913.61,3935961744.85
546,94,2025,3086381437.11,2336307805.0,750073632.11
547,86,2003,738460993.54,948336610.19,-209875616.65
548,50,2013,2062904764.24,3147703779.97,-1084799015.73
549,170,2003,1024233375.38,1040835075.59,-16601700.21
550,31,2026,22168890270.6,20617745015.58,1551145255.02
551,10,2017,2096393441.44,3733177492.15,-1636784050.71
552,60,2005,128518965551.32,131806769900.6,-3287804349.28
553,45,2012,2422175556.29,3516089367.34,-1093913811.05
554,9,2004,123843251898.73,184737692943.59,-60894441044.86
555,116,2016,9976072529.42,8245559711.85,1730512817.57
556,7,2005,10558101038.2,5217119346.83,5340981691.37
557,83,2018,6602096630.34,5565029703.23,1037066927.11
558,29,2017,129603473.92,162013146.52,-32409672.6
559,28,2003,5666920007.62,5998727504.18,-331807496.56
560,61,2008,218255350.7,218780991.61,-525640.91
561,169,2021,129502983526.5,126220599706.89,3282383819.61
562,106,2000,148712732.44,143691132.47,5021599.97
563,155,2017,2737700335.31,2664139775.6,73560559.71
564,165,2005,12707119373.56,8573658108.27,4133461265.29
565,145,2009,8821708.29,6544834.83,2276873.46
566,36,2002,2269949817985.15,3519327632643.05,-1249377814657.9
567,41,2005,2536104530.4,2631823895.47,-95719365.07
568,102,2009,5217533956.17,4919506904.88,298027051.29
569,183,2003,14586049214.52,7521410145.11,7064639069.41
570,42,2012,835721820.43,1453042052.25,-617320231.82
571,63,2002,284285868.61,223857917.31,60427951.3
572,128,2021,1262235543.09,1133310619.85,128924923.24
573,71,2019,190097350.11,172224628.81,17872721.3
574,190,2011,87018.46,148910.83,-61892.37
575,172,2006,23114423488.02,20511654907.11,2602768580.91
576,164,2006,331321665065.33,284078436785.44,47243228279.89
577,143,2016,211265637451.71,252225722158.03,-40960084706.32
578,90,2004,1989582135.61,1294549426.96,695032708.65
579,101,2001,4754541083.69,6896131311.94,-2141590228.25
580,117,2011,12886474048.8,18552090182.6,-5665616133.8
581,109,2022,191270399.02,282353295.48,-91082896.46
582,156,2014,42656413773.73,29908351743.67,12748062030.06
583,79,2022,15317160935.3,24429271287.97,-9112110352.67
584,179,2018,537532842390.74,410217547168.39,127315295222.35
585,189,2014,123022692.15,120256009.32,2766682.83
586,129,2012,2784801839.07,3369533307.25,-584731468.18
587,140,2020,4524512511.41,4495838016.91,28674494.5
588,24,2000,553799802065.59,633214669412.8,-79414867347.21
589,27,2021,2922324399.01,3105687422.76,-183363023.75
590,125,2025,2177380953.37,3259475001.81,-1082094048.44
591,160,2019,2648857153.57,3051842554.63,-402985401.06
592,164,2009,68627901206.43,56893807597.97,11734093608.46
593,148,2019,96591243.24,79663083.18,16928160.06
594,161,2018,15001293456.56,20547301719.72,-5546008263.16
595,161,2006,7582881230.89,12030926104.33,-4448044873.44
596,52,2006,440244900.1,506309803.05,-66064902.95
597,109,2002,98584557.68,81684374.15,16900183.53
598,122,2021,124719516871.75,135174382597.96,-10454865726.21
599,93,2005,272204443.6,231425175.54,40779268.06
600,26,2010,3992062762.67,3354184285.05,637878477.62
601,79,2021,27845390798.66,27436089765.1,409301033.56
602,148,2004,101571077.02,74781353.97,26789723.05
603,77,2002,273039318878.65,267601399883.17,5437918995.48
604,94,2008,2193646485.99,2336639571.45,-142993085.46
605,119,2007,730781791.52,1275211521.54,-544429730.02
606,195,2015,3151700617.91,1693260625.64,1458439992.27
607,162,2011,222321806818.08,255787843859.33,-33466037041.25
608,192,2012,239022959673.37,158731477654.97,80291482018.4
609,131,2019,76988662309.32,93122344186.63,-16133681877.31
610,117,2019,10924745829.29,12780683061.91,-1855937232.62
611,88,2011,9469062646.45,8629794054.39,839268592.06
612,86,2006,3401445445.64,6070167250.85,-2668721805.21
613,38,2006,227451317.99,339278118.4,-111826800.41
614,178,2006,2302233774.74,1861747047.68,440486727.06
615,183,2013,19748709399.5,13181036843.91,6567672555.59
616,183,2001,13537142148.44,10150001520.71,3387140627.73
617,127,2018,12016631886.67,7677780786.41,4338851100.26
618,60,2018,292475600842.49,242744536602.56,49731064239.93
619,184,2013,74376601409.23,61740726399.92,12635875009.31
620,4,2023,29646276.05,22511440.09,7134835.96
621,143,2021,778693759111.76,458917425271.76,319776333840.0
622,109,2006,434587004.85,450998910.99,-16411906.14
623,135,2025,8101305406.97,6939759584.22,1161545822.75
624,23,2020,404493292.25,578299961.3,-173806669.05
625,67,2014,53723680.42,68080021.71,-14356341.29
626,14,2008,43690456047.91,41378299347.59,2312156700.32
627,104,2024,200898184.38,217067527.44,-16169343.06
628,41,2025,1225462483.66,1380879234.98,-155416751.32
629,155,2002,1247478762.44,737195727.27,510283035.17
630,103,2022,58383515620.34,52682606787.56,5700908832.78
631,19,2010,1375621095.04,720148220.4,655472874.64
632,13,2019,672459765.93,1233425486.73,-560965720.8
633,71,2022,378784827.52,282668321.03,96116506.49
634,1,2009,20913134611.82,12926224988.13,7986909623.69
635,141,2010,967362189.08,1022500513.63,-55138324.55
636,2,2003,481535736.46,919940455.96,-438404719.5
637,179,2001,202842360641.91,99428772548.17,103413588093.74
638,140,2012,3300098835.85,3184889049.2,115209786.65
639,158,2017,758841654.68,742296882.63,16544772.05
640,31,2008,5200704434.2,5207542219.33,-6837785.13
641,145,2015,25518700.87,22692080.71,2826620.16
642,23,2018,1484471324.22,1936430581.0,-451959256.78
643,23,2007,559072689.29,990376633.43,-431303944.14
644,145,2000,7141222.08,5664035.06,1477187.02
645,184,2018,11444969162.98,8716513369.1,2728455793.88
646,132,2008,1676911.89,2886471.97,-1209560.08
647,32,2008,44523379283.41,26157644249.09,18365735034.32
648,121,2022,4126415737.56,2636585970.62,1489829766.94
649,158,2000,809078952.51,611893761.3,197185191.21
650,112,2025,1110699351.94,1593670481.76,-482971129.82
651,168,2025,1317233927.84,1059344975.03,257888952.81
652,108,2008,718651678.27,576668509.62,141983168.65
653,112,2004,1417969171.27,739166078.77,678803092.5
654,118,2024,10970175440.78,21431584782.24,-10461409341.46
655,16,2013,4923972857.07,4846229980.73,77742876.34
656,46,2010,2666572137.5,2523235207.18,143336930.32
657,125,2023,10865248990.84,11037208900.28,-171959909.44
658,106,2002,82672563.3,97714606.14,-15042042.84
659,147,2003,47279191.79,32042314.19,15236877.6
660,117,2004,3540093249.11,6102322021.07,-2562228771.96
661,9,2003,26425560536.19,34347420603.39,-7921860067.2
662,188,2017,5612206508.21,8774112117.79,-3161905609.58
663,195,2007,5433937908.48,4580383949.43,853553959.05
664,72,2000,938366633.19,823655033.88,114711599.31
665,158,2018,1111946649.93,527470120.3,584476529.63
666,108,2018,897001533.44,1061982383.11,-164980849.67
667,18,2022,70829138.47,76276385.87,-5447247.4
668,137,2006,3372863118.26,3584377668.33,-211514550.07
669,186,2004,146941432672.58,137829907317.07,9111525355.51
670,60,2023,272878784200.85,440208907556.93,-167330123356.08
671,190,2013,215473.08,155543.53,59929.55
672,12,2008,145742457.18,123757116.74,21985340.44
673,110,2013,395676532760.12,448100189279.02,-52423656518.9
674,39,2024,1743509326.6,1524565572.83,218943753.77
675,125,2014,8385295459.76,16315967476.35,-7930672016.59
676,179,2022,255961892119.54,438197988631.0,-182236096511.46
677,17,2007,14756948352.34,9405262102.42,5351686249.92
678,138,2026,68021048577.48,45881652900.19,22139395677.29
679,154,2023,37471433.17,35892947.78,1578485.39
680,148,2010,66435107.36,53106933.13,13328174.23
681,189,2016,123022332.42,157576453.57,-34554121.15
682,130,2004,1893806454.21,1619808390.06,273998064.15
683,163,2001,2428399074.67,4303501052.48,-1875101977.81
684,159,2014,165853597.03,96820323.72,69033273.31
685,140,2019,1770353304.98,1505058876.66,265294428.32
686,10,2009,2687457014.76,3779944230.02,-1092487215.26
687,122,2025,36758183410.15,40856597000.4,-4098413590.25
688,24,2002,219568685129.07,225658567732.54,-6089882603.47
689,101,2024,14457546124.98,11599056416.43,2858489708.55
690,103,2004,39413613726.64,72624799543.27,-33211185816.63
691,112,2021,1942430639.31,1472241943.84,470188695.47
692,13,2022,682709937.75,538233188.51,144476749.24
693,76,2018,8291929398584.69,8344205836793.81,-52276438209.12
694,52,2018,2803183848.88,3003293589.69,-200109740.81
695,32,2026,128822649150.17,92628604199.02,36194044951.15
696,81,2010,3487465449.43,3019338591.8,468126857.63
697,36,2005,1783011467693.73,1083226754785.17,699784712908.56
698,9,2021,118574086327.69,82462673869.39,36111412458.3
699,115,2011,75713348.24,63097702.92,12615645.32
700,167,2015,127221139.51,144266648.47,-17045508.96
701,121,2016,7159135396.05,8319026070.39,-1159890674.34
702,103,2005,183054831335.7,264193870577.42,-81139039241.72
703,176,2020,16993167.59,16512264.31,480903.28
704,141,2013,1860087861.4,1416851642.74,443236218.66
705,38,2005,110442299.94,141528953.37,-31086653.43
706,44,2013,359433006.97,293894005.4,65539001.57
707,194,2018,2490056399.13,3512244747.28,-1022188348.15
708,29,2019,41030050.03,35780205.26,5249844.77
709,43,2020,1400142453.39,2349905719.22,-949763265.83
710,191,2025,4407096830.69,2459378848.17,1947717982.52
711,163,2007,1915742811.51,2090165042.56,-174422231.05
712,187,2013,640199723.37,777070367.92,-136870644.55
713,37,2000,9996862841.79,15686016983.99,-5689154142.2
714,117,2009,15991569099.37,10471297958.41,5520271140.96
715,77,2018,414665887365.76,224420829525.91,190245057839.85
716,132,2018,3759131.57,5144739.33,-1385607.76
717,126,2016,21836886783.85,34697492921.79,-12860606137.94
718,119,2021,321340988.7,259824706.26,61516282.44
719,53,2017,597814881.87,1194817503.94,-597002622.07
720,8,2008,595747686.32,752268140.15,-156520453.83
721,173,2017,349374540352.61,482021105673.22,-132646565320.61
722,39,2018,1713323000.87,1722821559.61,-9498558.74
723,19,2020,4634998831.54,6742741948.45,-2107743116.91
724,138,2004,42038740712.43,38400971433.81,3637769278.62
725,28,2009,3451309033.58,6210163410.8,-2758854377.22
726,122,2020,90550579570.15,130300005065.4,-39749425495.25
727,81,2016,6902125763.35,5922033339.7,980092423.65
728,137,2005,11471684580.09,9489398616.99,1982285963.1
729,23,2004,226995910.78,157793652.74,69202258.04
730,16,2009,784597952.67,1174364955.75,-389767003.08
731,153,2023,531518398.88,639613796.14,-108095397.26
732,41,2015,2798083704.35,2454294187.34,343789517.01
733,31,2003,5390757152.8,6830356601.92,-1439599449.12
734,90,2018,1481093025.31,2237333818.05,-756240792.74
735,61,2001,898608016.79,730146260.26,168461756.53
736,110,2017,134024539303.79,121391598569.27,12632940734.52
737,65,2019,15290202639.67,8714715269.15,6575487370.52
738,148,2011,30330869.77,25723270.69,4607599.08
739,84,2011,195972631.72,309872855.9,-113900224.18
740,102,2008,8951339100.16,8894894529.43,56444570.73
741,17,2000,18768504813.99,23587058808.18,-4818553994.19
742,7,2011,2326029291.27,2568282573.48,-242253282.21
743,133,2026,2949895429.08,2777484515.57,172410913.51
744,82,2007,342428931236.78,361914363752.1,-19485432515.32
745,48,2014,27043384.36,31305940.62,-4262556.26
746,29,2012,292531801.33,167879593.18,124652208.15
747,183,2000,9001012777.86,9342031153.33,-341018375.47
748,123,2002,754438802.19,531672592.13,222766210.06
749,9,2020,46217443566.33,38442208195.92,7775235370.41
750,159,2001,73811602.89,44699903.18,29111699.71
751,140,2024,3106137009.82,5218646127.83,-2112509118.01
752,39,2001,378996723.86,357788203.42,21208520.44
753,61,2006,253151304.55,178954045.66,74197258.89
754,34,2010,9388364089.37,9355935488.53,32428600.84
755,3,2013,9193991015.15,12882228145.64,-3688237130.49
756,113,2004,8312619.12,9141747.7,-829128.58
757,112,2009,795447913.17,723113709.38,72334203.79
758,26,2005,660933435.81,898164634.68,-237231198.87
759,143,2007,799159107098.52,1361532534723.27,-562373427624.75
760,37,2009,8360830355.38,6230090304.85,2130740050.53
761,60,2003,113457613371.29,159019005891.02,-45561392519.73
762,112,2018,714943019.16,640927591.59,74015427.57
763,146,2021,42320461.24,49030718.88,-6710257.64
764,184,2017,64960319667.24,37055436228.8,27904883438.44
765,142,2010,4935668329.42,4558971786.15,376696543.27
766,84,2016,616882806.0,738072544.05,-121189738.05
767,78,2026,40484391149.69,33392159599.25,7092231550.44
768,94,2021,4681185436.41,2016053304.32,2665132132.09
769,27,2003,2462199127.65,1667731474.72,794467652.93
770,18,2015,183010493.28,194026272.32,-11015779.04
771,177,2012,831831832.31,507124707.19,324707125.12
772,113,2016,9672675.55,9845138.95,-172463.4
773,195,2026,3603823381.77,4152095381.91,-548272000.14
774,145,2001,11993145.11,12759259.03,-766113.92
775,57,2021,54167673909.25,55460626250.06,-1292952340.81
776,161,2026,43610524732.8,52199068283.16,-8588543550.36
777,156,2000,20641143795.37,19403267365.1,1237876430.27
778,120,2006,5280286.02,4088081.69,1192204.33
779,154,2018,28869574.03,48818654.17,-19949080.14
780,59,2000,983860023.14,1400991659.16,-417131636.02
781,168,2016,810930851.46,1212157384.12,-401226532.66
782,136,2014,4353103775.8,2803618088.17,1549485687.63
783,105,2017,10704004920.95,11339736529.46,-635731608.51
784,181,2023,1383382.36,1763608.58,-380226.22
785,47,2023,536097068.1,338387931.35,197709136.75
786,163,2020,5273844047.92,5986521298.41,-712677250.49
787,105,2003,4832812945.75,4805927218.14,26885727.61
788,172,2024,38739463457.28,33671674235.58,5067789221.7
789,128,2019,766173018.59,669294554.11,96878464.48
790,12,2023,155894481.27,138006779.48,17887701.79
791,107,2024,16467187.2,17747376.22,-1280189.02
792,35,2019,3210829375.8,2602791633.69,608037742.11
793,180,2000,2042035525.92,1336523335.09,705512190.83
794,155,2011,3679173890.75,2796477275.94,882696614.81
795,8,2012,497109121.64,793327435.57,-296218313.93
796,16,2000,2201562331.63,1525711672.63,675850659.0
797,185,2026,299254042501.97,287942203931.66,11311838570.31
798,124,2008,542643095.52,419575103.68,123067991.84
799,25,2017,97781025.54,130700538.64,-32919513.1
800,89,2007,29855893.06,16465590.4,13390302.66
801,107,2011,13402796.2,22335846.82,-8933050.62
802,123,2007,507594978.7,468567965.83,39027012.87
803,1,2017,6669735943.51,7670720134.93,-1000984191.42
804,138,2018,26411709010.71,22081133160.05,4330575850.66
805,101,2023,14603196089.78,18787597992.06,-4184401902.28
806,78,2012,28375968940.91,32206500982.49,-3830532041.58
807,14,2015,49548280343.87,46925759719.56,2622520624.31
808,86,2017,1147413127.39,1666306432.81,-518893305.42
809,57,2019,45165387700.42,36009736111.72,9155651588.7
810,50,2025,14857497850.29,14465508323.03,391989527.26
811,178,2009,1136411171.48,2166002281.57,-1029591110.09
812,114,2020,805647917.55,671373663.18,134274254.37
813,172,2015,7835225962.14,9977009905.1,-2141783942.96
814,101,2007,7678080709.01,8510565413.53,-832484704.52
815,51,2025,56523165733.19,39975564141.3,16547601591.89
816,49,2016,1541340579.44,2937156896.73,-1395816317.29
817,115,2015,234580789.17,149933742.1,84647047.07
818,164,2000,145684681977.61,127032810979.18,18651870998.43
819,41,2018,3139280285.43,4207793644.97,-1068513359.54
820,128,2014,448966820.61,251360469.74,197606350.87
821,123,2010,1282705461.31,1162568938.54,120136522.77
822,151,2004,33354057311.93,50604098989.2,-17250041677.27
823,142,2003,4344671272.93,8746921131.47,-4402249858.54
824,23,2026,288467267.5,444304137.54,-155836870.04
825,134,2025,2104437592.74,2689965844.93,-585528252.19
826,175,2023,1596984451.01,1115508587.56,481475863.45
827,193,2020,7435931130.94,7801024849.83,-365093718.89
828,112,2014,1563683301.56,1445228762.27,118454539.29
829,41,2007,376810863.66,388493357.11,-11682493.45
830,155,2001,3998985179.33,3653377239.27,345607940.06
831,195,2018,5913037083.0,5581984309.89,331052773.11
832,61,2013,260556371.67,438666852.17,-178110480.5
833,175,2003,764464476.13,988620742.7,-224156266.57
834,12,2014,177147045.65,266525061.6,-89378015.95
835,126,2009,78116193095.76,55153125817.25,22963067278.51
836,37,2024,13726679415.83,9705661435.73,4021017980.1
837,182,2003,12480828140.37,11726906212.68,753921927.69
838,100,2019,159363314.67,103779918.72,55583395.95
839,169,2003,60951510546.97,62286381851.83,-1334871304.86
840,181,2001,1023943.26,1647211.02,-623267.76
841,12,2001,37468549.78,33682040.5,3786509.28
842,182,2015,25286490388.85,24402751836.42,883738552.43
843,67,2017,36974552.38,21920876.73,15053675.65
844,13,2005,94472661.39,88012780.88,6459880.51
845,174,2004,682236361.2,329023479.35,353212881.85
846,169,2014,81252668821.61,71985923199.15,9266745622.46
847,107,2017,18496889.91,20055549.45,-1558659.54
848,34,2000,6250191086.93,7507563418.63,-1257372331.7
849,180,2005,2268246988.27,2542408452.15,-274161463.88
850,91,2007,2802135287.48,1904809315.65,897325971.83
851,136,2010,2288255537.28,4520856849.89,-2232601312.61
852,102,2011,8870653394.2,7860620785.73,1010032608.47
853,120,2015,3382566.84,3231767.96,150798.88
854,154,2017,48287483.82,29864741.55,18422742.27
855,176,2012,22068658.12,33159782.67,-11091124.55
856,18,2010,181753665.85,177608882.59,4144783.26
857,77,2015,1166473692717.2,1525973092695.55,-359499399978.35
858,79,2025,4843013101.22,6858175364.59,-2015162263.37
859,6,2000,44099635.5,41506222.07,2593413.43
860,134,2003,670129922.06,775848414.31,-105718492.25
861,55,2016,652637982.37,514901402.08,137736580.29
862,170,2008,2732945639.49,4569320882.88,-1836375243.39
863,191,2006,3435819138.18,4350690454.96,-914871316.78
864,1,2004,4412188159.62,5391109740.91,-978921581.29
865,11,2021,1504781063.39,1992215498.44,-487434435.05
866,93,2018,513227083.59,525248266.29,-12021182.7
867,142,2009,5181084127.24,4191467953.65,989616173.59
868,14,2010,36019615802.06,52821041785.65,-16801425983.59
869,58,2000,244394711.89,411322236.57,-166927524.68
870,179,2019,210316595833.83,233588368471.37,-23271772637.54
871,116,2001,2598541172.09,3682380289.94,-1083839117.85
872,137,2024,30144767168.86,14372719441.89,15772047726.97
873,33,2009,1137560441.53,1571557648.3,-433997206.77
874,30,2015,2011118444.44,3312279021.35,-1301160576.91
875,120,2008,3278888.83,2828436.19,450452.64
876,42,2005,897385227.3,982275646.94,-84890419.64
877,133,2000,202167270.1,224919651.54,-22752381.44
878,25,2003,95365651.82,110536718.18,-15171066.36
879,149,2018,9989732.37,13075409.98,-3085677.61
880,79,2008,18233997744.42,14242441974.1,3991555770.32
881,79,2023,17028508196.41,12031640793.25,4996867403.16
882,24,2001,121454608900.02,88359152449.1,33095456450.92
883,172,2000,28288184011.97,15961392914.88,12326791097.09
884,43,2022,2011686340.12,2565952665.83,-554266325.71
885,47,2004,77210519.75,93270574.56,-16060054.81
886,50,2017,9917767620.34,6823599977.51,3094167642.83
887,29,2006,152685746.63,153691037.39,-1005290.76
888,126,2025,92823422155.59,114855970433.49,-22032548277.9
889,191,2022,3864559028.25,2960239761.36,904319266.89
890,144,2000,3967359667.85,2738105750.75,1229253917.1
891,88,2009,11637024883.94,9179228447.11,2457796436.83
892,40,2021,18474988846.22,16182094233.62,2292894612.6
893,8,2023,1212049474.61,1177870124.69,34179349.92
894,193,2001,5782330974.88,5839363402.36,-57032427.48
895,124,2025,5075416999.76,3053238510.14,2022178489.62
896,101,2005,7282189694.61,8850249648.34,-1568059953.73
897,31,2002,4079799018.47,5356992387.16,-1277193368.69
898,15,2013,95812546.71,68655339.46,27157207.25
899,2,2013,1825550985.13,2084730083.7,-259179098.57
900,52,2017,1738298217.28,2818771623.0,-1080473405.72
901,21,2006,4978401971.69,3317351177.39,1661050794.3
902,13,2016,382307211.62,298705505.05,83601706.57
903,108,2000,1100571064.55,1612097174.4,-511526109.85
904,82,2016,195237038498.67,164471557542.48,30765480956.19
905,125,2003,2868958036.93,3295995592.72,-427037555.79
906,41,2004,2467965662.36,1622617515.56,845348146.8
907,142,2012,4036369961.78,2117348474.99,1919021486.79
908,31,2025,3636337741.01,5132760520.11,-1496422779.1
909,27,2022,7172976988.6,6456809513.0,716167475.6
910,151,2013,65442411206.08,51922079829.71,13520331376.37
911,187,2003,772002166.0,805507292.7,-33505126.7
912,30,2026,4216924309.71,3380797829.58,836126480.13
913,2,2007,684556019.87,372462006.22,312094013.65
914,96,2020,3380738741.07,4061388077.82,-680649336.75
915,190,2023,535306.96,485843.98,49462.98
916,27,2023,1509692616.44,1697104044.68,-187411428.24
917,6,2026,59337774.58,44866790.62,14470983.96
918,17,2006,21874838502.91,15336379708.67,6538458794.24
919,189,2015,149432827.88,192853717.2,-43420889.32
920,42,2002,591726245.71,1203674513.55,-611948267.84
921,38,2022,405857225.95,457989714.59,-52132488.64
922,113,2019,12835686.16,19477635.71,-6641949.55
923,32,2017,184190740388.83,198435907086.98,-14245166698.15
924,179,2005,183718261117.4,207711519551.62,-23993258434.22
925,163,2006,5396562013.39,3665147624.56,1731414388.83
926,3,2020,25185218106.64,32840770412.91,-7655552306.27
927,83,2011,7324688152.86,7888968687.31,-564280534.45
928,163,2010,3685559999.99,4442825379.85,-757265379.86
929,138,2022,27058241003.96,28578919991.49,-1520678987.53
930,110,2014,555892701312.86,393269805599.34,162622895713.52
931,131,2026,112771537821.67,115560206673.49,-2788668851.82
932,163,2004,2990113508.94,3667035173.54,-676921664.6
933,171,2000,1786485072.55,1644744904.82,141740167.73
934,156,2008,53944748172.07,59471460168.02,-5526711995.95
935,144,2007,2743408384.65,1594587749.31,1148820635.34
936,183,2017,3810557211.46,5270254020.58,-1459696809.12
937,69,2017,5415262684.73,5382172739.88,33089944.85
938,61,2021,1074056768.71,1270949946.01,-196893177.3
939,19,2008,6366675620.03,4076035747.99,2290639872.04
940,88,2014,7685047099.16,6944314261.19,740732837.97
941,115,2008,104545919.4,221199740.03,-116653820.63
942,178,2022,1759366485.45,1882540526.48,-123174041.03
943,162,2026,47612553894.93,40836651443.58,6775902451.35
944,107,2004,12184430.47,6068295.49,6116134.98
945,165,2015,5419478168.38,4633423159.99,786055008.39
946,165,2011,6393672972.11,7702225603.74,-1308552631.63
947,169,2008,43792129895.63,33680312862.99,10111817032.64
948,163,2026,6441747902.21,6251069942.04,190677960.17
949,129,2013,1860537030.72,2036538699.54,-176001668.82
950,175,2014,4373564154.98,3646665191.9,726898963.08
951,22,2018,881627699.83,899174524.14,-17546824.31
952,32,2020,368380906894.3,224675321142.16,143705585752.14
953,4,2018,47323760.71,45620111.88,1703648.83
954,3,2005,20662143587.71,13685887728.5,6976255859.21
955,68,2022,2224477878.47,1706566814.92,517911063.55
956,115,2026,123947173.87,122361691.31,1585482.56
957,4,2002,33938234.24,17975909.67,15962324.57
958,8,2000,309963040.85,345428413.06,-35465372.21
959,56,2017,207453692.48,150689475.8,56764216.68
960,150,2013,24369946.06,43609961.18,-19240015.12
961,123,2023,3505324412.69,3540153082.78,-34828670.09
962,48,2012,23885945.01,13673887.98,10212057.03
963,116,2017,11953946749.95,9196110410.58,2757836339.37
964,93,2016,1237711888.6,847254372.54,390457516.06
965,128,2002,351566452.92,466803997.71,-115237544.79
966,16,2011,4987212301.92,3156866697.34,1830345604.58
967,143,2003,83859323861.22,70651664281.37,13207659579.85
968,50,2016,2761893918.86,2603975237.59,157918681.27
969,53,2018,576591898.06,799926595.88,-223334697.82
970,99,2012,1777139508.93,942468878.37,834670630.56
971,151,2011,108874216080.71,77763958499.05,31110257581.66
972,27,2010,5563161941.26,9170977887.62,-3607815946.36
973,96,2016,2133279965.15,1895393121.13,237886844.02
974,171,2006,3253276536.26,5184118776.44,-1930842240.18
975,16,2012,3559466174.3,3971364855.34,-411898681.04
976,92,2015,2369197902.11,2281935311.3,87262590.81
977,151,2001,191103784072.85,340730761593.76,-149626977520.91
978,54,2012,889287540.66,1454305573.37,-565018032.71
979,85,2008,231871360301.76,134695287094.95,97176073206.81
980,195,2024,4063928580.35,6722863987.52,-2658935407.17
981,152,2006,3592005956.38,3019537378.27,572468578.11
982,63,2014,1341732836.51,1031993854.17,309738982.34
983,123,2004,1274506137.21,2026610837.75,-752104700.54
984,132,2017,5285714.52,4046480.76,1239233.76
985,52,2026,1480634597.35,1498893396.77,-18258799.42
986,180,2018,2029454424.92,1824608488.32,204845936.6
987,20,2006,188900896.98,274052137.58,-85151240.6
988,108,2001,1805463321.93,2445846160.57,-640382838.64
989,189,2011,147756561.09,104569574.92,43186986.17
990,84,2023,463846978.08,420780088.24,43066889.84
991,78,2013,33212475316.5,17247081479.88,15965393836.62
992,64,2025,605787365003.6,744163652556.13,-138376287552.53
993,2,2011,993976178.9,895017389.03,98958789.87
994,99,2003,1469556816.48,1138071589.18,331485227.3
995,16,2019,4067987271.62,5871553422.62,-1803566151.0
996,149,2015,17985963.76,18908220.9,-922257.14
997,116,2024,22503464938.35,20629518107.22,1873946831.13
998,55,2002,412283411.1,603154501.91,-190871090.81
999,115,2024,270828304.56,217177991.04,53650313.52
1000,130,2011,1868515879.49,1970983514.66,-102467635.17
1001,151,2005,57506667680.82,102113167139.76,-44606499458.94
1002,136,2026,1556327503.64,801843108.94,754484394.7
1003,54,2020,1930067280.66,2062430254.7,-132362974.04
1004,99,2022,395842424.28,367812180.63,28030243.65
1005,7,2014,14700494680.92,13625798751.21,1074695929.71
1006,4,2001,20799902.87,10735982.8,10063920.07
1007,46,2023,2386653898.79,1316661640.32,1069992258.47
1008,143,2023,247150842403.71,333098197040.22,-85947354636.51
1009,25,2018,176632914.43,170636541.92,5996372.51
1010,194,2024,12483080058.38,18060451415.77,-5577371357.39
1011,13,2021,703836742.04,588338561.48,115498180.56
1012,189,2001,29408051.04,28083464.9,1324586.14
1013,163,2005,3668234675.28,5780341248.45,-2112106573.17
1014,133,2009,1132507791.3,552941765.81,579566025.49
1015,172,2008,5728338742.56,5432323290.29,296015452.27
1016,16,2021,3055854766.59,3748739636.24,-692884869.65
1017,103,2017,136206936451.85,139189102034.99,-2982165583.14
1018,92,2005,554562992.05,784704726.83,-230141734.78
1019,136,2000,1500813864.37,2435935699.17,-935121834.8
1020,192,2019,581316954825.42,887283194568.6,-305966239743.18
1021,139,2016,19083452739.0,18784495171.1,298957567.9
1022,178,2004,1764713281.12,986561299.81,778151981.31
1023,112,2023,876248469.05,581461182.27,294787286.78
1024,63,2001,538219591.03,603510579.08,-65290988.05
1025,145,2024,5559817.08,6044129.42,-484312.34
1026,93,2023,883712435.9,818143761.79,65568674.11
1027,97,2010,2167415292.46,1149927743.55,1017487548.91
1028,113,2017,7617455.25,5804336.78,1813118.47
1029,166,2016,4608429261.57,6044470296.55,-1436041034.98
1030,45,2016,3360399837.73,3092777555.54,267622282.19
1031,162,2024,53415960666.91,49772512654.29,3643448012.62
1032,47,2007,676670677.3,521480337.25,155190340.05
1033,169,2017,37655087427.26,32811635715.78,4843451711.48
1034,22,2013,1368451876.63,1574398920.27,-205947043.64
1035,27,2011,3162150811.82,2556655594.52,605495217.3
1036,19,2021,8310151604.08,5398231980.98,2911919623.1
1037,156,2007,6017874473.93,6179622694.61,-161748220.68
1038,130,2006,746740131.03,976002802.8,-229262671.77
1039,177,2018,790707804.16,581643153.57,209064650.59
1040,188,2014,14857240256.96,15734843478.7,-877603221.74
1041,190,2025,186153.9,298686.41,-112532.51
1042,109,2005,609696012.73,555738758.45,53957254.28
1043,117,2026,14288626300.78,11997722528.41,2290903772.37
1044,134,2021,1618218677.71,1821252893.56,-203034215.85
1045,129,2011,860128068.39,951626136.55,-91498068.16
1046,50,2010,2558466271.74,3164606137.09,-606139865.35
1047,62,2014,610165135.98,798284275.44,-188119139.46
1048,141,2003,1368063539.5,729035029.44,639028510.06
1049,180,2013,2748871394.04,3268291286.9,-519419892.86
1050,183,2025,9484978071.7,9796534255.36,-311556183.66
1051,8,2009,1232947763.83,1320883758.01,-87935994.18
1052,55,2021,212240189.77,190790725.86,21449463.91
1053,67,2004,7601299.2,10419996.83,-2818697.63
1054,125,2020,5070979836.91,6593435178.96,-1522455342.05
1055,96,2005,1751758486.63,1743776673.35,7981813.28
1056,59,2021,2907204753.92,3197041307.75,-289836553.83
1057,81,2004,4203017267.43,4194020637.32,8996630.11
1058,169,2019,58873873689.76,53473553024.15,5400320665.61
1059,96,2026,1946133513.16,2253318097.25,-307184584.09
1060,160,2017,1255849732.65,2381503727.66,-1125653995.01
1061,135,2019,2766068109.32,2490945517.13,275122592.19
1062,151,2000,111912466267.14,130774769544.81,-18862303277.67
1063,57,2013,43892546056.27,83702203844.99,-39809657788.72
1064,74,2012,2709607355.62,3268789501.36,-559182145.74
1065,127,2009,2830557310.62,1946836710.63,883720599.99
1066,19,2013,6799406257.24,5736293495.75,1063112761.49
1067,168,2006,1676958510.26,1494087306.61,182871203.65
1068,123,2013,1820863855.87,1729767765.86,91096090.01
1069,134,2022,3155200157.21,3712282969.01,-557082811.8
1070,127,2015,6461746104.32,7786394545.14,-1324648440.82
1071,173,2007,197067158692.09,196959331753.33,107826938.76
1072,116,2002,4700165611.66,7725188739.04,-3025023127.38
1073,156,2004,18337509413.96,12843711799.48,5493797614.48
1074,146,2026,100757072.77,101130164.75,-373091.98
1075,44,2023,611966139.02,689759866.83,-77793727.81
1076,66,2012,3457589595.96,2680943710.42,776645885.54
1077,24,2024,361884672710.46,428832237873.66,-66947565163.2
1078,69,2010,955886372.43,895696104.28,60190268.15
1079,107,2023,18123146.45,20015313.27,-1892166.82
1080,146,2007,44201812.58,88306420.92,-44104608.34
1081,151,2017,210845619476.1,185046565984.01,25799053492.09
1082,90,2015,1600570937.8,1111408655.31,489162282.49
1083,111,2019,38029387.44,27354166.28,10675221.16
1084,159,2016,437876907.49,313587024.25,124289883.24
1085,146,2001,22287134.46,20989833.25,1297301.21
1086,28,2016,1908305341.45,3942474362.89,-2034169021.44
1087,179,2010,277726315888.03,375729527482.87,-98003211594.84
1088,5,2019,19291610182.91,26294580890.61,-7002970707.7
1089,39,2014,3221729670.99,2379032008.85,842697662.14
1090,113,2009,4745579.04,2804527.67,1941051.37
1091,117,2000,8861234193.69,4163150494.42,4698083699.27
1092,92,2009,595425960.47,392812276.28,202613684.19
1093,84,2009,565112185.31,1246852976.3,-681740790.99
1094,43,2017,3028040278.16,3104450629.63,-76410351.47
1095,165,2000,6030440797.13,8975999588.95,-2945558791.82
1096,189,2010,124695623.85,159099523.98,-34403900.13
1097,99,2016,428250916.48,605368596.84,-177117680.36
1098,101,2010,9223346312.28,6312847194.17,2910499118.11
1099,187,2010,1492507106.78,1085958879.41,406548227.37
1100,11,2016,1542721211.58,1018313382.21,524407829.37
1101,25,2002,104697707.08,188742602.37,-84044895.29
1102,154,2021,58137453.64,60684834.39,-2547380.75
1103,54,2024,1003676447.09,1415806345.88,-412129898.79
1104,169,2026,23304771299.47,35950750473.81,-12645979174.34
1105,62,2004,390790670.18,460610013.75,-69819343.57
1106,150,2022,67247412.75,37440661.81,29806750.94
1107,77,2005,1309223019151.53,1271898133156.58,37324885994.95
1108,86,2022,6608615097.84,7583953337.38,-975338239.54
1109,41,2003,783667034.59,1167147098.37,-383480063.78
1110,184,2007,11041499349.17,8335888344.74,2705611004.43
1111,81,2012,5779018618.87,6540319584.75,-761300965.88
1112,145,2002,6770244.65,11939691.84,-5169447.19
1113,62,2008,1025008083.3,1125860341.61,-100852258.31
1114,92,2016,3756295042.51,3357931120.01,398363922.5
1115,35,2015,8600320549.61,8092582820.26,507737729.35
1116,68,2012,5175387119.8,5254890227.58,-79503107.78
1117,134,2006,515959440.07,624617417.75,-108657977.68
1118,3,2024,10691906545.63,12709137293.33,-2017230747.7
1119,122,2026,216719182509.59,222299608410.59,-5580425901.0
1120,137,2020,5324814452.97,9963615869.5,-4638801416.53
1121,138,2007,8491017573.24,8485842799.85,5174773.39
1122,95,2019,1032282372.09,945613042.53,86669329.56
1123,151,2002,79203505548.97,72615732966.2,6587772582.77
1124,156,2022,26145645059.67,28333757804.17,-2188112744.5
1125,23,2001,676077209.39,657480590.18,18596619.21
1126,34,2013,2532788728.53,3967949283.79,-1435160555.26
1127,176,2004,22046421.35,43381464.24,-21335042.89
1128,15,2005,63235879.36,97409178.73,-34173299.37
1129,60,2019,42123960457.99,54620496772.67,-12496536314.68
1130,8,2014,1064625568.78,753140572.19,311484996.59
1131,12,2026,229101603.48,183767399.14,45334204.34
1132,67,2024,24754669.17,42140741.61,-17386072.44
1133,132,2014,1542625.28,1266279.63,276345.65
1134,74,2017,2797805750.68,4990415180.51,-2192609429.83
1135,120,2007,3101408.23,2401364.04,700044.19
1136,188,2005,1934123237.46,2518075337.52,-583952100.06
1137,16,2022,2919473140.9,1868776048.08,1050697092.82
1138,131,2008,126142269637.21,125427040233.04,715229404.17
1139,170,2010,13203111412.1,13302633104.09,-99521691.99
1140,114,2025,1567758686.98,1127804187.79,439954499.19
1141,77,2013,477373209696.56,711955276889.5,-234582067192.94
1142,169,2001,34680793594.9,40652679019.55,-5971885424.65
1143,108,2022,1087580959.85,1171715638.24,-84134678.39
1144,119,2008,922057236.88,933047951.11,-10990714.23
1145,90,2019,3225012957.52,2976666801.9,248346155.62
1146,133,2004,677598897.34,1115482499.86,-437883602.52
1147,71,2012,331329485.3,367306645.42,-35977160.12
1148,10,2018,6358287241.61,5452168882.3,906118359.31
1149,12,2004,185238451.01,162671522.52,22566928.49
1150,162,2009,92780435017.83,199199327127.47,-106418892109.64
1151,154,2022,50209012.0,41592713.6,8616298.4
1152,96,2014,1155265788.78,1181218126.65,-25952337.87
1153,138,2002,28109050366.54,23768836995.79,4340213370.75
1154,70,2008,913700987.42,859007701.45,54693285.97
1155,17,2026,135181686497.09,68539418622.85,66642267874.24
1156,162,2020,559454213988.4,257583411777.43,301870802210.97
1157,71,2023,275886675.77,291889260.31,-16002584.54
1158,10,2008,2886461629.29,3814313286.93,-927851657.64
1159,105,2008,8169441624.71,9043040266.55,-873598641.84
1160,187,2020,2841672858.97,1581160466.46,1260512392.51
1161,47,2019,376289269.58,391553152.0,-15263882.42
1162,65,2005,13974022014.29,7517994898.06,6456027116.23
1163,195,2005,2037403171.3,3064051515.1,-1026648343.8
1164,52,2020,1250570322.42,964283206.15,286287116.27
1165,60,2024,368452323941.42,382586807790.13,-14134483848.71
1166,183,2022,6505468468.51,4385993601.32,2119474867.19
1167,67,2013,17774897.41,14136837.57,3638059.84
1168,25,2021,278855538.39,175311361.46,103544176.93
1169,35,2011,13462000540.93,10113589642.75,3348410898.18
1170,121,2023,25245418611.2,16017344652.27,9228073958.93
1171,27,2020,6833388674.29,6965466368.57,-132077694.28
1172,98,2001,5121666.83,3808109.15,1313557.68
1173,119,2012,661704104.6,531025927.24,130678177.36
1174,147,2005,9658735.02,11376199.52,-1717464.5
1175,72,2016,8043892048.5,7424331118.59,619560929.91
1176,146,2000,67850516.26,39208379.16,28642137.1
1177,21,2007,3142303037.48,2910683373.42,231619664.06
1178,113,2020,5426304.18,4962293.04,464011.14
1179,87,2003,11255533981.3,7000185444.15,4255348537.15
1180,21,2004,2041482234.74,2535913798.11,-494431563.37
1181,12,2013,108431326.47,107604907.49,826418.98
1182,24,2012,694794842160.33,662775012107.96,32019830052.37
1183,38,2012,266559858.03,260042730.27,6517127.76
1184,82,2008,148843749694.32,115860892369.62,32982857324.7
1185,19,2007,2710330333.07,4133433377.19,-1423103044.12
1186,37,2006,20172265609.94,18855953499.81,1316312110.13
1187,114,2014,1269546978.22,1172816973.46,96730004.76
1188,186,2016,1524019891244.5,1118233327256.89,405786563987.61
1189,106,2010,196826309.06,242169916.71,-45343607.65
1190,95,2008,226743513.86,338067451.08,-111323937.22
1191,22,2009,1051475981.99,1544324373.65,-492848391.66
1192,90,2001,1969771819.46,1704468479.35,265303340.11
1193,186,2002,1139513766799.14,1137540279350.17,1973487448.97
1194,87,2011,2372131691.32,4241244974.15,-1869113282.83
1195,20,2004,239368886.54,341068816.2,-101699929.66
1196,135,2012,1994685069.67,2158179620.65,-163494550.98
1197,132,2007,2196943.94,2286414.63,-89470.69
1198,175,2024,6097515783.58,4989919151.67,1107596631.91
1199,53,2025,916835725.1,1098872406.44,-182036681.34
1200,33,2010,1962722332.99,1879626543.18,83095789.81
1201,49,2021,8528567080.52,4425003005.03,4103564075.49
1202,60,2007,219286148941.67,301405334215.21,-82119185273.54
1203,30,2020,13390812179.94,11723464063.21,1667348116.73
1204,151,2020,241868187967.93,342503182733.47,-100634994765.54
1205,30,2001,2169018266.64,3503589279.08,-1334571012.44
1206,72,2024,3994988033.99,6205409186.22,-2210421152.23
1207,13,2008,1134403845.89,1091102505.01,43301340.88
1208,93,2010,609336940.07,801939243.21,-192602303.14
1209,40,2011,37054127369.59,39120999548.42,-2066872178.83
1210,98,2006,16916649.1,15726934.45,1189714.65
1211,54,2005,1629684305.19,1437871813.97,191812491.22
1212,36,2014,3909370525170.69,3016482569850.6,892887955320.09
1213,130,2019,1773599244.19,1924110256.29,-150511012.1
1214,136,2015,3835446433.1,3797754104.75,37692328.35
1215,153,2019,1166423722.32,1020681217.62,145742504.7
1216,136,2025,2999713477.23,3126112594.29,-126399117.06
1217,180,2019,4033009129.74,2048848149.75,1984160979.99
1218,71,2001,155890052.39,95315807.78,60574244.61
1219,84,2000,525961833.28,442595403.34,83366429.94
1220,130,2014,2581865315.69,1581931541.65,999933774.04
1221,116,2018,8067559138.59,9859813079.4,-1792253940.81
1222,117,2020,20002661011.56,23961863973.66,-3959202962.1
1223,93,2026,1209746599.29,1126908325.59,82838273.7
1224,179,2023,94484735127.68,55862736448.79,38621998678.89
1225,24,2008,358828308032.82,564859500651.46,-206031192618.64
1226,86,2023,803146689.28,1268297121.55,-465150432.27
1227,111,2024,102002950.02,87486304.68,14516645.34
1228,81,2025,4484984652.87,6984872562.49,-2499887909.62
1229,104,2008,106710070.47,125235428.95,-18525358.48
1230,5,2017,11183155877.0,10851082055.97,332073821.03
1231,126,2008,48510219689.04,41384714564.72,7125505124.32
1232,33,2017,1038870826.27,1900381556.95,-861510730.68
1233,151,2021,90087503210.89,144266558926.51,-54179055715.62
1234,85,2022,406815177349.32,385888477408.69,20926699940.63
1235,20,2009,429674332.4,401254907.35,28419425.05
1236,171,2025,4810557957.95,4597585292.31,212972665.64
1237,79,2003,15148786261.05,16538048309.5,-1389262048.45
1238,185,2011,149284092977.36,148727223923.98,556869053.38
1239,14,2025,94052667892.58,145013668859.14,-50961000966.56
1240,82,2015,206039954682.71,194448836037.03,11591118645.68
1241,50,2004,6198643703.02,6601841028.64,-403197325.62
1242,175,2012,2868601605.72,5421484501.17,-2552882895.45
1243,90,2008,616788441.68,642899832.45,-26111390.77
1244,58,2020,406324359.64,647365581.74,-241041222.1
1245,71,2025,512811958.85,664268785.63,-151456826.78
1246,104,2025,108936569.39,144132108.11,-35195538.72
1247,23,2016,295978577.28,185166662.09,110811915.19
1248,12,2011,124570395.89,116058385.03,8512010.86
1249,109,2004,355521901.98,298427486.95,57094415.03
1250,120,2002,4555612.04,5492001.52,-936389.48
1251,109,2001,590638639.05,709067066.04,-118428426.99
1252,36,2015,1558553505078.12,1285351745599.88,273201759478.24
1253,105,2024,8014849685.07,9421863387.69,-1407013702.62
1254,191,2000,8291136381.7,10764703994.83,-2473567613.13
1255,138,2025,56931207807.7,33466436432.6,23464771375.1
1256,104,2019,153062501.47,96814325.43,56248176.04
1257,13,2003,546067372.69,609720240.99,-63652868.3
1258,191,2007,5572794414.97,8571857936.64,-2999063521.67
1259,49,2004,1789969077.57,1329167880.23,460801197.34
1260,16,2024,3745132942.8,3554936118.37,190196824.43
1261,51,2019,42228711747.56,33643666938.42,8585044809.14
1262,142,2025,9781039491.75,5078063903.73,4702975588.02
1263,38,2025,170943047.05,157144977.57,13798069.48
1264,23,2006,545331695.52,811822226.53,-266490531.01
1265,158,2024,984387566.95,1016657851.48,-32270284.53
1266,195,2002,1816711256.81,2383816425.91,-567105169.1
1267,166,2008,8600874933.55,7484894039.77,1115980893.78
1268,105,2012,10678591641.5,8141297408.44,2537294233.06
1269,144,2023,6218011751.97,7147431145.31,-929419393.34
1270,167,2009,110887442.36,139471266.44,-28583824.08
1271,114,2024,1064082431.98,951871180.61,112211251.37
1272,130,2005,651818223.73,1184281042.85,-532462819.12
1273,58,2026,185792541.73,138912620.2,46879921.53
1274,136,2012,763513286.86,573913436.87,189599849.99
1275,44,2025,695607586.51,602609791.09,92997795.42
1276,144,2015,7627073724.99,7019974338.12,607099386.87
1277,184,2011,16353672021.11,10271728908.12,6081943112.99
1278,120,2022,5675009.04,4719350.58,955658.46
1279,109,2000,138073102.34,204950596.54,-66877494.2
1280,150,2000,33283289.51,30890513.29,2392776.22
1281,45,2009,1371690367.11,743851121.44,627839245.67
1282,97,2006,3215855358.51,1716324374.2,1499530984.31
1283,153,2000,1259293615.97,2460202498.95,-1200908882.98
1284,55,2006,345480940.37,426385139.95,-80904199.58
1285,93,2003,415780183.01,555299748.88,-139519565.87
1286,190,2001,262114.76,251852.76,10262.0
1287,180,2003,2345467109.28,1323801872.2,1021665237.08
1288,55,2005,284624888.21,224501108.49,60123779.72
1289,76,2007,8885930858102.5,12757681746359.48,-3871750888256.98
1290,148,2009,92797437.06,87153533.28,5643903.78
1291,152,2000,6444570085.68,5011324507.29,1433245578.39
1292,117,2014,4425892414.96,6754637124.79,-2328744709.83
1293,40,2010,23814859258.04,25186124731.94,-1371265473.9
1294,61,2017,720866341.65,932560843.36,-211694501.71
1295,8,2016,1493038233.45,2236193960.72,-743155727.27
1296,76,2016,4845319780606.0,5014266630625.84,-168946850019.84
1297,36,2018,3901049782839.31,3990085657242.01,-89035874402.7
1298,125,2010,7596057902.63,7159412823.83,436645078.8
1299,147,2024,33582645.42,46421154.54,-12838509.12
1300,89,2017,33765381.03,51941415.85,-18176034.82
1301,76,2017,4986368624302.37,4788543273987.93,197825350314.44
1302,33,2022,2738454087.25,2450078878.67,288375208.58
1303,79,2001,22524209687.58,16464883278.28,6059326409.3
1304,42,2004,596200942.15,619008526.65,-22807584.5
1305,82,2003,352698183740.35,296792690156.51,55905493583.84
1306,178,2018,1917934686.3,2939772184.63,-1021837498.33
1307,19,2004,2302521061.4,3610688964.12,-1308167902.72
1308,94,2000,1473603630.64,1227090002.09,246513628.55
1309,159,2026,305028916.07,294488315.62,10540600.45
1310,95,2015,213332285.89,302568447.43,-89236161.54
1311,47,2002,71356698.07,52855971.6,18500726.47
1312,55,2014,412281118.42,225652140.1,186628978.32
1313,139,2004,28284403943.85,26298784717.98,1985619225.87
1314,101,2006,10588150260.87,14766341317.24,-4178191056.37
1315,170,2016,3969597987.5,6692018487.01,-2722420499.51
1316,51,2005,32860215049.83,35296625277.29,-2436410227.46
1317,67,2005,37218130.11,29979609.51,7238520.6
1318,125,2006,3668315982.29,7970978758.88,-4302662776.59
1319,149,2014,9738069.15,10266292.91,-528223.76
1320,80,2016,993660762.99,801583287.95,192077475.04
1321,131,2004,44539052144.16,56636968919.91,-12097916775.75
1322,34,2021,11358120381.56,8023787295.97,3334333085.59
1323,35,2026,6960772645.0,7181392742.37,-220620097.37
1324,72,2010,1132830841.91,1620241432.28,-487410590.37
1325,187,2004,575314699.4,543671890.44,31642808.96
1326,56,2023,378065018.24,313456948.86,64608069.38
1327,106,2014,101942724.74,108546284.65,-6603559.91
1328,95,2003,117530250.56,133913464.94,-16383214.38
1329,23,2008,252003940.37,202307681.13,49696259.24
1330,19,2001,4367284905.11,3448678431.64,918606473.47
1331,173,2023,73236543119.7,91302881600.95,-18066338481.25
1332,33,2007,820697239.29,979581819.89,-158884580.6
1333,139,2002,144708097870.15,210709126789.9,-66001028919.75
1334,134,2010,2501111012.6,1564138669.67,936972342.93
1335,188,2007,19206042742.58,15192930800.42,4013111942.16
1336,40,2022,44151101165.04,51587023320.38,-7435922155.34
1337,171,2011,748256460.36,1496355021.19,-748098560.83
1338,164,2024,84303551049.69,60817629727.94,23485921321.75
1339,77,2020,1736696158585.95,1252101843356.75,484594315229.2
1340,50,2005,4937514730.27,3165486227.63,1772028502.64
1341,65,2000,7950221541.27,9748992399.71,-1798770858.44
1342,16,2026,1759142826.46,1488222148.79,270920677.67
1343,173,2020,252216264365.09,186626667973.37,65589596391.72
1344,153,2022,1750006932.53,1821471130.38,-71464197.85
1345,52,2007,992801872.45,1105235859.05,-112433986.6
1346,68,2024,2694354875.56,2898909877.32,-204555001.76
1347,56,2005,238909675.76,213797344.36,25112331.4
1348,124,2014,1875397511.94,1956702936.48,-81305424.54
1349,33,2015,2235047900.81,2202714957.43,32332943.38
1350,193,2007,3648593650.28,4298841374.85,-650247724.57
1351,125,2002,9053180269.64,5386413087.02,3666767182.62
1352,158,2011,239183708.51,183253433.57,55930274.94
1353,101,2022,17604630269.46,13309676346.61,4294953922.85
1354,40,2014,45686010813.79,33367994924.52,12318015889.27
1355,153,2026,3630767742.51,4559313375.54,-928545633.03
1356,12,2022,121363407.06,83072760.75,38290646.31
1357,17,2016,43960667546.7,47531018189.61,-3570350642.91
1358,11,2022,1351926408.37,2093588836.02,-741662427.65
1359,159,2005,286051109.24,253026232.19,33024877.05
1360,119,2022,1394411388.43,806704659.63,587706728.8
1361,73,2012,2609007811.02,3604464253.7,-995456442.68
1362,67,2016,62485974.81,80807489.36,-18321514.55
1363,168,2018,2327766298.94,2559294994.8,-231528695.86
1364,99,2020,735215185.28,967929203.14,-232714017.86
1365,138,2023,67588493594.17,61625616841.9,5962876752.27
1366,176,2013,39034498.73,23962667.55,15071831.18
1367,95,2017,1075080420.54,715418446.51,359661974.03
1368,81,2014,2722711490.53,1938499558.96,784211931.57
1369,48,2021,41715962.33,40660505.85,1055456.48
1370,5,2003,11981457103.63,16768736618.78,-4787279515.15
1371,124,2011,1855801828.87,2124496804.09,-268694975.22
1372,118,2025,4632317310.65,9124274107.25,-4491956796.6
1373,144,2009,1620537566.17,1356286992.96,264250573.21
1374,54,2023,1161429534.97,2386862391.05,-1225432856.08
1375,93,2007,422545077.49,469377590.72,-46832513.23
1376,190,2014,181548.37,135160.43,46387.94
1377,51,2006,7799524073.74,12579059541.18,-4779535467.44
1378,163,2015,6539857818.72,7118819814.53,-578961995.81
1379,192,2016,350968514974.88,375023299300.73,-24054784325.85
1380,121,2019,7462442787.89,13125448577.52,-5663005789.63
1381,85,2013,480298311118.01,811131208677.83,-330832897559.82
1382,113,2011,5667185.61,4510088.13,1157097.48
1383,106,2004,72209593.5,67441160.76,4768432.74
1384,107,2018,17352484.37,26143664.67,-8791180.3
1385,71,2000,97896915.13,98778606.84,-881691.71
1386,40,2023,28421838342.38,30932802809.63,-2510964467.25
1387,46,2012,743627913.6,790846301.53,-47218387.93
1388,75,2002,126240403.13,88755661.67,37484741.46
1389,49,2024,8326549301.59,7209005418.89,1117543882.7
1390,195,2010,4478146845.72,6007503621.78,-1529356776.06
1391,184,2001,43760022860.71,30784763379.79,12975259480.92
1392,84,2018,1698537501.1,1448980977.4,249556523.7
1393,128,2001,566380991.71,768705369.3,-202324377.59
1394,14,2020,89606779197.16,56414238622.36,33192540574.8
1395,129,2005,212090574.55,477924813.92,-265834239.37
1396,98,2005,7542159.26,4639864.14,2902295.12
1397,151,2026,81679388769.69,53212630233.82,28466758535.87
1398,165,2013,6034899324.99,4271540148.88,1763359176.11
1399,164,2015,188083174281.67,176895785622.85,11187388658.82
1400,78,2005,48823773074.15,24960634448.52,23863138625.63
1401,38,2024,551021817.83,468085804.57,82936013.26
1402,141,2012,1532530005.67,1732377434.68,-199847429.01
1403,160,2011,4217143754.37,4487722596.46,-270578842.09
1404,132,2000,3411248.48,3135534.38,275714.1
1405,46,2008,2450229559.59,2428933299.78,21296259.81
1406,3,2014,12654031169.53,23715046584.35,-11061015414.82
1407,77,2010,1933591568588.75,1659615350392.12,273976218196.63
1408,156,2006,25981593871.07,19884333828.68,6097260042.39
1409,105,2005,6866659253.27,6358464537.34,508194715.93
1410,155,2003,1154194949.08,634621611.21,519573337.87
1411,159,2002,59294924.03,64447472.04,-5152548.01
1412,156,2005,11353262435.98,18090217441.9,-6736955005.92
1413,81,2002,2420982684.56,2033981449.19,387001235.37
1414,191,2008,1286199993.48,1871293485.32,-585093491.84
1415,174,2006,146471504.88,262726873.77,-116255368.89
1416,195,2021,13314508426.78,11063188857.43,2251319569.35
1417,129,2022,1479414965.35,1231196036.91,248218928.44
1418,163,2022,3641614643.86,5203532925.55,-1561918281.69
1419,131,2021,106019098432.13,110038751261.0,-4019652828.87
1420,111,2017,15130982.42,22870509.64,-7739527.22
1421,80,2006,360739580.69,300934300.9,59805279.79
1422,40,2001,23389358231.78,26092755029.17,-2703396797.39
1423,192,2024,90278333505.64,170539454760.41,-80261121254.77
1424,117,2015,12293614800.15,16359726631.76,-4066111831.61
1425,65,2011,10835785579.8,13230618235.1,-2394832655.3
1426,146,2023,74791118.04,55723662.26,19067455.78
1427,66,2013,5683781032.07,5049336431.41,634444600.66
1428,154,2006,42549956.13,34712922.27,7837033.86
1429,166,2021,11220696836.6,17024214217.92,-5803517381.32
1430,122,2015,38717284823.65,31073936798.34,7643348025.31
1431,149,2013,12910146.83,7959012.18,4951134.65
1432,170,2018,4485650021.76,5532106282.97,-1046456261.21
1433,6,2004,14425386.07,13523819.75,901566.32
1434,77,2022,396768567820.52,208404477941.7,188364089878.82
1435,73,2011,2047658434.8,2041379039.03,6279395.77
1436,41,2002,738340338.26,582400899.63,155939438.63
1437,85,2026,87353339331.54,146862008790.38,-59508669458.84
1438,27,2018,17074067803.82,10445368381.56,6628699422.26
1439,66,2020,2587407163.37,2562976391.89,24430771.48
1440,88,2007,6029108737.04,5355394625.71,673714111.33
1441,116,2022,9949071860.06,14710316323.63,-4761244463.57
1442,150,2008,126450239.75,128786427.75,-2336188.0
1443,55,2019,84091118.71,71465635.72,12625482.99
1444,70,2000,576262584.47,502224481.66,74038102.81
1445,182,2024,15578964292.63,18012641999.11,-2433677706.48
1446,33,2018,757110618.17,668393625.44,88716992.73
1447,16,2015,3617489620.78,4000864132.03,-383374511.25
1448,83,2007,9036381461.98,7249718941.75,1786662520.23
1449,114,2006,905383252.4,502963307.93,402419944.47
1450,94,2007,1055746450.72,607746533.37,447999917.35
1451,47,2005,77617477.16,152729086.68,-75111609.52
1452,45,2001,1094809620.2,667713451.69,427096168.51
1453,158,2015,324833303.68,287401942.82,37431360.86
1454,139,2000,51758161742.29,46351600120.36,5406561621.93
1455,104,2000,96382821.49,51507688.95,44875132.54
1456,103,2001,60782378878.13,55603093633.78,5179285244.35
1457,147,2014,8159176.36,11601188.43,-3442012.07
1458,176,2015,15927785.89,18796822.01,-2869036.12
1459,30,2004,1791382135.84,3006797127.99,-1215414992.15
1460,144,2022,5470215611.42,6291261198.31,-821045586.89
1461,70,2006,673879706.14,562067679.73,111812026.41
1462,137,2017,12543906708.11,11664930067.59,878976640.52
1463,39,2009,824114530.4,1132638296.64,-308523766.24
1464,112,2015,493479307.07,267047810.52,226431496.55
1465,136,2003,1752102007.61,1782640557.64,-30538550.03
1466,144,2021,6940648084.81,5245625202.69,1695022882.12
1467,117,2018,3255091788.99,7379806683.61,-4124714894.62
1468,72,2006,1885439556.19,2621489475.81,-736049919.62
1469,107,2009,9666547.16,8771733.53,894813.63
1470,104,2014,83689887.0,71937869.61,11752017.39
1471,5,2026,22872779982.71,18753231372.47,4119548610.24
1472,135,2026,1169232848.34,1286876961.17,-117644112.83
1473,130,2016,1785673388.51,3064851386.74,-1279177998.23
1474,114,2007,756580955.96,1012797088.83,-256216132.87
1475,195,2020,1954132122.46,1756999147.02,197132975.44
1476,96,2012,2612548175.04,1603455273.15,1009092901.89
1477,114,2003,265720098.28,393849713.48,-128129615.2
1478,20,2019,194533308.75,292682191.16,-98148882.41
1479,166,2020,25023059519.6,33729968975.64,-8706909456.04
1480,56,2012,370363416.05,481762492.16,-111399076.11
1481,121,2009,14482124764.11,8385090405.56,6097034358.55
1482,25,2008,90612257.95,99987553.19,-9375295.24
1483,31,2019,10724009059.78,5820579214.3,4903429845.48
1484,181,2012,5004157.39,4402655.76,601501.63
1485,86,2016,1214543960.55,634094960.72,580448999.83
1486,119,2023,618412349.08,511614246.57,106798102.51
1487,93,2021,232134202.49,304635951.94,-72501749.45
1488,76,2009,7235732000835.26,10556325084599.38,-3320593083764.12
1489,30,2019,5602151112.77,9805791105.1,-4203639992.33
1490,82,2019,31582432893.4,58438325264.27,-26855892370.87
1491,161,2004,12905175349.8,9988727127.77,2916448222.03
1492,50,2018,8625717365.32,11498870756.54,-2873153391.22
1493,93,2006,155429779.41,252850609.48,-97420830.07
1494,62,2011,293284004.34,289637928.45,3646075.89
1495,153,2012,931523346.51,1183618409.88,-252095063.37
1496,87,2014,1562582105.31,1652280642.58,-89698537.27
1497,168,2009,3703727059.95,3306179055.85,397548004.1
1498,35,2016,3951974294.71,4777625260.66,-825650965.95
1499,61,2002,1043238792.2,803634542.04,239604250.16
1500,73,2010,2258382603.99,2153438257.35,104944346.64
1501,8,2013,391659814.45,419626428.28,-27966613.83
1502,182,2023,18178718937.38,19260998123.15,-1082279185.77
1503,176,2002,5258812.22,9000197.86,-3741385.64
1504,79,2019,13294379780.85,13924924906.32,-630545125.47
1505,8,2004,713717445.76,1136923813.85,-423206368.09
1506,170,2005,5352145409.01,6070114130.39,-717968721.38
1507,34,2018,10024802385.8,9844304274.01,180498111.79
1508,35,2009,6834754794.94,5221842965.1,1612911829.84
1509,70,2004,987986027.13,652753443.69,335232583.44
1510,61,2020,237258380.09,131703439.49,105554940.6
1511,76,2004,4004680975888.01,8030350745918.94,-4025669770030.93
1512,38,2007,182888807.5,135454138.11,47434669.39
1513,181,2006,4703251.28,5274462.21,-571210.93
1514,94,2024,1684906847.27,2276808675.1,-591901827.83
1515,193,2023,17579329189.08,19161603780.42,-1582274591.34
1516,18,2017,223696427.63,103809863.1,119886564.53
1517,107,2016,7874204.91,4953162.75,2921042.16
1518,55,2017,523992263.53,540692578.08,-16700314.55
1519,32,2006,68402978687.79,62663966475.92,5739012211.87
1520,138,2012,16749667835.1,27592589164.96,-10842921329.86
1521,23,2017,1244690355.54,1006645833.18,238044522.36
1522,128,2010,160029383.59,223411583.05,-63382199.46
1523,158,2022,594760176.95,834538101.41,-239777924.46
1524,134,2005,1777456221.99,1461972295.31,315483926.68
1525,10,2007,3092932296.58,1990138151.04,1102794145.54
1526,84,2008,1109745061.82,893534071.76,216210990.06
1527,166,2018,19349101355.93,22487075203.68,-3137973847.75
1528,17,2010,28749007780.83,26726507480.03,2022500300.8
1529,139,2006,100610792720.91,75439117378.61,25171675342.3
1530,187,2000,794640816.32,1001813455.06,-207172638.74
1531,100,2006,351380914.68,234195292.48,117185622.2
1532,62,2001,806590771.66,651050574.61,155540197.05
1533,66,2008,3852910074.63,4513031195.68,-660121121.05
1534,137,2023,7849565668.27,9191603907.81,-1342038239.54
1535,54,2002,701291421.28,878303104.92,-177011683.64
1536,175,2026,4121798144.71,3398752849.66,723045295.05
1537,107,2020,28537622.04,13444286.76,15093335.28
1538,114,2008,1591794203.29,1173273192.31,418521010.98
1539,150,2015,24168569.67,11955334.34,12213235.33
1540,33,2002,2819239279.51,1733300119.1,1085939160.41
1541,71,2013,152104055.7,116742384.51,35361671.19
1542,84,2007,1084975179.92,815324780.39,269650399.53
1543,48,2003,27011015.91,21508459.02,5502556.89
1544,194,2008,1067734749.52,1282501364.46,-214766614.94
1545,88,2022,14824915018.73,14523006442.05,301908576.68
1546,109,2020,172715994.61,115905617.23,56810377.38
1547,99,2021,761275467.49,936713702.58,-175438235.09
1548,172,2004,5891606535.49,4805277672.02,1086328863.47
1549,57,2007,50865259170.48,49768444440.79,1096814729.69
1550,48,2018,41284434.02,49738043.02,-8453609.0
1551,123,2005,671213115.04,768964028.64,-97750913.6
1552,168,2021,6649648885.71,6114951879.07,534697006.64
1553,176,2000,32928132.73,30472326.5,2455806.23
1554,137,2015,22351098693.71,24166525821.94,-1815427128.23
1555,146,2016,33331702.62,28545061.63,4786640.99
1556,176,2017,44504391.91,29878935.59,14625456.32
1557,39,2003,1686860228.87,1466718376.52,220141852.35
1558,96,2018,621435368.57,921463338.33,-300027969.76
1559,19,2014,1850477251.67,1889901486.71,-39424235.04
1560,148,2007,49110862.04,50060610.42,-949748.38
1561,87,2019,5239326770.55,8449328198.22,-3210001427.67
1562,119,2005,271087862.34,159353884.29,111733978.05
1563,90,2021,747079861.78,1341905228.14,-594825366.36
1564,137,2000,6075090440.8,9625782709.57,-3550692268.77
1565,161,2023,7775462348.54,12566668507.27,-4791206158.73
1566,49,2013,2568597581.79,2142907593.19,425689988.6
1567,126,2015,15510081741.84,16959538769.24,-1449457027.4
1568,33,2005,2315465033.96,2469838375.41,-154373341.45
1569,165,2009,3579688584.33,3191390024.41,388298559.92
1570,7,2022,34045032209.09,32794813931.0,1250218278.09
1571,88,2015,21967073316.46,24447905892.77,-2480832576.31
1572,131,2023,42530012107.73,62471927017.65,-19941914909.92
1573,73,2014,6830948046.22,6950816753.26,-119868707.04
1574,83,2016,5378828508.45,5750340215.85,-371511707.4
1575,45,2014,2926867486.61,5430301426.43,-2503433939.82
1576,110,2024,913203467201.88,505614914430.54,407588552771.34
1577,114,2017,799014345.21,996926289.71,-197911944.5
1578,154,2024,15153245.81,25755904.48,-10602658.67
1579,100,2023,208273779.97,246288593.09,-38014813.12
1580,88,2023,7119765007.17,7173993816.99,-54228809.82
1581,59,2009,1973723747.01,1407975234.5,565748512.51
1582,3,2008,3849427069.02,3492727400.83,356699668.19
1583,129,2007,1873127396.41,2532199063.81,-659071667.4
1584,152,2022,11093968624.45,9917564573.65,1176404050.8
1585,26,2009,3028038773.57,1651890661.11,1376148112.46
1586,49,2022,6718467204.7,8654478123.69,-1936010918.99
1587,172,2012,27687577879.81,32152944772.36,-4465366892.55
1588,131,2016,49113234567.64,75693753232.03,-26580518664.39
1589,21,2016,2003146923.82,3347150318.42,-1344003394.6
1590,140,2004,724018687.9,1243660648.63,-519641960.73
1591,116,2013,2937651277.24,2664957682.54,272693594.7
1592,170,2021,8112824917.09,9165759610.72,-1052934693.63
1593,143,2019,1141551470113.64,1200715176550.23,-59163706436.59
1594,23,2009,219000262.24,163623679.89,55376582.35
1595,72,2012,6585682065.56,4086636453.71,2499045611.85
1596,127,2019,4127115198.13,4255314532.41,-128199334.28
1597,142,2024,4019962299.05,2584629355.65,1435332943.4
1598,79,2026,7951369225.56,10830069137.93,-2878699912.37
1599,171,2008,2669107547.88,4796595671.67,-2127488123.79
1600,109,2014,205076039.84,358676044.27,-153600004.43
1601,57,2000,20451581977.37,20879650548.94,-428068571.57
1602,40,2012,4161593046.57,9475878875.29,-5314285828.72
1603,100,2021,86688580.53,67051674.6,19636905.93
1604,29,2018,150154295.73,128337577.05,21816718.68
1605,167,2019,250207886.83,303513290.49,-53305403.66
1606,35,2000,2923306920.12,4260982002.94,-1337675082.82
1607,105,2009,12015728784.66,13293341588.36,-1277612803.7
1608,75,2006,152891058.93,113729457.38,39161601.55
1609,104,2005,84777202.7,101885948.27,-17108745.57
1610,149,2000,8273748.47,13828705.8,-5554957.33
1611,3,2009,13478574705.84,15089713607.98,-1611138902.14
1612,50,2022,4885270641.76,4672048664.69,213221977.07
1613,61,2023,1586700908.13,1373326866.62,213374041.51
1614,104,2006,230484949.04,240251183.61,-9766234.57
1615,186,2021,3266443226922.42,2934617801137.66,331825425784.76
1616,132,2024,4108394.05,4510816.46,-402422.41
1617,141,2024,1745132757.29,1784142166.47,-39009409.18
1618,94,2019,1738714051.06,1194950989.87,543763061.19
1619,1,2019,17450562675.59,22779599432.18,-5329036756.59
1620,139,2015,49265213515.41,51047686001.43,-1782472486.02
1621,31,2015,6279028158.22,6714050012.93,-435021854.71
1622,80,2002,685240103.02,730666853.98,-45426750.96
1623,43,2025,1508670586.35,2686301917.17,-1177631330.82
1624,172,2021,38070981929.52,38076933382.66,-5951453.14
1625,20,2015,128216803.85,86509425.43,41707378.42
1626,70,2011,206868729.94,161626214.82,45242515.12
1627,158,2002,124545076.16,161616460.58,-37071384.42
1628,57,2011,36475092235.78,60695094360.94,-24220002125.16
1629,8,2001,632765182.76,657158232.24,-24393049.48
1630,135,2007,1554124002.5,1670203875.83,-116079873.33
1631,120,2025,2046888.32,977632.44,1069255.88
1632,106,2017,251264545.18,177867620.68,73396924.5
1633,170,2015,3628506832.71,4563375537.92,-934868705.21
1634,11,2001,2935660999.28,2163414758.16,772246241.12
1635,24,2018,783650362562.52,901201506313.88,-117551143751.36
1636,127,2014,9007229001.76,7842728121.19,1164500880.57
1637,58,2019,516603585.45,340297666.21,176305919.24
1638,45,2011,2267021973.34,2987673309.78,-720651336.44
1639,117,2021,2534503451.27,2850200106.93,-315696655.66
1640,139,2019,70034738829.47,84957102435.74,-14922363606.27
1641,115,2005,334012578.29,181701169.25,152311409.04
1642,65,2009,9846001361.54,8113711403.96,1732289957.58
1643,28,2012,2913152653.67,1992834308.77,920318344.9
1644,171,2013,926223433.31,1092245377.9,-166021944.59
1645,125,2021,2818467217.16,3413143376.17,-594676159.01
1646,61,2003,698905020.68,664555030.86,34349989.82
1647,14,2004,32990629283.91,32546834780.03,443794503.88
1648,8,2021,1261257077.62,1108007113.62,153249964.0
1649,125,2011,13976527369.61,8966644447.81,5009882921.8
1650,65,2010,7206558853.98,4070726556.01,3135832297.97
1651,150,2006,85175969.6,68051209.83,17124759.77
1652,194,2013,5685034759.62,12339622395.83,-6654587636.21
1653,69,2008,2781407892.88,2420564133.24,360843759.64
1654,91,2024,2655915474.25,1625080216.35,1030835257.9
1655,67,2002,25433092.79,28738719.45,-3305626.66
1656,7,2025,8053386642.2,7345811977.9,707574664.3
1657,192,2006,189294311617.73,178989800258.31,10304511359.42
1658,188,2011,5576763922.45,4210002589.26,1366761333.19
1659,173,2016,550985977128.56,466510114986.21,84475862142.35
1660,172,2005,25201775866.87,18359159664.38,6842616202.49
1661,74,2026,1540380509.09,2269370064.48,-728989555.39
1662,87,2022,8297390074.21,9031208434.47,-733818360.26
1663,154,2009,35426969.51,24200905.31,11226064.2
1664,4,2005,15903474.31,24018715.37,-8115241.06
1665,157,2011,3312958851.91,2911916698.8,401042153.11
1666,11,2025,6594707646.98,9162020719.11,-2567313072.13
1667,142,2023,16382796709.5,17271874434.43,-889077724.93
1668,101,2003,7853814579.96,13001420235.91,-5147605655.95
1669,130,2020,850277448.06,1730361168.64,-880083720.58
1670,51,2011,73840763787.78,78034440704.8,-4193676917.02
1671,134,2011,581838580.37,469567443.7,112271136.67
1672,185,2006,479303065572.96,445066232584.09,34236832988.87
1673,57,2006,35513450780.64,37833478807.32,-2320028026.68
1674,69,2011,6435219519.03,7482803991.81,-1047584472.78
1675,37,2022,12694293966.71,17885789043.46,-5191495076.75
1676,144,2008,1235364855.13,1482772694.5,-247407839.37
1677,160,2007,6920728139.22,4391544408.5,2529183730.72
1678,16,2002,3745081670.18,3950623126.45,-205541456.27
1679,111,2004,35155433.57,27995632.63,7159800.94
1680,106,2015,34233619.07,34355027.9,-121408.83
1681,157,2006,997316931.94,2122837730.9,-1125520798.96
1682,66,2021,4195954008.01,5387443105.95,-1191489097.94
1683,10,2024,4934427850.47,6158266201.5,-1223838351.03
1684,127,2016,6823897997.81,8084687961.57,-1260789963.76
1685,15,2008,96214791.28,176348605.04,-80133813.76
1686,175,2010,3675722171.85,3591558112.65,84164059.2
1687,90,2014,1017269514.05,1995115115.34,-977845601.29
1688,87,2018,9668224143.89,6048526258.45,3619697885.44
1689,114,2004,1660788795.56,1744870211.34,-84081415.78
1690,122,2011,36924861078.36,30931778243.2,5993082835.16
1691,87,2007,8706436829.18,5038089727.89,3668347101.29
1692,179,2025,51520241754.14,71501081710.29,-19980839956.15
1693,39,2012,507172011.06,358562922.08,148609088.98
1694,158,2012,785481396.57,967566635.04,-182085238.47
1695,37,2004,5312022839.75,3684298533.17,1627724306.58
1696,96,2001,1189737748.45,1168888215.27,20849533.18
1697,118,2016,5949389521.91,4770032563.48,1179356958.43
1698,4,2012,19593638.72,29561719.43,-9968080.71
1699,70,2013,704812437.1,640161341.6,64651095.5
1700,61,2019,250571200.13,316930646.58,-66359446.45
1701,62,2002,893315864.98,848853116.19,44462748.79
1702,115,2006,124314743.97,115559617.78,8755126.19
1703,46,2000,1851363228.69,1705370228.07,145993000.62
1704,55,2024,350156216.91,541670155.18,-191513938.27
1705,85,2001,390904456148.37,322934963335.23,67969492813.14
1706,102,2021,12312566945.31,10545772610.9,1766794334.41
1707,162,2018,217714235136.25,367748094436.28,-150033859300.03
1708,190,2022,330592.51,307751.8,22840.71
1709,39,2026,3287287478.1,3233842028.77,53445449.33
1710,170,2024,17406467305.76,15513042774.11,1893424531.65
1711,161,2008,9310814282.07,11147343095.03,-1836528812.96
1712,194,2011,1376510908.14,1573654803.46,-197143895.32
1713,60,2025,395548734437.6,352582156506.42,42966577931.18
1714,102,2018,11132304056.73,12526744162.0,-1394440105.27
1715,34,2019,7296077926.47,6655166957.87,640910968.6
1716,17,2018,38326985769.67,69430322691.67,-31103336922.0
1717,145,2005,13851343.2,17654557.3,-3803214.1
1718,64,2004,473461832443.96,407613148692.64,65848683751.32
1719,38,2011,316552078.72,367146177.1,-50594098.38
1720,5,2005,13069209105.44,13502411660.72,-433202555.28
1721,140,2023,4405314462.57,3371707102.73,1033607359.84
1722,128,2003,549652831.71,617190368.71,-67537537.0
1723,143,2026,257382325136.13,254009354907.54,3372970228.59
1724,43,2009,5343662780.58,2741324974.43,2602337806.15
1725,139,2008,204887623621.4,190855103023.86,14032520597.54
1726,130,2007,1098731742.92,999601267.01,99130475.91
1727,45,2026,5670466526.73,5645395072.87,25071453.86
1728,95,2023,1911794662.38,1625606266.43,286188395.95
1729,147,2023,55357879.23,47771047.13,7586832.1
1730,80,2001,603303630.04,771280394.15,-167976764.11
1731,4,2010,33898399.79,19838037.91,14060361.88
1732,137,2019,25235193976.76,14879259201.97,10355934774.79
1733,18,2002,19414730.31,27183280.72,-7768550.41
1734,26,2026,2990694270.28,3521114393.17,-530420122.89
1735,194,2021,11357709172.46,12722880679.04,-1365171506.58
1736,22,2011,819444519.56,1178773292.2,-359328772.64
1737,1,2025,20787167727.66,24690209639.83,-3903041912.17
1738,83,2005,4377443682.1,5305503563.91,-928059881.81
1739,191,2016,10906461832.33,19705782998.18,-8799321165.85
1740,190,2000,137066.83,142775.76,-5708.93
1741,138,2006,51882779347.04,28997329210.75,22885450136.29
1742,26,2013,2826313364.96,2679066374.3,147246990.66
1743,62,2009,1144434112.3,1409223524.26,-264789411.96
1744,181,2020,2415064.88,2224345.83,190719.05
1745,38,2000,179411708.56,208097663.87,-28685955.31
1746,72,2017,5668617418.77,5855450896.54,-186833477.77
1747,176,2001,50276139.95,45765825.03,4510314.92
1748,97,2024,2431772009.31,2653110364.21,-221338354.9
1749,90,2016,1829518468.28,1472314852.3,357203615.98
1750,111,2005,8063312.61,16842716.38,-8779403.77
1751,89,2011,39980836.17,39022402.45,958433.72
1752,101,2014,1556036737.81,1989457149.25,-433420411.44
1753,76,2014,5711311150498.87,8878341281220.68,-3167030130721.81
1754,73,2015,2020264722.11,1635035400.86,385229321.25
1755,66,2006,1618896813.81,2242462153.32,-623565339.51
1756,110,2022,755593383299.05,1395901702417.6,-640308319118.55
1757,73,2018,2144002739.36,3461229810.68,-1317227071.32
1758,155,2009,2784662733.49,2295680032.76,488982700.73
1759,9,2025,116443386926.17,148329597045.12,-31886210118.95
1760,195,2004,3907960010.1,3757640015.62,150319994.48
1761,121,2003,17602522262.4,18736118356.06,-1133596093.66
1762,88,2000,15053590645.12,13629023513.51,1424567131.61
1763,113,2018,14788177.34,19496934.9,-4708757.56
1764,165,2025,3982928495.11,2248534729.59,1734393765.52
1765,173,2012,126676803746.97,157440031227.9,-30763227480.93
1766,80,2007,895804226.29,883423844.77,12380381.52
1767,84,2010,712435062.61,772728356.21,-60293293.6
1768,166,2009,20995956274.72,23568326479.72,-2572370205.0
1769,175,2019,5330203029.31,3857571535.45,1472631493.86
1770,177,2000,453584702.63,593871890.01,-140287187.38
1771,127,2006,8258637982.26,10714333950.26,-2455695968.0
1772,58,2015,648115729.92,489294337.27,158821392.65
1773,69,2014,2144016796.08,4335459987.38,-2191443191.3
1774,192,2023,1044713528012.04,599708453391.92,445005074620.12
1775,127,2007,2828087217.58,1681629609.26,1146457608.32
1776,176,2019,10821983.58,9815868.79,1006114.79
1777,101,2025,14770987528.76,20442056424.74,-5671068895.98
1778,192,2005,168447654505.01,159394282206.86,9053372298.15
1779,95,2016,680549020.91,597524899.89,83024121.02
1780,51,2022,12172627920.31,7418714385.1,4753913535.21
1781,23,2002,971092661.44,576031115.22,395061546.22
1782,187,2007,1941127728.93,1612905977.14,328221751.79
1783,110,2019,645729543425.28,535143107391.06,110586436034.22
1784,22,2001,892195543.37,705711568.97,186483974.4
1785,138,2024,20365647664.15,23970464803.01,-3604817138.86
1786,127,2024,4938231099.25,10232819565.8,-5294588466.55
1787,37,2001,8537148971.99,16150856813.48,-7613707841.49
1788,105,2013,7748568303.13,8448765503.1,-700197199.97
1789,61,2010,1449498987.73,931247314.87,518251672.86
1790,63,2005,2010553994.56,1672982251.38,337571743.18
1791,43,2005,3577820863.23,5520211951.95,-1942391088.72
1792,140,2003,2077523713.39,2089344446.26,-11820732.87
1793,68,2026,7218834823.07,7261523724.87,-42688901.8
1794,4,2016,24974424.0,21923922.57,3050501.43
1795,175,2005,1673970022.12,1416095710.94,257874311.18
1796,184,2025,35974452889.8,33418140802.57,2556312087.23
1797,120,2019,3328947.67,2542927.91,786019.76
1798,152,2025,7318401276.37,7098303728.34,220097548.03
1799,98,2010,20588381.5,12167568.34,8420813.16
1800,184,2008,28367964082.63,22057408921.89,6310555160.74
1801,129,2015,703776851.27,413310591.34,290466259.93
1802,150,2004,59750161.74,67373290.2,-7623128.46
1803,124,2009,2538979198.56,2228043811.36,310935387.2
1804,43,2016,3279519269.78,2880811039.98,398708229.8
1805,86,2013,2439513330.54,2001760083.33,437753247.21
1806,81,2015,2542974909.32,1810277707.54,732697201.78
1807,74,2009,2587751624.75,2185157648.12,402593976.63
1808,100,2009,114906607.63,208943717.92,-94037110.29
1809,36,2025,10441303184130.98,10295838547835.09,145464636295.89
1810,22,2007,652551304.18,1065309644.68,-412758340.5
1811,33,2004,1285742817.43,2235062842.66,-949320025.23
1812,141,2018,844810661.63,1720042697.8,-875232036.17
1813,98,2026,25999722.22,19754218.24,6245503.98
1814,146,2008,28435382.68,26594191.44,1841191.24
1815,129,2018,507674438.8,357992130.8,149682308.0
1816,100,2025,239527404.97,209878053.15,29649351.82
1817,189,2005,64985686.25,50597456.9,14388229.35
1818,175,2018,2209419619.08,3802608748.95,-1593189129.87
1819,65,2006,2199515100.19,3277234197.61,-1077719097.42
1820,26,2003,480307812.18,248700083.17,231607729.01
1821,117,2001,3952157088.61,3344437983.37,607719105.24
1822,76,2020,22141352068565.27,16779936215943.79,5361415852621.48
1823,147,2021,18508286.21,16939486.29,1568799.92
1824,141,2015,1361294650.58,1430907330.29,-69612679.71
1825,136,2020,1876837289.75,2073930607.85,-197093318.1
1826,34,2006,6888740380.02,3277121422.43,3611618957.59
1827,126,2026,33873121428.7,35589849832.28,-1716728403.58
1828,72,2021,5618840494.82,5523414880.79,95425614.03
1829,21,2023,6122840138.25,7533709611.64,-1410869473.39
1830,84,2006,389347891.55,376380046.28,12967845.27
1831,150,2024,58515224.6,57315673.97,1199550.63
1832,98,2011,11863297.74,12499782.13,-636484.39
1833,147,2016,23949219.57,37243038.31,-13293818.74
1834,113,2003,12375136.86,15462261.52,-3087124.66
1835,80,2000,563813718.05,444916077.33,118897640.72
1836,31,2007,7516698309.93,8664516956.93,-1147818647.0
1837,141,2017,521827924.8,339415676.39,182412248.41
1838,114,2001,739327774.64,1192743162.23,-453415387.59
1839,73,2003,4474910494.8,3631471787.94,843438706.86
1840,173,2024,434987018377.5,290621920441.09,144365097936.41
1841,129,2008,1419695430.92,716805908.31,702889522.61
1842,155,2014,4239209931.75,5180574099.72,-941364167.97
1843,96,2011,3744522824.82,1722990494.66,2021532330.16
1844,64,2013,857388818226.78,829447331649.4,27941486577.38
1845,174,2013,623689825.95,811545524.21,-187855698.26
1846,26,2020,2594687443.95,4291733841.66,-1697046397.71
1847,103,2009,148919303328.97,172077314755.84,-23158011426.87
1848,30,2022,9314903788.66,8687289284.75,627614503.91
1849,74,2019,5111215971.42,4398998989.18,712216982.24
1850,63,2007,1178312852.65,1248980091.52,-70667238.87
1851,77,2008,905889711876.42,1023048968347.42,-117159256471.0
1852,49,2006,1313459735.06,1401792337.76,-88332602.7
1853,46,2019,1857624005.16,3133670936.87,-1276046931.71
1854,39,2022,2873748848.36,2807714088.2,66034760.16
1855,188,2024,13876492819.3,10358019134.54,3518473684.76
1856,61,2000,799169766.42,548284954.09,250884812.33
1857,115,2004,107287588.17,62364237.75,44923350.42
1858,160,2005,6648346296.31,3418132734.52,3230213561.79
1859,185,2018,103169672458.8,108387659166.2,-5217986707.4
1860,46,2013,1462445872.06,1653879117.48,-191433245.42
1861,35,2002,6513065431.68,6680456288.48,-167390856.8
1862,173,2004,366222203172.61,373570917572.27,-7348714399.66
1863,36,2023,3609015446541.09,4301508977759.39,-692493531218.3
1864,174,2025,1233824446.74,637523528.31,596300918.43
1865,157,2026,1812996264.5,2226869757.11,-413873492.61
1866,59,2012,1584863050.51,1437980825.18,146882225.33
1867,47,2016,235693031.75,169282260.63,66410771.12
1868,7,2007,12172204565.34,13768091539.23,-1595886973.89
1869,69,2023,10311239778.99,5664691762.43,4646548016.56
1870,193,2019,24663375388.5,16139908395.46,8523466993.04
1871,186,2023,2346910489640.32,2625554473309.19,-278643983668.87
1872,84,2024,1235622831.0,1022172088.16,213450742.84
1873,133,2011,576215253.8,872814349.96,-296599096.16
1874,133,2020,1693790434.99,1836106389.87,-142315954.88
1875,30,2008,1979522410.37,2148452162.71,-168929752.34
1876,20,2022,119838219.11,126814709.27,-6976490.16
1877,71,2018,353633081.77,415159489.38,-61526407.61
1878,31,2010,4711815027.43,4896397777.49,-184582750.06
1879,121,2007,4243223864.04,5411596295.54,-1168372431.5
1880,126,2000,25930400978.28,27294748533.29,-1364347555.01
1881,41,2019,914828666.68,772640593.5,142188073.18
1882,95,2010,739519937.34,1412121540.74,-672601603.4
1883,81,2008,778181590.17,464848459.43,313333130.74
1884,119,2015,724751342.0,621535311.25,103216030.75
1885,22,2021,1102330430.76,1227145088.9,-124814658.14
1886,78,2016,56072950103.39,61140302329.66,-5067352226.27
1887,74,2013,2952942308.28,2520002216.49,432940091.79
1888,102,2019,5257641931.16,6098176629.23,-840534698.07
1889,183,2026,11510093983.89,10923076898.77,587017085.12
1890,174,2005,547830996.29,543223484.31,4607511.98
1891,40,2026,33417557300.23,44219281877.73,-10801724577.5
1892,155,2023,864690068.26,641116635.28,223573432.98
1893,24,2010,589470118082.21,574769593784.97,14700524297.24
1894,97,2007,1561808821.27,2052456228.06,-490647406.79
1895,46,2025,2656698011.6,2696392419.34,-39694407.74
1896,122,2013,12673548203.93,12864102433.25,-190554229.32
1897,115,2000,83215382.15,63875434.91,19339947.24
1898,170,2004,1141619655.43,2372002332.35,-1230382676.92
1899,100,2014,119757195.01,132177477.74,-12420282.73
1900,44,2006,425208484.39,370713249.29,54495235.1
1901,9,2022,148209326322.09,171605566450.61,-23396240128.52
1902,153,2011,3673998891.41,3824470792.78,-150471901.37
1903,174,2019,137286514.49,100280927.86,37005586.63
1904,125,2008,6641566161.06,10079539633.46,-3437973472.4
1905,144,2012,4811688229.29,4624983992.39,186704236.9
1906,102,2007,5241546782.11,3322401889.91,1919144892.2
1907,164,2022,87907402585.98,116543201980.79,-28635799394.81
1908,7,2026,26893675033.39,17848016931.61,9045658101.78
1909,177,2011,818010755.17,434591044.99,383419710.18
1910,118,2000,16726898111.34,17919276982.8,-1192378871.46
1911,191,2021,14055748836.02,18731177629.71,-4675428793.69
1912,126,2004,104263153274.7,111904504858.27,-7641351583.57
1913,180,2022,4193162338.28,3888637492.44,304524845.84
1914,9,2001,165377443325.4,91917248539.52,73460194785.88
1915,182,2000,4193189843.63,6286167932.8,-2092978089.17
1916,69,2025,8765428197.13,4629053450.8,4136374746.33
1917,143,2002,289833148457.65,236923408014.5,52909740443.15
1918,147,2013,54806940.22,63000773.5,-8193833.28
1919,32,2025,252411722058.59,260261010831.62,-7849288773.03
1920,89,2009,47991971.79,35357599.21,12634372.58
1921,177,2025,698069737.32,530901715.39,167168021.93
1922,87,2012,6961087591.76,5518055552.22,1443032039.54
1923,6,2006,11800832.17,19013133.99,-7212301.82
1924,186,2003,771824734247.99,724734902857.99,47089831390.0
1925,178,2010,514925042.62,590738912.16,-75813869.54
1926,125,2004,9458560982.91,13269893614.07,-3811332631.16
1927,116,2004,4691755747.78,4904586948.37,-212831200.59
1928,166,2025,21339658389.39,23050226198.34,-1710567808.95
1929,59,2001,814852505.21,392935926.14,421916579.07
1930,90,2009,611147073.98,730586887.77,-119439813.79
1931,185,2020,207002577861.81,374558082113.91,-167555504252.1
1932,8,2015,1646169877.55,1705382630.19,-59212752.64
1933,128,2018,929877944.13,694525128.17,235352815.96
1934,97,2002,1367871903.8,1717936179.05,-350064275.25
1935,83,2010,7287958818.26,11408560083.5,-4120601265.24
1936,17,2015,49991406228.46,109137677528.41,-59146271299.95
1937,173,2002,295519791401.47,383994135444.01,-88474344042.54
1938,55,2001,305620989.03,316019079.0,-10398089.97
1939,130,2000,1663673506.85,1602314008.44,61359498.41
1940,77,2017,548444607522.02,453742989832.18,94701617689.84
1941,123,2012,2634743784.83,2111340040.86,523403743.97
1942,115,2009,70386005.34,67267070.39,3118934.95
1943,109,2010,346084089.02,212317937.07,133766151.95
1944,75,2025,329269262.83,212052671.33,117216591.5
1945,92,2020,2442180826.52,2112908059.63,329272766.89
1946,139,2021,69841648376.74,51337601380.39,18504046996.35
1947,193,2014,19790080567.26,25493845694.04,-5703765126.78
1948,189,2017,93772003.9,97823233.78,-4051229.88
1949,167,2022,56234728.26,124620532.14,-68385803.88
1950,77,2000,468656872471.23,810930979847.62,-342274107376.39
1951,33,2019,1793393217.22,1433701470.36,359691746.86
1952,129,2009,1010714064.57,551215284.84,459498779.73
1953,83,2000,2580448371.12,3552347845.15,-971899474.03
1954,178,2005,6399646119.97,6359692140.77,39953979.2
1955,175,2020,2078073959.81,3016492946.67,-938418986.86
1956,47,2014,462650251.7,502247392.1,-39597140.4
1957,11,2006,3122964352.42,3803784955.26,-680820602.84
1958,122,2019,31493612277.28,23828892161.81,7664720115.47
1959,137,2018,18949963540.72,11932720890.02,7017242650.7
1960,30,2014,4145192534.82,4351135105.47,-205942570.65
1961,168,2019,1448285967.66,2303573956.77,-855287989.11
1962,128,2012,445052950.95,299413191.91,145639759.04
1963,129,2006,1879663777.93,2035834539.46,-156170761.53
1964,153,2010,2240750574.65,1563861757.8,676888816.85
1965,57,2016,10324511560.26,10579970530.6,-255458970.34
1966,78,2023,33112654547.12,60952467414.01,-27839812866.89
1967,22,2004,733035347.88,455965591.85,277069756.03
1968,91,2019,3660070400.54,2616820801.71,1043249598.83
1969,187,2015,322141608.03,448614617.9,-126473009.87
1970,43,2026,1992961034.61,3300492229.04,-1307531194.43
1971,130,2009,384356997.56,526302794.55,-141945796.99
1972,57,2020,14316202410.17,24954662877.67,-10638460467.5
1973,141,2005,1640598387.39,1073954469.03,566643918.36
1974,170,2007,3577561658.57,3603630435.13,-26068776.56
1975,94,2005,2217089126.0,1956434645.03,260654480.97
1976,188,2008,4420340175.42,2085350107.11,2334990068.31
1977,182,2010,17509441344.1,32676025379.14,-15166584035.04
1978,190,2006,169177.11,191405.58,-22228.47
1979,148,2016,99858034.49,74359679.7,25498354.79
1980,129,2019,2863454754.22,3326559565.82,-463104811.6
1981,58,2003,96813172.39,128259003.52,-31445831.13
1982,168,2011,1356344136.42,1266923212.37,89420924.05
1983,89,2004,22194323.82,12951244.45,9243079.37
1984,160,2025,5517243075.01,5797003325.44,-279760250.43
1985,100,2018,144586277.18,138404401.44,6181875.74
1986,27,2001,1507309715.69,1562150668.76,-54840953.07
1987,112,2026,1046262509.84,487475730.76,558786779.08
1988,39,2002,1206332154.89,1501117182.3,-294785027.41
1989,21,2020,2106302913.58,3379990229.48,-1273687315.9
1990,28,2000,2528791410.59,2487029337.45,41762073.14
1991,50,2001,1919182295.61,1688318398.97,230863896.64
1992,173,2022,218090403958.23,375692078734.22,-157601674775.99
1993,179,2004,341255741124.71,307766402596.39,33489338528.32
1994,106,2022,144598049.43,203493853.34,-58895803.91
1995,90,2013,479002065.06,929107138.98,-450105073.92
1996,37,2025,15807714312.66,34980556765.35,-19172842452.69
1997,177,2023,354918299.22,449364096.77,-94445797.55
1998,15,2004,94019006.64,86032034.99,7986971.65
1999,62,2025,503548737.35,707087281.49,-203538544.14
2000,31,2023,2637385079.24,2625202372.78,12182706.46
2001,58,2013,238218296.71,338811731.65,-100593434.94
2002,128,2000,420583883.85,668132782.73,-247548898.88
2003,179,2008,228265323598.31,173468012076.44,54797311521.87
2004,31,2005,7027840442.46,11300351608.88,-4272511166.42
2005,185,2002,28035464200.17,29965953469.12,-1930489268.95
2006,102,2015,1445371771.41,2354586160.45,-909214389.04
2007,154,2000,39169700.16,26577548.22,12592151.94
2008,178,2008,4187446288.73,2850841722.05,1336604566.68
2009,140,2011,2107157479.95,3469403127.83,-1362245647.88
2010,135,2015,6209198066.97,6621961381.45,-412763314.48
2011,147,2015,46173978.82,58877557.75,-12703578.93
2012,74,2006,1595445994.85,1256043257.63,339402737.22
2013,97,2013,1713780765.48,2067260172.55,-353479407.07
2014,135,2021,1416550361.61,2083579283.53,-667028921.92
2015,82,2024,567759729264.09,443428094119.77,124331635144.32
2016,82,2010,247330748194.24,167176272004.99,80154476189.25
2017,105,2006,8270625896.07,8113899181.95,156726714.12
2018,182,2012,16387811666.34,12890053600.54,3497758065.8
2019,125,2019,4816512493.06,7216734601.12,-2400222108.06
2020,51,2000,14711483054.13,16493359506.59,-1781876452.46
2021,66,2000,3249970148.94,2188018817.81,1061951331.13
2022,50,2003,2992490704.35,5309582878.96,-2317092174.61
2023,51,2021,22089275774.07,20339882618.0,1749393156.07
2024,83,2001,6763569021.25,3656814361.11,3106754660.14
2025,154,2015,39529410.77,48048865.7,-8519454.93
2026,111,2023,14894578.0,13325047.17,1569530.83
2027,121,2018,16173001004.9,15847437483.92,325563520.98
2028,19,2023,7268902960.37,6917474399.26,351428561.11
2029,35,2006,5513731370.4,8803737802.52,-3290006432.12
2030,91,2011,1744439979.83,1395849007.92,348590971.91
2031,187,2009,1901019559.3,1183685686.02,717333873.28
2032,116,2025,13542190503.94,19014196545.57,-5472006041.63
2033,182,2004,4701499029.62,4388206910.36,313292119.26
2034,184,2014,45633634538.93,45043883612.88,589750926.05
2035,2,2026,987186514.96,900616882.25,86569632.71
2036,187,2006,1306041347.02,962875979.67,343165367.35
2037,168,2008,5145183168.11,3946517219.08,1198665949.03
2038,134,2014,904598371.79,1050214001.18,-145615629.39
2039,98,2002,17262006.42,13116270.33,4145736.09
2040,194,2022,11890108841.41,11949213878.66,-59105037.25
2041,171,2010,3901998404.61,6363986759.15,-2461988354.54
2042,164,2025,225855997051.38,191495180678.06,34360816373.32
2043,159,2000,192959354.72,230234071.74,-37274717.02
2044,67,2003,11858775.85,13054540.07,-1195764.22
2045,88,2012,31589964588.69,16768475251.05,14821489337.64
2046,195,2014,2570178203.69,2396276710.37,173901493.32
2047,153,2014,1482367621.34,1328128906.42,154238714.92
2048,104,2017,247906467.47,199258829.03,48647638.44
2049,18,2012,189273230.06,144530446.08,44742783.98
2050,75,2013,78166816.18,115308854.54,-37142038.36
2051,20,2010,109715996.27,144684222.99,-34968226.72
2052,117,2002,15762160755.46,12653746695.56,3108414059.9
2053,137,2016,24132919901.42,16726281496.44,7406638404.98
2054,154,2014,21850252.85,39442694.56,-17592441.71
2055,124,2013,1021763946.74,1091422525.86,-69658579.12
2056,47,2017,98741124.78,168562816.6,-69821691.82
2057,35,2014,7665541074.46,10479102015.46,-2813560941.0
2058,177,2007,150148976.79,130899435.63,19249541.16
2059,32,2014,183657131546.81,147811338998.17,35845792548.64
2060,161,2001,19121362156.75,18235991014.0,885371142.75
2061,8,2022,802145888.29,1114326869.37,-312180981.08
2062,60,2010,277282700557.0,432470185352.33,-155187484795.33
2063,80,2004,1183202372.38,1390920505.65,-207718133.27
2064,33,2024,3709546197.05,2894066002.36,815480194.69
2065,88,2003,3698262052.99,2476881022.63,1221381030.36
2066,107,2019,3279966.82,2759365.89,520600.93
2067,14,2024,44333882701.92,63268088983.88,-18934206281.96
2068,70,2018,494804316.79,262593227.68,232211089.11
2069,157,2003,1069596242.27,782331246.9,287264995.37
2070,83,2004,11797609092.23,14204710778.69,-2407101686.46
2071,79,2016,9872133517.71,18032019270.05,-8159885752.34
2072,22,2002,795867942.72,1356004992.73,-560137050.01
2073,177,2017,958456852.41,1072169012.87,-113712160.46
2074,38,2016,194376383.32,252135384.87,-57759001.55
2075,25,2024,145643618.3,135697887.65,9945730.65
2076,166,2000,4546721830.78,6871051255.46,-2324329424.68
2077,93,2009,199652401.99,239593725.72,-39941323.73
2078,14,2003,22324128250.26,40858441662.73,-18534313412.47
2079,117,2006,3009446864.48,4388795916.04,-1379349051.56
2080,36,2020,12193380642455.12,12524499383981.53,-331118741526.41
2081,109,2018,263381611.45,329153843.1,-65772231.65
2082,78,2001,14084898912.96,13645093620.51,439805292.45
2083,32,2023,263401530673.14,414033553022.46,-150632022349.32
2084,185,2023,933677463959.37,813600923948.03,120076540011.34
2085,49,2023,3090244542.1,6084812464.72,-2994567922.62
2086,70,2026,654693185.6,683665456.34,-28972270.74
2087,53,2009,765797568.36,605997695.2,159799873.16
2088,3,2022,11892979779.38,6793769858.5,5099209920.88
2089,114,2022,1712394700.12,2239903188.12,-527508488.0
2090,64,2024,92822112431.1,104149743340.37,-11327630909.27
2091,103,2016,112062444239.53,139244521746.32,-27182077506.79
2092,126,2024,138730601906.93,152615125751.93,-13884523845.0
2093,168,2005,3793094799.05,3006088556.69,787006242.36
2094,157,2014,926951575.38,638491491.73,288460083.65
2095,168,2014,2453559904.18,1879000668.31,574559235.87
2096,18,2024,223810480.17,146483206.91,77327273.26
2097,16,2020,7449696537.82,5297151711.74,2152544826.08
2098,147,2010,42538520.86,64136365.75,-21597844.89
2099,153,2005,3436974691.61,2584978749.01,851995942.6
2100,111,2002,19731025.96,16348884.6,3382141.36
2101,71,2011,358176433.68,402036110.06,-43859676.38
2102,145,2013,2815952.01,2796290.22,19661.79
2103,178,2017,3202584632.93,2841729360.56,360855272.37
2104,155,2005,3018488109.15,4229050086.08,-1210561976.93
2105,74,2022,1681389767.81,2054034893.61,-372645125.8
2106,159,2011,77715530.13,52293242.6,25422287.53
2107,147,2020,43287339.36,61147039.66,-17859700.3
2108,169,2016,24564629147.37,21227633867.73,3336995279.64
2109,3,2002,6878973645.11,7034522348.56,-155548703.45
2110,6,2022,11534804.38,12028690.73,-493886.35
2111,95,2025,509286480.63,1075203426.21,-565916945.58
2112,95,2022,1074864884.35,912052183.67,162812700.68
2113,13,2009,815789285.77,874829846.92,-59040561.15
2114,89,2021,97791220.04,64636143.48,33155076.56
2115,49,2012,2095159896.22,2472373727.38,-377213831.16
2116,91,2026,2457001817.7,2648945162.01,-191943344.31
2117,147,2007,47171347.1,39101489.69,8069857.41
2118,66,2018,7564497982.49,8202372923.39,-637874940.9
2119,90,2017,570394683.5,1240814173.57,-670419490.07
2120,90,2000,806455468.65,411736952.23,394718516.42
2121,143,2010,213557386905.66,170233302196.1,43324084709.56
2122,9,2018,52959177187.18,64486050045.39,-11526872858.21
2123,141,2011,377600243.56,519297622.3,-141697378.74
2124,118,2015,5381974364.25,5074828012.84,307146351.41
2125,160,2015,5341847945.24,5536997401.1,-195149455.86
2126,70,2020,1820445214.96,835142724.73,985302490.23
2127,26,2023,2093773621.91,1189245509.45,904528112.46
2128,27,2000,2587841886.51,1885482889.95,702358996.56
2129,128,2005,303211095.63,324450284.34,-21239188.71
2130,68,2000,4476473900.24,7075738281.67,-2599264381.43
2131,45,2013,915401438.08,1210546841.63,-295145403.55
2132,56,2003,367573402.33,491987228.66,-124413826.33
2133,190,2008,380623.12,473098.04,-92474.92
2134,85,2020,790159294715.87,479908585739.55,310250708976.32
2135,179,2014,416717249951.92,485588991784.21,-68871741832.29
2136,118,2026,35855032685.49,48074905837.21,-12219873151.72
2137,76,2019,1495025018313.97,2300727776414.0,-805702758100.03
2138,67,2009,45583089.29,38291717.47,7291371.82
2139,70,2017,322280302.95,204677419.77,117602883.18
2140,63,2021,448716232.53,488376154.78,-39659922.25
2141,143,2004,247895137258.76,230661187736.14,17233949522.62
2142,79,2010,6329250026.85,4596263809.87,1732986216.98
2143,57,2015,62920852771.13,58837168772.49,4083683998.64
2144,77,2004,486441683529.58,385458578896.01,100983104633.57
2145,131,2017,193013849789.89,198200707615.98,-5186857826.09
2146,88,2020,6612837728.03,4464210303.94,2148627424.09
2147,87,2025,9626011359.71,9891088716.3,-265077356.59
2148,106,2023,44776990.84,49698479.91,-4921489.07
2149,189,2012,96803415.03,155117789.95,-58314374.92
2150,132,2006,9907277.69,7532178.94,2375098.75
2151,176,2026,35337540.98,47920611.08,-12583070.1
2152,73,2001,1817767635.83,3303105350.66,-1485337714.83
2153,120,2017,679743.25,805521.78,-125778.53
2154,172,2020,9559556931.29,17919892283.1,-8360335351.81
2155,155,2013,1134247142.19,1402761227.21,-268514085.02
2156,63,2019,604075427.64,344664215.43,259411212.21
2157,113,2021,25329730.64,24846155.15,483575.49
2158,45,2021,1764003680.42,990734751.67,773268928.75
2159,97,2022,3981321537.59,4491539475.84,-510217938.25
2160,157,2023,3108994190.93,3817959351.65,-708965160.72
2161,41,2006,1783265375.26,2954669613.67,-1171404238.41
2162,150,2016,127943729.03,68049509.88,59894219.15
2163,121,2011,9710957977.56,6580732826.27,3130225151.29
2164,126,2022,61653316869.98,91921760513.04,-30268443643.06
2165,188,2001,10191163092.01,9069459882.46,1121703209.55
2166,117,2003,7854319477.9,11619375918.74,-3765056440.84
2167,189,2021,259822517.1,243530419.78,16292097.32
2168,92,2012,2740357855.45,1867382568.78,872975286.67
2169,168,2001,3901746432.46,2972110244.62,929636187.84
2170,45,2006,1820561189.74,2838093869.0,-1017532679.26
2171,18,2008,30279737.99,32356153.51,-2076415.52
2172,107,2006,8657389.88,8942820.02,-285430.14
2173,120,2020,1477702.11,1230532.9,247169.21
2174,12,2010,89707875.2,85989403.3,3718471.9
2175,30,2016,5017318560.36,5440535905.95,-423217345.59
2176,68,2004,1743648731.13,2072484311.94,-328835580.81
2177,80,2025,2034369339.69,2411385022.3,-377015682.61
2178,181,2016,4235549.55,4143777.53,91772.02
2179,63,2017,1290791210.15,887197559.06,403593651.09
2180,166,2014,12044871211.79,10221899748.74,1822971463.05
2181,13,2013,781359185.98,913535123.45,-132175937.47
2182,13,2010,870559559.62,876430742.25,-5871182.63
2183,140,2025,6155986811.99,6819369835.01,-663383023.02
2184,59,2003,1899742166.7,1807328655.26,92413511.44
2185,84,2003,618113767.75,782865049.04,-164751281.29
2186,173,2013,316864151319.46,364457344103.45,-47593192783.99
2187,7,2017,6446509349.43,4495161875.15,1951347474.28
2188,49,2025,9622408665.61,6456649684.18,3165758981.43
2189,190,2018,569371.18,319910.52,249460.66
2190,185,2022,89709010307.39,172690435727.12,-82981425419.73
2191,46,2016,1517102423.94,2295616354.97,-778513931.03
2192,86,2012,6458411570.75,4756527254.76,1701884315.99
2193,8,2017,1962529224.66,1593109415.02,369419809.64
2194,61,2022,377624457.4,422956502.31,-45332044.91
2195,31,2001,8950298496.25,8535199089.69,415099406.56
2196,43,2019,797965478.96,1016732785.81,-218767306.85
2197,62,2024,714745841.33,1079747025.82,-365001184.49
2198,40,2004,21355256992.46,37457584417.44,-16102327424.98
2199,119,2003,477915109.29,506222714.77,-28307605.48
2200,48,2015,15849372.73,10877499.97,4971872.76
2201,23,2012,1432219676.59,1863596003.69,-431376327.1
2202,15,2003,97476575.08,93379634.97,4096940.11
2203,192,2009,57020812578.06,93042612424.99,-36021799846.93
2204,9,2019,47833192329.43,52617594182.32,-4784401852.89
2205,21,2010,5311331751.58,2881241494.25,2430090257.33
2206,6,2009,11843380.75,9128985.59,2714395.16
2207,142,2014,9198672509.77,7151688381.65,2046984128.12
2208,68,2014,7783318104.02,9823210100.08,-2039891996.06
2209,42,2017,589123931.1,798520613.82,-209396682.72
2210,91,2014,3130339604.41,2900626128.12,229713476.29
2211,161,2017,5866277906.84,5333962464.61,532315442.23
2212,44,2011,124096341.05,128809348.32,-4713007.27
2213,122,2018,144786778101.82,89045580621.58,55741197480.24
2214,60,2021,589204214795.78,473386522998.16,115817691797.62
2215,130,2025,4018505430.01,3314396097.6,704109332.41
2216,165,2020,17441064740.66,13989404417.94,3451660322.72
2217,129,2025,2931698501.13,3326288814.24,-394590313.11
2218,111,2009,28145687.1,40769774.71,-12624087.61
2219,42,2006,1165280743.78,1297653156.19,-132372412.41
2220,62,2017,1583706181.28,1316305964.3,267400216.98
2221,120,2004,2047117.34,1922128.4,124988.94
2222,61,2018,473659365.1,347029584.49,126629780.61
2223,195,2009,2687603526.28,2411328040.19,276275486.09
2224,34,2005,3080536139.23,2885783977.71,194752161.52
2225,86,2011,1075793350.21,1044135631.36,31657718.85
2226,83,2012,19376850157.16,14367280305.3,5009569851.86
2227,137,2021,13688954704.2,23609291488.02,-9920336783.82
2228,169,2013,16647890410.72,22296777074.57,-5648886663.85
2229,18,2014,160031799.96,202553182.77,-42521382.81
2230,58,2008,359289118.34,266683983.07,92605135.27
2231,78,2024,40697234234.72,48348845597.86,-7651611363.14
2232,116,2005,20067842673.23,11291453690.49,8776388982.74
2233,178,2023,10861324210.39,8588834978.4,2272489231.99
2234,14,2014,105772343629.01,83822731999.96,21949611629.05
2235,19,2018,3843931137.95,7833614578.52,-3989683440.57
2236,103,2003,184727352987.84,153216660470.9,31510692516.94
2237,109,2025,352346490.27,296180154.85,56166335.42
2238,153,2020,1375608186.13,996001968.04,379606218.09
2239,74,2004,4353677315.8,2874659914.64,1479017401.16
2240,146,2011,14613037.55,25348313.84,-10735276.29
2241,166,2019,22173475399.67,27652208246.54,-5478732846.87
2242,86,2014,1336233333.95,1373673249.78,-37439915.83
2243,103,2019,79360795943.53,59868729298.6,19492066644.93
2244,188,2026,16023627970.71,15073761243.14,949866727.57
2245,156,2016,39526160260.69,43071311373.86,-3545151113.17
2246,142,2000,5678318221.67,8428829176.83,-2750510955.16
2247,194,2004,1692305096.27,1996593322.71,-304288226.44
2248,56,2004,233009150.57,379835075.97,-146825925.4
2249,148,2014,59746026.01,93630151.67,-33884125.66
2250,184,2024,54842550568.62,76737325036.61,-21894774467.99
2251,181,2024,1649412.63,2475493.75,-826081.12
2252,74,2003,2731893708.72,3681821492.14,-949927783.42
2253,122,2006,50728203429.66,71528546025.63,-20800342595.97
2254,119,2006,227403646.33,295876343.07,-68472696.74
2255,152,2020,3794593339.6,4805637547.43,-1011044207.83
2256,106,2005,124181527.73,64117038.91,60064488.82
2257,123,2016,3822016343.58,3626451946.42,195564397.16
2258,191,2023,8918869551.2,11719929246.41,-2801059695.21
2259,125,2015,9301137133.47,6080447459.9,3220689673.57
2260,145,2018,39306532.21,31469612.55,7836919.66
2261,64,2014,308909431118.56,167532973130.33,141376457988.23
2262,58,2001,291444157.38,281807802.02,9636355.36
2263,152,2024,9911432551.78,6610302334.94,3301130216.84
2264,92,2023,1005314271.68,1259771403.46,-254457131.78
2265,38,2026,211686167.93,180899521.91,30786646.02
2266,96,2009,2131040017.19,1981939746.21,149100270.98
2267,55,2010,391339043.55,477296888.16,-85957844.61
2268,92,2008,1180495289.9,745028036.08,435467253.82
2269,104,2003,170795361.68,171243952.66,-448590.98
2270,181,2003,2523168.36,1928318.36,594850.0
2271,21,2009,7170768727.88,5063668766.45,2107099961.43
2272,181,2015,6550961.75,3906471.47,2644490.28
2273,68,2002,3924098889.83,3007589834.67,916509055.16
2274,160,2014,11551879409.06,6227426501.49,5324452907.57
2275,116,2008,10345559738.63,6634069455.51,3711490283.12
2276,106,2020,113861980.15,97383292.62,16478687.53
2277,175,2004,2463434130.65,1766798702.29,696635428.36
2278,78,2010,5169279744.46,8020013194.18,-2850733449.72
2279,100,2001,261115923.42,237992063.87,23123859.55
2280,18,2013,277847054.58,187359673.78,90487380.8
2281,50,2015,12118082868.38,5668520135.38,6449562733.0
2282,45,2007,1109299014.33,1203630090.16,-94331075.83
2283,124,2010,502726567.93,676008234.74,-173281666.81
2284,63,2015,420593869.14,492713500.93,-72119631.79
2285,98,2000,13770102.36,9470063.22,4300039.14
2286,117,2005,7020493404.01,4297293335.33,2723200068.68
2287,24,2026,1353938614658.2,2606018298447.48,-1252079683789.28
2288,39,2013,732641782.84,513792660.1,218849122.74
2289,147,2001,10562536.81,8914811.84,1647724.97
2290,167,2008,336085577.53,307295403.96,28790173.57
2291,126,2007,21294409368.68,25151849633.15,-3857440264.47
2292,123,2019,1998021520.08,4117686895.94,-2119665375.86
2293,144,2010,1579621695.51,1927693495.64,-348071800.13
2294,152,2001,4183129724.22,4813413120.97,-630283396.75
2295,94,2003,908171530.79,1310794644.78,-402623113.99
2296,20,2017,86476634.91,44548362.23,41928272.68
2297,25,2005,135826120.08,191485308.68,-55659188.6
2298,28,2014,1268157298.45,1020766633.68,247390664.77
2299,25,2020,58377888.33,57183632.74,1194255.59
2300,113,2000,6866057.22,6885513.41,-19456.19
2301,10,2022,4882610032.13,2896486426.32,1986123605.81
2302,192,2017,542070968007.98,629928160918.17,-87857192910.19
2303,155,2025,5280323053.01,7102678252.95,-1822355199.94
2304,57,2017,42787614031.93,38224513066.9,4563100965.03
2305,103,2000,48104979253.47,73845980831.95,-25741001578.48
2306,21,2001,2746167799.74,3745818017.09,-999650217.35
2307,145,2022,38735062.96,37770777.5,964285.46
2308,179,2017,102108684149.02,89451025747.54,12657658401.48
2309,42,2023,1227617307.79,1095849318.53,131767989.26
2310,98,2014,11248629.18,14521006.96,-3272377.78
2311,52,2011,2312459601.87,2851812918.95,-539353317.08
2312,90,2025,947547893.84,671017468.02,276530425.82
2313,36,2021,2358788186764.56,2621325143553.5,-262536956788.94
2314,24,2017,2372563874982.19,2365024989220.69,7538885761.5
2315,59,2014,885565736.21,1368890867.91,-483325131.7
2316,118,2012,19459978992.64,20711067028.2,-1251088035.56
2317,125,2026,11989742326.62,8353808082.0,3635934244.62
2318,97,2011,4367603699.66,3177264761.0,1190338938.66
2319,89,2006,15853173.53,20024949.46,-4171775.93
2320,169,2000,3903419296.2,6758992731.22,-2855573435.02
2321,140,2017,3195111004.41,2081313435.72,1113797568.69
2322,124,2020,3759449708.93,2954487131.4,804962577.53
2323,190,2003,274237.53,185066.07,89171.46
2324,1,2005,14932398646.05,18449320605.51,-3516921959.46
2325,91,2020,2875795541.48,2705403851.39,170391690.09
2326,179,2016,436554570698.32,442595738016.89,-6041167318.57
2327,118,2006,18870296294.38,20217211629.89,-1346915335.51
2328,135,2002,4988835331.16,4243936658.38,744898672.78
2329,66,2017,6379791861.7,5700791915.72,678999945.98
2330,163,2009,1601539806.92,2175236087.44,-573696280.52
2331,65,2004,4098854512.88,5582709887.04,-1483855374.16
2332,108,2014,739188957.62,1096889481.24,-357700523.62
2333,69,2000,2647384335.83,4801698068.72,-2154313732.89
2334,155,2000,3128889011.15,4017429005.94,-888539994.79
2335,153,2002,2063828623.59,2767804444.21,-703975820.62
2336,78,2025,35823600357.71,40138932333.66,-4315331975.95
2337,154,2008,22314650.81,13649862.56,8664788.25
2338,15,2020,113251821.64,56675985.96,56575835.68
2339,17,2004,27654838044.72,14192066531.44,13462771513.28
2340,84,2022,732041377.3,796834883.16,-64793505.86
2341,17,2001,51005053416.2,92305090368.27,-41300036952.07
2342,166,2026,6288876162.75,9719096066.58,-3430219903.83
2343,27,2013,2714267427.72,2544610800.69,169656627.03
2344,83,2024,19843857658.91,15678137639.79,4165720019.12
2345,22,2022,2521491330.26,2564517813.75,-43026483.49
2346,189,2008,24786356.93,32753491.82,-7967134.89
2347,116,2012,13376864093.64,12482475372.51,894388721.13
2348,98,2007,14659527.34,19185270.03,-4525742.69
2349,15,2010,95295346.27,196051100.15,-100755753.88
2350,154,2011,39549975.12,51423784.94,-11873809.82
2351,13,2023,438565348.92,597156580.13,-158591231.21
2352,179,2020,496624236455.22,507696457945.95,-11072221490.73
2353,102,2002,4965755282.85,5366184703.99,-400429421.14
2354,32,2012,164477050200.07,151185174583.53,13291875616.54
2355,176,2022,72035227.71,85947008.56,-13911780.85
2356,111,2020,13889181.67,7515406.51,6373775.16
2357,68,2007,6383710674.24,4469815161.61,1913895512.63
2358,76,2023,7186260265036.0,6965103628692.15,221156636343.85
2359,121,2025,5497872904.77,10404170775.61,-4906297870.84
2360,123,2001,2132284859.56,2740527325.77,-608242466.21
2361,190,2012,111013.95,119167.76,-8153.81
2362,6,2018,51315872.2,45248606.46,6067265.74
2363,147,2008,38880462.01,31790546.73,7089915.28
2364,133,2007,994179828.39,1238402254.14,-244222425.75
2365,25,2000,97941937.6,96152705.45,1789232.15
2366,91,2018,4664994492.77,3242504129.94,1422490362.83
2367,155,2024,2314400775.65,1897281707.06,417119068.59
2368,59,2010,1852942097.05,1039767407.98,813174689.07
2369,50,2006,5810657444.36,7156510307.58,-1345852863.22
2370,192,2008,433181467390.73,278375536401.27,154805930989.46
2371,80,2026,1077022550.35,639217399.64,437805150.71
2372,129,2003,2056206188.17,2371122703.17,-314916515.0
2373,123,2000,1287143869.7,1037769592.93,249374276.77
2374,162,2006,244941064072.96,245768605082.05,-827541009.09
2375,48,2019,15221635.49,18207273.33,-2985637.84
2376,51,2016,32403542921.73,24637082164.65,7766460757.08
2377,66,2019,3517269952.7,3651433952.54,-134163999.84
2378,116,2006,16288210620.24,16690752028.94,-402541408.7
2379,9,2002,34590363274.42,21871226485.66,12719136788.76
2380,172,2022,4204564088.91,5895617116.35,-1691053027.44
2381,25,2023,146707911.01,236413680.61,-89705769.6
2382,82,2025,205474538778.72,151828366399.96,53646172378.76
2383,51,2009,23430474773.09,24464103262.96,-1033628489.87
2384,56,2008,202355842.96,312682934.64,-110327091.68
2385,173,2011,438843851408.77,597674265211.1,-158830413802.33
2386,118,2021,6731634120.39,5972836435.61,758797684.78
2387,83,2021,15035924447.09,11616465644.72,3419458802.37
2388,58,2022,482565385.44,423874497.59,58690887.85
2389,171,2021,1714043582.79,2180876780.05,-466833197.26
2390,99,2013,1052389282.21,777831346.17,274557936.04
2391,161,2009,7178076202.98,4181331298.42,2996744904.56
2392,111,2025,34791828.37,44206684.53,-9414856.16
2393,167,2016,155255615.37,167394857.11,-12139241.74
2394,73,2005,4471614918.72,4583723256.29,-112108337.57
2395,3,2003,19168723553.37,24646329781.89,-5477606228.52
2396,161,2024,28227945677.52,33443196303.82,-5215250626.3
2397,54,2026,710342831.0,652586305.56,57756525.44
2398,80,2003,1167566893.28,826807110.85,340759782.43
2399,2,2016,747884744.6,587368494.85,160516249.75
2400,186,2019,550062585010.49,533041698908.88,17020886101.61
2401,153,2001,1486144065.93,1826360326.27,-340216260.34
2402,6,2011,17212576.31,25267654.73,-8055078.42
2403,70,2021,1113764828.63,623368407.37,490396421.26
2404,87,2002,2326397290.99,3152487437.78,-826090146.79
2405,133,2014,1526686972.01,3403131875.66,-1876444903.65
2406,57,2005,27715499555.52,28817372329.32,-1101872773.8
2407,14,2019,108698722357.64,105472965735.6,3225756622.04
2408,106,2012,87075178.31,85266388.4,1808789.91
2409,182,2001,3604845521.06,4931468944.18,-1326623423.12
2410,163,2014,2574115229.95,3928237185.47,-1354121955.52
2411,192,2000,147383883982.18,152773759193.77,-5389875211.59
2412,123,2026,3798582271.97,2372895105.88,1425687166.09
2413,70,2015,150856108.68,99643350.67,51212758.01
2414,16,2005,5418142752.78,2603527419.43,2814615333.35
2415,47,2006,463234218.74,366239150.04,96995068.7
2416,71,2021,553917507.98,525838721.62,28078786.36
2417,42,2010,829511382.41,647694898.84,181816483.57
2418,24,2023,1730333526869.5,1895591561379.57,-165258034510.07
2419,122,2005,32541099678.68,58643564263.82,-26102464585.14
2420,73,2013,3555041546.24,5558364514.8,-2003322968.56
2421,22,2015,523233694.09,1061413918.61,-538180224.52
2422,26,2021,2495886294.59,2151113278.59,344773016.0
2423,10,2012,2346172298.79,3543480981.17,-1197308682.38
2424,126,2020,154388758058.71,105920893730.82,48467864327.89
2425,121,2017,10108006688.86,5152351959.29,4955654729.57
2426,143,2006,257466654681.69,125355837024.12,132110817657.57
2427,108,2004,1055838820.27,1010938185.55,44900634.72
2428,50,2009,2973045612.15,4055964468.92,-1082918856.77
2429,28,2008,2328424388.44,3228903456.45,-900479068.01
2430,58,2006,314928923.25,212468398.27,102460524.98
2431,40,2020,30607827447.6,44983552849.75,-14375725402.15
2432,92,2024,4225500594.91,4712144578.46,-486643983.55
2433,132,2025,1522245.65,2177275.73,-655030.08
2434,93,2015,340010014.3,286823383.26,53186631.04
2435,183,2016,8600271248.97,8659447347.9,-59176098.93
2436,162,2017,138936190121.14,168593492723.36,-29657302602.22
2437,186,2009,1178017573431.96,938111114451.76,239906458980.2
2438,40,2025,42422555725.25,44321011620.33,-1898455895.08
2439,1,2007,11724336986.61,8119627134.93,3604709851.68
2440,190,2009,299115.46,269907.42,29208.04
2441,30,2024,14951986933.86,13242655233.89,1709331699.97
2442,174,2010,391186442.03,304017326.77,87169115.26
2443,56,2026,859104414.13,496541441.14,362562972.99
2444,139,2009,48320318625.75,49696905058.43,-1376586432.68
2445,4,2017,8005483.42,13406827.74,-5401344.32
2446,152,2013,5328202476.54,6885398687.88,-1557196211.34
2447,18,2025,260546239.21,201940328.37,58605910.84
2448,49,2020,3610861169.0,2398729518.89,1212131650.11
2449,48,2013,45703253.51,34478633.79,11224619.72
2450,167,2005,95357088.46,189219357.61,-93862269.15
2451,5,2023,3277896397.58,2718402409.41,559493988.17
2452,185,2021,154427249027.53,294074703286.39,-139647454258.86
2453,184,2022,39455592395.53,55599776600.19,-16144184204.66
2454,45,2010,2610614162.73,3633881192.42,-1023267029.69
2455,39,2015,872951144.03,1079347101.37,-206395957.34
2456,192,2001,646549352958.93,494642370597.02,151906982361.91
2457,186,2001,590741311828.67,484401047465.25,106340264363.42
2458,87,2024,1429846740.48,1741044326.91,-311197586.43
2459,119,2024,1515506650.91,1050603347.54,464903303.37
2460,38,2009,263108780.11,343749229.58,-80640449.47
2461,33,2008,817017850.53,846692481.67,-29674631.14
2462,73,2016,2409269305.91,1924051957.25,485217348.66
2463,23,2021,1012930529.37,1330748365.49,-317817836.12
2464,46,2024,2849969464.83,4613966186.22,-1763996721.39
2465,191,2013,6921910866.47,4271691448.58,2650219417.89
2466,131,2012,21614748938.92,30515801380.56,-8901052441.64
2467,151,2007,196502232377.44,137377864759.62,59124367617.82
2468,108,2019,547128624.83,732789751.34,-185661126.51
2469,23,2023,1161354360.85,891205720.4,270148640.45
2470,60,2015,139098829018.06,134585768339.72,4513060678.34
2471,62,2006,1005268799.03,758909885.49,246358913.54
2472,189,2024,182163971.44,182644766.97,-480795.53
2473,95,2004,700815975.67,574576373.63,126239602.04
2474,22,2000,994804276.28,1170960220.69,-176155944.41
2475,73,2023,1309050264.46,1146822841.54,162227422.92
2476,41,2020,2645103677.19,2423861529.16,221242148.03
2477,69,2007,5117950474.78,7790180045.38,-2672229570.6
2478,148,2017,104711053.24,137531523.48,-32820470.24
2479,177,2020,375059180.41,421482982.51,-46423802.1
2480,93,2012,762957167.14,761774396.73,1182770.41
2481,133,2005,1395908932.8,1846373348.87,-450464416.07
2482,89,2000,23549284.43,20603117.9,2946166.53
2483,189,2004,104851966.39,62514787.01,42337179.38
2484,94,2020,1532818906.22,1675912271.08,-143093364.86
2485,129,2002,2218086845.74,2296322892.99,-78236047.25
2486,4,2006,10100648.01,11248947.71,-1148299.7
2487,114,2021,476681832.2,478959429.74,-2277597.54
2488,77,2001,1178870561171.89,712200734023.08,466669827148.81
2489,114,2005,974094678.85,1374732804.43,-400638125.58
2490,25,2013,331929706.83,274451175.9,57478530.93
2491,10,2004,3078367151.82,2182229089.56,896138062.26
2492,121,2004,8841393160.39,14249852079.76,-5408458919.37
2493,1,2024,22312715151.39,16751693420.35,5561021731.04
2494,106,2021,357580374.03,266587730.83,90992643.2
2495,157,2012,1002287119.72,1934678901.71,-932391781.99
2496,130,2012,1168025307.15,829929226.89,338096080.26
2497,187,2026,1680762223.55,2159685644.82,-478923421.27
2498,12,2006,111301109.59,107722047.87,3579061.72
2499,64,2003,682765772201.45,473475517707.88,209290254493.57
2500,164,2002,69738362793.05,49559002636.49,20179360156.56
2501,151,2015,138855764730.43,88128798976.25,50726965754.18
2502,64,2006,507549313299.1,615898656941.02,-108349343641.92
2503,27,2019,2785200372.36,2940975751.72,-155775379.36
2504,40,2009,63000369370.8,52277801115.95,10722568254.85
2505,150,2005,36705953.68,37677920.12,-971966.44
2506,142,2005,3726295425.02,6347352945.0,-2621057519.98
2507,72,2018,3976689433.83,3968128410.79,8561023.04
2508,48,2016,14222088.17,20620973.63,-6398885.46
2509,195,2006,5336373419.98,4282505704.47,1053867715.51
2510,11,2012,4017262072.05,3248235799.87,769026272.18
2511,64,2020,272391000817.93,139693500637.71,132697500180.22
2512,123,2006,891459916.39,1163947917.21,-272488000.82
2513,138,2021,91803372415.6,78381459611.87,13421912803.73
2514,112,2003,1144572430.46,1266704634.38,-122132203.92
2515,15,2019,141608708.6,211134465.25,-69525756.65
2516,106,2019,102422107.34,92269393.18,10152714.16
2517,50,2023,3158750702.3,5724553345.75,-2565802643.45
2518,118,2002,10798296031.94,16712580911.15,-5914284879.21
2519,139,2001,147039334106.93,160678513612.07,-13639179505.14
2520,4,2004,23845231.96,28362196.74,-4516964.78
2521,99,2008,792415407.99,1648920986.56,-856505578.57
2522,149,2012,13235373.01,14119860.26,-884487.25
2523,169,2025,133607877183.45,127156107138.16,6451770045.29
2524,112,2019,1340303599.07,1025450609.32,314852989.75
2525,46,2018,1202576182.0,1251478766.68,-48902584.68
2526,98,2012,4477223.95,4437572.31,39651.64
2527,115,2012,99600715.45,85032465.59,14568249.86
2528,140,2013,2423970009.71,1911422910.63,512547099.08
2529,186,2022,859429975650.06,600743245513.92,258686730136.14
2530,16,2023,5474622395.05,6460881336.51,-986258941.46
2531,148,2021,57323095.41,115076491.86,-57753396.45
2532,122,2024,23398627353.82,27521556185.44,-4122928831.62
2533,118,2019,18608914507.34,20527047226.25,-1918132718.91
2534,92,2013,3816587448.68,4113126048.12,-296538599.44
2535,22,2020,1817350169.47,1642102683.83,175247485.64
2536,72,2015,3584510415.37,2921804656.69,662705758.68
2537,55,2013,391596488.07,473161740.92,-81565252.85
2538,50,2024,8703185124.83,7247722727.82,1455462397.01
2539,31,2004,14809784100.24,11200533543.51,3609250556.73
2540,104,2011,120437959.22,204918545.02,-84480585.8
2541,29,2021,212783229.73,328463424.6,-115680194.87
2542,169,2015,18190538511.57,35033673438.19,-16843134926.62
2543,133,2018,2085467658.65,2921113790.67,-835646132.02
2544,104,2015,336510172.84,201853176.9,134656995.94
2545,159,2025,113864412.65,167287704.85,-53423292.2
2546,49,2010,1450115045.52,2576438879.94,-1126323834.42
2547,54,2014,2294816630.78,2388973206.73,-94156575.95
2548,126,2002,98377534143.16,70928898069.15,27448636074.01
2549,125,2017,6144080888.83,5481382506.88,662698381.95
2550,88,2010,8672466905.32,8599578382.88,72888522.44
2551,6,2005,16702587.42,30971354.95,-14268767.53
2552,154,2025,57785833.81,64981838.44,-7196004.63
2553,163,2003,2576607963.07,2698323482.66,-121715519.59
2554,39,2004,1135706347.86,904282034.66,231424313.2
2555,131,2014,45424325897.05,56878773194.99,-11454447297.94
2556,32,2005,76610412184.39,83483766655.5,-6873354471.11
2557,29,2002,179180728.6,221283860.81,-42103132.21
2558,96,2008,580866300.89,671772782.3,-90906481.41
2559,149,2004,7966602.59,9911167.17,-1944564.58
2560,91,2025,4618057997.04,6417193454.65,-1799135457.61
2561,154,2013,13890719.56,8558865.57,5331853.99
2562,86,2015,3741884031.51,4847270672.07,-1105386640.56
2563,119,2000,263643662.83,392739973.57,-129096310.74
2564,56,2016,158899969.06,151875568.48,7024400.58
2565,116,2009,13913268985.9,11172252799.55,2741016186.35
2566,26,2001,2151636590.24,2630454351.85,-478817761.61
2567,103,2002,66734970782.22,128552840651.8,-61817869869.58
2568,40,2005,17543166285.44,21422059676.05,-3878893390.61
2569,95,2009,422860060.94,692446667.19,-269586606.25
2570,118,2010,7693514279.75,12230435366.69,-4536921086.94
2571,177,2005,87706304.85,120628832.64,-32922527.79
2572,23,2013,382211965.95,478630943.73,-96418977.78
2573,149,2011,6527583.41,7702802.89,-1175219.48
2574,17,2023,64849079150.61,73550095578.27,-8701016427.66
2575,96,2022,2512689776.17,2834188908.47,-321499132.3
2576,68,2019,2726306170.33,2965259406.1,-238953235.77
2577,151,2016,43470703303.26,59574018775.36,-16103315472.1
2578,167,2004,109236363.58,233869744.93,-124633381.35
2579,167,2021,174441706.8,287193233.27,-112751526.47
2580,115,2003,75226480.28,79591466.44,-4364986.16
2581,36,2012,8632500357210.88,15732538478932.51,-7100038121721.63
2582,181,2008,3753523.35,6763126.91,-3009603.56
2583,92,2010,3172679715.46,2017474127.81,1155205587.65
2584,128,2026,203405905.06,386881014.31,-183475109.25
2585,11,2017,1038205371.44,514654441.64,523550929.8
2586,65,2022,4774547084.78,9269270643.41,-4494723558.63
2587,149,2021,8937012.39,8901630.3,35382.09
2588,156,2019,77519423387.88,64777564989.17,12741858398.71
2589,66,2016,1860072679.14,1978437470.32,-118364791.18
2590,27,2025,5036846867.35,3899984499.81,1136862367.54
2591,140,2007,4652897586.73,4263776416.23,389121170.5
2592,191,2014,12648645037.3,7704042621.3,4944602416.0
2593,65,2003,7325587148.66,9542685550.29,-2217098401.63
2594,174,2008,661658974.4,516932357.9,144726616.5
2595,98,2020,24804651.2,15942115.23,8862535.97
2596,91,2017,2502291264.45,2979831935.15,-477540670.7
2597,144,2014,2184488188.86,2230873257.94,-46385069.08
2598,18,2011,194797005.85,158648317.12,36148688.73
2599,193,2012,8798521937.15,18398776034.44,-9600254097.29
2600,109,2019,219489572.68,335179777.94,-115690205.26
2601,159,2010,356300046.54,353323441.29,2976605.25
2602,180,2008,610701446.94,406163139.85,204538307.09
2603,64,2015,247650777388.46,223617465897.45,24033311491.01
2604,83,2019,11615630974.09,18029173627.26,-6413542653.17
2605,79,2005,3830750334.56,7421136319.92,-3590385985.36
2606,156,2002,28513701766.32,22302257098.95,6211444667.37
2607,143,2018,790035430136.03,428451767953.18,361583662182.85
2608,180,2020,1297026468.27,1444885645.13,-147859176.86
2609,82,2018,384898469991.29,388534029937.92,-3635559946.63
2610,48,2020,5027513.86,6956825.33,-1929311.47
2611,53,2023,711368556.26,361854170.67,349514385.59
2612,158,2019,157221407.19,302513069.26,-145291662.07
2613,124,2024,2389815106.87,4610786865.5,-2220971758.63
2614,80,2020,638223458.83,1465842392.4,-827618933.57
2615,68,2010,6342517553.07,8015744970.46,-1673227417.39
2616,116,2011,9099335410.43,5330758563.55,3768576846.88
2617,171,2005,4128056138.19,2456569715.71,1671486422.48
2618,51,2001,12734773472.93,7097385582.34,5637387890.59
2619,152,2019,3793959784.78,4847348446.41,-1053388661.63
2620,10,2013,2379782688.62,2432862221.2,-53079532.58
2621,136,2024,6094791733.1,5610043296.21,484748436.89
2622,64,2022,531292011392.22,591004709158.67,-59712697766.45
2623,78,2004,41684753852.81,50005664437.17,-8320910584.36
2624,142,2015,6734009893.32,5379719108.0,1354290785.32
2625,36,2026,20541678249564.56,18630120032198.55,1911558217366.01
2626,135,2022,4352470958.89,5349108975.39,-996638016.5
2627,48,2000,12927537.76,10030728.97,2896808.79
2628,102,2025,7782650235.96,9219643400.98,-1436993165.02
2629,171,2009,1543987129.51,1608948314.21,-64961184.7
2630,163,2018,3689565163.32,3493089087.23,196476076.09
2631,88,2008,12172731263.11,10510229691.3,1662501571.81
2632,5,2000,6147150166.48,9934637609.62,-3787487443.14
2633,40,2003,12248311415.21,15831403109.55,-3583091694.34
2634,151,2003,48569917034.1,48534458775.68,35458258.42
2635,70,2023,1115130560.8,664754158.42,450376402.38
2636,38,2017,504045802.68,448087201.72,55958600.96
2637,147,2012,53708869.57,32508426.23,21200443.34
2638,64,2017,351010784052.36,381558371307.45,-30547587255.09
2639,191,2004,6723073078.75,9205012382.32,-2481939303.57
2640,65,2023,13773138193.31,11215960432.46,2557177760.85
2641,34,2015,12459295719.19,7944401474.41,4514894244.78
2642,10,2015,1098458343.57,1439348836.22,-340890492.65
2643,149,2009,2999068.03,2521818.94,477249.09
2644,132,2022,13933010.85,16557135.91,-2624125.06
2645,68,2025,7191758092.77,10694805619.91,-3503047527.14
2646,27,2016,7710055013.7,15979731540.96,-8269676527.26
2647,19,2015,1359472061.98,1773957392.03,-414485330.05
2648,20,2024,124541883.87,120979264.33,3562619.54
2649,139,2014,30498826838.9,14330523361.21,16168303477.69
2650,58,2018,179072498.63,177493524.27,1578974.36
2651,139,2007,200685258949.52,184270067954.42,16415190995.1
2652,69,2016,5741353929.62,4476160798.93,1265193130.69
2653,187,2014,807172854.05,469433454.89,337739399.16
2654,177,2024,959664077.71,475148045.18,484516032.53
2655,61,2009,235690047.52,254054769.32,-18364721.8
2656,56,2019,678291822.96,410630250.74,267661572.22
2657,37,2010,10262226874.93,10251589742.14,10637132.79
2658,141,2001,1096708568.45,1147273240.59,-50564672.14
2659,117,2022,17844091987.55,20796603768.18,-2952511780.63
2660,193,2017,3981577345.93,4123317894.62,-141740548.69
2661,129,2014,910286053.16,919497076.58,-9211023.42
2662,129,2024,2356845734.26,3483775736.19,-1126930001.93
2663,103,2014,220486481028.73,211440598600.93,9045882427.8
2664,80,2023,769866481.45,1242839529.67,-472973048.22
2665,148,2005,77545047.9,86665870.77,-9120822.87
2666,60,2022,148475211529.43,185389145520.98,-36913933991.55
2667,186,2026,989343273910.52,1590789908421.24,-601446634510.72
2668,32,2003,66691757907.19,67266767224.6,-575009317.41
2669,175,2021,1097297779.4,721693435.15,375604344.25
2670,24,2025,727271960135.56,522708710676.56,204563249459.0
2671,118,2008,24232519738.06,20657515700.43,3575004037.63
2672,92,2026,1175597744.84,975653811.98,199943932.86
2673,54,2008,1522267685.35,1657101390.76,-134833705.41
2674,69,2006,3219511001.68,2076176140.52,1143334861.16
2675,82,2023,27414506302.84,38022487627.56,-10607981324.72
2676,151,2009,108775926664.99,70827925607.1,37948001057.89
2677,91,2006,841396759.97,734194930.96,107201829.01
2678,134,2023,2313481584.08,2401073517.96,-87591933.88
2679,94,2001,823608558.2,981642963.61,-158034405.41
2680,151,2023,77994768489.57,104921296649.64,-26926528160.07
2681,162,2010,145575685346.95,158412103508.66,-12836418161.71
2682,37,2017,11825276217.91,14460566623.86,-2635290405.95
2683,29,2016,222035619.47,290576206.74,-68540587.27
2684,160,2001,5155473925.76,5317871476.97,-162397551.21
2685,21,2025,1371661837.94,1137367165.26,234294672.68
2686,17,2012,61941940422.1,94646887646.07,-32704947223.97
2687,2,2025,872446509.73,893698537.52,-21252027.79
2688,98,2025,28191183.71,27584272.27,606911.44
2689,137,2012,15185680165.98,8518798359.03,6666881806.95
2690,85,2002,472964821813.51,349253822096.98,123710999716.53
2691,48,2023,53434631.2,33240727.25,20193903.95
2692,123,2011,576533582.22,563694316.49,12839265.73
2693,98,2009,5061792.67,7953832.01,-2892039.34
2694,45,2023,3633222555.12,3545573663.66,87648891.46
2695,127,2021,10210218487.16,13785431100.68,-3575212613.52
2696,185,2005,275681166616.64,215057211524.0,60623955092.64
2697,105,2021,4114444025.59,2599525121.74,1514918903.85
2698,79,2007,8909199942.09,9294065008.74,-384865066.65
2699,176,2003,25283188.84,32071717.22,-6788528.38
2700,112,2020,394439473.19,443728780.78,-49289307.59
2701,88,2013,16241654799.24,14999108412.22,1242546387.02
2702,120,2016,3808268.66,3883414.4,-75145.74
2703,53,2021,165720429.01,177918697.9,-12198268.89
2704,35,2021,8414718034.58,7364239116.97,1050478917.61
2705,17,2011,27438585416.88,15900930430.95,11537654985.93
2706,63,2020,1062113716.14,532832201.7,529281514.44
2707,75,2014,148364535.52,167571981.05,-19207445.53
2708,105,2016,4095045003.94,5632412969.93,-1537367965.99
2709,186,2018,1311975650762.03,1893650683203.3,-581675032441.27
2710,161,2011,18192519925.87,12743472550.7,5449047375.17
2711,59,2016,1387082467.99,1230624576.62,156457891.37
2712,74,2020,6587122072.27,5488161278.15,1098960794.12
2713,74,2016,2178123573.56,2109322221.71,68801351.85
2714,54,2015,1682401525.01,2052478905.39,-370077380.38
2715,66,2004,2276952281.35,1664439341.1,612512940.25
2716,37,2020,12382479519.14,12707016400.7,-324536881.56
2717,75,2016,212916872.11,142607804.31,70309067.8
2718,166,2015,11810480651.65,15648706001.9,-3838225350.25
2719,174,2022,436533198.66,869837673.14,-433304474.48
2720,24,2013,697661759709.36,548274558448.2,149387201261.16
2721,109,2026,173478779.72,269620008.61,-96141228.89
2722,190,2007,203161.97,216898.45,-13736.48
2723,137,2022,9417880114.17,10372067520.14,-954187405.97
2724,98,2003,3685110.21,5148166.48,-1463056.27
2725,72,2013,2176868224.28,2583703145.12,-406834920.84
2726,78,2017,48542080790.82,66392618456.14,-17850537665.32
2727,109,2024,541286276.43,587208372.43,-45922096.0
2728,42,2014,1484021723.72,1660917871.01,-176896147.29
2729,14,2026,53658716857.7,50549242450.12,3109474407.58
2730,175,2006,787553250.9,582209018.88,205344232.02
2731,103,2021,90161912742.67,71753714443.08,18408198299.59
2732,134,2007,505347664.41,349407451.62,155940212.79
2733,31,2016,7301950349.07,8676364398.19,-1374414049.12
2734,13,2002,111105648.2,89994476.04,21111172.16
2735,91,2021,1168734211.3,1299860272.87,-131126061.57
2736,159,2023,329362662.73,463315675.19,-133953012.46
2737,114,2010,1143116550.43,2151263876.87,-1008147326.44
2738,166,2004,22874066162.12,21706715019.05,1167351143.07
2739,131,2015,48452374233.52,83551671656.43,-35099297422.91
2740,137,2026,21417553957.82,22713921492.01,-1296367534.19
2741,81,2009,5775785338.87,3330100616.35,2445684722.52
2742,84,2014,386286760.98,234986254.9,151300506.08
2743,20,2008,216880717.89,210419583.95,6461133.94
2744,7,2004,10667438629.23,21457004329.33,-10789565700.1
2745,186,2017,2345663887759.89,1372117962932.24,973545924827.65
2746,84,2025,1105089473.05,1289432076.99,-184342603.94
2747,4,2000,12441408.12,8541802.73,3899605.39
2748,74,2018,2747234261.3,3370252724.93,-623018463.63
2749,184,2026,33101499557.45,65161123014.2,-32059623456.75
2750,5,2018,18012727976.19,11944048048.97,6068679927.22
2751,146,2025,137701049.58,90619402.6,47081646.98
2752,145,2020,17451786.91,31916587.66,-14464800.75
2753,151,2022,164284302225.19,237109424486.18,-72825122260.99
2754,2,2001,220722581.99,314993803.1,-94271221.11
2755,174,2017,255094577.37,408528685.87,-153434108.5
2756,35,2003,3574181049.4,3085543208.42,488637840.98
2757,80,2011,1673979752.61,2800437566.82,-1126457814.21
2758,85,2009,94012957168.84,116808136999.13,-22795179830.29
2759,60,2016,566689019944.16,578417173660.09,-11728153715.93
2760,131,2010,12649143941.99,9645298256.17,3003845685.82
2761,152,2026,9285386796.08,8119944590.13,1165442205.95
2762,167,2003,188876839.68,144347560.02,44529279.66
2763,176,2009,30537491.48,22499893.07,8037598.41
2764,27,2002,10942731257.91,9467181777.0,1475549480.91
2765,97,2020,773883116.07,591010125.56,182872990.51
2766,150,2018,32747170.07,32108395.44,638774.63
2767,149,2008,18224587.77,13674615.23,4549972.54
2768,10,2003,1946259650.93,2344941610.57,-398681959.64
2769,193,2009,2931172531.34,3224667898.6,-293495367.26
2770,110,2015,86422272022.83,89567383085.57,-3145111062.74
2771,13,2001,259074721.0,179014241.21,80060479.79
2772,110,2026,238299150453.49,208173924991.37,30125225462.12
2773,185,2012,368769037991.52,362200421128.83,6568616862.69
2774,27,2012,8123147325.17,7570869561.2,552277763.97
2775,24,2015,207114689292.48,113170118357.76,93944570934.72
2776,186,2010,621066642332.12,1161503739901.07,-540437097568.95
2777,106,2003,115370570.45,139226250.94,-23855680.49
2778,56,2015,157695459.41,193384271.11,-35688811.7
2779,139,2022,360894967896.55,243239443484.82,117655524411.73
2780,87,2010,3057624516.56,3452620361.35,-394995844.79
2781,108,2021,2494230260.31,1751993012.09,742237248.22
2782,169,2009,43280328506.71,28477945099.42,14802383407.29
2783,82,2020,695006859971.55,654615923695.4,40390936276.15
2784,25,2010,234869861.73,183358952.23,51510909.5
2785,24,2007,438499417670.97,604254862806.52,-165755445135.55
2786,3,2007,18174155598.06,13913788380.6,4260367217.46
2787,113,2007,10151199.87,14011755.81,-3860555.94
2788,158,2006,731149480.7,929062978.17,-197913497.47
2789,62,2013,548138503.44,896290469.36,-348151965.92
2790,46,2017,1758796720.52,1864392710.03,-105595989.51
2791,117,2025,4283286329.55,3974987128.25,308299201.3
2792,56,2001,175384976.32,122927257.0,52457719.32
2793,121,2002,12125992847.38,11938692986.33,187299861.05
2794,182,2025,14377047184.14,11540868778.26,2836178405.88
2795,53,2001,216577244.89,313370544.82,-96793299.93
2796,58,2024,320568039.01,435566185.62,-114998146.61
2797,26,2008,1769673950.74,2659931325.96,-890257375.22
2798,110,2011,183700144798.96,271808025214.86,-88107880415.9
2799,6,2019,36690222.44,57063666.44,-20373444.0
2800,177,2009,310961193.08,282922571.28,28038621.8
2801,32,2000,199407305004.52,210568056774.63,-11160751770.11
2802,15,2007,26802692.51,20005705.57,6796986.94
2803,42,2000,685366342.8,363806117.84,321560224.96
2804,159,2009,474160160.17,297888389.97,176271770.2
2805,108,2003,2156658320.63,2246849344.11,-90191023.48
2806,38,2002,67565497.5,61203331.99,6362165.51
2807,11,2011,1849102614.99,951806416.84,897296198.15
2808,99,2015,1969927139.15,1405792400.08,564134739.07
2809,85,2007,932135665563.56,790713235205.96,141422430357.6
2810,162,2025,242680146181.92,239677007326.42,3003138855.5
2811,37,2026,23662225749.53,33833315529.3,-10171089779.77
2812,52,2014,2988042639.78,2991302132.05,-3259492.27
2813,67,2020,77680143.66,70368762.11,7311381.55
2814,132,2016,9994407.51,8177936.02,1816471.49
2815,141,2020,920213081.71,1025480338.65,-105267256.94
2816,139,2024,457031841190.55,222221358387.38,234810482803.17
2817,48,2006,32505037.55,25395636.17,7109401.38
2818,161,2013,9413371094.52,15112988277.68,-5699617183.16
2819,29,2015,198541081.22,244587859.87,-46046778.65
2820,25,2004,73178595.5,55291735.86,17886859.64
2821,111,2008,44256243.6,50347681.03,-6091437.43
2822,43,2023,4539968124.45,4392592092.8,147376031.65
2823,195,2000,4387976237.81,4303580797.8,84395440.01
2824,4,2020,31561946.25,42921358.07,-11359411.82
2825,72,2005,2134414092.36,1133092202.99,1001321889.37
2826,83,2014,5458439176.62,7525982340.29,-2067543163.67
2827,142,2001,4743200801.14,5204188315.33,-460987514.19
2828,18,2019,134235776.26,243855708.65,-109619932.39
2829,184,2020,38760636675.5,31554325048.78,7206311626.72
2830,148,2013,51522526.15,37128166.18,14394359.97
2831,47,2003,193971899.62,221363119.01,-27391219.39
2832,102,2012,8622294308.9,6967113892.67,1655180416.23
2833,134,2017,909403813.44,1101508703.75,-192104890.31
2834,7,2012,3854383489.77,3988054532.95,-133671043.18
2835,120,2011,7438867.81,7552467.68,-113599.87
2836,95,2000,524809404.23,738438068.91,-213628664.68
2837,46,2011,3662964365.66,2428673301.05,1234291064.61
2838,74,2011,1218589651.13,960577012.84,258012638.29
2839,24,2014,223588257299.69,341703884214.12,-118115626914.43
2840,56,2021,402308763.28,370939147.51,31369615.77
2841,108,2024,2489362320.5,2283625091.18,205737229.32
2842,136,2004,2617036238.49,2783899213.69,-166862975.2
2843,130,2002,382953539.33,548287536.11,-165333996.78
2844,17,2022,33635978299.22,28343753471.65,5292224827.57
2845,87,2016,8096897266.75,6592939603.28,1503957663.47
2846,100,2017,391055084.73,194834767.94,196220316.79
2847,178,2021,5959658158.88,6419738583.66,-460080424.78
2848,93,2024,215667475.27,335071224.33,-119403749.06
2849,129,2026,929876488.39,1793458053.33,-863581564.94
2850,167,2013,288853897.43,348758853.5,-59904956.07
2851,100,2011,173883341.33,237026872.71,-63143531.38
2852,34,2024,10232445761.72,12012751380.35,-1780305618.63
2853,17,2014,31363013840.64,39841960759.93,-8478946919.29
2854,145,2004,15619846.74,13255433.17,2364413.57
2855,96,2007,722862773.94,711111461.8,11751312.14
2856,98,2008,4462713.08,6081234.7,-1618521.62
2857,69,2024,10715718924.07,6165749587.62,4549969336.45
2858,153,2024,1108168271.04,1774401259.73,-666232988.69
2859,188,2019,11767803225.18,10698807508.53,1068995716.65
2860,52,2008,783793301.67,1076481056.98,-292687755.31
2861,177,2003,559546978.01,617259832.23,-57712854.22
2862,128,2023,447741205.08,381887129.71,65854075.37
2863,103,2018,450902943207.34,287017371700.95,163885571506.39
2864,1,2013,18520577135.71,13107012365.9,5413564769.81
2865,127,2003,1215252921.77,2263181647.99,-1047928726.22
2866,163,2011,5917140917.08,6209125118.09,-291984201.01
2867,176,2018,33596988.09,52715723.49,-19118735.4
2868,94,2023,1675405623.45,2184777041.16,-509371417.71
2869,166,2011,24844252294.54,21053364266.44,3790888028.1
2870,78,2002,9593896211.21,10480651436.31,-886755225.1
2871,112,2024,1184175142.01,730773520.02,453401621.99
2872,113,2010,12959007.12,7182722.79,5776284.33
2873,25,2012,73759614.89,147487504.93,-73727890.04
2874,178,2007,2658520679.95,3328679211.83,-670158531.88
2875,18,2023,121527062.93,215356316.52,-93829253.59
2876,48,2011,13699173.98,14609520.02,-910346.04
2877,160,2013,1895555280.84,1971643615.98,-76088335.14
2878,149,2024,7489825.54,7170545.06,319280.48
2879,135,2024,1260381262.53,1936496316.97,-676115054.44
2880,160,2024,1369580213.9,1208683345.77,160896868.13
2881,81,2021,2849072778.71,2114902576.8,734170201.91
2882,96,2025,3829435066.94,4235803673.38,-406368606.44
2883,60,2008,109103201513.48,184341654814.2,-75238453300.72
2884,132,2010,7924436.92,5147100.78,2777336.14
2885,168,2010,2302303487.87,2007353266.09,294950221.78
2886,177,2002,118154757.67,175806147.86,-57651390.19
2887,171,2024,4780575339.51,4259065469.88,521509869.63
2888,54,2013,656588037.05,633069249.85,23518787.2
2889,120,2005,1420994.9,1340409.89,80585.01
2890,164,2026,114286756491.28,90698812497.03,23587943994.25
2891,81,2019,2445235337.68,4080650371.05,-1635415033.37
2892,92,2001,1180651142.17,2329740471.89,-1149089329.72
2893,23,2000,1034821156.71,1248172179.6,-213351022.89
2894,103,2013,174093998473.83,155144253953.22,18949744520.61
2895,86,2020,2431680546.64,2438696253.23,-7015706.59
2896,42,2008,1114211290.55,1520293987.2,-406082696.65
2897,99,2010,862481050.78,801322404.2,61158646.58
2898,49,2017,3824821708.15,2526933217.74,1297888490.41
2899,112,2022,1036382966.69,1137840205.92,-101457239.23
2900,78,2021,8470017582.25,10384829703.09,-1914812120.84
2901,37,2014,15709837782.43,21807545598.89,-6097707816.46
2902,11,2014,3705542635.96,3667901767.61,37640868.35
2903,165,2006,6510323645.04,4574503873.19,1935819771.85
2904,120,2010,5706987.34,4654513.97,1052473.37
2905,148,2015,79727697.52,93361351.15,-13633653.63
2906,111,2010,53238264.43,33472380.93,19765883.5
2907,99,2000,690536845.48,837102249.15,-146565403.67
2908,63,2004,1532471162.88,1163617267.96,368853894.92
2909,112,2001,385020887.65,473894729.29,-88873841.64
2910,12,2021,134482391.15,104833905.05,29648486.1
2911,165,2003,9568003799.42,8759055026.52,808948772.9
2912,195,2001,1237206303.49,794870505.24,442335798.25
2913,131,2009,38934077867.61,30204887788.67,8729190078.94
2914,88,2018,16897841748.65,23099122634.58,-6201280885.93
2915,166,2010,11111940320.13,10295005409.74,816934910.39
2916,36,2008,3841862500979.25,3345502205174.92,496360295804.33
2917,155,2008,3874376404.36,5706837913.83,-1832461509.47
2918,151,2008,245745162591.95,239327714861.51,6417447730.44
2919,178,2002,3777973797.55,5414315227.75,-1636341430.2
2920,26,2024,1297990708.72,1498600134.69,-200609425.97
2921,20,2003,43945404.69,47256197.48,-3310792.79
2922,35,2001,2359043110.15,3571250080.36,-1212206970.21
2923,144,2004,1652928617.91,2326838237.65,-673909619.74
2924,108,2005,684805682.19,688570421.47,-3764739.28
2925,167,2025,85034524.0,178138598.47,-93104074.47
2926,92,2022,793218077.6,1720730187.71,-927512110.11
2927,52,2016,1570249025.66,1439630765.56,130618260.1
2928,58,2005,308657140.53,168200819.97,140456320.56
2929,5,2013,7536953204.84,10880060362.03,-3343107157.19
2930,38,2021,286518951.66,477885125.83,-191366174.17
2931,11,2002,2866467066.06,1692739010.19,1173728055.87
2932,140,2018,5437361385.73,3887092884.08,1550268501.65
2933,183,2004,5040827132.06,6200502961.77,-1159675829.71
2934,57,2004,28949727779.25,24115471403.61,4834256375.64
2935,137,2002,18372501896.01,11828820179.24,6543681716.77
2936,181,2025,6433935.75,7408443.16,-974507.41
2937,43,2015,4544489260.42,3925108329.23,619380931.19
2938,14,2001,31919835799.65,54921991915.55,-23002156115.9
2939,53,2020,764375223.54,936481434.68,-172106211.14
2940,99,2011,316199304.78,509022805.62,-192823500.84
2941,103,2006,102227639585.87,70754936920.42,31472702665.45
2942,122,2022,25226486397.88,56036316271.57,-30809829873.69
2943,143,2008,80352908739.54,142948352985.98,-62595444246.44
2944,168,2015,998726839.78,1574859713.03,-576132873.25
2945,5,2011,7382979330.99,8011426324.39,-628446993.4
2946,55,2003,721025082.08,379781286.2,341243795.88
2947,148,2008,9989617.69,15430115.8,-5440498.11
2948,19,2026,6969049791.32,7662975916.69,-693926125.37
2949,141,2002,1094730275.17,1483863637.38,-389133362.21
2950,21,2024,2940617168.06,1703513373.34,1237103794.72
2951,92,2007,2364545417.09,3085043122.82,-720497705.73
2952,167,2026,410083037.67,242347527.38,167735510.29
2953,186,2025,271871336100.88,535043867080.14,-263172530979.26
2954,73,2004,820516479.45,1508167101.7,-687650622.25
2955,56,2024,299685202.56,473243132.92,-173557930.36
2956,13,2011,720111976.54,762889623.31,-42777646.77
2957,5,2008,5108649928.62,8315817289.72,-3207167361.1
2958,181,2002,3810983.59,2653417.24,1157566.35
2959,54,2021,557308415.18,947324189.91,-390015774.73
2960,58,2014,195879560.63,236460981.68,-40581421.05
2961,22,2026,535441960.93,894815393.33,-359373432.4
2962,63,2023,1694372720.22,2031147883.25,-336775163.03
2963,194,2012,6869043769.6,4571007862.94,2298035906.66
2964,104,2009,104414436.44,100084624.81,4329811.63
2965,70,2025,1522382435.21,1536719376.34,-14336941.13
2966,31,2013,12366222861.62,18491415699.84,-6125192838.22
2967,186,2006,1037547936848.79,784977689058.38,252570247790.41
2968,100,2013,71342883.33,49904646.06,21438237.27
2969,166,2007,16304091460.64,12607183821.27,3696907639.37
2970,184,2019,79073798607.64,51529864720.24,27543933887.4
2971,99,2018,1001586635.61,1186605503.59,-185018867.98
2972,158,2010,912378948.71,805973739.44,106405209.27
2973,108,2002,1754557117.33,1230397830.63,524159286.7
2974,189,2018,66004344.23,87217150.63,-21212806.4
2975,145,2011,29352966.72,21604956.54,7748010.18
2976,30,2012,8976439884.06,10755163585.3,-1778723701.24
2977,131,2005,32983151877.84,24826980285.55,8156171592.29
2978,60,2020,482769770745.31,508016438303.56,-25246667558.25
2979,189,2007,66451591.82,80800251.74,-14348659.92
2980,165,2022,9253665565.56,10640834497.39,-1387168931.83
2981,177,2008,180161957.47,148750803.4,31411154.07
2982,30,2011,4754254614.02,6009907602.04,-1255652988.02
2983,74,2005,2841001973.49,2821995111.14,19006862.35
2984,73,2024,1994865431.22,1920349781.68,74515649.54
2985,29,2000,137870735.54,123989168.05,13881567.49
2986,149,2025,4809384.21,3077721.64,1731662.57
2987,127,2013,4426564015.52,5158659189.34,-732095173.82
2988,29,2001,187725874.65,276266223.54,-88540348.89
2989,181,2014,4425361.85,7071952.62,-2646590.77
2990,75,2005,46475081.76,60056526.26,-13581444.5
2991,155,2004,1281938342.2,1300162643.04,-18224300.84
2992,18,2021,187405989.7,167680248.07,19725741.63
2993,165,2024,4830829344.38,5484590145.97,-653760801.59
2994,49,2026,7711855096.65,8512137762.08,-800282665.43
2995,33,2012,1678807094.36,1906997111.85,-228190017.49
2996,83,2020,3416697586.69,6631135697.13,-3214438110.44
2997,105,2022,2151973594.85,1765528568.56,386445026.29
2998,123,2025,2297156324.81,1987657673.59,309498651.22
2999,139,2011,193490757435.06,193476233173.34,14524261.72
3000,182,2005,9981444290.29,11209063599.9,-1227619309.61
3001,150,2002,67810049.74,81409797.22,-13599747.48
3002,134,2026,1405074416.53,1915834598.01,-510760181.48
3003,171,2002,3033904034.71,5753553977.96,-2719649943.25
3004,51,2013,33003557231.35,42774413135.29,-9770855903.94
3005,110,2001,965016400260.84,589340928540.53,375675471720.31
3006,52,2015,2717194049.38,2365522476.82,351671572.56
3007,63,2025,2289389964.56,3009538634.38,-720148669.82
3008,37,2011,28011088443.74,20642207838.07,7368880605.67
3009,102,2016,8658276232.64,5539967542.56,3118308690.08
3010,169,2012,45312960828.15,47297044514.56,-1984083686.41
3011,9,2026,35854135203.89,39257635041.08,-3403499837.19
3012,119,2017,576911786.42,690241851.89,-113330065.47
3013,130,2008,544367104.04,462658520.02,81708584.02
3014,121,2006,12440525308.27,7551463183.48,4889062124.79
3015,132,2021,11038164.82,8577549.19,2460615.63
3016,119,2016,784179944.67,744503024.52,39676920.15
3017,193,2021,7211298728.1,8232943045.43,-1021644317.33
3018,58,2011,339028385.06,380909617.89,-41881232.83
3019,6,2023,60985322.82,53955496.75,7029826.07
3020,66,2022,5669920100.63,4185140925.84,1484779174.79
3021,92,2019,2183010245.79,3490347708.91,-1307337463.12
3022,132,2015,5149268.59,5346913.24,-197644.65
3023,100,2026,526323219.65,279830062.82,246493156.83
3024,41,2014,2828275841.74,2163279935.19,664995906.55
3025,137,2011,8604879249.77,9403042867.5,-798163617.73
3026,131,2003,79025619534.69,68614750773.01,10410868761.68
3027,135,2009,2802549661.22,3208612217.66,-406062556.44
3028,130,2021,1858817033.38,2218146514.51,-359329481.13
3029,191,2005,3865286554.8,3150892581.2,714393973.6
3030,155,2012,3338345170.62,1640157653.19,1698187517.43
3031,111,2006,17583334.66,32012521.23,-14429186.57
3032,190,2010,221532.71,105691.92,115840.79
3033,195,2008,4617768770.15,7309075669.19,-2691306899.04
3034,87,2017,1745571775.36,2212727806.9,-467156031.54
3035,44,2017,410541603.26,663283974.87,-252742371.61
3036,87,2020,3228566119.28,2880157536.73,348408582.55
3037,4,2011,10544687.85,6320313.64,4224374.21
3038,124,2006,1570344161.96,1597014774.25,-26670612.29
3039,135,2018,1381082423.95,1943926882.36,-562844458.41
3040,142,2016,5117922841.19,4671575603.85,446347237.34
3041,12,2019,129762290.9,138791809.1,-9029518.2
3042,34,2008,3643433930.51,4228141132.18,-584707201.67
3043,133,2024,1732510905.62,1475415238.55,257095667.07
3044,113,2023,4610143.5,4903574.68,-293431.18
3045,149,2023,9245039.62,4289745.51,4955294.11
3046,48,2025,36485760.41,38798900.73,-2313140.32
3047,6,2001,14133816.31,9948482.75,4185333.56
3048,104,2002,30284900.83,46969953.11,-16685052.28
3049,141,2007,603942554.78,338491278.45,265451276.33
3050,36,2003,3886536326426.48,3372093294276.89,514443032149.59
3051,192,2002,317432013765.7,530817057528.7,-213385043763.0
3052,72,2003,3458113423.39,3123798905.83,334314517.56
3053,49,2019,3368913292.55,5092253321.97,-1723340029.42
3054,157,2016,3105530605.5,1808267447.56,1297263157.94
3055,120,2018,4048856.87,3146067.68,902789.19
3056,85,2006,687969154640.22,723707736860.05,-35738582219.83
3057,2,2002,745418331.73,792403639.64,-46985307.91
3058,130,2018,3479649976.71,3456112171.37,23537805.34
3059,128,2022,571598682.88,730072797.63,-158474114.75
3060,91,2010,904329614.14,584040679.11,320288935.03
3061,96,2017,1936042652.58,1616379313.09,319663339.49
3062,118,2022,30875101473.11,29501568021.84,1373533451.27
3063,140,2021,5973184550.54,4713220896.28,1259963654.26
3064,66,2010,2760238891.18,3402539632.21,-642300741.03
3065,195,2016,8717769208.07,4595615595.17,4122153612.9
3066,74,2014,6035352836.12,4843899597.39,1191453238.73
3067,142,2021,5796282871.77,4903285976.48,892996895.29
3068,1,2003,17469686675.31,22070427876.41,-4600741201.1
3069,172,2002,12194648350.2,7272058815.78,4922589534.42
3070,128,2011,675858969.32,303347248.57,372511720.75
3071,134,2002,445850076.58,576462185.89,-130612109.31
3072,150,2025,178096542.43,149267923.8,28828618.63
3073,180,2023,5173252919.06,3517490388.35,1655762530.71
3074,75,2003,38068697.83,28368686.61,9700011.22
3075,3,2015,9298055311.6,9923305195.08,-625249883.48
3076,1,2002,9647473812.59,8248690935.43,1398782877.16
3077,74,2021,2700917043.6,4061392510.38,-1360475466.78
3078,127,2020,8940105822.31,9900303644.41,-960197822.1
3079,32,2004,38278628516.24,29868698034.34,8409930481.9
3080,129,2001,686150444.68,953275916.47,-267125471.79
3081,126,2014,41338219082.9,46700907009.18,-5362687926.28
3082,149,2017,12439897.42,14662131.22,-2222233.8
3083,21,2013,3556164567.94,3140970967.42,415193600.52
3084,120,2013,4369544.29,5784249.15,-1414704.86
3085,152,2023,12162552372.89,8165286528.69,3997265844.2
3086,67,2000,26621299.46,17501376.74,9119922.72
3087,145,2012,26397474.17,23212593.21,3184880.96
3088,188,2023,19765164219.17,19002022462.95,763141756.22
3089,189,2006,99802310.39,95832743.66,3969566.73
3090,128,2008,708740525.11,865411798.79,-156671273.68
3091,14,2022,105754739401.7,93531995920.81,12222743480.89
3092,7,2024,24005105361.28,26963988751.82,-2958883390.54
3093,93,2019,675171140.83,867873791.91,-192702651.08
3094,149,2016,7682823.21,7918848.93,-236025.72
3095,186,2013,1552312561386.27,1204880712869.5,347431848516.77
3096,65,2025,11554280469.82,13242703702.93,-1688423233.11
3097,48,2022,46588316.82,30614878.9,15973437.92
3098,112,2011,891023175.95,854382306.94,36640869.01
3099,84,2002,624658058.74,332356887.02,292301171.72
3100,124,2000,1331080465.24,1225735700.97,105344764.27
3101,65,2014,5326956308.11,8351378306.42,-3024421998.31
3102,138,2003,55237214111.81,40388719590.18,14848494521.63
3103,70,2009,587741349.01,677850687.06,-90109338.05
3104,41,2008,1316432572.83,1550721400.98,-234288828.15
3105,192,2007,333783419377.07,362048209286.88,-28264789909.81
3106,6,2021,27487645.11,18892658.29,8594986.82
3107,19,2012,1857247312.89,2373180959.18,-515933646.29
3108,28,2026,1042913054.6,970927536.08,71985518.52
3109,95,2024,671383794.43,486787679.44,184596114.99
3110,80,2018,1857284642.79,1771965116.22,85319526.57
3111,192,2010,775503426600.88,985665158879.67,-210161732278.79
3112,115,2001,51184849.5,26560370.37,24624479.13
3113,62,2015,723393152.85,932639979.71,-209246826.86
3114,170,2009,6826360247.43,6438176212.66,388184034.77
3115,21,2026,9752585563.61,6915321631.96,2837263931.65
3116,33,2026,714217637.03,787647809.88,-73430172.85
3117,180,2017,2211597498.21,1748772863.67,462824634.54
3118,1,2020,16180463756.79,18326766542.75,-2146302785.96
3119,187,2001,174221206.54,152654889.99,21566316.55
3120,35,2023,10515431663.47,7530917553.94,2984514109.53
3121,8,2006,354953551.02,290473176.57,64480374.45
3122,74,2015,4639087974.64,5210178108.27,-571090133.63
3123,32,2010,238433077770.01,224372287381.85,14060790388.16
3124,123,2022,1214273775.32,1269059895.87,-54786120.55
3125,85,2004,229386261752.86,254155160776.18,-24768899023.32
3126,55,2015,591784963.03,322423705.12,269361257.91
3127,113,2008,20675447.61,20073469.41,601978.2
3128,160,2021,4530097927.01,6851287699.15,-2321189772.14
3129,81,2022,2659407793.59,2248992077.87,410415715.72
3130,82,2017,64605621778.85,109797627307.55,-45192005528.7
3131,43,2012,2709417387.01,4380445527.69,-1671028140.68
3132,66,2005,3588562334.24,3606793464.77,-18231130.53
3133,76,2021,10202786056868.36,10969307392167.42,-766521335299.06
3134,75,2023,76290763.05,114360847.14,-38070084.09
3135,49,2001,3344267467.36,2418763784.1,925503683.26
3136,137,2008,17515933135.57,10441233203.72,7074699931.85
3137,102,2001,2588456147.36,2294994693.98,293461453.38
3138,15,2001,51956183.84,32049162.65,19907021.19
3139,113,2013,17018689.75,16520669.93,498019.82
3140,24,2019,1645238005534.99,936542427783.63,708695577751.36
3141,5,2001,7406191895.83,7470043893.68,-63851997.85
3142,100,2015,259665636.21,404818077.14,-145152440.93
3143,63,2026,1068914123.38,800513467.59,268400655.79
3144,154,2007,46732338.0,55720765.63,-8988427.63
3145,19,2017,5808802838.56,5562994916.61,245807921.95
3146,155,2018,3495565463.78,2803719220.72,691846243.06
3147,164,2010,97883519447.51,166977887437.92,-69094367990.41
3148,155,2007,1806754496.5,2298891613.06,-492137116.56
3149,113,2024,17537769.02,9274059.8,8263709.22
3150,29,2023,370452931.91,353639299.59,16813632.32
3151,92,2021,3090249404.46,5191090257.97,-2100840853.51
3152,75,2017,111273309.12,175509250.31,-64235941.19
3153,142,2022,3365736555.38,5134419802.18,-1768683246.8
3154,132,2002,3333827.79,5545248.74,-2211420.95
3155,188,2002,11240312121.49,9025735082.56,2214577038.93
3156,177,2013,364489079.8,312104178.21,52384901.59
3157,187,2022,2976939017.21,2328770817.05,648168200.16
3158,168,2004,1164993392.76,746216240.42,418777152.34
3159,15,2016,16413406.7,17430318.06,-1016911.36
3160,172,2001,9802955074.08,6856842176.91,2946112897.17
3161,128,2020,420577878.49,572673044.93,-152095166.44
3162,70,2005,615631088.69,535814493.09,79816595.6
3163,193,2018,3639511063.54,7291025977.26,-3651514913.72
3164,55,2000,469284834.78,427297071.39,41987763.39
3165,119,2010,423877664.21,303452227.44,120425436.77
3166,182,2017,4392773994.77,3021207589.57,1371566405.2
3167,140,2008,1623756661.22,964940754.93,658815906.29
3168,63,2006,2065148815.62,1807374787.64,257774027.98
3169,114,2026,1661624660.51,2421902005.5,-760277344.99
3170,56,2000,548301346.95,411260576.66,137040770.29
3171,58,2016,450622231.04,450450732.07,171498.97
3172,165,2021,14741653110.96,16591024310.76,-1849371199.8
3173,3,2004,18150141649.25,24256460642.27,-6106318993.02
3174,24,2020,991752399091.91,572833314301.53,418919084790.38
3175,89,2016,32669776.42,22429022.52,10240753.9
3176,3,2001,11527398351.14,12002793354.81,-475395003.67
3177,113,2026,10527876.46,6129117.76,4398758.7
3178,28,2025,4200017316.15,7155763715.0,-2955746398.85
3179,8,2003,1221040092.04,896156149.22,324883942.82
3180,100,2007,299346562.7,262178512.84,37168049.86
3181,180,2016,1653717446.13,1234131254.15,419586191.98
3182,52,2013,3872507943.34,2157083474.82,1715424468.52
3183,44,2021,234693254.85,235114931.24,-421676.39
3184,134,2009,1973308794.64,2385790012.49,-412481217.85
3185,26,2011,2917691695.28,3074564347.86,-156872652.58
3186,31,2020,9575980468.08,5492448261.59,4083532206.49
3187,40,2019,41071515771.18,37938660732.32,3132855038.86
3188,145,2017,5803700.97,8546516.71,-2742815.74
3189,128,2016,542433654.24,328759008.17,213674646.07
3190,45,2003,1892846884.48,1927421374.65,-34574490.17
3191,100,2016,154014724.58,88754938.1,65259786.48
3192,71,2017,345990781.84,241998170.54,103992611.3
3193,4,2007,3281437.76,3453324.42,-171886.66
3194,67,2021,70694739.98,47633689.99,23061049.99
3195,96,2019,771104577.84,1136185383.36,-365080805.52
3196,68,2003,1980770180.67,1054012591.67,926757589.0
3197,70,2014,786973278.64,749083051.66,37890226.98
3198,147,2018,13769060.21,17238171.84,-3469111.63
3199,50,2008,6456835694.99,3220200082.47,3236635612.52
3200,188,2003,7483508745.42,6968464869.06,515043876.36
3201,186,2011,652885233189.37,560302471793.43,92582761395.94
3202,44,2014,424836411.88,699728205.88,-274891794.0
3203,124,2018,2021052897.0,1815225565.68,205827331.32
3204,80,2014,3497474148.39,2209432257.2,1288041891.19
3205,97,2019,3642933276.69,2096363411.29,1546569865.4
3206,90,2007,444724968.27,286599379.24,158125589.03
3207,157,2024,1315710989.49,1116024760.32,199686229.17
3208,94,2006,2373572992.24,1924181086.34,449391905.9
3209,175,2008,3551610752.65,4034099923.59,-482489170.94
3210,86,2021,6066461924.93,6824427237.93,-757965313.0
3211,80,2021,2728320133.03,2890756651.56,-162436518.53
3212,104,2016,92838984.11,87993113.83,4845870.28
3213,52,2005,463218198.31,746584630.72,-283366432.41
3214,139,2023,414091283140.4,471201209910.43,-57109926770.03
3215,147,2025,58792841.52,39630903.39,19161938.13
3216,106,2013,259170984.46,315498487.17,-56327502.71
3217,44,2000,260288080.79,164822082.88,95465997.91
3218,122,2017,34435028222.89,37732557871.89,-3297529649.0
3219,7,2003,5210814203.43,5255341980.8,-44527777.37
3220,142,2018,4256238788.19,4457742188.07,-201503399.88
3221,29,2013,172392884.99,382861918.52,-210469033.53
3222,84,2013,230688432.48,328881538.2,-98193105.72
3223,194,2010,5820915078.39,6530985944.25,-710070865.86
3224,100,2020,156750191.7,315189294.53,-158439102.83
3225,125,2009,11470078174.92,10626592501.65,843485673.27
3226,67,2006,41179973.83,56549989.6,-15370015.77
3227,109,2003,343327197.24,316119411.65,27207785.59
3228,83,2026,23564617370.62,16740656554.58,6823960816.04
3229,126,2013,29032899625.42,30077316714.53,-1044417089.11
3230,10,2021,2973658666.62,1617627086.62,1356031580.0
3231,20,2014,368770923.81,219873390.37,148897533.44
3232,185,2004,378478670807.73,308606584557.95,69872086249.78
3233,122,2023,67433903493.27,92608345267.82,-25174441774.55
3234,110,2003,219969939083.09,333279108382.89,-113309169299.8
3235,86,2018,3364782502.77,2789939990.8,574842511.97
3236,149,2020,4704234.18,8191469.67,-3487235.49
3237,124,2016,980486547.57,1550854388.11,-570367840.54
3238,15,2011,92858337.29,53755161.2,39103176.09
3239,110,2012,548923485298.44,713300994086.37,-164377508787.93
3240,25,2007,202548927.99,133891694.84,68657233.15
3241,78,2020,38207172662.41,31266036217.88,6941136444.53
3242,26,2000,748629101.9,1078962610.99,-330333509.09
3243,183,2024,5020598339.36,4184334933.63,836263405.73
3244,80,2008,2143637505.28,1065275535.3,1078361969.98
3245,51,2015,31106939485.56,46597995677.19,-15491056191.63
3246,127,2022,2157775788.22,2053488009.2,104287779.02
3247,157,2007,877817233.22,1626634642.21,-748817408.99
3248,118,2009,10065603414.41,10075795431.52,-10192017.11
3249,7,2002,10444518933.75,13467907718.03,-3023388784.28
3250,100,2010,188382497.54,240473939.0,-52091441.46
3251,86,2001,1187367992.66,980263103.66,207104889.0
3252,193,2026,10950068088.15,15329312622.21,-4379244534.06
3253,180,2009,2537105826.03,3057695301.7,-520589475.67
3254,76,2008,8830758425604.97,5975333540932.85,2855424884672.12
3255,135,2000,3424098156.13,2102281421.64,1321816734.49
3256,58,2012,569156362.28,487143654.54,82012707.74
3257,45,2004,4616844691.61,5507806236.37,-890961544.76
3258,141,2022,1006255746.29,1686591825.31,-680336079.02
3259,3,2025,19795462693.63,23332369796.75,-3536907103.12
3260,9,2009,48826909500.06,59632408647.32,-10805499147.26
3261,122,2009,35189705060.06,41888938552.14,-6699233492.08
3262,189,2025,114560401.06,132946021.78,-18385620.72
3263,59,2019,2139233991.46,1406652035.3,732581956.16
3264,95,2012,1092612330.12,819916764.81,272695565.31
3265,30,2017,3279409075.23,3361368390.16,-81959314.93
3266,116,2000,10665688998.42,9956915811.0,708773187.42
3267,140,2000,2824396125.53,3252440210.73,-428044085.2
3268,44,2003,285629728.94,254606442.65,31023286.29
3269,136,2017,2862388937.33,2349383178.26,513005759.07
3270,21,2014,4771673240.75,7612315206.26,-2840641965.51
3271,176,2011,31430390.97,21310512.6,10119878.37
3272,153,2006,2032399897.92,2381576709.61,-349176811.69
3273,8,2005,1095980943.36,1336607523.35,-240626579.99
3274,82,2000,104656428738.98,114946192826.14,-10289764087.16
3275,29,2005,217434421.47,250009964.89,-32575543.42
3276,172,2019,7691861199.16,4984954630.61,2706906568.55
3277,188,2016,8675442683.76,14392784862.78,-5717342179.02
3278,18,2001,58408955.72,76790790.66,-18381834.94
3279,149,2019,21416219.75,14540459.24,6875760.51
3280,183,2007,10289448847.88,7994306843.74,2295142004.14
3281,12,2000,18455715.77,30434426.23,-11978710.46
3282,119,2013,405972280.43,294486251.64,111486028.79
3283,183,2023,19205887573.57,11196035759.93,8009851813.64
3284,188,2013,6055677800.33,3864602938.63,2191074861.7
3285,161,2021,36379350370.04,20664570367.7,15714780002.34
3286,89,2015,44879910.5,52564616.31,-7684705.81
3287,34,2012,1774627176.78,1706952186.97,67674989.81
3288,190,2017,218291.71,400014.4,-181722.69
3289,175,2016,3689790375.99,3191784998.57,498005377.42
3290,12,2012,52778444.97,44510078.33,8268366.64
3291,78,2022,28673588126.13,30374967189.3,-1701379063.17
3292,75,2000,30027742.86,38227348.57,-8199605.71
3293,119,2018,809536060.81,511257424.51,298278636.3
3294,163,2017,4163406165.09,5043767808.91,-880361643.82
3295,1,2018,10501893877.39,23006389318.92,-12504495441.53
3296,160,2023,13094406438.8,14928893656.77,-1834487217.97
3297,182,2019,12130745186.09,9289521468.23,2841223717.86
3298,191,2010,5649182916.64,6206094910.07,-556911993.43
3299,128,2015,556299841.28,454089501.68,102210339.6
3300,28,2011,2077044715.54,1766530023.98,310514691.56
3301,185,2000,146591586512.34,104092863638.99,42498722873.35
3302,188,2000,5923638947.2,8136880455.83,-2213241508.63
3303,93,2002,363582103.47,228614609.24,134967494.23
3304,51,2004,37507041648.59,28634592603.48,8872449045.11
3305,152,2021,2386715248.61,1563959681.2,822755567.41
3306,94,2013,870160041.15,593096217.54,277063823.61
3307,176,2005,28783662.57,38845367.95,-10061705.38
3308,194,2014,8548562615.87,8263370295.94,285192319.93
3309,23,2010,516724362.4,870565080.35,-353840717.95
3310,58,2004,302377207.18,362619141.02,-60241933.84
3311,73,2007,712801477.02,1037928837.73,-325127360.71
3312,115,2016,240316018.63,135161265.47,105154753.16
3313,160,2004,1708550402.64,1881028861.03,-172478458.39
3314,42,2009,1686965621.28,1440853806.76,246111814.52
3315,17,2009,63884184248.1,41273953050.78,22610231197.32
3316,43,2013,1946636333.2,3234875437.95,-1288239104.75
3317,173,2008,129137711025.94,161816419298.89,-32678708272.95
3318,127,2002,4642507407.01,7298599387.13,-2656091980.12
3319,11,2018,1976389798.12,1324888064.8,651501733.32
3320,152,2003,849591223.39,706473128.86,143118094.53
3321,32,2022,203625343489.61,169899671817.3,33725671672.31
3322,89,2014,31236719.4,43847891.51,-12611172.11
3323,185,2008,211028822412.11,333094030233.97,-122065207821.86
3324,44,2026,490840566.78,533939262.19,-43098695.41
3325,62,2019,404440033.2,457385420.67,-52945387.47
3326,137,2003,8107734242.02,11732992287.15,-3625258045.13
3327,28,2007,7464481562.45,4223867503.08,3240614059.37
3328,171,2017,3860227562.76,2149924977.51,1710302585.25
3329,93,2022,231998587.3,278158743.86,-46160156.56
3330,75,2010,77541292.15,81149633.68,-3608341.53
3331,5,2016,21289416010.38,20328631318.76,960784691.62
3332,36,2016,3740575967130.23,3657802876804.72,82773090325.51
3333,118,2001,12506448607.61,13564310400.93,-1057861793.32
3334,92,2018,2519362402.34,2531806378.71,-12443976.37
3335,144,2001,5902195747.85,5390990937.49,511204810.36
3336,183,2002,1992615765.2,2848614770.11,-855999004.91
3337,5,2012,11164918596.27,8362089373.26,2802829223.01
3338,174,2009,562897086.75,472480868.94,90416217.81
3339,79,2006,19136093473.6,10266926968.42,8869166505.18
3340,195,2019,6944783525.92,4563511935.15,2381271590.77
3341,162,2015,182594442810.65,132902945999.51,49691496811.14
3342,195,2017,5579311650.91,3001632646.1,2577679004.81
3343,147,2019,15261463.31,19123580.74,-3862117.43
3344,62,2016,586224907.9,398768950.45,187455957.45
3345,17,2003,69913043321.75,60491455494.18,9421587827.57
3346,121,2026,17929437939.22,26044272675.05,-8114834735.83
3347,95,2018,971472212.74,570936634.34,400535578.4
3348,69,2019,4766811331.71,4447232762.66,319578569.05
3349,120,2003,4870223.21,3495250.17,1374973.04
3350,36,2024,4779979080607.4,4628092198403.26,151886882204.14
3351,173,2010,640019359885.38,358347482835.56,281671877049.82
3352,95,2007,382298838.68,249393002.99,132905835.69
3353,116,2020,17424083065.83,15233758050.95,2190325014.88
3354,179,2013,97712441478.47,131232291691.43,-33519850212.96
3355,53,2006,700499814.49,438051474.81,262448339.68
3356,93,2001,501394792.94,903550456.3,-402155663.36
3357,187,2016,1725504549.93,1615245469.98,110259079.95
3358,180,2024,4056061067.04,5819194608.89,-1763133541.85
3359,61,2004,171231404.65,238846714.13,-67615309.48
3360,154,2004,48166824.72,26980215.29,21186609.43
3361,146,2024,125787914.28,70221509.48,55566404.8
3362,121,2005,6118259806.5,7470729326.06,-1352469519.56
3363,171,2019,4993720059.23,5167576455.47,-173856396.24
3364,158,2009,853824952.95,958765284.83,-104940331.88
3365,7,2008,17759414492.06,11186527032.54,6572887459.52
3366,156,2026,12099038627.12,12802809417.07,-703770789.95
3367,21,2003,1459267498.02,1090485620.98,368781877.04
3368,73,2020,3531433899.52,2507147592.58,1024286306.94
3369,156,2024,74114332009.48,41438719537.97,32675612471.51
3370,160,2009,2596187661.47,4201695279.82,-1605507618.35
3371,51,2018,24504961174.54,16166908449.18,8338052725.36
3372,25,2009,144246093.45,197436735.29,-53190641.84
3373,171,2012,3085248912.08,3261318751.69,-176069839.61
3374,80,2005,658913582.74,353092816.34,305820766.4
3375,158,2001,326654204.46,327604759.78,-950555.32
3376,6,2015,23668702.39,24916852.6,-1248150.21
3377,81,2001,2299920178.57,3165890076.03,-865969897.46
3378,104,2026,89462986.15,72678741.44,16784244.71
3379,151,2010,37273054672.87,52934510004.38,-15661455331.51
3380,130,2023,2075295651.87,3317860268.0,-1242564616.13
3381,15,2000,88032880.29,118743072.85,-30710192.56
3382,110,2009,362957971897.06,214930300208.98,148027671688.08
3383,100,2012,64610785.13,62184821.4,2425963.73
3384,135,2006,2022228128.45,3571321269.27,-1549093140.82
3385,178,2025,8649543052.07,10142746568.45,-1493203516.38
3386,125,2022,12070061077.72,11254582093.6,815478984.12
3387,99,2019,695499683.67,526071085.95,169428597.72
3388,34,2023,9762496790.16,8981206834.55,781289955.61
3389,10,2011,556797673.63,645860970.12,-89063296.49
3390,144,2002,3663728713.89,5607205638.78,-1943476924.89
3391,45,2024,5544481297.59,5206201941.1,338279356.49
3392,63,2022,733868210.6,1042374103.95,-308505893.35
3393,187,2024,1886936458.36,1435902164.14,451034294.22
3394,99,2002,417444472.66,659701585.58,-242257112.92
3395,191,2012,5734175904.18,5970597913.66,-236422009.48
3396,11,2010,1615418456.26,1752361542.29,-136943086.03
3397,42,2007,970746572.16,1255584049.61,-284837477.45
3398,38,2018,179996502.53,210600113.7,-30603611.17
3399,101,2020,16041684198.13,8455065849.74,7586618348.39
3400,107,2015,18501148.07,17672216.61,828931.46
3401,142,2004,10805992716.27,6557655777.37,4248336938.9
3402,169,2011,35610685465.15,34410010927.41,1200674537.74
3403,178,2014,3891735864.36,4052838905.52,-161103041.16
3404,182,2011,5809465332.39,5831113580.42,-21648248.03
3405,154,2026,56414875.12,35482290.52,20932584.6
3406,99,2017,954468434.91,929144204.14,25324230.77
3407,124,2026,4362443223.5,2883045310.61,1479397912.89
3408,6,2024,47262623.56,65601119.75,-18338496.19
3409,3,2011,3767152945.22,3815266524.35,-48113579.13
3410,6,2007,43329355.97,47616816.14,-4287460.17
3411,130,2013,538826115.2,908395420.38,-369569305.18
3412,47,2018,158835366.1,153545938.15,5289427.95
3413,84,2026,260154826.63,474673545.03,-214518718.4
3414,134,2016,1972596186.78,1653468385.48,319127801.3
3415,135,2001,1633154157.88,1666108583.81,-32954425.93
3416,193,2024,26331303288.89,22791694044.89,3539609244.0
3417,97,2009,910398819.98,624485873.75,285912946.23
3418,108,2023,1901293296.94,1959711621.64,-58418324.7
3419,44,2009,384665758.47,618778924.99,-234113166.52
3420,156,2021,48104330407.31,28503806675.85,19600523731.46
3421,91,2012,1624594943.55,1027930426.43,596664517.12
3422,100,2005,150514687.19,115465096.98,35049590.21
3423,107,2026,15497663.03,7443597.65,8054065.38
3424,138,2013,12445257525.06,17688909076.61,-5243651551.55
3425,136,2009,2834441522.13,2557903639.59,276537882.54
3426,140,2002,939420508.38,955563913.68,-16143405.3
3427,27,2026,8175655613.2,5055390969.14,3120264644.06
3428,9,2017,92822723516.04,86713805599.36,6108917916.68
3429,78,2015,20536059892.3,12696104308.77,7839955583.53
3430,55,2011,436630324.52,268674009.15,167956315.37
3431,133,2012,1416415277.37,1885961603.3,-469546325.93
3432,35,2025,9347294511.42,8051905077.12,1295389434.3
3433,33,2013,1990348777.8,2301633683.06,-311284905.26
3434,102,2003,4341871470.35,4183421017.55,158450452.8
3435,136,2007,1989336592.62,2850606442.53,-861269849.91
3436,193,2016,21712931932.54,19338462252.4,2374469680.14
3437,39,2025,2134140620.97,3287775948.02,-1153635327.05
3438,44,2010,729398435.95,647890666.81,81507769.14
3439,42,2024,950473244.31,1006175155.64,-55701911.33
3440,136,2019,806703963.41,726936241.88,79767721.53
3441,37,2002,8083009180.06,11836958687.32,-3753949507.26
3442,131,2002,28694501030.69,42176444889.09,-13481943858.4
3443,1,2021,17974891470.82,31847557896.64,-13872666425.82
3444,33,2001,708668169.91,764817426.03,-56149256.12
3445,70,2003,822067451.19,612585323.01,209482128.18
3446,40,2008,42790225295.87,50906466440.41,-8116241144.54
3447,54,2009,937266147.83,866631074.59,70635073.24
3448,101,2000,11322555396.5,13477992610.76,-2155437214.26
3449,71,2020,138986556.71,273252478.64,-134265921.93
3450,120,2024,3835892.03,4370401.95,-534509.92
3451,64,2012,194208534394.14,149201722918.07,45006811476.07
3452,62,2003,297384506.67,249712472.5,47672034.17
3453,23,2005,353054693.67,597148630.21,-244093936.54
3454,144,2003,4517494710.13,2681509260.52,1835985449.61
3455,138,2001,36271730070.12,50279812480.87,-14008082410.75
3456,138,2005,36230580047.82,29361136622.56,6869443425.26
3457,49,2003,2610242685.51,2557317925.4,52924760.11
3458,153,2003,551126284.2,635891839.95,-84765555.75
3459,110,2016,229630779941.18,245197878003.84,-15567098062.66
3460,142,2008,3293863508.23,3432201753.93,-138338245.7
3461,70,2024,1038792570.77,812603338.52,226189232.25
3462,29,2022,182675558.39,373199453.2,-190523894.81
3463,44,2016,372675049.83,238770832.07,133904217.76
3464,3,2000,15774184401.49,11786728890.64,3987455510.85
3465,63,2010,2588540169.13,1534004924.02,1054535245.11
3466,158,2026,440073168.95,625946145.34,-185872976.39
3467,157,2020,1477549093.14,1283737474.84,193811618.3
3468,158,2025,771966615.26,676708543.3,95258071.96
3469,126,2018,14271059352.28,19507916727.44,-5236857375.16
3470,133,2006,2150487316.91,1930776793.83,219710523.08
3471,136,2001,1565878102.79,1683386081.21,-117507978.42
3472,184,2004,37676365505.27,30880336172.61,6796029332.66
3473,79,2015,13376146587.38,18416962653.45,-5040816066.07
3474,75,2009,39337425.95,38440618.84,896807.11
3475,117,2024,14062205413.12,7316967615.94,6745237797.18
3476,195,2025,12822128067.28,8646299354.91,4175828712.37
3477,172,2010,16471922702.26,17684008320.89,-1212085618.63
3478,54,2018,856998319.33,457291702.35,399706616.98
3479,110,2007,696740869993.08,618948914961.64,77791955031.44
3480,80,2010,1208557724.3,1417347604.04,-208789879.74
3481,4,2015,52808533.6,52902751.93,-94218.33
3482,56,2011,310379242.49,361435802.03,-51056559.54
3483,144,2011,8338924807.18,6698506736.48,1640418070.7
3484,58,2017,126972808.34,164330280.88,-37357472.54
3485,78,2011,29190094377.03,17644721015.63,11545373361.4
3486,107,2010,7412378.18,4744452.5,2667925.68
3487,74,2024,1300940517.9,2104615602.46,-803675084.56
3488,92,2025,1725532478.03,1835627931.2,-110095453.17
3489,127,2025,12291828577.68,12579943635.1,-288115057.42
3490,180,2011,1299612189.93,1662379124.24,-362766934.31
3491,70,2001,713883689.23,468252577.57,245631111.66
3492,144,2024,1713862885.75,2287415724.63,-573552838.88
3493,132,2009,6085526.62,7622845.19,-1537318.57
3494,57,2012,32200448847.89,16772797474.81,15427651373.08
3495,15,2018,100860456.26,61523284.86,39337171.4
3496,133,2008,443779930.44,725795514.26,-282015583.82
3497,178,2012,4919643817.37,3014034167.19,1905609650.18
3498,161,2002,22954414880.27,25032492000.51,-2078077120.24
3499,35,2020,14976018031.15,15833226521.05,-857208489.9
3500,41,2011,1502434860.78,942336998.18,560097862.6
3501,126,2021,55505914508.54,45189784644.08,10316129864.46
3502,20,2005,253098350.68,426051854.88,-172953504.2
3503,32,2018,152585615205.65,213782333562.23,-61196718356.58
3504,159,2004,87487453.59,73056559.61,14430893.98
3505,65,2008,12942585842.93,9847051176.23,3095534666.7
3506,146,2005,19785151.76,42149802.21,-22364650.45
3507,34,2022,6057267613.66,6079887014.28,-22619400.62
3508,156,2015,15463528004.14,12871897554.42,2591630449.72
3509,62,2005,431588521.25,593005692.85,-161417171.6
3510,127,2005,5380340538.62,5086973375.67,293367162.95
3511,86,2025,2984037387.95,2292594260.87,691443127.08
3512,12,2025,61609622.42,96137882.05,-34528259.63
3513,105,2002,9804726870.07,6171563556.07,3633163314.0
3514,181,2022,4337555.88,3668400.82,669155.06
3515,160,2010,6743141192.61,8350661252.17,-1607520059.56
3516,60,2014,429323422038.3,321024234566.13,108299187472.17
3517,167,2017,384856524.51,286336191.96,98520332.55
3518,59,2002,1285190879.87,1391707959.92,-106517080.05
3519,97,2003,1241353429.51,1610759830.67,-369406401.16
3520,104,2023,341310973.79,453137912.75,-111826938.96
3521,47,2025,88622572.06,143994024.05,-55371451.99
3522,72,2014,2637268401.45,2137875350.64,499393050.81
3523,164,2007,239861699613.74,325988051414.18,-86126351800.44
3524,97,2004,826678434.26,1343521620.74,-516843186.48
3525,72,2004,4347233622.17,5186273830.55,-839040208.38
3526,65,2026,26167551429.98,14261995993.55,11905555436.43
3527,33,2025,1457678602.18,1878784778.83,-421106176.65
3528,115,2010,84353931.46,40747253.71,43606677.75
3529,174,2016,255852487.44,497509432.2,-241656944.76
3530,169,2024,44891112255.79,73833468237.66,-28942355981.87
3531,133,2016,2904782423.55,2253201437.05,651580986.5
3532,116,2010,5585737846.91,7306074306.12,-1720336459.21
3533,3,2016,12366004955.73,17533691650.51,-5167686694.78
3534,26,2012,3469798153.3,3474696007.25,-4897853.95
3535,36,2017,7453086584002.08,7606806893707.17,-153720309705.09
3536,183,2011,13395258072.62,8263214717.02,5132043355.6
3537,159,2021,277071830.5,550156333.22,-273084502.72
3538,47,2015,575410953.84,688177857.11,-112766903.27
3539,146,2017,24119789.27,15499141.39,8620647.88
3540,77,2023,908472241238.86,1925490887360.06,-1017018646121.2
3541,32,2019,208958277531.08,152629599611.82,56328677919.26
3542,148,2012,84048620.88,112993251.82,-28944630.94
3543,6,2014,5290229.59,6325970.63,-1035741.04
3544,2,2018,1292524616.2,1169983911.26,122540704.94
3545,143,2005,142593662210.16,148031225611.39,-5437563401.23
3546,194,2003,4525608528.96,3875145133.65,650463395.31
3547,5,2010,16988555369.09,23675986679.3,-6687431310.21
3548,66,2009,993477133.49,987255078.51,6222054.98
3549,174,2020,326646855.56,361684215.99,-35037360.43
3550,102,2026,3714090436.36,4749508956.43,-1035418520.07
3551,106,2026,364729757.93,264827850.63,99901907.3
3552,169,2010,16502839447.03,16151916240.86,350923206.17
3553,143,2001,514510024219.23,886647706157.21,-372137681937.98
3554,122,2008,43412203966.97,29602183716.92,13810020250.05
3555,20,2025,292404829.52,342429023.14,-50024193.62
3556,111,2014,27469291.44,33098709.98,-5629418.54
3557,131,2007,113893328162.88,73789576395.46,40103751767.42
3558,129,2000,1396758486.76,1738449512.72,-341691025.96
3559,7,2015,15633038909.36,9398901298.02,6234137611.34
3560,112,2017,1116664819.9,1811632789.76,-694967969.86
3561,12,2016,137263178.97,92987652.36,44275526.61
3562,7,2023,23013686901.95,14263696126.61,8749990775.34
3563,9,2015,25056257167.45,19028659625.74,6027597541.71
3564,161,2025,30569953624.98,25829560722.89,4740392902.09
3565,174,2018,616211777.16,548498917.73,67712859.43
3566,184,2023,13624896303.22,16208383584.67,-2583487281.45
3567,161,2020,15148998698.33,29269392521.61,-14120393823.28
3568,150,2010,61255280.18,106752310.62,-45497030.44
3569,134,2000,1340123137.77,1159185343.78,180937793.99
3570,190,2024,317166.67,315206.28,1960.39
3571,55,2023,390067750.21,292702329.36,97365420.85
3572,90,2006,1075167533.73,1201565203.52,-126397669.79
3573,94,2004,608168924.48,631699249.24,-23530324.76
3574,131,2025,52005388534.46,61833339996.37,-9827951461.91
3575,28,2022,2983496049.72,2174541106.91,808954942.81
3576,153,2016,2022964060.55,4110811103.3,-2087847042.75
3577,82,2004,188437627936.3,120760787372.48,67676840563.82
3578,190,2002,194778.27,281944.05,-87165.78
3579,104,2021,232600456.17,380826141.38,-148225685.21
3580,184,2012,18911433300.82,16407057601.21,2504375699.61
3581,19,2025,4053472223.21,4319344155.41,-265871932.2
3582,111,2013,51091670.06,52722549.92,-1630879.86
3583,190,2005,87216.58,53989.15,33227.43
3584,194,2020,6951361944.68,7557635107.19,-606273162.51
3585,189,2019,151270836.79,146286462.51,4984374.28
3586,194,2015,4800931600.43,3711894187.32,1089037413.11
3587,161,2003,14415926869.13,16532586725.96,-2116659856.83
3588,93,2020,334437567.39,255114909.47,79322657.92
3589,33,2011,1212274536.2,642623595.98,569650940.22
3590,26,2004,2668008430.58,1926410081.78,741598348.8
3591,79,2002,6901578553.5,8341027672.57,-1439449119.07
3592,65,2017,3354160055.9,5324461855.6,-1970301799.7
3593,148,2024,69935069.53,56859690.75,13075378.78
3594,40,2002,9107979047.72,12287301024.5,-3179321976.78
3595,170,2006,7884166234.06,8076183262.4,-192017028.34
3596,113,2006,3233199.63,5798836.13,-2565636.5
3597,21,2017,3245985316.08,3072527194.72,173458121.36
3598,173,2005,139160633246.68,148816539824.49,-9655906577.81
3599,77,2007,914985695343.89,502754945156.73,412230750187.16
3600,142,2026,2098973339.6,1624770703.18,474202636.42
3601,137,2025,5692086785.23,5246726930.31,445359854.92
3602,20,2002,192082743.17,234290630.07,-42207886.9
3603,188,2020,8441713903.38,4961684577.01,3480029326.37
3604,89,2018,13813370.5,8851498.32,4961872.18
3605,90,2024,1928712616.25,1926883880.83,1828735.42
3606,105,2011,8504462734.11,10457577879.45,-1953115145.34
3607,170,2022,9951185658.3,10931833794.7,-980648136.4
3608,5,2015,21243574710.75,18707716015.54,2535858695.21
3609,128,2013,304227201.82,284303257.95,19923943.87
3610,168,2012,6223672800.88,7315256578.13,-1091583777.25
3611,128,2024,1006166885.79,635692079.42,370474806.37
3612,167,2007,305173936.17,167497466.64,137676469.53
3613,108,2012,385210754.81,547190579.14,-161979824.33
3614,103,2024,77422377762.55,44573264292.92,32849113469.63
3615,152,2016,1029037264.69,1968662503.28,-939625238.59
3616,43,2002,3417702146.2,5669661958.14,-2251959811.94
3617,176,2016,5124574.37,6353907.11,-1229332.74
3618,89,2025,21759993.1,35030590.55,-13270597.45
3619,88,2026,14246384606.47,23994008445.41,-9747623838.94
3620,46,2007,2369132346.34,1884884558.37,484247787.97
3621,53,2008,627580711.57,484820891.22,142759820.35
3622,29,2010,199082487.46,158102883.47,40979603.99
3623,54,2004,1104463456.8,1967212064.83,-862748608.03
3624,181,2005,720216.87,924295.15,-204078.28
3625,185,2015,127867610704.82,125736882712.17,2130727992.65
3626,131,2000,57633017199.78,57159462468.59,473554731.19
3627,105,2023,8610313573.89,8539589941.57,70723632.32
3628,182,2014,17223988972.06,21360200939.77,-4136211967.71
3629,39,2007,1803461258.25,1645670059.78,157791198.47
3630,165,2004,3846467962.4,2930541516.06,915926446.34
3631,106,2006,93433341.98,77846183.69,15587158.29
3632,64,2010,216647652807.55,215344497785.44,1303155022.11
3633,114,2013,262039105.92,309493504.31,-47454398.39
3634,165,2026,8588464293.82,8888602136.23,-300137842.41
3635,10,2020,5788479551.6,5382756065.69,405723485.91
3636,162,2023,298319344775.3,374841803303.39,-76522458528.09
3637,18,2026,269225441.17,161012319.2,108213121.97
3638,182,2018,33494057327.94,20607088189.79,12886969138.15
3639,54,2017,2260227645.62,1944561253.51,315666392.11
3640,27,2015,1926037327.21,4061519293.7,-2135481966.49
3641,153,2017,1561126179.9,2680659365.91,-1119533186.01
3642,166,2005,14214251541.13,14647127521.99,-432875980.86
3643,73,2019,3538435212.55,7437111484.92,-3898676272.37
3644,14,2006,18093210706.12,14836108799.86,3257101906.26
3645,47,2012,185025633.38,225769436.28,-40743802.9
3646,130,2015,898501089.47,574083505.64,324417583.83
3647,173,2003,240265717609.28,294951260915.57,-54685543306.29
3648,8,2002,1201917160.93,688202833.55,513714327.38
3649,25,2022,401760976.37,327538924.17,74222052.2
3650,143,2009,365606529239.87,458178554243.46,-92572025003.59
3651,98,2021,3793036.3,2587355.19,1205681.11
3652,58,2009,349807118.58,190023139.33,159783979.25
3653,125,2024,19283891091.64,11079961075.05,8203930016.59
3654,141,2016,1278338861.75,997856857.89,280482003.86
3655,83,2009,10205492772.45,16470497152.91,-6265004380.46
3656,152,2007,2067562428.36,3764241598.96,-1696679170.6
3657,41,2010,1111621138.93,1353486497.5,-241865358.57
3658,36,2000,1075539346657.19,2065376626926.2,-989837280269.01
3659,70,2007,688993522.12,1041250090.42,-352256568.3
3660,192,2013,351413638918.75,254213072279.29,97200566639.46
3661,179,2002,60958725816.35,67141451648.85,-6182725832.5
3662,12,2002,192453848.99,183221761.36,9232087.63
3663,194,2001,4086788291.53,4489574285.63,-402785994.1
3664,107,2005,7134256.98,6731096.26,403160.72
3665,40,2006,11306845309.45,12202573204.27,-895727894.82
3666,116,2007,12237971628.05,11083232434.94,1154739193.11
3667,42,2015,1641712310.15,2604291825.13,-962579514.98
3668,178,2020,4019001708.1,3508481069.92,510520638.18
3669,2,2014,320156660.94,456782769.77,-136626108.83
3670,76,2025,4377842962218.72,5463957080217.79,-1086114117999.07
3671,134,2008,834875095.26,437386854.93,397488240.33
3672,61,2012,388526497.12,218395999.78,170130497.34
3673,153,2021,3267373380.56,3887722568.5,-620349187.94
3674,94,2018,2521660198.21,2545124546.57,-23464348.36
3675,182,2002,23468669117.6,17487859816.83,5980809300.77
3676,10,2026,4734979740.89,5496233423.22,-761253682.33
3677,164,2018,503182313712.42,557243675568.41,-54061361855.99
3678,59,2020,673521813.83,823426010.55,-149904196.72
3679,141,2008,291614386.53,396496242.52,-104881855.99
3680,187,2021,752044717.45,513263187.77,238781529.68
3681,141,2026,1459453956.82,1281836921.91,177617034.91
3682,138,2019,30950422828.25,21690951766.83,9259471061.42
3683,101,2019,6630669967.22,7009915164.24,-379245197.02
3684,154,2012,15996423.9,13619821.43,2376602.47
3685,163,2025,1552460813.12,1624338119.08,-71877305.96
3686,77,2009,1798069916016.87,865410345026.35,932659570990.52
3687,168,2017,2426601232.27,3262135912.22,-835534679.95
3688,138,2020,19757542695.51,31814072959.87,-12056530264.36
3689,53,2002,372071344.09,301497218.21,70574125.88
3690,17,2002,56615899085.36,39864601681.32,16751297404.04
3691,98,2017,19093359.14,14461909.26,4631449.88
3692,73,2008,5671326413.18,3369751634.12,2301574779.06
3693,68,2008,5892543328.96,5489198544.86,403344784.1
3694,39,2005,1794802409.12,2418765222.81,-623962813.69
3695,89,2019,39630079.04,45696859.43,-6066780.39
3696,40,2000,41504053963.95,34540615507.82,6963438456.13
3697,71,2007,214891268.39,252575707.48,-37684439.09
3698,191,2002,4715354449.45,7662709453.17,-2947355003.72
3699,175,2002,1729905917.51,1435564349.71,294341567.8
3700,41,2017,2857869528.1,2040300706.33,817568821.77
3701,84,2012,747082103.99,398697900.16,348384203.83
3702,115,2017,348049216.18,225601735.67,122447480.51
3703,35,2012,8458046303.19,7079311771.45,1378734531.74
3704,174,2023,461120752.39,295490507.38,165630245.01
3705,42,2011,1805252569.64,1865620933.94,-60368364.3
3706,123,2024,2693229312.91,1580809435.1,1112419877.81
3707,156,2010,30262981818.53,34290515764.55,-4027533946.02
3708,3,2017,22670596124.35,28440262425.64,-5769666301.29
3709,54,2025,1449118767.59,1247375873.07,201742894.52
3710,97,2025,719221814.85,999828217.23,-280606402.38
3711,23,2011,479658201.35,316683943.95,162974257.4
3712,171,2007,1440694754.01,1338711745.59,101983008.42
3713,52,2009,1769333541.71,3133577139.08,-1364243597.37
3714,2,2010,904275826.42,940693278.61,-36417452.19
3715,44,2007,354996944.76,225288833.77,129708110.99
3716,105,2026,10079085099.18,11433627882.2,-1354542783.02
3717,44,2024,223367834.08,158262279.66,65105554.42
3718,139,2018,43760494283.56,38452548521.84,5307945761.72
3719,187,2008,664167279.98,774703665.67,-110536385.69
3720,69,2003,1458842081.99,2575949024.54,-1117106942.55
3721,120,2012,1180823.1,1621521.52,-440698.42
3722,176,2006,8170691.33,7405668.19,765023.14
3723,114,2000,504214061.15,496002227.68,8211833.47
3724,129,2017,519379566.74,487946332.71,31433234.03
3725,55,2025,295323797.07,407727833.35,-112404036.28
3726,79,2020,23446932522.88,17199546903.89,6247385618.99
3727,32,2024,225621118446.16,245012453263.03,-19391334816.87
3728,189,2009,123290229.54,132991935.17,-9701705.63
3729,121,2008,5077720873.44,7068761263.64,-1991040390.2
3730,99,2023,1380005828.7,1792536863.69,-412531034.99
3731,26,2019,3065992017.68,4433900639.75,-1367908622.07
3732,134,2024,681055814.06,598636066.4,82419747.66
3733,153,2018,1631314704.49,1443289072.92,188025631.57
3734,55,2004,294340387.22,479999410.96,-185659023.74
3735,71,2002,287627828.47,287852755.86,-224927.39
3736,106,2007,166216997.79,222084269.96,-55867272.17
3737,20,2023,58897566.79,70529778.87,-11632212.08
3738,124,2005,3711883457.93,2957385502.17,754497955.76
3739,141,2000,726561250.22,977409575.44,-250848325.22
3740,182,2020,33383071439.23,37885764682.66,-4502693243.43
3741,160,2008,6955239767.13,5673926073.34,1281313693.79
3742,146,2012,13704697.62,24323572.98,-10618875.36
3743,9,2006,115761118266.97,147508529627.15,-31747411360.18
3744,180,2014,1402515473.44,1668597464.34,-266081990.9
3745,192,2014,123591065862.32,171801973257.23,-48210907394.91
3746,135,2003,5145039333.89,4835360482.82,309678851.07
3747,54,2000,354370405.64,262093070.45,92277335.19
3748,15,2026,42244698.73,24032223.96,18212474.77
3749,34,2002,2887033400.75,2827004161.51,60029239.24
3750,155,2022,1559784454.95,1445383883.68,114400571.27
3751,16,2003,3295210796.16,2824788734.58,470422061.58
3752,12,2005,77549665.68,37951147.43,39598518.25
3753,194,2026,6736489652.54,8531012843.56,-1794523191.02
3754,43,2004,1328200002.13,1553428011.24,-225228009.11
3755,123,2020,1321922587.1,1299867229.53,22055357.57
3756,16,2007,3431118700.26,2534103278.34,897015421.92
3757,1,2023,13376686560.13,7553507086.34,5823179473.79
3758,8,2010,885413898.62,1165259834.82,-279845936.2
3759,48,2009,34384966.61,33137676.65,1247289.96
3760,101,2002,8393678583.01,6312104283.59,2081574299.42
3761,43,2018,7506258226.8,5275662412.13,2230595814.67
3762,47,2022,164954356.02,195205215.17,-30250859.15
3763,107,2000,12778777.16,11974945.36,803831.8
3764,27,2024,3901470613.18,2963804495.72,937666117.46
3765,15,2024,42493633.28,31299801.89,11193831.39
3766,173,2014,97091642919.36,94044966357.06,3046676562.3
3767,37,2005,18985403439.45,29633257730.5,-10647854291.05
3768,157,2001,805591805.57,571654869.11,233936936.46
3769,85,2018,462257068113.9,285620831881.43,176636236232.47
3770,14,2012,34547745340.93,19387294561.29,15160450779.64
3771,21,2011,3481868590.31,4433063508.94,-951194918.63
3772,175,2013,1377890757.56,1037397320.49,340493437.07
3773,155,2015,3567434233.71,3851049789.34,-283615555.63
3774,138,2014,20508572859.92,15814474609.86,4694098250.06
3775,68,2001,9906248498.5,7044232830.6,2862015667.9
3776,63,2003,979670265.26,1074085019.18,-94414753.92
3777,135,2004,3743713592.76,2420139512.78,1323574079.98
3778,62,2007,592791111.5,595752546.28,-2961434.78
3779,184,2003,59351523476.84,61045873267.27,-1694349790.43
3780,22,2003,819064871.82,734988480.34,84076391.48
3781,1,2000,4459335758.63,4659127428.4,-199791669.77
3782,175,2000,1937717963.72,1883986997.76,53730965.96
3783,77,2026,1249923280540.98,2014651660533.17,-764728379992.19
3784,42,2001,262932047.0,276833990.39,-13901943.39
3785,180,2001,3008190744.36,2193896569.43,814294174.93
3786,172,2017,21828101469.31,18261016201.24,3567085268.07
3787,161,2016,9947038988.64,9441927964.88,505111023.76
3788,83,2008,10484571324.97,9032866142.26,1451705182.71
3789,194,2009,2908065645.05,2647460561.19,260605083.86
3790,91,2016,1412631958.23,1900560511.04,-487928552.81
3791,193,2015,10984266758.85,6705664629.19,4278602129.66
3792,159,2012,357761601.1,435893083.38,-78131482.28
3793,146,2014,100715050.78,79773815.68,20941235.1
3794,79,2004,13931083896.72,16715157791.72,-2784073895.0
3795,67,2007,44264017.33,49429967.46,-5165950.13
3796,92,2002,2387889790.98,1888814032.25,499075758.73
3797,137,2010,8628551182.54,14375860843.73,-5747309661.19
3798,28,2024,4962981548.61,9162971899.72,-4199990351.11
3799,145,2006,21413306.76,11765721.18,9647585.58
3800,63,2013,253430956.13,344000121.81,-90569165.68
3801,161,2014,12984585622.95,11292715011.5,1691870611.45
3802,30,2006,3791317796.44,7052737880.57,-3261420084.13
3803,122,2010,77199598955.28,75544262851.3,1655336103.98
3804,81,2007,4454662206.47,4613965276.22,-159303069.75
3805,109,2013,214782629.72,275197920.24,-60415290.52
3806,11,2024,3661005627.78,4660993041.14,-999987413.36
3807,84,2015,176899877.66,226307490.41,-49407612.75
3808,114,2023,771332774.78,863573808.09,-92241033.31
3809,135,2008,2697359513.51,1773343896.15,924015617.36
3810,191,2003,4850801784.1,2679121131.63,2171680652.47
3811,97,2015,4725968216.42,3947740499.12,778227717.3
3812,86,2004,3307236485.68,4140129515.46,-832893029.78
3813,165,2018,6127953895.08,7508718087.9,-1380764192.82
3814,127,2004,7794501331.67,11380266371.43,-3585765039.76
3815,80,2022,3658536062.54,4005826149.44,-347290086.9
3816,175,2015,3411791456.32,3588972965.51,-177181509.19
3817,1,2006,17858961492.22,8489653492.58,9369307999.64
3818,150,2026,84214922.19,94554175.35,-10339253.16
3819,150,2023,63636042.75,58619492.94,5016549.81
3820,162,2012,494745702403.08,325421914291.77,169323788111.31
3821,121,2012,16903229150.69,15391589805.6,1511639345.09
3822,153,2004,1136375317.65,1268864503.76,-132489186.11
3823,193,2004,10083699106.42,5716493767.99,4367205338.43
3824,97,2005,1845890804.42,1723052487.99,122838316.43
3825,34,2025,13169747727.47,9987711149.42,3182036578.05
3826,183,2018,3564855129.99,4009342948.54,-444487818.55
3827,7,2001,11290472296.25,10978750515.61,311721780.64
3828,41,2026,1450238825.01,1717589689.47,-267350864.46
3829,95,2005,97584934.98,86013150.07,11571784.91
3830,59,2006,809440804.31,822268352.8,-12827548.49
3831,143,2024,847443796814.29,1404548938256.49,-557105141442.2
3832,162,2019,48995366423.48,85935687341.44,-36940320917.96
3833,53,2014,349869096.76,191160458.93,158708637.83
3834,114,2018,1944230208.27,2273907427.53,-329677219.26
3835,30,2010,6626366266.96,6438322035.72,188044231.24
3836,173,2026,159582922120.21,106776077405.69,52806844714.52
3837,55,2009,441056436.78,465351784.38,-24295347.6
3838,146,2004,69139847.97,56391851.86,12747996.11
3839,171,2014,3950930767.09,2838473280.32,1112457486.77
3840,28,2005,1565145437.68,1007629058.93,557516378.75
3841,161,2015,36368430413.56,23540748202.62,12827682210.94
3842,42,2016,1700889413.45,2244117637.74,-543228224.29
3843,52,2002,1775347250.94,1662859822.93,112487428.01
3844,179,2009,91502700729.19,70075348372.14,21427352357.05
3845,56,2025,787821273.46,498164344.91,289656928.55
3846,164,2021,230659236776.09,197746065726.77,32913171049.32
3847,144,2019,2633923753.39,2406329360.23,227594393.16
3848,69,2018,7439392622.87,7798089425.45,-358696802.58
3849,151,2024,155254269357.67,166679538883.76,-11425269526.09
3850,159,2006,191254470.57,137084783.3,54169687.27
3851,96,2000,1835947422.1,2069747246.35,-233799824.25
3852,105,2000,5118369961.75,4127654789.4,990715172.35
3853,119,2011,535730718.61,563181358.97,-27450640.36
3854,45,2002,1899344958.32,1202761972.01,696582986.31
3855,139,2005,35953980622.75,50676047839.81,-14722067217.06
3856,124,2017,665206420.41,949623034.54,-284416614.13
3857,131,2011,94876300510.23,86137304153.12,8738996357.11
3858,20,2026,143360029.57,155977592.63,-12617563.06
3859,11,2013,4076527396.47,4019608430.05,56918966.42
3860,177,2004,181620203.85,240978075.91,-59357872.06
3861,132,2004,2527558.42,1857481.38,670077.04
3862,6,2010,33412751.48,20114115.87,13298635.61
3863,126,2006,16258483618.2,12437515461.72,3820968156.48
3864,48,2026,40254483.47,45287564.47,-5033081.0
3865,4,2025,15848931.94,11824105.69,4024826.25
3866,178,2011,5554968387.84,3098882940.75,2456085447.09
3867,127,2011,11288688310.3,12127919154.95,-839230844.65
3868,22,2012,679315818.08,898788158.49,-219472340.41
3869,156,2013,12335136795.61,12113254365.61,221882430.0
3870,150,2014,107798847.37,118856495.36,-11057647.99
3871,36,2009,3668530947362.15,3535765167540.72,132765779821.43
3872,14,2017,60122402178.6,80861030028.13,-20738627849.53
3873,174,2014,136870551.93,155275611.99,-18405060.06
3874,123,2003,1114810183.5,1082658775.45,32151408.05
3875,110,2008,696871888931.76,498714333166.61,198157555765.15
3876,178,2015,1166731302.47,766980406.52,399750895.95
3877,174,2001,291209133.47,217071419.14,74137714.33
3878,182,2022,15050360542.83,14358432462.62,691928080.21
3879,177,2021,997289613.89,900795922.03,96493691.86
3880,31,2021,16461191864.17,14295893277.22,2165298586.95
3881,185,2024,210373927244.23,230720336586.26,-20346409342.03
3882,139,2012,159994978231.57,220821155428.47,-60826177196.9
3883,136,2021,1642589680.93,1937580058.12,-294990377.19
3884,148,2001,37080989.41,40682221.18,-3601231.77
3885,86,2026,7258406426.48,3786513306.04,3471893120.44
3886,67,2023,82327539.52,59788566.78,22538972.74
3887,43,2008,5609184257.54,3622963610.26,1986220647.28
3888,57,2010,43802884724.45,45886101252.15,-2083216527.7
3889,172,2026,21756168860.22,12952298169.86,8803870690.36
3890,62,2012,1028139024.25,544935547.3,483203476.95
3891,88,2017,13657864258.17,19530397364.89,-5872533106.72
3892,186,2012,407610081645.08,643062743663.09,-235452662018.01
3893,107,2002,18640273.23,20112380.82,-1472107.59
3894,67,2019,26892785.21,22168209.46,4724575.75
3895,67,2011,5321581.53,5454629.82,-133048.29
3896,94,2011,843628286.2,457563994.16,386064292.04
3897,165,2017,1762442048.74,2162093105.56,-399651056.82
3898,96,2024,4497560636.76,3260287424.12,1237273212.64
3899,191,2011,7623663915.65,9993704691.81,-2370040776.16
3900,138,2008,9165272277.02,8176363274.52,988909002.5
3901,103,2012,31660012922.63,31977801151.54,-317788228.91
3902,167,2023,73973891.53,64540172.24,9433719.29
3903,97,2023,5238088748.39,5255402384.43,-17313636.04
3904,27,2007,6935850988.5,7433121882.18,-497270893.68
3905,116,2014,18699536819.74,14679832378.78,4019704440.96
3906,181,2017,4196294.61,4144770.12,51524.49
3907,137,2004,4455467235.33,2886571301.22,1568895934.11
3908,46,2001,799643286.88,538076130.31,261567156.57
3909,26,2006,608155094.19,738731281.95,-130576187.76
3910,162,2022,183003478645.58,215330229938.66,-32326751293.08
3911,64,2008,184003556845.5,212936330145.36,-28932773299.86
3912,7,2010,21348720128.27,17699811948.15,3648908180.12
3913,122,2001,44620642658.18,54914282290.51,-10293639632.33
3914,102,2006,1219445041.52,1328774604.32,-109329562.8
3915,36,2004,1492433835121.88,2361515526408.85,-869081691286.97
3916,8,2026,1469445310.94,1034712450.42,434732860.52
3917,59,2024,790644626.99,789291708.14,1352918.85
3918,180,2015,291002016.05,657856456.61,-366854440.56
3919,168,2013,2399315653.81,1881878902.12,517436751.69
3920,191,2026,5213601464.47,9964932980.24,-4751331515.77
3921,32,2013,48433182593.58,34248367294.0,14184815299.58
3922,143,2014,272342380195.07,490175143105.97,-217832762910.9
3923,47,2020,109239736.19,234927132.05,-125687395.86
3924,191,2024,3654425068.89,2128452602.88,1525972466.01
3925,174,2002,293998537.31,277185138.28,16813399.03
3926,108,2011,1104204614.61,1711323479.47,-607118864.86
3927,81,2003,4625725810.68,2457286774.08,2168439036.6
3928,157,2009,2118539260.06,3189395068.07,-1070855808.01
3929,111,2007,15977372.63,15987587.88,-10215.25
3930,107,2001,15225261.41,18125487.96,-2900226.55
3931,40,2024,52823487429.45,87189254546.92,-34365767117.47
3932,140,2010,6028156458.0,4221574598.68,1806581859.32
3933,6,2025,42084974.15,61077249.62,-18992275.47
3934,105,2020,13437416584.41,11429129721.7,2008286862.71
3935,185,2009,113320579178.45,131851969837.46,-18531390659.01
3936,192,2020,841438678211.77,647897136865.41,193541541346.36
3937,165,2016,9273446137.68,6655665434.75,2617780702.93
3938,80,2012,2317479466.42,2096650721.13,220828745.29
3939,189,2002,64249672.05,57428276.0,6821396.05
3940,107,2022,3442096.46,5899269.12,-2457172.66
3941,64,2021,525546910881.91,601768606624.05,-76221695742.14
3942,118,2005,10302311852.0,12511638902.44,-2209327050.44
3943,2,2005,153839204.72,216717132.51,-62877927.79
3944,71,2003,104603042.64,117262360.3,-12659317.66
3945,110,2010,706639263729.98,927684806525.64,-221045542795.66
3946,10,2010,5797245746.94,3266609156.52,2530636590.42
3947,158,2021,715358695.75,938032835.36,-222674139.61
3948,146,2013,61508038.74,66986694.07,-5478655.33
3949,111,2021,15085717.06,16880729.45,-1795012.39
3950,69,2026,6697596388.72,5902359382.82,795237005.9
3951,44,2020,599003706.44,654950019.36,-55946312.92
3952,178,2026,3797934307.17,5785313159.95,-1987378852.78
3953,18,2005,57804221.0,44047338.42,13756882.58
3954,105,2004,5574994859.42,8422749084.86,-2847754225.44
3955,140,2022,7080388451.07,3969348577.59,3111039873.48
3956,87,2021,5270151767.44,8078317630.9,-2808165863.46
3957,116,2003,5341032941.26,4520041695.64,820991245.62
3958,64,2023,191994911351.52,221208944545.73,-29214033194.21
3959,135,2023,3226892822.03,3246033907.81,-19141085.78
3960,85,2012,622661577468.52,834781447385.09,-212119869916.57
3961,192,2003,190605391538.1,250337611538.25,-59732220000.15
3962,90,2023,1957808723.61,1703808211.24,254000512.37
3963,1,2011,12965036503.17,19939716626.34,-6974680123.17
3964,119,2002,722846917.39,756903148.64,-34056231.25
3965,72,2025,5098503617.8,9501278320.15,-4402774702.35
3966,165,2012,12781736825.88,7581202156.44,5200534669.44
3967,127,2012,8618655468.38,8904309375.58,-285653907.2
3968,40,2017,46880304977.24,54156955703.0,-7276650725.76
3969,59,2026,3345531029.39,2810019019.87,535512009.52
3970,78,2009,25851342958.61,16372301048.69,9479041909.92
3971,99,2014,1375182941.37,866666731.34,508516210.03
3972,66,2003,2724204293.97,2545954434.91,178249859.06
3973,74,2002,3065307044.22,1792955711.28,1272351332.94
3974,71,2006,123733505.57,148348334.19,-24614828.62
3975,120,2014,3535137.66,6371352.63,-2836214.97
3976,104,2020,83117866.01,83462666.48,-344800.47
3977,103,2023,190119011380.1,329775349381.02,-139656338000.92
3978,68,2006,6249333349.65,5670828413.12,578504936.53
3979,64,2009,99380650516.38,75056319586.38,24324330930.0
3980,129,2020,2507326324.44,3364131166.73,-856804842.29
3981,53,2000,243044812.21,377952139.59,-134907327.38
3982,115,2013,160692789.75,121052741.35,39640048.4
3983,26,2017,2373455699.1,3243637237.35,-870181538.25
3984,94,2010,668563729.66,832224604.59,-163660874.93
3985,122,2002,50924132571.43,94111234708.91,-43187102137.48
3986,41,2023,1518324561.9,2337718691.26,-819394129.36
3987,108,2010,662455799.85,608872164.77,53583635.08
3988,89,2008,27901167.03,25846183.46,2054983.57
3989,74,2010,853534523.33,1844782042.58,-991247519.25
3990,163,2013,3039214097.94,3925910707.74,-886696609.8
3991,136,2005,3054376939.71,3056513461.18,-2136521.47
3992,19,2024,2352505936.62,1272666278.68,1079839657.94
3993,52,2025,2747154945.2,4424349650.98,-1677194705.78
3994,160,2026,15991112017.18,12636807376.15,3354304641.03
3995,92,2011,1583228747.09,2639653757.71,-1056425010.62
3996,20,2016,298851106.2,372749317.63,-73898211.43
3997,2,2019,306803898.01,225156572.88,81647325.13
3998,186,2014,1034138839857.24,1159297291773.19,-125158451915.95
3999,101,2015,8995955214.83,9397779227.05,-401824012.22
4000,136,2018,1935635684.75,1283798722.29,651836962.46
4001,160,2012,1634746624.46,1772333795.33,-137587170.87
4002,153,2008,3762279633.25,3943036152.26,-180756519.01
4003,79,2014,17787742801.16,15897608766.94,1890134034.22
4004,164,2019,223065899238.83,295340897002.02,-72274997763.19
4005,109,2021,249779051.55,223585092.36,26193959.19
4006,102,2005,7192814443.34,7244326348.97,-51511905.63
4007,143,2020,1121103574338.39,1803544795381.99,-682441221043.6
4008,106,2025,286581985.31,237127096.1,49454889.21
4009,35,2017,4606020780.33,4576213464.41,29807315.92
4010,30,2005,3219089086.3,2234226923.04,984862163.26
4011,43,2003,1093973150.34,1025870336.14,68102814.2
4012,184,2009,18605902611.09,19645803488.54,-1039900877.45
4013,21,2000,5959751845.26,6067403977.65,-107652132.39
4014,103,2010,64684599812.28,58042879412.73,6641720399.55
4015,29,2024,106959223.49,166083503.21,-59124279.72
4016,149,2001,8842409.53,10524026.84,-1681617.31
4017,194,2023,14278416106.26,9902977735.87,4375438370.39
4018,6,2020,37404411.05,32735081.22,4669329.83
4019,152,2011,5202536929.22,5070831024.21,131705905.01
4020,152,2014,6460780375.49,9320056090.47,-2859275714.98
4021,112,2006,1539845861.2,2124851138.36,-585005277.16
4022,45,2019,3035509654.01,6211784872.07,-3176275218.06
4023,160,2018,6434988421.45,12838089507.4,-6403101085.95
4024,42,2003,544152392.64,516443952.99,27708439.65
4025,74,2008,3733234447.63,2788317476.88,944916970.75
4026,145,2008,24001674.43,12707939.52,11293734.91
4027,31,2006,3483535644.14,5508292212.83,-2024756568.69
4028,157,2025,693690043.64,592689470.31,101000573.33
4029,186,2005,3092322412156.04,3283687351663.95,-191364939507.91
4030,35,2022,4207898823.81,6645001751.84,-2437102928.03
4031,164,2004,51429916729.81,58330328681.46,-6900411951.65
4032,136,2022,2728377777.96,1531668099.13,1196709678.83
4033,57,2003,56685896109.21,26122995382.49,30562900726.72
4034,119,2001,421092568.12,367013745.88,54078822.24
4035,57,2024,72541686766.35,85571147089.18,-13029460322.83
4036,157,2018,1405459005.28,1651265821.97,-245806816.69
4037,149,2026,20080356.7,16998306.6,3082050.1
4038,53,2003,572895908.09,907510963.98,-334615055.89
4039,90,2010,996202919.91,1358589757.91,-362386838.0
4040,18,2007,145185614.42,143259082.5,1926531.92
4041,127,2008,5567973122.11,4739931671.04,828041451.07
4042,112,2012,673359025.02,1155202264.02,-481843239.0
4043,7,2009,15819290653.36,8461562691.04,7357727962.32
4044,21,2002,2294954421.98,3126254364.16,-831299942.18
4045,88,2005,5294322317.55,8395025454.13,-3100703136.58
4046,174,2007,127945129.43,205003656.59,-77058527.16
4047,83,2006,5711698359.9,4544427378.68,1167270981.22
4048,136,2023,4319870546.26,4795551756.93,-475681210.67
4049,16,2014,4937167341.49,3453781639.14,1483385702.35
4050,133,2002,967307534.73,746660910.25,220646624.48
4051,139,2026,179213601142.06,110707948987.42,68505652154.64
4052,98,2015,22233093.18,18052996.76,4180096.42
4053,73,2006,5925283296.27,3957358218.71,1967925077.56
4054,15,2022,153886173.06,149329081.62,4557091.44
4055,19,2016,5520672164.77,4319843164.82,1200828999.95
4056,11,2019,5655147232.97,5261755221.83,393392011.14
4057,177,2001,311780185.22,497214134.45,-185433949.23
4058,195,2013,6331846196.19,7664764079.64,-1332917883.45
4059,89,2010,71987023.7,45073728.49,26913295.21
4060,46,2020,1093366681.06,1257145168.12,-163778487.06
4061,14,2018,20771219702.7,31573203101.91,-10801983399.21
4062,14,2000,47218367388.6,69457654894.63,-22239287506.03
4063,157,2021,3751129304.01,4928638865.5,-1177509561.49
4064,142,2007,2084277102.19,1701171670.8,383105431.39
4065,37,2021,9016984447.26,8913004883.68,103979563.58
4066,162,2007,93961899676.65,129551442636.3,-35589542959.65
4067,157,2015,1920468634.43,1398751542.13,521717092.3
4068,4,2019,17037840.44,12526663.7,4511176.74
4069,26,2025,913907413.28,850959060.58,62948352.7
4070,49,2014,5368946790.7,4574357168.34,794589622.36
4071,66,2002,2600692965.05,2320362247.44,280330717.61
4072,1,2016,29648612795.49,17108740212.67,12539872582.82
4073,152,2005,716660217.54,1325234047.94,-608573830.4
4074,44,2018,178334294.85,167334373.45,10999921.4
4075,108,2026,2125971281.64,2980159705.32,-854188423.68
4076,184,2016,27320303288.42,24526776503.96,2793526784.46
4077,121,2014,15202548243.88,10034382470.3,5168165773.58
4078,50,2019,2603622554.63,3719112384.16,-1115489829.53
4079,139,2013,552837260250.0,521622547739.78,31214712510.22
4080,136,2011,1044084234.88,1002939281.39,41144953.49
4081,110,2021,97306445078.9,176746730762.09,-79440285683.19
4082,4,2009,14340849.83,13587846.26,753003.57
4083,153,2015,888150161.42,874159903.72,13990257.7
4084,164,2016,247393073233.42,160402189871.14,86990883362.28
4085,166,2022,23676622269.87,18222005159.0,5454617110.87
4086,5,2024,14462379437.82,18670058253.09,-4207678815.27
4087,179,2026,157468669513.42,286978727624.99,-129510058111.57
4088,194,2007,2204194978.5,2343996017.91,-139801039.41
4089,103,2011,61735762471.83,84519623247.1,-22783860775.27
4090,29,2026,192558399.29,138262059.7,54296339.59
4091,80,2013,933529557.74,908714550.43,24815007.31
4092,127,2000,7441604717.36,6389378474.45,1052226242.91
4093,41,2013,514242754.85,588700650.53,-74457895.68
4094,18,2018,137375844.69,114001902.17,23373942.52
4095,57,2023,20900789372.47,29926321737.84,-9025532365.37
4096,22,2023,234884894.61,351581834.93,-116696940.32
4097,8,2011,535891996.46,538412867.88,-2520871.42
4098,111,2003,30532148.41,42309877.96,-11777729.55
4099,182,2016,12197767554.65,8320040176.0,3877727378.65
4100,54,2019,1203225214.66,1616417543.99,-413192329.33
4101,47,2013,408008948.58,356356898.48,51652050.1
4102,165,2002,6744580765.36,7423629168.27,-679048402.91
4103,17,2008,45726473682.52,32832086397.34,12894387285.18
4104,71,2008,84417468.54,77080686.86,7336781.68
4105,24,2005,346210720965.56,218448526540.41,127762194425.15
4106,170,2020,4634509745.62,8013205382.18,-3378695636.56
4107,187,2018,373802947.42,431718797.24,-57915849.82
4108,60,2013,662309073593.94,779322001390.75,-117012927796.81
4109,157,2019,2421639918.79,3167718905.66,-746078986.87
4110,90,2020,1558672444.37,2844328323.46,-1285655879.09
4111,125,2001,3007953144.93,2960754052.89,47199092.04
4112,156,2018,8050355430.75,10210615516.13,-2160260085.38
4113,125,2012,10328512488.79,5889582734.77,4438929754.02
4114,12,2018,103622636.09,116691583.51,-13068947.42
4115,83,2022,19237442844.61,23027307108.52,-3789864263.91
4116,22,2010,752740930.53,742875745.72,9865184.81
4117,177,2006,286595243.98,387890056.72,-101294812.74
4118,163,2024,4138912667.86,3216906327.48,922006340.38
4119,176,2007,68130351.2,50205457.38,17924893.82
4120,136,2002,1999966578.43,2607295291.07,-607328712.64
4121,152,2009,3788447412.66,3163205005.75,625242406.91
4122,65,2018,21405054367.0,15026506538.83,6378547828.17
4123,22,2006,1054033089.38,1706021781.88,-651988692.5
4124,146,2003,84148444.16,48533483.44,35614960.72
4125,35,2005,8044215820.9,11771711508.41,-3727495687.51
4126,65,2007,5337903567.45,3355215929.65,1982687637.8
4127,34,2014,1842009557.48,1719427489.0,122582068.48
4128,24,2011,1006215357196.03,596275694361.64,409939662834.39
4129,43,2000,409978926.1,738271721.83,-328292795.73
4130,22,2019,797722256.32,647982211.06,149740045.26
4131,113,2014,8818438.69,6239995.86,2578442.83
4132,115,2019,130100465.35,139806230.36,-9705765.01
4133,84,2021,1469147472.32,928782116.66,540365355.66
4134,49,2015,5450433955.25,4556837529.53,893596425.72
4135,194,2016,3686816853.01,2408300466.45,1278516386.56
4136,110,2000,195680163036.41,302041690917.33,-106361527880.92
4137,182,2008,6183200382.91,6658183310.42,-474982927.51
4138,78,2018,7240830624.59,11411455207.52,-4170624582.93
4139,143,2022,394746223178.03,697843623831.8,-303097400653.77
4140,103,2008,82818324454.44,80548989980.7,2269334473.74
4141,86,2000,5495894145.64,5105548294.82,390345850.82
4142,112,2008,1392016252.6,675874110.94,716142141.66
4143,44,2019,865588019.16,473198949.51,392389069.65
4144,11,2004,1831889915.38,1701792562.69,130097352.69
4145,80,2024,4573718120.0,2755769657.02,1817948462.98
4146,178,2019,1733512012.82,1641435459.05,92076553.77
4147,28,2001,2059785886.68,2070198470.82,-10412584.14
4148,85,2015,864308727253.91,830886691710.88,33422035543.03
4149,64,2002,455187517688.45,339358363464.31,115829154224.14
4150,148,2025,45827987.33,53717317.08,-7889329.75
4151,119,2020,1519166667.42,1337525275.01,181641392.41
4152,56,2007,156897814.46,133414465.96,23483348.5
4153,52,2023,2123165194.07,1615824586.3,507340607.77
4154,150,2017,162150725.17,92623329.89,69527395.28
4155,23,2022,590595743.9,992716544.25,-402120800.35
4156,46,2015,3020408418.68,3584584510.03,-564176091.35
4157,183,2015,3067576301.42,2469240113.7,598336187.72
4158,145,2007,3629047.53,4885954.0,-1256906.47
4159,124,2022,697720129.38,842705368.95,-144985239.57
4160,16,2001,1955479300.44,1552499943.93,402979356.51
4161,11,2007,3043485758.18,2486557138.98,556928619.2
4162,59,2023,1723255497.94,3519926684.71,-1796671186.77
4163,184,2006,35514396884.08,31519557211.2,3994839672.88
4164,90,2003,778023979.38,1427116013.29,-649092033.91
4165,133,2023,1851619278.53,2341019148.32,-489399869.79
4166,63,2018,2155628596.63,2298235789.22,-142607192.59
4167,84,2019,687092707.03,1373464851.7,-686372144.67
4168,75,2026,114778553.3,215009891.0,-100231337.7
4169,176,2014,27010989.82,45947877.05,-18936887.23
4170,7,2018,4459820019.75,5303795246.1,-843975226.35
4171,108,2017,2094701012.63,1396455478.95,698245533.68
4172,68,2011,8848035097.74,8938156463.04,-90121365.3
4173,25,2016,143970203.38,247601303.07,-103631099.69
4174,123,2018,2155781444.17,1809290135.19,346491308.98
4175,121,2000,1584502427.02,2822288497.38,-1237786070.36
4176,10,2006,969202181.98,938367814.92,30834367.06
4177,167,2010,61264264.13,57100699.4,4163564.73
4178,41,2001,426330625.48,704602294.42,-278271668.94
4179,58,2025,193697236.1,194073783.41,-376547.31
4180,165,2019,5816392007.12,5020183636.87,796208370.25
4181,113,2025,14816004.63,28434027.83,-13618023.2
4182,41,2021,667760125.06,452363270.57,215396854.49
4183,90,2012,1161697328.31,2155890527.28,-994193198.97
4184,154,2001,16846069.53,15611823.48,1234246.05
4185,153,2009,3406185871.5,4206572444.95,-800386573.45
4186,146,2002,38808435.63,46849089.91,-8040654.28
4187,36,2013,1542227975017.8,1524596234928.98,17631740088.82
4188,39,2016,1174143539.95,991758596.15,182384943.8
4189,19,2005,3130991944.65,2645791326.47,485200618.18
4190,118,2004,28355833684.33,17406448269.81,10949385414.52
4191,2,2004,693655782.05,724547352.93,-30891570.88
4192,21,2021,5739460132.55,2586542204.22,3152917928.33
4193,93,2011,557335572.98,470220230.18,87115342.8
4194,22,2025,459442495.39,334727489.24,124715006.15
4195,108,2013,602138764.88,743696841.93,-141558077.05
4196,54,2001,525577217.21,984489402.32,-458912185.11
4197,17,2005,58355986744.41,70804809265.12,-12448822520.71
4198,34,2001,3711230342.63,4638049265.72,-926818923.09
4199,71,2014,551794355.54,440117420.07,111676935.47
4200,44,2004,459306994.9,394533239.28,64773755.62
4201,60,2026,332722530676.28,321788848538.04,10933682138.24
4202,191,2015,2814142405.65,2066190555.73,747951849.92
4203,13,2006,198021679.17,238540957.64,-40519278.47
4204,59,2018,2991535533.87,3387087415.06,-395551881.19
4205,164,2013,501578550419.83,319708349094.04,181870201325.79
4206,115,2022,266077996.54,241380651.11,24697345.43
4207,95,2014,775848800.83,997499991.55,-221651190.72
4208,134,2013,2305831227.16,2119410695.53,186420531.63
4209,106,2024,234860636.8,181067229.53,53793407.27
4210,194,2002,7985609110.18,8523262634.11,-537653523.93
4211,120,2000,1888687.23,2434683.79,-545996.56
4212,43,2011,4614300805.06,4867738633.66,-253437828.6
4213,145,2003,15746178.76,14509679.53,1236499.23
4214,136,2013,3505519637.36,2799799930.25,705719707.11
4215,97,2016,592370473.51,733841130.55,-141470657.04
4216,161,2000,14499439024.78,30459180611.37,-15959741586.59
4217,140,2001,4190670686.55,2651463096.07,1539207590.48
4218,187,2002,766042914.31,1239490412.96,-473447498.65
4219,124,2023,844453297.51,1243049347.77,-398596050.26
4220,61,2026,717070795.08,689746043.26,27324751.82
4221,102,2013,9353097007.3,10433888766.52,-1080791759.22
4222,114,2011,2091432855.7,1782577032.96,308855822.74
4223,2,2000,1030360434.75,1053338839.25,-22978404.5
4224,31,2022,4497430533.55,4363251590.09,134178943.46
4225,56,2014,415363874.04,423222183.36,-7858309.32
4226,99,2007,875685668.84,1472858793.67,-597173124.83
4227,102,2024,8988384901.58,15690361093.7,-6701976192.12
4228,150,2021,86987741.87,70638660.79,16349081.08
4229,104,2012,72386161.69,76258747.5,-3872585.81
4230,162,2000,39137239768.8,45519235066.56,-6381995297.76
4231,70,2010,468485670.93,519668089.94,-51182419.01
4232,157,2004,270259694.03,408054346.46,-137794652.43
4233,93,2017,254309847.76,274436911.11,-20127063.35
4234,89,2022,41197432.79,71870700.17,-30673267.38
4235,145,2019,24974704.16,21030499.63,3944204.53
4236,72,2008,5086804417.43,3291684035.15,1795120382.28
4237,55,2008,259176144.43,416071542.29,-156895397.86
4238,121,2021,21970183732.5,21410231632.1,559952100.4
4239,135,2020,2219965427.77,2703588182.38,-483622754.61
4240,38,2013,158103354.16,225868634.98,-67765280.82
4241,55,2020,247437498.59,210317056.07,37120442.52
4242,114,2012,2204174738.39,2049948596.6,154226141.79
4243,95,2001,331927166.93,291565339.26,40361827.67
4244,57,2025,18909457946.79,21687756789.29,-2778298842.5
4245,53,2024,184483749.93,273461179.67,-88977429.74
4246,99,2004,571856856.85,623636671.66,-51779814.81
4247,60,2000,194055777103.13,337706368111.23,-143650591008.1
4248,11,2008,4243527622.66,4148796688.76,94730933.9
4249,73,2009,1197510912.58,1141416099.2,56094813.38
4250,83,2003,4085331459.3,4043235820.1,42095639.2
4251,147,2009,19606503.61,24213333.05,-4606829.44
4252,114,2016,1649414037.11,1082078140.0,567335897.11
4253,111,2000,16638265.86,16337956.3,300309.56
4254,51,2010,16827172969.96,14371176001.41,2455996968.55
4255,60,2002,73253570341.7,107269909566.73,-34016339225.03
4256,181,2004,1331742.26,1249204.19,82538.07
4257,135,2014,6209230883.04,4986931683.73,1222299199.31
4258,158,2003,492983390.66,936966833.6,-443983442.94
4259,57,2009,30285573100.45,17880315171.5,12405257928.95
4260,66,2026,3366196474.86,3159576440.74,206620034.12
4261,126,2001,65309633947.24,62540335502.78,2769298444.46
4262,155,2016,4715649689.1,5401301106.67,-685651417.57
4263,39,2006,762162462.85,887659739.19,-125497276.34
4264,130,2001,397138996.9,461018140.29,-63879143.39
4265,89,2023,21562523.37,27609994.12,-6047470.75
4266,147,2006,28332371.09,32203036.74,-3870665.65
4267,86,2019,3867972403.54,6899434261.32,-3031461857.78
4268,4,2008,9924887.51,15269640.63,-5344753.12
4269,44,2001,102415958.15,173677229.39,-71261271.24
4270,54,2010,805322014.26,667895412.16,137426602.1
4271,137,2001,14340638036.37,14265260730.81,75377305.56
4272,67,2015,53941927.83,51702923.21,2239004.62
4273,97,2014,1453103734.8,1965144355.13,-512040620.33
4274,30,2023,6194512782.19,6995973434.72,-801460652.53
4275,93,2025,490788197.95,311718626.54,179069571.41
4276,85,2019,505666159052.38,316703080769.57,188963078282.81
4277,179,2021,590813154274.96,527703500157.54,63109654117.42
4278,19,2000,1635354210.05,1454791142.47,180563067.58
4279,186,2007,559775782029.71,474973377910.54,84802404119.17
4280,53,2019,385029655.49,318206670.09,66822985.4
4281,160,2003,2399667616.07,3339423605.24,-939755989.17
4282,52,2010,1086654712.83,1537578790.43,-450924077.6
4283,149,2003,1981703.53,3351176.33,-1369472.8
4284,35,2024,3959693043.96,3702290085.92,257402958.04
4285,170,2014,13186862337.7,12741531817.37,445330520.33
4286,177,2022,576674063.0,737144904.87,-160470841.87
4287,167,2014,149483068.98,189915256.97,-40432187.99
4288,71,2026,685607584.22,487926430.25,197681153.97
4289,103,2025,124382139008.14,179308534499.34,-54926395491.2
4290,175,2007,1424250345.61,1986802251.88,-562551906.27
4291,168,2026,2081095114.09,3404623223.36,-1323528109.27
4292,34,2003,4328870118.44,5884402359.4,-1555532240.96
4293,31,2012,5263254658.18,4877403327.77,385851330.41
4294,85,2010,905179631472.75,790521432699.01,114658198773.74
4295,112,2010,324817900.57,445506928.54,-120689027.97
4296,144,2013,4822930887.97,3701602884.46,1121328003.51
4297,39,2020,1243704072.78,1200640946.63,43063126.15
4298,59,2015,2205598775.24,2536786297.68,-331187522.44
4299,59,2017,1156062602.33,1704699865.4,-548637263.07
4300,51,2024,30659311127.88,54488168387.83,-23828857259.95
4301,115,2020,357905954.84,283641127.89,74264826.95
4302,88,2019,22928920074.07,33879239533.81,-10950319459.74
4303,119,2025,350222811.62,654359500.23,-304136688.61
4304,41,2024,462885981.28,608947506.24,-146061524.96
4305,86,2007,2626581664.54,2564636801.03,61944863.51
4306,16,2008,780155419.91,688653460.56,91501959.35
4307,140,2016,3532554881.28,2561225131.92,971329749.36
4308,188,2025,23868807772.64,10994368866.99,12874438905.65
4309,62,2000,378600609.95,551469535.68,-172868925.73
4310,16,2017,1190570171.5,1965983840.68,-775413669.18
4311,82,2011,41278114387.61,90037647242.32,-48759532854.71
4312,4,2022,41802837.05,51306035.85,-9503198.8
4313,181,2021,4188558.59,3456909.5,731649.09
4314,73,2025,6372195090.02,4321524242.47,2050670847.55
4315,3,2023,5842362246.82,5267881802.07,574480444.75
4316,43,2024,6024314756.29,6903690420.67,-879375664.38
4317,89,2013,85244224.67,91453571.9,-6209347.23
4318,101,2012,5800638110.58,3845285577.28,1955352533.3
4319,7,2019,31034284569.83,24049432269.84,6984852299.99
4320,12,2009,174169368.63,162335158.7,11834209.93
4321,4,2014,20997300.37,38000985.85,-17003685.48
4322,52,2021,3534177538.06,4010523117.39,-476345579.33
4323,96,2021,1887963543.27,2431059804.88,-543096261.61
4324,91,2000,1732446840.49,1572907869.08,159538971.41
4325,47,2008,426413193.93,592576847.13,-166163653.2
4326,126,2023,182284678479.25,127495425616.43,54789252862.82
4327,25,2001,108735694.56,62367304.84,46368389.72
4328,78,2019,26514278707.46,22563698438.13,3950580269.33
4329,11,2023,3743384263.34,3254334853.05,489049410.29
4330,20,2000,77852833.1,55182621.42,22670211.68
4331,91,2002,1781557414.61,1770029226.89,11528187.72
4332,147,2017,44575625.84,35361190.33,9214435.51
4333,76,2015,5186974556841.65,4505757821666.61,681216735175.04
4334,166,2024,11742468904.17,23102021462.43,-11359552558.26
4335,160,2002,2289208887.44,3099997245.01,-810788357.57
4336,21,2018,5502952820.18,6179421514.44,-676468694.26
4337,141,2014,1837430975.48,1324787807.09,512643168.39
4338,158,2004,896666775.97,423509701.0,473157074.97
4339,37,2019,12834245123.91,11831730355.47,1002514768.44
4340,105,2018,9351660351.77,11323992947.18,-1972332595.41
4341,37,2012,36943016751.55,20323428935.62,16619587815.93
4342,137,2007,7174526411.18,7404222412.73,-229696001.55
4343,71,2009,159078087.12,281835708.27,-122757621.15
4344,118,2020,7307709402.82,8849374526.25,-1541665123.43
4345,169,2020,20242805427.71,22239717207.32,-1996911779.61
4346,173,2025,89822577564.3,133214838032.51,-43392260468.21
4347,68,2016,6772785093.45,8194111151.64,-1421326058.19
4348,113,2012,7025767.55,5621854.36,1403913.19
4349,51,2008,40705160015.61,47374388615.62,-6669228600.01
4350,14,2007,33047592095.88,35477305774.44,-2429713678.56
4351,151,2025,125746306993.84,81362709650.08,44383597343.76
4352,164,2003,79567458939.52,54210144663.36,25357314276.16
4353,52,2004,591380070.79,815216468.27,-223836397.48
4354,78,2000,18411876292.66,15571275245.95,2840601046.71
4355,181,2007,4364425.51,4040947.62,323477.89
4356,46,2021,1679562636.68,1122514793.69,557047842.99
4357,117,2013,6194289742.52,4908095025.71,1286194716.81
4358,121,2001,2204061909.56,1778512545.68,425549363.88
4359,64,2016,409599741703.73,372183406412.2,37416335291.53
4360,60,2004,88896867512.28,96853589422.13,-7956721909.85
4361,186,2020,1831466288978.28,2275691564843.42,-444225275865.14
4362,87,2023,8532732540.09,12583566164.36,-4050833624.27
4363,108,2025,1512137297.52,2121584678.61,-609447381.09
4364,135,2017,799071087.96,1040596303.51,-241525215.55
4365,59,2013,3633303889.37,2815149651.82,818154237.55
4366,165,2010,15061242069.78,13030601653.28,2030640416.5
4367,140,2015,2543009157.65,2537842693.85,5166463.8
4368,44,2012,592342528.0,657443196.76,-65100668.76
4369,26,2022,1136491445.2,2049911344.53,-913419899.33
4370,100,2008,338932346.54,352070746.98,-13138400.44
4371,75,2015,113560942.18,134224724.95,-20663782.77
4372,108,2016,1624053908.91,1187702841.31,436351067.6
4373,180,2026,2694438467.08,2089905740.36,604532726.72
4374,31,2017,7931862454.23,9615091042.75,-1683228588.52
4375,156,2012,47091192562.78,43711790664.04,3379401898.74
4376,111,2026,45746198.71,30078921.81,15667276.9
4377,152,2012,5650380660.99,10427168844.16,-4776788183.17
4378,51,2020,37500551855.11,16864727322.42,20635824532.69
4379,99,2005,621473681.39,411214116.85,210259564.54
4380,16,2018,1762651038.18,2462123018.8,-699471980.62
4381,93,2013,322571106.52,296809028.67,25762077.85
4382,193,2005,4892722487.1,4462373084.61,430349402.49
4383,101,2021,11158799918.82,11678167907.08,-519367988.26
4384,169,2007,13396889431.01,11701834437.5,1695054993.51
4385,112,2016,1891135987.18,2057620475.89,-166484488.71
4386,98,2023,11159957.22,13269801.52,-2109844.3
4387,73,2021,4047331236.1,6209939202.44,-2162607966.34
4388,106,2009,121122849.62,125168526.15,-4045676.53
4389,18,2016,49331492.83,41178406.9,8153085.93
4390,142,2002,8115444203.84,5083624940.25,3031819263.59
4391,155,2010,589483807.63,1261216532.94,-671732725.31
4392,99,2026,1782523762.29,1634974680.27,147549082.02
4393,76,2013,1709150454204.31,2330426576756.85,-621276122552.54
4394,60,2011,153098381413.74,140783323320.04,12315058093.7
4395,47,2021,298123376.36,192930077.52,105193298.84
4396,4,2021,56458399.33,58235150.12,-1776750.79
4397,142,2020,4185968165.54,3613302132.93,572666032.61
4398,95,2020,1041532727.34,944786504.31,96746223.03
4399,80,2015,2859622542.22,2010837842.74,848784699.48
4400,57,2001,51721767222.78,23745931374.21,27975835848.57
4401,107,2014,8627251.2,9654694.85,-1027443.65
4402,68,2015,12570687210.06,13077777247.64,-507090037.58
4403,18,2000,127429358.77,98839229.11,28590129.66
4404,124,2004,1819755693.91,792800418.87,1026955275.04
4405,136,2008,1446685465.86,1243484237.65,203201228.21
4406,154,2003,35105625.9,29464414.47,5641211.43
4407,95,2026,427346319.15,769416876.22,-342070557.07
4408,106,2018,109281066.77,147703392.23,-38422325.46
4409,29,2014,310517198.06,273164107.19,37353090.87
4410,127,2023,3855119530.76,5741815643.94,-1886696113.18
4411,139,2003,223847604112.15,153109982807.05,70737621305.1
4412,160,2020,3073998393.55,5149259736.46,-2075261342.91
4413,188,2009,7532000595.98,8415690650.13,-883690054.15
4414,161,2005,26389026249.53,29821433941.79,-3432407692.26
4415,178,2000,988326183.35,1325984679.97,-337658496.62
4416,134,2001,504559713.05,788301060.71,-283741347.66
4417,70,2012,1227678073.28,808457435.11,419220638.17
4418,15,2006,56362058.09,57815355.85,-1453297.76
4419,138,2000,24077802050.66,22867046300.21,1210755750.45
4420,102,2010,3252571508.89,1952519338.21,1300052170.68
4421,58,2002,157563220.86,103874194.95,53689025.91
4422,32,2002,19573524261.06,17725932341.3,1847591919.76
4423,162,2021,337065534814.5,386081835121.93,-49016300307.43
4424,19,2006,4296512314.17,4340595927.74,-44083613.57
4425,138,2015,79989473944.94,39693994693.4,40295479251.54
4426,96,2010,2392230369.59,1529304209.47,862926160.12
4427,24,2022,543975198212.18,410559994335.57,133415203876.61
4428,2,2006,958077530.69,758669866.01,199407664.68
4429,101,2013,15391775213.79,8559966712.91,6831808500.88
4430,75,2004,124147510.8,155518233.43,-31370722.63
4431,94,2014,1120928712.87,1021805303.65,99123409.22
4432,36,2006,4379182617244.64,3565155050035.94,814027567208.7
4433,32,2015,65438349572.62,96613754408.16,-31175404835.54
4434,149,2002,6514633.57,13551901.19,-7037267.62
4435,141,2025,558582021.81,640909508.15,-82327486.34
4436,132,2013,9276067.84,7605215.7,1670852.14
4437,168,2002,1524406766.07,1409439966.5,114966799.57
4438,7,2000,3597708730.84,3630403004.69,-32694273.85
4439,101,2009,9099876779.44,6156302334.4,2943574445.04
4440,190,2021,529579.59,623068.62,-93489.03
4441,68,2018,10517966545.63,13080537563.46,-2562571017.83
4442,189,2003,36068861.24,30397648.94,5671212.3
4443,192,2026,647949827501.23,571381700120.31,76568127380.92
4444,96,2023,2631582644.08,3050725852.53,-419143208.45
4445,9,2000,79323369921.21,86316421308.58,-6993051387.37
4446,82,2001,143097286750.7,279507062626.06,-136409775875.36
4447,89,2020,101352393.76,97523781.46,3828612.3
4448,132,2026,6863256.43,6941099.39,-77842.96
4449,159,2022,127351826.65,179580949.31,-52229122.66
4450,162,2004,229870131337.65,240167223105.01,-10297091767.36
4451,188,2012,19746170294.82,26298053660.25,-6551883365.43
4452,13,2020,198246182.65,324259876.95,-126013694.3
4453,171,2022,4677257227.27,3393378940.33,1283878286.94
4454,91,2005,561215243.68,709881423.9,-148666180.22
4455,172,2016,6351351551.94,4760617248.26,1590734303.68
4456,171,2003,1193546375.39,1373095990.35,-179549614.96
4457,157,2013,1260607771.88,2114341169.47,-853733397.59
4458,135,2016,1242738032.81,761572513.6,481165519.21
4459,178,2016,3347613926.64,2096171786.63,1251442140.01
4460,38,2003,145122641.26,79200090.22,65922551.04
4461,20,2020,282612935.99,622656138.5,-340043202.51
4462,195,2011,3006547620.33,2380318802.35,626228817.98
4463,178,2003,6344862012.18,4159647016.28,2185214995.9
4464,141,2023,1136446180.2,1778716543.29,-642270363.09
4465,53,2015,388886995.96,759507350.98,-370620355.02
4466,97,2018,3916684636.0,3204316623.46,712368012.54
4467,166,2006,6025336990.95,6077785330.18,-52448339.23
4468,186,2015,832056107986.94,882943092796.21,-50886984809.27
4469,179,2003,595056902535.67,433243203988.15,161813698547.52
4470,160,2022,1726072996.27,1482031732.69,244041263.58
4471,97,2021,5753310432.44,2552980533.02,3200329899.42
4472,36,2022,5687939208418.04,5769187787107.8,-81248578689.76
4473,175,2022,2869936615.39,1819749392.43,1050187222.96
4474,174,2024,740861545.76,765933113.0,-25071567.24
4475,42,2020,3076490028.75,1987560138.62,1088929890.13
4476,1,2026,34809692739.53,19540214760.99,15269477978.54
4477,162,2001,138047455473.05,152883451944.97,-14835996471.92
4478,134,2020,733209499.8,1208333295.65,-475123795.85
4479,63,2008,1721771272.23,888399557.63,833371714.6
4480,30,2025,2132969356.02,4762357902.0,-2629388545.98
4481,69,2021,1385833952.25,2273970323.89,-888136371.64
4482,10,2001,2127596628.1,1613733177.47,513863450.63
4483,57,2008,40578626269.44,63290909726.14,-22712283456.7
4484,40,2016,24547240047.85,21049060807.58,3498179240.27
4485,77,2025,1969607366154.5,1952900953027.69,16706413126.81
4486,184,2015,105086225296.15,76332208383.81,28754016912.34
4487,15,2021,36434510.12,40456433.08,-4021922.96
4488,149,2005,13408500.17,9754948.77,3653551.4
4489,128,2004,535861679.3,599718596.01,-63856916.71
4490,123,2015,1312396902.24,1444916474.64,-132519572.4
4491,116,2019,21978040366.2,24305180873.59,-2327140507.39
4492,99,2009,222559466.65,288961577.96,-66402111.31
4493,112,2000,218013536.1,232799260.59,-14785724.49
4494,169,2018,34725540237.38,63452341098.21,-28726800860.83
4495,195,2023,2256710667.0,4157064451.5,-1900353784.5
4496,50,2002,3560477151.57,3620990779.77,-60513628.2
4497,135,2010,2642028938.59,3334041086.48,-692012147.89
4498,19,2003,1171106514.49,716338157.09,454768357.4
4499,95,2002,742395992.05,451771681.19,290624310.86
4500,145,2025,29070622.1,15711581.48,13359040.62
4501,10,2002,2579992645.33,1715435142.07,864557503.26
4502,15,2014,49469242.23,71840737.99,-22371495.76
4503,176,2023,41453196.6,30729604.74,10723591.86
4504,94,2017,1543514064.68,1060248597.45,483265467.23
4505,99,2006,1135336038.3,1073342020.03,61994018.27
4506,51,2007,38114384078.13,37693241062.72,421143015.41
4507,125,2005,9559767142.72,6397815461.8,3161951680.92
4508,94,2002,1305535320.12,1183305827.34,122229492.78
4509,130,2010,1045794724.5,1046405697.27,-610972.77
4510,79,2018,29218162572.7,13040696231.7,16177466341.0
4511,24,2016,679091921966.45,838253980434.84,-159162058468.39
4512,142,2017,5955126917.86,3681919188.06,2273207729.8
4513,61,2015,282467313.07,362971080.06,-80503766.99
4514,89,2012,12394614.8,9768336.07,2626278.73
4515,96,2006,656267627.24,464420263.9,191847363.34
4516,32,2021,106564728059.6,77064690990.51,29500037069.09
4517,29,2009,80534745.43,92891596.91,-12356851.48
4518,55,2026,216850499.3,412736647.48,-195886148.18
4519,51,2026,13392287134.03,11497698717.96,1894588416.07
4520,82,2013,90922289323.4,61697784205.9,29224505117.5
4521,140,2006,566534282.68,619728877.13,-53194594.45
4522,59,2005,2719394065.55,2942599143.22,-223205077.67
4523,139,2025,175478084111.67,288799844498.0,-113321760386.33
4524,145,2026,9778698.84,8276852.73,1501846.11
4525,157,2000,929909275.62,904331828.1,25577447.52
4526,9,2016,75187722105.29,66999379315.45,8188342789.84
4527,87,2009,5591345094.4,8462802415.27,-2871457320.87
4528,160,2006,9356745920.85,8000104042.03,1356641878.82
4529,13,2018,1200033184.15,1355987771.28,-155954587.13
4530,108,2006,1435053024.9,1425887558.73,9165466.17
4531,124,2001,952925427.8,648186272.63,304739155.17
4532,131,2022,84626516516.0,55507247346.29,29119269169.71
4533,73,2017,4158668841.96,4240707528.09,-82038686.13
4534,76,2026,2061241181406.43,3179354891315.89,-1118113709909.46
4535,51,2023,13450635466.9,16910244870.5,-3459609403.6
4536,67,2025,72396970.2,91690067.61,-19293097.41
4537,82,2002,179991560448.78,146276691468.66,33714868980.12
4538,76,2006,2453054929133.8,3942869263138.63,-1489814334004.83
4539,73,2000,1447446392.25,2031403876.44,-583957484.19
4540,150,2011,47223036.94,32223093.1,14999943.84
4541,146,2018,63940704.47,111787765.58,-47847061.11
4542,72,2009,3081304157.37,4485055715.11,-1403751557.74
4543,161,2022,44951331405.89,20407741520.81,24543589885.08
4544,182,2007,30782065027.94,20928937219.86,9853127808.08
4545,125,2018,13611166619.9,15033532977.28,-1422366357.38
4546,14,2021,41220244061.3,72368955200.83,-31148711139.53
4547,38,2019,488470052.48,581854075.93,-93384023.45
4548,132,2023,4704482.97,2330630.5,2373852.47
4549,15,2017,141552821.94,97411700.42,44141121.52
4550,80,2017,744770427.15,1162184716.13,-417414288.98
4551,185,2013,417104119095.23,548848722860.12,-131744603764.89
4552,113,2015,10486254.44,19698483.28,-9212228.84
4553,60,2017,477494472079.4,341831898878.48,135662573200.92
4554,164,2014,504291054953.45,680109385626.07,-175818330672.62
4555,193,2011,3805115397.25,3843487525.52,-38372128.27
4556,41,2000,1634827004.29,1654180863.7,-19353859.41
4557,45,2025,3515488785.05,4207519263.92,-692030478.87
4558,81,2013,4740807691.11,4160495503.19,580312187.92
4559,120,2009,4671062.92,4969773.42,-298710.5
4560,162,2016,345638715382.54,380552547358.95,-34913831976.41
4561,124,2021,3334664950.66,3349719338.18,-15054387.52
4562,91,2022,2004610947.94,3437384086.12,-1432773138.18
4563,164,2017,240900989732.19,190400596959.71,50500392772.48
4564,90,2011,2123236083.55,2781434678.44,-658198594.89
4565,23,2019,910633858.5,1016929564.85,-106295706.35
4566,39,2000,346150173.55,323272628.97,22877544.58
4567,76,2002,4754538241328.87,3660221337736.5,1094316903592.37
4568,95,2013,1265241199.81,1393200617.77,-127959417.96
4569,112,2002,920949979.73,620299532.32,300650447.41
4570,66,2023,2067012624.79,1251613153.28,815399471.51
4571,124,2002,1035962175.4,780007942.76,255954232.64
4572,36,2019,5829389459440.44,9660842749195.0,-3831453289754.56
4573,62,2022,791748059.19,636992390.84,154755668.35
4574,87,2013,7270780193.84,10483947427.67,-3213167233.83
4575,2,2024,2539589151.62,1316257854.36,1223331297.26
4576,157,2005,2138452591.62,1259392149.19,879060442.43
4577,153,2013,3928179319.04,3613328392.71,314850926.33
4578,79,2017,16762123810.02,29558315252.93,-12796191442.91
4579,50,2012,9514970421.08,9956071644.37,-441101223.29
4580,42,2018,343808937.04,309277506.58,34531430.46
4581,66,2007,2700168816.09,1795260878.4,904907937.69
4582,39,2019,1790081115.5,1750286521.03,39794594.47
4583,17,2021,134019543826.26,130252503056.12,3767040770.14
4584,24,2021,433023778266.89,317099042742.39,115924735524.5
4585,34,2004,5221706026.92,7493281615.11,-2271575588.19
4586,16,2004,4776511375.59,3766234735.63,1010276639.96
4587,124,2007,2550444696.56,1416325585.65,1134119110.91
4588,67,2018,56386307.86,78394955.6,-22008647.74
4589,126,2019,30344593986.37,27509017103.61,2835576882.76
4590,46,2022,2376729410.08,4632146202.13,-2255416792.05
4591,188,2022,18079143888.35,16112943443.28,1966200445.07
4592,103,2007,24684733353.63,38078835736.97,-13394102383.34
4593,143,2012,447138398602.95,267843090787.71,179295307815.24
4594,161,2012,5642679296.69,6822673655.7,-1179994359.01
4595,104,2010,282339451.3,195099522.89,87239928.41
4596,64,2011,101212677701.26,72613487128.95,28599190572.31
4597,128,2007,447949065.03,382792791.05,65156273.98
4598,88,2002,4629177793.11,5486488258.99,-857310465.88
4599,123,2009,1632684826.45,1873998245.58,-241313419.13
4600,111,2016,91716273.97,69471401.38,22244872.59
4601,20,2007,181288954.97,139951465.75,41337489.22
4602,11,2026,4154210765.43,2996806453.43,1157404312.0
4603,130,2026,2799700651.76,3380899010.42,-581198358.66
4604,106,2016,249456846.31,311812226.29,-62355379.98
4605,136,2006,3264456203.1,3953667490.3,-689211287.2
4606,46,2004,376936364.28,529205226.4,-152268862.12
4607,121,2020,5977526396.26,6648528953.01,-671002556.75
4608,5,2021,26830179275.77,22159474612.11,4670704663.66
4609,52,2012,1563107941.75,2702067839.13,-1138959897.38
4610,84,2001,691151510.48,828626757.85,-137475247.37
4611,36,2011,7901454046154.84,8222026495450.58,-320572449295.74
4612,172,2023,57687478876.87,55937498260.31,1749980616.56
4613,119,2009,177472646.23,210673649.6,-33201003.37
4614,75,2022,162134550.77,193433213.8,-31298663.03
4615,77,2006,499924765061.66,566996843365.54,-67072078303.88
4616,146,2010,95893552.77,115860785.34,-19967232.57
4617,168,2024,1480844097.14,1555951467.61,-75107370.47
4618,88,2024,30483682149.88,18268897461.78,12214784688.1
4619,75,2024,280307804.9,135220742.84,145087062.06
4620,47,2000,397753909.33,527628178.03,-129874268.7
4621,45,2022,3083300639.66,4398657309.15,-1315356669.49
4622,168,2022,3004035908.32,1957748120.28,1046287788.04
4623,3,2012,20378185471.24,11868006695.04,8510178776.2
4624,38,2001,370012816.09,296861918.85,73150897.24
4625,146,2015,89690615.03,116129465.98,-26438850.95
4626,27,2017,5820091697.9,4963710173.5,856381524.4
4627,38,2023,227847049.95,260357872.16,-32510822.21
4628,49,2011,1925458863.61,1065847902.81,859610960.8
4629,155,2021,2198975946.22,3252090543.16,-1053114596.94
4630,72,2011,4399418231.2,4395038733.8,4379497.4
4631,5,2025,17045278550.28,15427226939.98,1618051610.3
4632,33,2006,698721045.72,985158681.72,-286437636.0
4633,96,2002,1166861363.32,1905293727.31,-738432363.99
4634,188,2018,23692662633.04,14084743607.99,9607919025.05
4635,36,2007,2999263479620.51,2588727170613.09,410536309007.42
4636,144,2005,1142430038.97,1367873192.96,-225443153.99
4637,156,2020,6731709992.15,8095129579.46,-1363419587.31
4638,189,2023,17765160.77,31757109.24,-13991948.47
4639,125,2016,8646254189.01,8931694980.12,-285440791.11
4640,77,2014,358556454767.31,217321247807.33,141235206959.98
4641,185,2016,437829198989.01,299125203436.46,138703995552.55
4642,64,2001,202081323545.37,152219202223.37,49862121322.0
4643,171,2023,3999436550.44,5567727925.62,-1568291375.18
4644,33,2021,2516587154.4,2591563031.71,-74975877.31
4645,56,2018,117495150.2,144299949.83,-26804799.63
4646,192,2022,448887484927.73,230953016345.98,217934468581.75
4647,82,2006,31027232467.15,34465422633.56,-3438190166.41
4648,7,2021,32641573458.02,17379850964.38,15261722493.64
4649,113,2005,9575503.42,11254623.26,-1679119.84
4650,187,2011,432567733.87,281403788.73,151163945.14
4651,124,2019,5379355259.52,4608563724.61,770791534.91
4652,194,2019,7113954940.52,6814406777.43,299548163.09
4653,82,2021,273109014102.02,235623108076.12,37485906025.9
4654,19,2019,5004218826.08,3878369191.42,1125849634.66
4655,114,2002,906989042.26,1241526104.33,-334537062.07
4656,191,2019,1924716485.02,3276200939.71,-1351484454.69
4657,61,2005,910843198.05,551497004.36,359346193.69
4658,9,2024,126744936671.35,166323305360.55,-39578368689.2
4659,74,2007,2116437452.88,1933890620.74,182546832.14
4660,72,2002,2461493203.54,2498282962.28,-36789758.74
4661,91,2004,658672431.53,1272984199.39,-614311767.86
4662,171,2015,3928048852.4,3835306949.13,92741903.27
4663,37,2008,4180963095.87,2901339528.87,1279623567.0
4664,68,2020,6626449577.16,6355563565.52,270886011.64
4665,183,2009,13236829076.07,14331803443.47,-1094974367.4
4666,5,2007,2724919907.09,2430105761.45,294814145.64
4667,116,2015,15411279420.41,14027569206.8,1383710213.61
4668,154,2010,11588995.72,11833582.77,-244587.05
4669,167,2020,127638102.5,151807715.43,-24169612.93
4670,14,2009,22719428021.05,28128103516.48,-5408675495.43
4671,178,2001,3702454742.83,3219998662.46,482456080.37
4672,28,2002,2968513828.62,1931634403.38,1036879425.24
4673,182,2009,3566981690.99,4118109045.76,-551127354.77
4674,102,2014,13706828246.19,14263607225.54,-556778979.35
4675,18,2020,228334736.42,153321904.88,75012831.54
4676,186,2000,621292361879.19,1318817871383.91,-697525509504.72
4677,27,2006,2887187551.88,3471845546.39,-584657994.51
4678,156,2011,48759968747.74,28135963396.93,20624005350.81
4679,158,2007,528455255.34,1057984366.89,-529529111.55
4680,57,2018,64578740580.79,60935393103.67,3643347477.12
4681,141,2004,839160392.14,1169363260.95,-330202868.81
4682,43,2010,3160170826.65,1749355893.77,1410814932.88
4683,164,2008,98149362162.58,105751443780.97,-7602081618.39
4684,193,2008,9205469999.4,20650297915.72,-11444827916.32
4685,186,2024,1976615922038.3,2099252256466.42,-122636334428.12
4686,11,2005,916431784.9,1120329951.91,-203898167.01
4687,53,2022,759302237.2,484975384.12,274326853.08
4688,2,2023,971843839.91,1613118107.45,-641274267.54
4689,8,2024,986500343.99,890213467.86,96286876.13
4690,45,2020,3672943380.95,3154734937.4,518208443.55
4691,49,2002,1906741989.79,2986478320.17,-1079736330.38
4692,85,2023,677746224335.21,1390255212852.43,-712508988517.22
4693,47,2011,382970785.07,329651673.92,53319111.15
4694,20,2011,366312646.68,466052333.17,-99739686.49
4695,145,2023,10472719.49,5901438.48,4571281.01
4696,176,2021,94828509.38,84999588.16,9828921.22
4697,88,2006,15577729342.28,19717021345.43,-4139292003.15
4698,69,2012,4014133173.75,4788477124.44,-774343950.69
4699,173,2009,371575760261.27,288496033989.2,83079726272.07
4700,86,2010,1908200292.99,2542184303.55,-633984010.56
4701,93,2000,271918302.52,230240829.18,41677473.34
4702,79,2011,8880219655.69,12470252323.89,-3590032668.2
4703,48,2007,39184648.61,31647302.66,7537345.95
4704,30,2007,1825085071.41,1506225514.92,318859556.49
4705,70,2016,328877005.49,684865190.99,-355988185.5
4706,187,2012,1592857775.0,1715597056.85,-122739281.85
4707,122,2004,27288277911.37,42261650215.26,-14973372303.89
4708,183,2012,4717507136.21,2749067289.51,1968439846.7
4709,10,2014,1071827676.64,675394734.66,396432941.98
4710,113,2002,4051730.25,6837573.85,-2785843.6
4711,5,2006,2475600150.0,3908280727.86,-1432680577.86
4712,77,2016,536158709663.25,702426624978.36,-166267915315.11
4713,70,2002,132064443.3,160551059.55,-28486616.25
4714,2,2021,1637704251.69,1087518483.5,550185768.19
4715,116,2021,19194393299.22,17129478095.96,2064915203.26
4716,111,2011,55122207.47,41319262.59,13802944.88
4717,20,2001,130203149.34,151272499.16,-21069349.82
4718,104,2013,275894551.33,285410657.42,-9516106.09
4719,9,2011,56691902222.89,59556809704.54,-2864907481.65
4720,48,2001,8340760.92,12978313.27,-4637552.35
4721,109,2017,220637429.73,131730194.71,88907235.02
4722,81,2024,4331335996.21,2868867767.7,1462468228.51
4723,30,2003,1744852308.42,987644832.11,757207476.31
4724,170,2013,13400288469.68,13106469234.99,293819234.69
4725,49,2008,1661133774.51,2123513964.41,-462380189.9
4726,181,2013,1000113.71,1142835.84,-142722.13
4727,71,2015,280521124.66,286332111.58,-5810986.92
4728,193,2006,4438622508.8,4593694066.93,-155071558.13
4729,127,2001,6499047050.05,7922222608.63,-1423175558.58
4730,138,2017,32525536671.3,54294586230.41,-21769049559.11
4731,39,2011,2233595790.54,1465855817.95,767739972.59
4732,43,2021,7089723165.13,6268569141.94,821154023.19
4733,189,2026,211685862.44,231055765.89,-19369903.45
4734,25,2011,114221393.25,119720685.08,-5499291.83
4735,8,2007,1576709936.89,1874970357.33,-298260420.44
4736,96,2003,472225354.99,431863030.55,40362324.44
4737,61,2025,684500151.06,486228174.23,198271976.83
4738,174,2003,410420618.78,380256186.43,30164432.35
4739,76,2024,4773578663245.32,4420845572680.64,352733090564.68
4740,21,2008,990796742.22,703821809.12,286974933.1
4741,53,2012,693468509.45,699152695.73,-5684186.28
4742,121,2013,4667638901.05,4949584067.37,-281945166.32
4743,142,2013,6585514254.91,7139287319.05,-553773064.14
4744,62,2021,328007535.06,232164319.45,95843215.61
4745,126,2003,78071063258.49,59471086099.76,18599977158.73
4746,88,2001,21463344671.34,15945148580.19,5518196091.15
4747,1,2022,6210219819.59,8962166560.9,-2751946741.31
4748,110,2005,46574785944.38,52286713277.53,-5711927333.15
4749,195,2003,4630147083.53,3670764908.93,959382174.6
4750,110,2006,247027528567.6,346429530203.9,-99402001636.3
4751,30,2009,3961888111.18,3683502679.42,278385431.76
4752,28,2004,2378659458.69,1583740534.02,794918924.67
4753,67,2022,19141959.08,11860590.59,7281368.49
4754,184,2002,12767098735.14,8082727508.88,4684371226.26
4755,79,2024,25064848560.13,29338649318.59,-4273800758.46
4756,45,2015,6784015211.35,5226278777.08,1557736434.27
4757,87,2000,1444077084.58,880287063.94,563790020.64
4758,181,2019,6048557.22,6205858.57,-157301.35
4759,146,2022,111128326.96,73500100.92,37628226.04
4760,85,2016,415400158033.07,417532607981.14,-2132449948.07
4761,37,2007,8901460711.9,9719852210.29,-818391498.39
4762,100,2024,254395520.14,441594890.28,-187199370.14
4763,54,2016,1531867268.23,2850008308.94,-1318141040.71
4764,181,2009,3105947.04,3018478.09,87468.95
4765,30,2018,12616583505.14,12228803817.82,387779687.32
4766,83,2015,17339016548.17,10536974166.39,6802042381.78
4767,192,2015,225808725272.48,258863109689.69,-33054384417.21
4768,145,2021,17770209.14,17310091.95,460117.19
4769,140,2009,4739765019.01,5258704417.92,-518939398.91
4770,143,2011,173746118341.72,229278985884.82,-55532867543.1
4771,32,2016,200251062789.26,344081436688.18,-143830373898.92
4772,105,2010,2330906091.76,2021811757.97,309094333.79
4773,160,2000,3481598777.6,3412930723.59,68668054.01
4774,97,2017,2011330454.55,2968960005.53,-957629550.98
4775,17,2017,83898303342.23,79897782653.8,4000520688.43
4776,96,2004,1209289773.38,1635700476.69,-426410703.31
4777,34,2007,6075018413.77,4451704225.72,1623314188.05
4778,85,2011,913469966785.72,905646776891.25,7823189894.47
4779,54,2007,2342724865.13,1579222991.81,763501873.32
4780,62,2018,537109012.75,743065702.06,-205956689.31
4781,97,2012,2012479040.02,2746917752.04,-734438712.02
4782,90,2026,1419291487.54,1736788515.65,-317497028.11
4783,75,2021,32180247.91,51067175.85,-18886927.94
4784,161,2010,7304793130.78,14920173239.9,-7615380109.12
4785,53,2016,287463332.51,312723564.77,-25260232.26
4786,26,2015,597621655.32,523114655.06,74507000.26
4787,98,2022,10347582.13,12680339.13,-2332757.0
4788,121,2010,2592777560.3,2878977264.82,-286199704.52
4789,164,2012,178042722918.38,161407561315.79,16635161602.59
4790,9,2014,193467918689.8,168460896406.63,25007022283.17
4791,21,2015,1012510500.62,1479472781.54,-466962280.92
4792,39,2017,1013808242.57,2001612971.45,-987804728.88
4793,192,2004,798902873619.08,465440703472.82,333462170146.26
4794,152,2008,7976942291.08,9522045585.21,-1545103294.13
4795,154,2005,10449224.66,13926335.77,-3477111.11
4796,49,2007,2364888920.76,1916290219.39,448598701.37
4797,86,2002,4431533779.86,4725959466.97,-294425687.11
4798,181,2018,1171294.45,1054567.83,116726.62
4799,97,2008,3786480430.02,2102126827.03,1684353602.99
4800,191,2017,3482522647.55,3752745645.14,-270222997.59
4801,166,2023,6133981759.82,6605952667.97,-471970908.15
4802,34,2016,5787058976.99,5056219601.13,730839375.86
4803,167,2001,56116404.27,45222142.09,10894262.18
4804,15,2023,242615544.2,226535723.14,16079821.06
4805,171,2018,1449907876.76,1622560596.37,-172652719.61
4806,6,2012,42702906.35,44060333.27,-1357426.92
4807,170,2017,12649183232.69,9000560654.72,3648622577.97
4808,133,2019,456730455.32,386362827.52,70367627.8
4809,19,2011,4650553393.13,4985111188.24,-334557795.11
4810,193,2000,8804529993.64,12405472353.69,-3600942360.05
4811,135,2013,2875855814.3,2069098788.56,806757025.74
4812,13,2026,1183676541.73,1067308376.99,116368164.74
4813,38,2004,413738237.93,211824990.11,201913247.82
4814,167,2011,148588640.33,155263024.26,-6674383.93
4815,16,2025,3744251462.51,4090204837.95,-345953375.44
4816,37,2016,40276554538.09,26806660739.79,13469893798.3
4817,134,2018,2789809526.56,1975960780.73,813848745.83
4818,126,2017,55054971672.44,39503083933.46,15551887738.98
4819,79,2009,17560958405.94,10490717176.27,7070241229.67
4820,5,2004,5418300303.36,5756896786.42,-338596483.06
4821,123,2008,425582794.4,280845179.51,144737614.89
4822,131,2018,21899942640.83,19147751833.64,2752190807.19
4823,169,2004,21912502486.07,11016341868.99,10896160617.08
4824,185,2014,483318502773.62,350276190565.04,133042312208.58
4825,28,2020,4839082307.67,6244523002.29,-1405440694.62
4826,55,2022,713411158.06,704090654.1,9320503.96
4827,45,2005,2309911140.15,2351638505.95,-41727365.8
4828,71,2016,240811687.83,190304419.65,50507268.18
4829,63,2012,903484620.9,1521657447.38,-618172826.48
4830,37,2015,29510247153.98,20782205968.99,8728041184.99
4831,95,2011,397591328.08,306875939.92,90715388.16
4832,35,2008,7477831893.05,6790769999.62,687061893.43
4833,128,2017,1256793011.1,1115083353.98,141709657.12
4834,137,2013,12746980698.17,17304820822.8,-4557840124.63
4835,77,2019,1465501939022.58,2322540249878.29,-857038310855.71
4836,192,2025,289217215009.86,356438717587.36,-67221502577.5
4837,2,2017,935217993.0,1860675772.18,-925457779.18
4838,14,2013,15510437147.57,11638682864.04,3871754283.53
4839,159,2015,520024580.2,285837649.76,234186930.44
4840,147,2011,12591760.41,8044255.4,4547505.01
4841,73,2026,2454063612.54,2690570672.99,-236507060.45
4842,83,2023,8916924845.19,7645523819.56,1271401025.63
4843,40,2013,37398408164.56,31725405440.35,5673002724.21
4844,127,2017,6039427394.55,6975770066.23,-936342671.68
4845,45,2008,3510764671.26,2898777567.18,611987104.08
4846,41,2009,380220178.51,461166052.14,-80945873.63
4847,162,2008,307867212205.86,338688729243.82,-30821517037.96
4848,157,2002,1649286063.42,1570091618.53,79194444.89
4849,29,2004,105030208.08,108061964.37,-3031756.29
4850,31,2024,14160416674.92,18282065712.48,-4121649037.56
4851,109,2012,194886632.55,236416514.37,-41529881.82
4852,175,2025,2691675106.39,2329780107.67,361894998.72
4853,26,2016,2404337542.43,3158782622.81,-754445080.38
4854,164,2001,57833357138.13,89817297365.84,-31983940227.71
4855,155,2006,3207136174.49,2412939368.54,794196805.95
4856,59,2007,1081054838.22,920601973.21,160452865.01
4857,132,2012,5078894.5,5500888.28,-421993.78
4858,21,2005,2500814156.72,2193519574.76,307294581.96
4859,107,2007,16546598.25,16545668.67,929.58
4860,69,2002,4126708288.33,2520028537.44,1606679750.89
4861,83,2025,2601498941.99,3563059737.88,-961560795.89
4862,191,2018,7141670644.91,5721907609.0,1419763035.91
4863,28,2006,5831463504.95,7757266205.08,-1925802700.13
4864,11,2000,1445447735.97,1567301358.01,-121853622.04
4865,76,2012,2752983498997.58,3117876399568.5,-364892900570.92
4866,37,2013,34646824381.32,38476144489.17,-3829320107.85
4867,47,2026,508384016.59,917962716.46,-409578699.87
4868,140,2026,4688298300.69,5134799117.41,-446500816.72
4869,38,2020,111211389.24,71182338.38,40029050.86
4870,172,2025,31254802977.42,25644715295.47,5610087681.95
4871,50,2011,3332851979.82,5552865166.78,-2220013186.96
4872,13,2007,122860591.33,66927702.14,55932889.19
4873,169,2023,29163609019.2,27300507076.13,1863101943.07
4874,23,2014,340913697.54,342344886.71,-1431189.17
4875,92,2000,1879656196.11,2540718857.93,-661062661.82
4876,34,2017,1867491047.84,1858659219.75,8831828.09
4877,56,2022,537872496.66,441452224.22,96420272.44
4878,12,2015,115787544.53,150402838.2,-34615293.67
4879,117,2017,7222120988.3,8159182723.72,-937061735.42
4880,124,2003,1994291508.14,2051548375.82,-57256867.68
4881,101,2016,3966232740.62,3997346020.65,-31113280.03
4882,159,2020,228621438.45,231791170.22,-3169731.77
4883,102,2004,6105775206.59,5599624809.69,506150396.9
4884,61,2007,1298702497.51,723841413.82,574861083.69
4885,49,2009,6469533558.02,3734452813.59,2735080744.43
4886,177,2019,1000806211.03,1051151666.46,-50345455.43
4887,149,2007,14952224.25,14731636.53,220587.72
4888,77,2011,2321230509933.04,1996516787086.15,324713722846.89
4889,13,2017,1008081244.35,1059907953.93,-51826709.58
4890,119,2004,942094684.99,1131641335.49,-189546650.5
4891,70,2019,228077251.89,321311859.28,-93234607.39
4892,13,2014,127734699.38,183810704.11,-56076004.73
4893,69,2004,1767474463.39,1696906908.75,70567554.64
4894,133,2022,711380009.3,1382148901.64,-670768892.34
4895,134,2019,1654048506.11,2137661892.94,-483613386.83
4896,182,2013,12509006253.4,11164621624.55,1344384628.85
4897,74,2000,595451693.11,557313838.86,38137854.25
4898,46,2014,1170512776.86,1235488752.97,-64975976.11
4899,61,2011,656308233.52,1259091157.62,-602782924.1
4900,193,2002,17220703867.43,9972498086.98,7248205780.45
4901,96,2013,378370439.48,424709982.81,-46339543.33
4902,149,2010,11251386.12,10949384.7,302001.42
4903,131,2001,46660651737.83,28703723755.37,17956927982.46
4904,37,2023,30046578931.24,18242965900.03,11803613031.21
4905,30,2021,4674705751.02,5142026025.27,-467320274.25
4906,64,2005,269013927653.45,324658284687.72,-55644357034.27
4907,6,2016,38406136.61,38878668.84,-472532.23
4908,92,2017,3599742509.98,2645364983.74,954377526.24
4909,89,2005,63018180.84,39194136.37,23824044.47
4910,31,2011,7275828222.16,12421556085.25,-5145727863.09
4911,191,2001,12442432829.18,11564845611.66,877587217.52
4912,180,2002,1257085018.65,1588868179.64,-331783160.99
4913,88,2021,39133009304.22,45337762721.37,-6204753417.15
4914,61,2014,1066090270.96,934433512.84,131656758.12
4915,101,2018,17206467846.56,8299293766.31,8907174080.25
4916,65,2013,6452364761.77,6087802117.62,364562644.15
4917,47,2010,350501014.97,484254132.22,-133753117.25
4918,61,2016,573607809.91,992323992.73,-418716182.82
4919,94,2022,1670714479.05,2146441705.8,-475727226.75
4920,13,2000,160010933.32,93266369.27,66744564.05
4921,111,2018,51125963.87,61571528.71,-10445564.84
4922,84,2004,788521767.77,802672158.09,-14150390.32
4923,68,2023,2041383611.82,1460037577.63,581346034.19
4924,52,2024,1181040201.57,981442896.17,199597305.4
4925,147,2026,9132887.01,18119926.73,-8987039.72
4926,89,2001,24123666.9,13071250.32,11052416.58
4927,27,2005,8348911121.84,4709468103.53,3639443018.31
4928,122,2000,70568556352.64,106435137865.17,-35866581512.53
4929,91,2023,5628050670.44,3158703536.7,2469347133.74
4930,131,2024,79363747283.31,61597624704.88,17766122578.43
4931,152,2002,1685654670.11,1658430000.29,27224669.82
4932,121,2024,23211736694.56,21563583816.63,1648152877.93
4933,75,2011,69269449.27,71553991.43,-2284542.16
4934,52,2001,1568935948.7,1750311579.32,-181375630.62
4935,7,2016,14740182596.62,8272551063.79,6467631532.83
4936,118,2011,8523638490.61,8478085747.33,45552743.28
4937,105,2007,9084591874.67,9116038284.84,-31446410.17
4938,105,2001,5501532215.64,4160709031.95,1340823183.69
4939,28,2015,5170020048.66,5245312519.77,-75292471.11
4940,166,2012,26800287971.13,22400990109.13,4399297862.0
4941,101,2004,3156676666.03,4163696798.05,-1007020132.02
4942,188,2004,9867436679.85,12145656798.77,-2278220118.92
4943,190,2004,218362.77,274189.53,-55826.76
4944,23,2024,359055639.98,341088630.45,17967009.53
4945,183,2019,2903132292.92,4584858176.7,-1681725883.78
4946,30,2013,2182776441.76,1948108199.26,234668242.5
4947,117,2007,6144284751.58,7659781392.73,-1515496641.15
4948,139,2017,229025116243.6,213893731332.55,15131384911.05
4949,174,2012,502503769.55,433526174.83,68977594.72
4950,151,2006,26181391021.46,21384253128.73,4797137892.73
4951,110,2023,314590737768.04,208058000800.17,106532736967.87
4952,102,2017,11462164476.91,10168501025.51,1293663451.4
4953,166,2001,13662656753.1,9166334579.67,4496322173.43
4954,1,2001,3511512846.59,7412381201.56,-3900868354.97
4955,113,2022,15743773.02,17635226.82,-1891453.8
4956,152,2004,2163074499.24,3004335460.78,-841260961.54
4957,122,2003,19575946537.87,26311256097.74,-6735309559.87
4958,14,2005,23052191337.74,22012676773.58,1039514564.16
4959,153,2007,1479214658.4,1160222194.7,318992463.7
4960,11,2020,1410440457.42,2249028720.8,-838588263.38
4961,133,2010,1532885777.73,1582252233.03,-49366455.3
4962,188,2015,5671358167.38,6306794619.0,-635436451.62
4963,159,2007,115656710.39,69018724.7,46637985.69
4964,100,2002,45296778.88,39466632.05,5830146.83
4965,195,2022,2980667153.39,5256758970.15,-2276091816.76
4966,137,2009,12238951855.82,10785112226.27,1453839629.55
4967,179,2015,176903568932.69,129771710608.16,47131858324.53
4968,89,2024,57178601.83,82318376.7,-25139774.87
4969,151,2019,167927314081.68,129117921319.73,38809392761.95
4970,161,2007,26860504751.81,29281667469.05,-2421162717.24
4971,80,2019,1022097831.48,538690457.75,483407373.73
4972,87,2008,6271972742.21,6157110099.8,114862642.41
4973,115,2002,59608076.57,67534834.64,-7926758.07
4974,31,2000,13376986271.96,9691715204.81,3685271067.15
4975,144,2018,2626792654.15,2208589574.09,418203080.06
4976,72,2019,4566964693.49,6684384364.94,-2117419671.45
4977,179,2000,73422559554.66,44387431633.37,29035127921.29
4978,184,2010,17134028216.51,16842132141.11,291896075.4
4979,121,2015,5314507441.97,4530684371.95,783823070.02
4980,167,2000,55542658.99,72719429.26,-17176770.27
4981,168,2000,1960519881.08,2038261085.3,-77741204.22
4982,32,2001,112630887299.58,179215597669.93,-66584710370.35
4983,99,2001,388704974.62,434351481.61,-45646506.99
4984,28,2019,9510939131.62,7439554777.28,2071384354.34
4985,5,2014,5487442839.19,4749395300.34,738047538.85
4986,170,2019,3971618020.07,5142933569.41,-1171315549.34
4987,54,2011,251732198.27,264217213.86,-12485015.59
4988,100,2000,176499027.79,270732668.78,-94233640.99
4989,98,2004,6655018.3,11891718.3,-5236700.0
4990,172,2018,17936736106.79,13796695237.09,4140040869.7
4991,87,2004,4517956870.91,4820995228.79,-303038357.88
4992,71,2004,358706198.69,327772158.27,30934040.42
4993,3,2018,18888840821.39,19811145101.74,-922304280.35
4994,92,2014,4396094190.23,3708641765.26,687452424.97
4995,65,2020,10271242455.99,10707300580.23,-436058124.24
4996,25,2014,152087086.91,187493155.1,-35406068.19
4997,22,2024,1556097917.52,1412090667.95,144007249.57
4998,179,2011,777012255831.42,790515538830.05,-13503282998.63
4999,71,2010,457388674.56,275979984.25,181408690.31
5000,108,2020,2122726551.0,2833427840.04,-710701289.04
